"surface","key","english_source","current_translation","suggested_translation","placeholders","notes"
"web-app","common.loading","Loading…","Wird geladen…","","",""
"web-app","common.cancel","Cancel","Abbrechen","","",""
"web-app","common.save","Save","Speichern","","",""
"web-app","common.close","Close","Schließen","","",""
"web-app","common.done","Done","Fertig","","",""
"web-app","common.connect","Connect","Verbinden","","",""
"web-app","common.edit","Edit","Bearbeiten","","",""
"web-app","common.remove","Remove","Entfernen","","",""
"web-app","common.tryAgain","Try again","Erneut versuchen","","",""
"web-app","common.actionFailed","Couldn't do that right now. Try again.","Das hat gerade nicht geklappt. Versuch es noch mal.","","",""
"web-app","common.retry","Retry","Erneut versuchen","","",""
"web-app","common.sending","Sending…","Wird gesendet…","","",""
"web-app","common.opening","Opening…","Wird geöffnet…","","",""
"web-app","common.working","Working…","Wird bearbeitet…","","",""
"web-app","common.signOut","Sign out","Abmelden","","",""
"web-app","common.decline","Decline","Ablehnen","","",""
"web-app","common.accept","Accept","Annehmen","","",""
"web-app","common.navigate","Navigate →","Route →","","",""
"web-app","common.player","Player","Spieler","","",""
"web-app","common.club","Club","Club","","",""
"web-app","common.unknownPlayer","Unknown player","Unbekannter Spieler","","",""
"web-app","common.homeTable","Home table","Heimtisch","","",""
"web-app","common.new","New","","","",""
"web-app","common.you"," (You)"," (Du)","","",""
"web-app","common.matchesNoun.one","match","Partie","","",""
"web-app","common.matchesNoun.other","matches","Partien","","",""
"web-app","common.matchLabel.one","Match","Partie","","",""
"web-app","common.matchLabel.other","Matches","Partien","","",""
"web-app","status.readyToPlay","Ready to play","Spielbereit","","",""
"web-app","status.openToPlay","Open to play","Spielbereit","","",""
"web-app","status.won","Won","Gewonnen","","",""
"web-app","status.lost","Lost","Verloren","","",""
"web-app","legal.terms","Terms of Service","Nutzungsbedingungen","","",""
"web-app","legal.privacy","Privacy Policy","Datenschutzrichtlinie","","",""
"web-app","legal.heading","Legal","Rechtliches","","",""
"web-app","legal.agreedVersions","You agreed to these versions when you signed in.","Du hast diesen Versionen bei der Anmeldung zugestimmt.","","",""
"web-app","consent.agree","I have read and agree to the","Ich akzeptiere die","","",""
"web-app","consent.and","and","und","","",""
"web-app","consent.age","I confirm I am at least {age} years old.","Ich bestätige, dass ich mindestens {age} Jahre alt bin.","","{age}",""
"web-app","tabs.map","Map","Karte","","",""
"web-app","tabs.connections","Connections","Kontakte","","",""
"web-app","tabs.challenges","Challenges","Duelle","","",""
"web-app","tabs.profile","Profile","Profil","","",""
"web-app","home.tagline","Find and challenge One Pocket players near you.","Finde One-Pocket-Spieler in deiner Nähe und fordere sie heraus.","","",""
"web-app","home.pitch","The map shows One Pocket clubs across Europe. Players connect, get invited, and arrange games in the app — see you at the table.","Die Karte zeigt One-Pocket-Clubs in ganz Europa. Spieler verbinden sich, laden einander ein und verabreden Spiele in der App — bis gleich am Tisch.","","",""
"web-app","home.getAppSub","Connect with players near you, set up a game, and track your record.","","","",""
"web-app","home.privacy","Privacy","Datenschutz","","",""
"web-app","home.legalContact","Legal contact","","","",""
"web-app","home.blog","Blog","Blog","","",""
"web-app","legal.contactPoints","Legal contact points","","","",""
"web-app","home.mapData","Map data ©","Kartendaten ©","","",""
"web-app","home.osm","OpenStreetMap","OpenStreetMap","","",""
"web-app","home.contributors","contributors","Mitwirkende","","",""
"web-app","home.followFacebook","8nOut on Facebook","8nOut auf Facebook","","",""
"web-app","home.followYouTube","8nOut on YouTube","8nOut auf YouTube","","",""
"web-app","venueMap.loading","Loading clubs…","Clubs werden geladen…","","",""
"web-app","venueMap.error","Couldn't load the club map right now — try again in a bit.","Die Club-Karte lässt sich gerade nicht laden — versuch es gleich noch mal.","","",""
"web-app","venueMap.poolClub","Pool club","Poolclub","","",""
"web-app","venueMap.resetView","Reset map view","Kartenansicht zurücksetzen","","",""
"web-app","signin.heading","Find and challenge One Pocket players near you.","Finde One-Pocket-Spieler in deiner Nähe und fordere sie heraus.","","",""
"web-app","signin.google","Continue with Google","Weiter mit Google","","",""
"web-app","signin.apple","Continue with Apple","Weiter mit Apple","","",""
"web-app","legalGate.title","One more thing","Noch eine Sache","","",""
"web-app","legalGate.body","We've updated our Terms of Service and Privacy Policy. Please review and agree to continue using 8nOut.","Wir haben unsere Nutzungsbedingungen und Datenschutzrichtlinie aktualisiert. Bitte lies sie und stimme zu, um 8nOut weiter zu nutzen.","","",""
"web-app","legalGate.saving","Saving…","Wird gespeichert…","","",""
"web-app","legalGate.agree","Agree and continue","Zustimmen und fortfahren","","",""
"web-app","legalGate.errSave","Couldn't save your agreement. Please try again.","Deine Zustimmung konnte nicht gespeichert werden. Bitte versuch es erneut.","","",""
"web-app","legalGate.errVerify","Couldn't verify your agreement. Please try again.","Deine Zustimmung konnte nicht bestätigt werden. Bitte versuch es erneut.","","",""
"web-app","legalGate.errGeneric","Something went wrong recording your agreement. Please try again.","Beim Speichern deiner Zustimmung ist etwas schiefgelaufen. Bitte versuch es erneut.","","",""
"web-app","onboarding.title","Welcome — link your CueScore profile","Willkommen — verknüpfe dein CueScore-Profil","","",""
"web-app","onboarding.body","Pull in your name and photo so other One Pocket players recognise you. You can always do this later in Profile.","Übernimm deinen Namen und dein Foto, damit andere One-Pocket-Spieler dich erkennen. Du kannst das auch später im Profil machen.","","",""
"web-app","onboarding.field","CueScore player ID or profile link","CueScore-Spieler-ID oder Profillink","","",""
"web-app","onboarding.placeholder","1161837 or cuescore.com/player/…","1161837 oder cuescore.com/player/…","","",""
"web-app","onboarding.skip","Skip for now","Vorerst überspringen","","",""
"web-app","onboarding.linking","Linking…","Wird verknüpft…","","",""
"web-app","onboarding.link","Link CueScore","CueScore verknüpfen","","",""
"web-app","install.cta","Install 8nOut for one-tap access","8nOut installieren — Zugriff mit einem Tipp","","",""
"web-app","install.add","Add to Home Screen","Zum Home-Bildschirm","","",""
"web-app","install.dismiss","Dismiss","Später","","",""
"web-app","install.iosHint","Install: tap the Share icon, then “Add to Home Screen.”","Installieren: Tippe auf das Teilen-Symbol und dann auf „Zum Home-Bildschirm“.","","",""
"web-app","getApp.betaLineTop","Try the beta on","","","",""
"web-app","getApp.betaBrand","TestFlight","","","",""
"web-app","getApp.betaAria","Join the 8nOut beta on TestFlight","","","",""
"web-app","getApp.appStoreAria","Download 8nOut on the App Store","","","",""
"web-app","getApp.openWebApp","Open the web app","","","",""
"web-app","getApp.installPwa","Install 8nOut","","","",""
"web-app","getApp.qrHint","Scan to get it on your phone","","","",""
"web-app","getApp.chipTitle","Get 8nOut on iPhone","","","",""
"web-app","getApp.chipSubBeta","One-tap invites & game alerts","","","",""
"web-app","getApp.chipSubLaunch","Free on the App Store","","","",""
"web-app","getApp.chipCta","Get","","","",""
"web-app","getApp.chipDismiss","Dismiss","","","",""
"web-app","map.allCountries","All countries","Alle Länder","","",""
"web-app","map.allCities","All cities","Alle Städte","","",""
"web-app","map.viewClub","{name} — view club","{name} — Club ansehen","","{name}",""
"web-app","map.letsConnect","Let's connect","Verbinden wir uns","","",""
"web-app","map.playersHere","Players here","Spieler hier","","",""
"web-app","map.rosterEmpty","Players who add this club appear here.","Spieler, die diesen Club hinzufügen, erscheinen hier.","","",""
"web-app","map.rosterFailed","Couldn't load who's here.","","","",""
"web-app","map.reportVenue","Report venue","","","",""
"web-app","map.venueReported","Thanks — we'll review this venue.","","","",""
"web-app","connections.title","Connections","Kontakte","","",""
"web-app","connections.searchPlaceholder","Find players by name","Spieler nach Namen suchen","","",""
"web-app","connections.connected","Connected","Verbunden","","",""
"web-app","connections.requested","Requested","Angefragt","","",""
"web-app","connections.respond","Respond","Antworten","","",""
"web-app","connections.requests","Requests","Anfragen","","",""
"web-app","connections.connectedHeading","Connected","Verbunden","","",""
"web-app","connections.empty","No connections yet. Find players on the map.","Noch keine Kontakte. Finde Spieler auf der Karte.","","",""
"web-app","connections.invite","Invite to play","Zum Spiel einladen","","",""
"web-app","connections.inviteTitle","Invite {name} to play","{name} zum Spiel einladen","","{name}",""
"web-app","connections.sendInvite","Send invite","Einladung senden","","",""
"web-app","connections.inviteSent","Invite sent.","Einladung gesendet.","","",""
"web-app","connections.requestSent","Request sent.","Anfrage gesendet.","","",""
"web-app","connections.requestFailed","Couldn't send the request. Try again.","","","",""
"web-app","connections.recordLabel","Record:","Bilanz:","","",""
"web-app","connections.h2h","Head-to-head with you","Direktvergleich mit dir","","",""
"web-app","connections.h2hSub","{count} {noun} · last played {date}","{count} {noun} · zuletzt gespielt {date}","","{count}; {date}; {noun}",""
"web-app","connections.fargoLabel","Fargo Rating:","Fargo Rating:","","",""
"web-app","connections.verify","Verify","Prüfen","","",""
"web-app","search.title","Find players","Spieler finden","","",""
"web-app","search.morePlayers","More players","Weitere Spieler","","",""
"web-app","search.noMatch","No players match ""{q}""","Keine Spieler für „{q}"" gefunden","","{q}",""
"web-app","search.noMatchSub","Check the spelling, or invite them with your connect code.","Prüfe die Schreibweise oder lade sie mit deinem Verbindungscode ein.","","",""
"web-app","search.loadError","Couldn't load players","Spieler konnten nicht geladen werden","","",""
"web-app","search.loadErrorSub","Check your connection and try again.","Prüfe deine Internetverbindung und versuche es erneut.","","",""
"web-app","search.showMyCode","Show my connect code","Meinen Verbindungscode zeigen","","",""
"web-app","h2h.youLead","You lead {a}–{b}","Du führst {a}–{b}","","{a}; {b}",""
"web-app","h2h.theyLead","{name} leads {a}–{b}","{name} führt {a}–{b}","","{a}; {b}; {name}",""
"web-app","h2h.allSquare","All square, {a}–{b}","Ausgeglichen, {a}–{b}","","{a}; {b}",""
"web-app","cuescore.viewProfile","View CueScore profile","CueScore-Profil ansehen","","",""
"web-app","cuescore.heading","CueScore","CueScore","","",""
"web-app","cuescore.linkedCaption","Your CueScore profile is linked.","Dein CueScore-Profil ist verknüpft.","","",""
"web-app","cuescore.linkCaption","Link your CueScore profile to bring across your name and photo.","Verknüpfe dein CueScore-Profil, um deinen Namen und dein Foto zu übernehmen.","","",""
"web-app","cuescore.unlink","Unlink CueScore profile","CueScore-Profil trennen","","",""
"web-app","cuescore.unlinkTitle","Unlink your CueScore profile?","Dein CueScore-Profil trennen?","","",""
"web-app","cuescore.unlinkConfirm","Unlink","Trennen","","",""
"web-app","cuescore.unlinkError","Couldn't unlink right now. Try again.","Das Trennen hat gerade nicht geklappt. Versuch es noch mal.","","",""
"web-app","cuescore.errorInvalidInput","That doesn't look like a CueScore player ID or profile link.","Das sieht nicht nach einer CueScore-Spieler-ID oder einem Profillink aus.","","",""
"web-app","cuescore.errorNotFound","No CueScore player found with that ID or profile link.","Kein CueScore-Spieler mit dieser ID oder diesem Profillink gefunden.","","",""
"web-app","cuescore.errorAlreadyLinked","That CueScore profile is already linked to another 8nOut account.","Dieses CueScore-Profil ist bereits mit einem anderen 8nOut-Konto verknüpft.","","",""
"web-app","cuescore.errorFailed","Couldn't link right now. Try again.","Das Verknüpfen hat gerade nicht geklappt. Versuch es noch mal.","","",""
"web-app","plays.at","Plays at","Spielt bei","","",""
"web-app","contact.heading","Contact","Kontakt","","",""
"web-app","contact.call","Call {phone}","{phone} anrufen","","{phone}",""
"web-app","contact.onlyConnections","Only visible to accepted connections.","Nur für angenommene Kontakte sichtbar.","","",""
"web-app","contact.phoneLabel","Phone","Telefon","","",""
"web-app","contact.phoneHelp","For players who'd rather call or text. Shown only to accepted connections.","Für Spieler, die lieber anrufen oder schreiben. Nur für angenommene Kontakte sichtbar.","","",""
"web-app","contact.ownNumber","This is my own phone number","Das ist meine eigene Telefonnummer","","",""
"web-app","contact.visibilityHelp","Visible only to players whose connection you've accepted — never on your public profile or the website.","Nur für Spieler sichtbar, deren Kontaktanfrage du angenommen hast — nie in deinem öffentlichen Profil oder auf der Website.","","",""
"web-app","contact.errSave","Couldn't save contact.","Kontaktdaten konnten nicht gespeichert werden.","","",""
"web-app","schedule.today","Today","Heute","","",""
"web-app","schedule.now","Now","Jetzt","","",""
"web-app","schedule.option1","Option 1","Option 1","","",""
"web-app","schedule.option2","Option 2","Option 2","","",""
"web-app","schedule.addSecond","+ Add a second option","+ Zweite Option hinzufügen","","",""
"web-app","schedule.place","Place","Ort","","",""
"web-app","schedule.decideLater","Decide later","Später entscheiden","","",""
"web-app","schedule.errPickTime","Pick at least one time.","Wähle mindestens eine Zeit.","","",""
"web-app","challenges.title","Challenges","Duelle","","",""
"web-app","challenges.needsResponse","Needs your response","Wartet auf deine Antwort","","",""
"web-app","challenges.pickTimeSuffix","— pick a time","— Zeit wählen","","",""
"web-app","challenges.acceptAt","Accept: {time}","Annehmen: {time}","","{time}",""
"web-app","challenges.suggestAnother","Suggest another time","Andere Zeit vorschlagen","","",""
"web-app","challenges.waitingReply","Waiting for a reply","Warten auf Antwort","","",""
"web-app","challenges.waitingFor","Waiting for {name} to reply","Warten auf Antwort von {name}","","{name}",""
"web-app","challenges.answered","Answered","Beantwortet","","",""
"web-app","challenges.resultPrompt","Did this game happen?","Hat diese Partie stattgefunden?","","",""
"web-app","challenges.didntHappen","Didn't happen","Hat nicht stattgefunden","","",""
"web-app","challenges.dismissBody","This deletes the game for both of you. Nothing is logged.","Das löscht die Partie für euch beide. Es wird nichts eingetragen.","","",""
"web-app","challenges.dismissConfirm","Delete game","Partie löschen","","",""
"web-app","challenges.withdraw","Withdraw invite","Einladung zurückziehen","","",""
"web-app","challenges.status.accepted","Accepted","Angenommen","","",""
"web-app","challenges.status.declined","Declined","Abgelehnt","","",""
"web-app","challenges.status.expired","Expired","Abgelaufen","","",""
"web-app","challenges.empty","No active challenges yet. Invite a connection to play.","Noch keine aktiven Duelle. Lade einen Kontakt zum Spiel ein.","","",""
"web-app","challenges.lastPlayed","Last played","Zuletzt gespielt","","",""
"web-app","challenges.addCalendar","Add to calendar","Zum Kalender hinzufügen","","",""
"web-app","challenges.googleCalendar","Google Calendar","Google Kalender","","",""
"web-app","challenges.counterTitle","Suggest another time to {name}","{name} eine andere Zeit vorschlagen","","{name}",""
"web-app","challenges.send","Send","Senden","","",""
"web-app","challenges.hide","Hide invite","Einladung ausblenden","","",""
"web-app","challenges.unhide","Unhide","Einblenden","","",""
"web-app","challenges.hiddenCount","Hidden ({count})","Ausgeblendet ({count})","","{count}",""
"web-app","challenges.hiddenNote","A hidden invite disappears on its own after a few days.","Eine ausgeblendete Einladung verschwindet nach ein paar Tagen von selbst.","","",""
"web-app","record.heading","Record","Bilanz","","",""
"web-app","record.recordLabel","Record","Bilanz","","",""
"web-app","record.showLess","Show less","Weniger anzeigen","","",""
"web-app","record.seeAll","See all →","Alle ansehen →","","",""
"web-app","record.form","Form","Form","","",""
"web-app","record.last5","Last 5","Letzte 5","","",""
"web-app","record.winRate","Win rate","Siegquote","","",""
"web-app","record.winRateAria","Win rate {pct} percent","Siegquote {pct} Prozent","","{pct}",""
"web-app","record.formAria","Last {count}, oldest to newest: {list}","Letzte {count}, älteste zuerst: {list}","","{count}; {list}",""
"web-app","record.matchCountFull.one","1 match","1 Partie","","",""
"web-app","record.matchCountFull.other","{count} matches","{count} Partien","","{count}",""
"web-app","record.wonLast","Won your last {count}","Deine letzten {count} gewonnen","","{count}",""
"web-app","record.lastPlayed","Last played {date}","Zuletzt gespielt {date}","","{date}",""
"web-app","record.lastPlayedSep"," · last played {date}"," · zuletzt gespielt {date}","","{date}",""
"web-app","record.viaCueScore","via CueScore","über CueScore","","",""
"web-app","record.youWon","You won","Du hast gewonnen","","",""
"web-app","record.youLost","You lost","Du hast verloren","","",""
"web-app","record.oppWon","{name} won","{name} hat gewonnen","","{name}",""
"web-app","record.logResult","Log result","Ergebnis eintragen","","",""
"web-app","record.whoWon","Who won?","Wer hat gewonnen?","","",""
"web-app","record.yourScore","Your score (optional)","Dein Ergebnis (optional)","","",""
"web-app","record.oppScore","{name}'s score","Ergebnis von {name}","","{name}",""
"web-app","record.importTitle","Import a CueScore match","CueScore-Partie importieren","","",""
"web-app","record.matchImported","Match imported","Partie importiert","","",""
"web-app","record.matchLinkLabel","CueScore match link","CueScore-Partielink","","",""
"web-app","record.matchLinkPlaceholder","…/match/?matchId=…","…/match/?matchId=…","","",""
"web-app","record.lookingUp","Looking up…","Wird gesucht…","","",""
"web-app","record.lookUp","Look up match","Partie suchen","","",""
"web-app","record.notYourMatch","This match isn't linked to your CueScore profile — you can only import your own matches.","Diese Partie ist nicht mit deinem CueScore-Profil verknüpft — du kannst nur eigene Partien importieren.","","",""
"web-app","record.vsPrefix","vs","gegen","","",""
"web-app","record.tableLabel","Table","Tisch","","",""
"web-app","record.notFinished","This match isn't finished yet — finish it on CueScore first.","Diese Partie ist noch nicht beendet — schließe sie zuerst auf CueScore ab.","","",""
"web-app","record.importing","Importing…","Wird importiert…","","",""
"web-app","record.importThis","Import this match","Diese Partie importieren","","",""
"web-app","record.errNotFound","Couldn't find that match.","Diese Partie wurde nicht gefunden.","","",""
"web-app","record.errImport","Couldn't import that match.","Diese Partie konnte nicht importiert werden.","","",""
"web-app","record.startsHere","Your record starts here","Deine Bilanz beginnt hier","","",""
"web-app","record.emptyLinked","Import a finished CueScore match — every game counts, win or lose.","Importiere eine beendete CueScore-Partie — jede Partie zählt, ob Sieg oder Niederlage.","","",""
"web-app","record.emptyUnlinked","Link your CueScore profile to import your match results — every game counts, win or lose.","Verknüpfe dein CueScore-Profil, um deine Ergebnisse zu importieren — jede Partie zählt, ob Sieg oder Niederlage.","","",""
"web-app","record.importCta","Import a CueScore match","CueScore-Partie importieren","","",""
"web-app","record.linkCta","Link CueScore to import results","CueScore verknüpfen, um Ergebnisse zu importieren","","",""
"web-app","record.howItWorks","How importing works","So funktioniert der Import","","",""
"web-app","record.howTitle","How importing works","So funktioniert der Import","","",""
"web-app","record.howStep1","Finish your match on CueScore.","Beende deine Partie auf CueScore.","","",""
"web-app","record.howStep2","Open the match and copy its link.","Öffne die Partie und kopiere den Link.","","",""
"web-app","record.howStep3","Paste it here — 8nOut reads the final score and adds it to your record, win or lose.","Füge ihn hier ein — 8nOut liest das Endergebnis und trägt es in deine Bilanz ein, ob Sieg oder Niederlage.","","",""
"web-app","record.howFootnote","The opponent doesn't need to be on 8nOut. If they are, the match shows on their record too.","Der Gegner muss nicht bei 8nOut sein. Wenn doch, erscheint die Partie auch in seiner Bilanz.","","",""
"web-app","discipline.onePocket","One Pocket","One Pocket","","",""
"web-app","scoreboard.entry.challenge","Start scoreboard","","","",""
"web-app","scoreboard.entry.logAlt","Already played? Log result","","","",""
"web-app","scoreboard.entry.connection","Start a live scoreboard","","","",""
"web-app","scoreboard.entry.connectionNote","Play right now, no scheduled challenge needed.","","","",""
"web-app","scoreboard.entry.rejoinChallenge","Rejoin scoreboard","","","",""
"web-app","scoreboard.entry.rejoinConnection","Rejoin the live scoreboard","","","",""
"web-app","scoreboard.entry.rejoinNote","{name} already started one.","","","{name}",""
"web-app","scoreboard.create.title","New scoreboard","","","",""
"web-app","scoreboard.create.raceTo","Race to {n}","","","{n}",""
"web-app","scoreboard.create.raceTo.hint","1–200","","","",""
"web-app","scoreboard.create.break","Break","","","",""
"web-app","scoreboard.create.alternate","Alternate","","","",""
"web-app","scoreboard.create.winnerBreaks","Winner breaks","","","",""
"web-app","scoreboard.create.firstBreaker","Who breaks first","","","",""
"web-app","scoreboard.create.whoBreaks.hint","Tap a name to start the match.","","","",""
"web-app","scoreboard.create.you","You","","","",""
"web-app","scoreboard.create.venue","Venue","","","",""
"web-app","scoreboard.create.venue.none","No venue","","","",""
"web-app","scoreboard.create.venue.emptyHint","No clubs saved yet — add one from your Profile","","","",""
"web-app","scoreboard.create.table","Table number (optional)","","","",""
"web-app","scoreboard.create.start","Start","","","",""
"web-app","scoreboard.flip","Flip for me","","","",""
"web-app","scoreboard.create.flip","Flip for me — starts the match","","","",""
"web-app","scoreboard.create.breaker.a11y.self","Start the match with you breaking first","","","",""
"web-app","scoreboard.create.breaker.a11y.opponent","Start the match with {name} breaking first","","","{name}",""
"web-app","scoreboard.create.breaker.a11y.flip","Flip a coin to decide who breaks, and start the match","","","",""
"web-app","scoreboard.status.pending","Pending","","","",""
"web-app","scoreboard.status.live","Live","","","",""
"web-app","scoreboard.rackOf","Rack {n} of race to {raceTo}","","","{n}; {raceTo}",""
"web-app","scoreboard.setScore.a11y.lead","You lead {mine} to {theirs} in racks. {balls} balls on the table.","","","{balls}; {mine}; {theirs}",""
"web-app","scoreboard.setScore.a11y.trail","You trail {mine} to {theirs} in racks. {balls} balls on the table.","","","{balls}; {mine}; {theirs}",""
"web-app","scoreboard.setScore.a11y.tie","You're tied {mine} to {theirs} in racks. {balls} balls on the table.","","","{balls}; {mine}; {theirs}",""
"web-app","scoreboard.rotatePrompt","Rotate for a bigger scoreboard","","","",""
"web-app","scoreboard.rotatePrompt.dismiss","Dismiss rotate suggestion","","","",""
"web-app","scoreboard.racksChip","Racks {n}","","","{n}",""
"web-app","scoreboard.onTable","on the table","","","",""
"web-app","scoreboard.toWinRack","of {target} to win rack","","","{target}",""
"web-app","scoreboard.breaking","Breaking","","","",""
"web-app","scoreboard.action.undo","Undo","","","",""
"web-app","scoreboard.action.switch","Switch","","","",""
"web-app","scoreboard.action.point","Point","","","",""
"web-app","scoreboard.action.oppPoint","Opp. pt","","","",""
"web-app","scoreboard.action.foul","Foul","","","",""
"web-app","scoreboard.timeout","Timeout","","","",""
"web-app","scoreboard.timeout.remaining","Timeout — {time} remaining","","","{time}",""
"web-app","scoreboard.timeout.over","Timeout — {time} over","","","{time}",""
"web-app","scoreboard.resume","Resume","","","",""
"web-app","scoreboard.finishMatch","Finish match","","","",""
"web-app","scoreboard.watching","{name} is keeping score — watching live","","","{name}",""
"web-app","scoreboard.finish.title","Confirm final result","","","",""
"web-app","scoreboard.finish.confirm","Make sure this is right before finishing.","","","",""
"web-app","scoreboard.finish.continuePlaying","Continue playing","","","",""
"web-app","scoreboard.recorded.self","Recorded by you","","","",""
"web-app","scoreboard.recorded.other","Recorded by {name}","","","{name}",""
"web-app","scoreboard.correct.self","Edit result","","","",""
"web-app","scoreboard.correct.other","Doesn't look right? Message {name}","","","{name}",""
"web-app","scoreboard.expired.title","This match wasn't finished","","","",""
"web-app","scoreboard.expired.body","No score was recorded before this session timed out. Nothing was saved to your record.","","","",""
"web-app","scoreboard.expired.startNew","Start a new scoreboard","","","",""
"web-app","scoreboard.expired.logManually","Log the result manually","","","",""
"web-app","scoreboard.stat.racksWon","Racks won","","","",""
"web-app","scoreboard.stat.winPct","Win %","","","",""
"web-app","scoreboard.stat.avgRack","Avg rack time","","","",""
"web-app","scoreboard.stat.breakWins","Break-and-wins","","","",""
"web-app","scoreboard.stat.racksStolen","Racks stolen","","","",""
"web-app","scoreboard.stat.timeouts","Timeouts","","","",""
"web-app","scoreboard.won","Won","","","",""
"web-app","scoreboard.lost","Lost","","","",""
"web-app","scoreboard.vsRaceTo","vs. {name} · One Pocket · race to {raceTo}","","","{name}; {raceTo}",""
"web-app","scoreboard.brokeRack","{name} broke","","","{name}",""
"web-app","scoreboard.close","Close","","","",""
"web-app","scoreboard.errorGeneric","Couldn't do that right now. Try again.","","","",""
"web-app","scoreboard.messageThreadReady","Opened your conversation — check the Chat tab to continue it.","","","",""
"web-app","scoreboard.postMatch.kicker","Match finished","","","",""
"web-app","scoreboard.postMatch.end","End","","","",""
"web-app","scoreboard.postMatch.startNewMatch","Start new match","","","",""
"web-app","scoreboard.postMatch.startNewMatch.a11y","Start a new match against {name}","","","{name}",""
"web-app","scoreboard.postMatch.spectatorNote","{name} kept score for this match","","","{name}",""
"web-app","scoreboard.postMatch.back","Back","","","",""
"web-app","profile.title","Profile","Profil","","",""
"web-app","profile.loading","Loading profile…","Profil wird geladen…","","",""
"web-app","profile.changePhoto","Change photo","Foto ändern","","",""
"web-app","profile.openToPlay","Open to play","Spielbereit","","",""
"web-app","profile.notOpenNow","Not open right now","Gerade nicht spielbereit","","",""
"web-app","profile.connectNote","Connecting is how you swap contact details.","Über eine Verbindung tauscht ihr Kontaktdaten aus.","","",""
"web-app","profile.respondNote","{name} asked to connect with you.","{name} möchte sich mit dir verbinden.","","{name}",""
"web-app","profile.bio","Bio","Bio","","",""
"web-app","profile.bioEmpty","Add a short bio and your home town.","Füge eine kurze Bio und deinen Wohnort hinzu.","","",""
"web-app","profile.fargoRating","Fargo Rating","Fargo Rating","","",""
"web-app","profile.ratingSelfReported","{rating} · self-reported","{rating} · selbst angegeben","","{rating}",""
"web-app","profile.notSet","Not set","Nicht angegeben","","",""
"web-app","profile.clubsUpTo3","Up to 3 clubs.","Bis zu 3 Clubs.","","",""
"web-app","profile.miniUnavailable","This player's profile isn't available.","Das Profil dieses Spielers ist nicht verfügbar.","","",""
"web-app","clubs.heading","Clubs","Clubs","","",""
"web-app","clubs.none","No clubs yet.","Noch keine Clubs.","","",""
"web-app","clubs.add","+ Add a club","+ Club hinzufügen","","",""
"web-app","clubs.addTitle","Add a club","Club hinzufügen","","",""
"web-app","clubs.searchLabel","Search pool rooms","Poolhallen suchen","","",""
"web-app","clubs.searchPlaceholder","Club name","Clubname","","",""
"web-app","clubs.noMatch","No matching clubs.","Keine passenden Clubs.","","",""
"web-app","clubs.cantFind","Can't find it? Add a new venue","","","",""
"web-app","clubs.newTitle","New venue","","","",""
"web-app","clubs.nameLabel","Name","","","",""
"web-app","clubs.addressLabel","Address","","","",""
"web-app","clubs.addressPlaceholder","Street, city, country","","","",""
"web-app","clubs.submitForReview","Submit for review","","","",""
"web-app","clubs.submitting","Checking the address…","","","",""
"web-app","clubs.submitAnyway","None of these — submit anyway","","","",""
"web-app","clubs.didYouMean","Did you mean?","","","",""
"web-app","clubs.suggest.title","Already on 8nOut?","Schon bei 8nOut?","","",""
"web-app","clubs.suggest.hint","Pick your club and it's added straight away — only a new venue needs review.","Wähl deinen Club aus und er ist sofort hinzugefügt — nur ein neuer Club geht zur Prüfung.","","",""
"web-app","clubs.backToSearch","Back to search","","","",""
"web-app","clubs.submittedPending","Submitted for review — it appears on the map once approved.","Zur Prüfung eingereicht — sobald er freigegeben ist, erscheint er auf der Karte.","","",""
"web-app","clubs.placedIn","Placed in {city}, {country}","","","{city}; {country}",""
"web-app","clubs.pendingReview","Pending review","In Prüfung","","",""
"web-app","clubs.rejected","Not approved","Nicht freigegeben","","",""
"web-app","clubs.rejectedReason","Not approved — {reason}","","","{reason}",""
"web-app","clubs.err.geocoderUnavailable","Couldn't reach the address lookup right now — try again shortly.","","","",""
"web-app","clubs.err.submitFailed","Couldn't submit that venue. Please try again.","","","",""
"web-app","clubs.geo.typed.title","We couldn't place this address on the map","","","",""
"web-app","clubs.geo.typed.body","Check the address above — street, city and country — then submit again.","","","",""
"web-app","clubs.geo.sourced.title","We couldn't place this address on the map","","","",""
"web-app","clubs.geo.sourced.body","We filled this in from CueScore. Edit it above and submit again — change as much as you need.","","","",""
"web-app","clubs.geo.tried","What we looked up","","","",""
"web-app","clubs.geo.down.title","The address lookup is unavailable","","","",""
"web-app","clubs.geo.down.body","Nothing you typed is wrong — the problem is at our end.","","","",""
"web-app","clubs.confirm.title","Is that close enough?","","","",""
"web-app","clubs.confirm.body","We could only find the general area — add more detail if you can, or submit it as it is.","","","",""
"web-app","clubs.confirm.yes","Submit it as it is","","","",""
"web-app","clubs.confirm.no","Add more detail","","","",""
"web-app","clubs.cuescore.lead","Fastest way: paste the club's CueScore venue link — the one that ends in a number. Or add it manually below.","","","",""
"web-app","clubs.cuescore.urlPlaceholder","https://cuescore.com/venue/…","","","",""
"web-app","clubs.cuescore.urlLabel","CueScore venue link","","","",""
"web-app","clubs.cuescore.lookup","Look up","","","",""
"web-app","clubs.cuescore.looking","Reading…","","","",""
"web-app","clubs.cuescore.sourced","Sourced from CueScore","","","",""
"web-app","clubs.cuescore.matched","This club is already on 8nOut.","","","",""
"web-app","clubs.cuescore.addToClubs","Add to my clubs","","","",""
"web-app","clubs.cuescore.lookAnother","Look up another","","","",""
"web-app","clubs.cuescore.unavailable","That club can't be added from CueScore. Add it manually below.","","","",""
"web-app","clubs.cuescore.err.rate_limited","Too many CueScore lookups just now — try again later, or add it manually.","","","",""
"web-app","clubs.cuescore.err.bad_url","That link has no venue number in it. We need the club's CueScore venue page — the link ends in a number, like cuescore.com/venue/Club+Name/60451687. Or add it manually below.","","","",""
"web-app","clubs.cuescore.err.unreachable","Couldn't reach CueScore right now — try again shortly, or add it manually.","","","",""
"web-app","clubs.cuescore.err.forbidden","You can't add a club right now.","","","",""
"web-app","clubs.websiteLabel","Website (optional)","","","",""
"web-app","clubs.websitePlaceholder","https://mokumpool.nl","","","",""
"web-app","clubs.websiteHint","A website or Facebook page — either works.","","","",""
"web-app","clubs.websiteInvalid","That doesn't look like a valid web address — check it and try again.","","","",""
"web-app","report.reasonLabel","Reason","Grund","","",""
"web-app","report.detailPlaceholder","Anything else we should know? (optional)","Sonst noch etwas, das wir wissen sollten? (optional)","","",""
"web-app","report.send","Send","Senden","","",""
"web-app","report.venue.privateResidence","This is a home or private address","Das ist eine Wohnung oder eine Privatadresse","","",""
"web-app","report.venue.notAVenue","Not a real pool venue","Kein echter Billardclub","","",""
"web-app","report.venue.closedOrWrong","Closed, or wrong details","Geschlossen, oder falsche Angaben","","",""
"web-app","report.venue.other","Something else","Etwas anderes","","",""
"web-app","report.reportPlayer","Report player","Spieler melden","","",""
"web-app","report.blockPlayer","Block player","Spieler blockieren","","",""
"web-app","report.alsoBlock","Also block this player","Diesen Spieler auch blockieren","","",""
"web-app","report.blockConfirm","Block {name}? You won't see each other on the map, any connection between you is removed, and any chat between you leaves your list. They won't be told they've been blocked.","{name} blockieren? Ihr seht euch nicht mehr auf der Karte, eine Verbindung zwischen euch wird entfernt und ein Chat zwischen euch verschwindet aus deiner Liste. Die Person erfährt nichts davon.","","{name}",""
"web-app","report.playerReported","Report sent.","Meldung gesendet.","","",""
"web-app","report.playerReportedBlocked","Reported and blocked.","Gemeldet und blockiert.","","",""
"web-app","report.player.harassment","Harassment or abuse","Belästigung oder Missbrauch","","",""
"web-app","report.player.spam","Spam","Spam","","",""
"web-app","report.player.inappropriatePhoto","Inappropriate photo","Unangemessenes Foto","","",""
"web-app","report.player.fakeProfile","Fake profile","Fake-Profil","","",""
"web-app","report.player.other","Something else","Etwas anderes","","",""
"web-app","report.reportMessage","Report message","Nachricht melden","","",""
"web-app","report.message.harassment","Harassment or abuse","Belästigung oder Missbrauch","","",""
"web-app","report.message.spam","Spam","Spam","","",""
"web-app","report.message.moneyPlaySolicitation","Asking to play for money","Aufforderung zum Spiel um Geld","","",""
"web-app","report.message.other","Something else","Etwas anderes","","",""
"web-app","report.goodFaith","I'm making this report in good faith and believe the information in it is accurate and complete.","Ich erstatte diese Meldung in gutem Glauben und halte die Angaben darin für richtig und vollständig.","","",""
"web-app","reportDecision.title","About your report","Zu deiner Meldung","","",""
"web-app","reportDecision.actioned","We reviewed your report and acted on it under our Terms of Service.","Wir haben deine Meldung geprüft und auf Grundlage unserer Nutzungsbedingungen gehandelt.","","",""
"web-app","reportDecision.dismissed","We reviewed your report and didn't find a breach of our rules.","Wir haben deine Meldung geprüft und keinen Verstoß gegen unsere Regeln gefunden.","","",""
"web-app","moderation.noAutomation","No automated tools were used in this decision — a person reviewed it.","Für diese Entscheidung wurden keine automatisierten Mittel eingesetzt — ein Mensch hat sie geprüft.","","",""
"web-app","moderation.redress","If you think this is wrong, contact us at privacy@8nout.com. Your right to go to court is unaffected.","Wenn du das für falsch hältst, erreichst du uns unter privacy@8nout.com. Dein Recht, vor Gericht zu gehen, bleibt unberührt.","","",""
"web-app","tabs.chat","Chat","Chat","","",""
"web-app","chat.title","Chat","Chat","","",""
"web-app","chat.emptyTitle","No conversations yet.","Noch keine Chats.","","",""
"web-app","chat.emptySteer","Start one with a connection.","Starte einen mit einem Kontakt.","","",""
"web-app","chat.emptyCta","Go to Connections","Zu den Kontakten","","",""
"web-app","chat.previewYou","You: {text}","Du: {text}","","{text}",""
"web-app","chat.unreadA11y","{count} unread","{count} ungelesen","","{count}",""
"web-app","chat.mutedA11y","Muted","Stummgeschaltet","","",""
"web-app","chat.hiddenCount","Hidden ({count})","Ausgeblendet ({count})","","{count}",""
"web-app","chat.unhide","Unhide","Einblenden","","",""
"web-app","chat.hiddenNote","A hidden conversation comes back when a new message arrives.","Ein ausgeblendeter Chat taucht bei einer neuen Nachricht wieder auf.","","",""
"web-app","chat.retentionFootnote","Messages are deleted automatically 60 days after they're sent.","Nachrichten werden 60 Tage nach dem Senden automatisch gelöscht.","","",""
"web-app","chat.threadEmpty","Say hi and arrange a game.","Sag Hallo und verabrede eine Partie.","","",""
"web-app","chat.challengeCard","Invitation to play","Einladung zum Spiel","","",""
"web-app","chat.challengeExpired","Invitation expired","Einladung abgelaufen","","",""
"web-app","chat.cardYouInvited","You invited {name}","Du hast {name} eingeladen","","{name}",""
"web-app","chat.cardInvitedYou","{name} invited you","{name} hat dich eingeladen","","{name}",""
"web-app","chat.cardView","View in Challenges","In den Duellen ansehen","","",""
"web-app","chat.deletedPlayer","Deleted player","Gelöschter Spieler","","",""
"web-app","chat.composePlaceholder","Write a message…","Nachricht schreiben…","","",""
"web-app","chat.errNotConnected","You're no longer connected — new messages can't be sent.","Ihr seid nicht mehr verbunden — neue Nachrichten können nicht gesendet werden.","","",""
"web-app","chat.errTooLong","That message is too long — the limit is 2,000 characters.","Diese Nachricht ist zu lang — höchstens 2.000 Zeichen.","","",""
"web-app","chat.errTooFast","You're sending messages very quickly — give it a moment and try again.","Du sendest sehr schnell hintereinander — warte kurz und versuch es noch mal.","","",""
"web-app","chat.errUnavailable","Messaging is unavailable right now — try again later.","Nachrichten sind gerade nicht verfügbar — versuch es später noch mal.","","",""
"web-app","chat.filterBlocked","This message can't be sent — it contains language that isn't allowed on 8nOut. Edit it and try again.","Diese Nachricht kann nicht gesendet werden — sie enthält Sprache, die auf 8nOut nicht erlaubt ist. Ändere sie und versuch es noch mal.","","",""
"web-app","chat.deleteForEveryone","Delete for everyone","Für alle löschen","","",""
"web-app","chat.deleteConfirmTitle","Delete for everyone?","Für alle löschen?","","",""
"web-app","chat.learnMore","Learn more","Mehr erfahren","","",""
"web-app","chat.deletedByYou","You deleted this message","Du hast diese Nachricht gelöscht","","",""
"web-app","chat.deletedMessage","This message was deleted","Diese Nachricht wurde gelöscht","","",""
"web-app","chat.hide","Hide conversation","Chat ausblenden","","",""
"web-app","chat.hideBody","This hides the conversation from your list — nothing is deleted, and {name} won't notice anything. It comes back if they message you again.","Das blendet den Chat in deiner Liste aus — nichts wird gelöscht, und {name} merkt nichts davon. Bei einer neuen Nachricht von {name} taucht er wieder auf.","","{name}",""
"web-app","chat.mute","Mute notifications","Benachrichtigungen stummschalten","","",""
"web-app","chat.unmute","Unmute","Stummschaltung aufheben","","",""
"web-app","chat.firstNotice.heading","How chat works","So funktioniert der Chat","","",""
"web-app","chat.firstNotice.body","Chat is one-to-one, with your accepted connections only. Messages are deleted automatically 60 days after they're sent. We don't read your messages — if one is reported, a moderator can review it and the messages around it, and every such access is logged. Anything you type here — including an address — stays in the chat for up to 60 days, even if you later disconnect or block. See the Privacy Policy for details.","Der Chat ist eins zu eins und nur mit angenommenen Kontakten möglich. Nachrichten werden 60 Tage nach dem Senden automatisch gelöscht. Wir lesen deine Nachrichten nicht — wird eine Nachricht gemeldet, kann ein Moderator sie und die Nachrichten darum herum ansehen, und jeder solche Zugriff wird protokolliert. Alles, was du hier tippst — auch eine Adresse — bleibt bis zu 60 Tage im Chat, auch wenn du die Verbindung später trennst oder jemanden blockierst. Details stehen in der Datenschutzrichtlinie.","","",""
"web-app","chat.reaction.trigger","React","Reagieren","","",""
"web-app","chat.reaction.thumbsUp","Thumbs up","Daumen hoch","","",""
"web-app","chat.reaction.thumbsDown","Thumbs down","Daumen runter","","",""
"web-app","chat.reaction.heart","Heart","Herz","","",""
"web-app","chat.reaction.laugh","Laughing","Lachend","","",""
"web-app","chat.reaction.surprised","Surprised","Überrascht","","",""
"web-app","chat.reaction.pray","Praying hands","Betende Hände","","",""
"web-app","chat.reaction.remove","Remove reaction","Reaktion entfernen","","",""
"web-app","chat.reaction.includingYou","including you","dich eingeschlossen","","",""
"web-app","appearance.heading","Appearance","Darstellung","","",""
"web-app","appearance.system","System","System","","",""
"web-app","appearance.light","Light","Hell","","",""
"web-app","appearance.dark","Dark","Dunkel","","",""
"web-app","language.heading","Language","Sprache","","",""
"web-app","invite.heading","Invite a player","Einen Spieler einladen","","",""
"web-app","invite.body","Share your link — whoever joins is connected to you automatically.","Teile deinen Link — wer beitritt, wird automatisch mit dir verbunden.","","",""
"web-app","invite.linkCopied","Link copied!","Link kopiert!","","",""
"web-app","invite.share","Share invite link","Einladungslink teilen","","",""
"web-app","invite.shareTitle","8nOut invite","8nOut-Einladung","","",""
"web-app","invite.shareText","Join me on 8nOut — find and connect with One Pocket players.","Komm zu mir auf 8nOut — finde One-Pocket-Spieler und verbinde dich mit ihnen.","","",""
"web-app","bio.about","About you","Über dich","","",""
"web-app","bio.aboutPlaceholder","One Pocket only. Always up for a session.","Nur One Pocket. Immer für eine Session zu haben.","","",""
"web-app","bio.homeTown","Home town","Wohnort","","",""
"web-app","bio.homeTownPlaceholder","e.g. Amsterdam","z. B. Amsterdam","","",""
"web-app","bio.homeTownHint","Your town or city only — every member can see this, so skip the street address or postal code.","Nur dein Wohnort — jedes Mitglied kann das sehen, also lass die genaue Adresse oder Postleitzahl weg.","","",""
"web-app","bio.country","Country","Land","","",""
"web-app","bio.countryPlaceholder","Netherlands","Niederlande","","",""
"web-app","rating.label","Rating (self-reported)","Rating (selbst angegeben)","","",""
"web-app","rating.placeholder","e.g. 550","z. B. 550","","",""
"web-app","rating.fairmatchLabel","FairMatch profile URL (optional)","FairMatch-Profil-URL (optional)","","",""
"web-app","rating.fairmatchPlaceholder","https://fairmatch.fargorate.com/…","https://fairmatch.fargorate.com/…","","",""
"web-app","rating.errRange","Enter a rating between 0 and 900.","Gib ein Rating zwischen 0 und 900 ein.","","",""
"web-app","rating.errHttps","Include https:// in the link.","Füge https:// in den Link ein.","","",""
"web-app","connectCode.aria","My connect code","Mein Verbindungscode","","",""
"web-app","connectCode.entrySub","Show or scan to connect in person","","","",""
"web-app","connectCode.title","Connect code","Verbindungscode","","",""
"web-app","connectCode.myCode","My code","Mein Code","","",""
"web-app","connectCode.scan","Scan","Scannen","","",""
"web-app","connectCode.qrAlt","Your connect QR code","Dein Verbindungs-QR-Code","","",""
"web-app","connectCode.caption","Have another player scan this to connect with you on 8nOut.","Lass einen anderen Spieler das scannen, um sich auf 8nOut mit dir zu verbinden.","","",""
"web-app","connectCode.shareLink","Share link","Link teilen","","",""
"web-app","connectCode.resetTitle","Reset your code?","Code zurücksetzen?","","",""
"web-app","connectCode.resetBody","Your current QR and link stop working right away. Anyone already connected with you stays connected.","Dein aktueller QR-Code und Link funktionieren sofort nicht mehr. Wer bereits mit dir verbunden ist, bleibt verbunden.","","",""
"web-app","connectCode.resetCode","Reset code","Code zurücksetzen","","",""
"web-app","connectCode.resetMyCode","Reset my code","Meinen Code zurücksetzen","","",""
"web-app","connectCode.newReady","New code ready","Neuer Code bereit","","",""
"web-app","connectCode.errReset","Couldn't reset your code.","Dein Code konnte nicht zurückgesetzt werden.","","",""
"web-app","connectCode.alreadyConnected","You're already connected","Ihr seid schon verbunden","","",""
"web-app","connectCode.connected","You're connected!","Ihr seid verbunden!","","",""
"web-app","connectCode.alreadyBody","You and {name} are already connected.","Du und {name} seid schon verbunden.","","{name}",""
"web-app","connectCode.connectedBody","You and {name} are connected. Say hi and set up a game.","Du und {name} seid verbunden. Sag Hallo und verabrede ein Spiel.","","{name}",""
"web-app","connectCode.view","View {name}","{name} ansehen","","{name}",""
"web-app","connectCode.pasteLabel","Paste a link instead","Stattdessen einen Link einfügen","","",""
"web-app","connectCode.pastePlaceholder","Paste an 8nOut invite link","8nOut-Einladungslink einfügen","","",""
"web-app","connectCode.backToCamera","Back to camera","Zurück zur Kamera","","",""
"web-app","connectCode.cameraOff","Camera access is off","Kamerazugriff ist aus","","",""
"web-app","connectCode.cameraOffBody","Your browser is blocking the camera. You can paste the player's link instead, or allow the camera in your browser and try again.","Dein Browser blockiert die Kamera. Du kannst stattdessen den Link des Spielers einfügen oder die Kamera in deinem Browser erlauben und es erneut versuchen.","","",""
"web-app","connectCode.scanHelp","Point at another player's 8nOut code","Richte die Kamera auf den 8nOut-Code eines anderen Spielers","","",""
"web-app","connectCode.notCode","That's not an 8nOut code — keep pointing at their code.","Das ist kein 8nOut-Code — halte weiter auf ihren Code.","","",""
"web-app","connectCode.ownCode","That's your own code. Have the other player scan it instead.","Das ist dein eigener Code. Lass ihn vom anderen Spieler scannen.","","",""
"web-app","connectCode.codeInactive","This code isn't active anymore. Ask them to show a fresh one.","Dieser Code ist nicht mehr aktiv. Bitte um einen neuen.","","",""
"web-app","inviteLanding.invalidTitle","This invite link is no longer valid","Dieser Einladungslink ist nicht mehr gültig","","",""
"web-app","inviteLanding.invalidBody","Ask your friend for a fresh link, or open the app and find players near you.","Bitte deinen Freund um einen neuen Link oder öffne die App und finde Spieler in deiner Nähe.","","",""
"web-app","inviteLanding.open8nOut","Open 8nOut","8nOut öffnen","","",""
"web-app","inviteLanding.invitedYou","{name} invited you to 8nOut","{name} hat dich zu 8nOut eingeladen","","{name}",""
"web-app","inviteLanding.body","8nOut is the map of the European One Pocket community — find players and clubs near you, connect, and arrange a game. Join and you'll be connected with {name} straight away.","8nOut ist die Karte der europäischen One-Pocket-Community — finde Spieler und Clubs in deiner Nähe, verbinde dich und verabrede ein Spiel. Tritt bei und du bist sofort mit {name} verbunden.","","{name}",""
"web-app","inviteLanding.openWebApp","Open the web app","Web-App öffnen","","",""
"web-app","inviteLanding.getAppPrimary","Get 8nOut","","","",""
"web-app","inviteLanding.openWebAppSecondary","Open the web app instead","","","",""
"web-app","inviteLanding.installedHint","Already have 8nOut? Open this link on your phone, or paste it into the app — you'll be connected with {name}.","","","{name}",""
"web-app","publicProfile.errorLoad","Couldn't load this profile right now — try again in a bit.","Dieses Profil lässt sich gerade nicht laden — versuch es gleich noch mal.","","",""
"web-app","publicProfile.notFound","Profile not found","Profil nicht gefunden","","",""
"web-app","publicProfile.notFoundBody","This link doesn't point to an 8nOut player.","Dieser Link führt zu keinem 8nOut-Spieler.","","",""
"web-app","publicProfile.photoAlt","{name}'s photo","Foto von {name}","","{name}",""
"web-app","publicProfile.verifyFairmatch","verify on FairMatch","auf FairMatch prüfen","","",""
"web-app","publicProfile.selfReported","(self-reported)","(selbst angegeben)","","",""
"web-app","publicProfile.cuescore","CueScore","CueScore","","",""
"web-app","publicProfile.viewProfile","View profile","Profil ansehen","","",""
"web-app","publicProfile.homeTablePrivate","Home table — address stays private until shared","Heimtisch — Adresse bleibt privat, bis du sie teilst","","",""
"web-app","admin.consoleLink","Moderator console","","","",""
"web-app","admin.notFound","Page not found","","","",""
"web-app","admin.notFoundBody","The page you're looking for doesn't exist.","","","",""
"web-app","admin.brand","8nOut","","","",""
"web-app","admin.pill","Admin","","","",""
"web-app","admin.role.moderator","Moderator","","","",""
"web-app","admin.nav.section","Moderation","","","",""
"web-app","admin.nav.overview","Overview","","","",""
"web-app","admin.nav.venues","Venue queue","","","",""
"web-app","admin.nav.reports","Reports","","","",""
"web-app","admin.back","Back to 8nOut","","","",""
"web-app","admin.refresh","Refresh","","","",""
"web-app","admin.loading","Loading…","","","",""
"web-app","admin.error","Couldn't load this right now — try refresh.","","","",""
"web-app","admin.overview.title","Overview","","","",""
"web-app","admin.overview.subtitle","The map at a glance","","","",""
"web-app","admin.stat.players","Players","","","",""
"web-app","admin.stat.venuesLive","Venues live","","","",""
"web-app","admin.stat.signups","Sign-ups","","","",""
"web-app","admin.stat.openReports","Open reports","","","",""
"web-app","admin.stat.per7days","/ 7 days","","","",""
"web-app","admin.stat.newThisWeek","{count} this week","","","{count}",""
"web-app","admin.stat.pendingReview.one","1 pending review","","","",""
"web-app","admin.stat.pendingReview.other","{count} pending review","","","{count}",""
"web-app","admin.stat.noPending","None pending","","","",""
"web-app","admin.stat.needsReview","needs review","","","",""
"web-app","admin.stat.allClear","All clear","","","",""
"web-app","admin.stat.goToVenues","Go to the venue queue","","","",""
"web-app","admin.stat.goToReports","Go to reports","","","",""
"web-app","admin.stat.onlineNow","Online now","","","",""
"web-app","admin.stat.active24h","Active 24h","","","",""
"web-app","admin.stat.onlineNowSub","In the last 10 min","","","",""
"web-app","admin.stat.active24hSub","In the last 24 hours","","","",""
"web-app","admin.overview.attnVenues.one","1 venue awaiting review","","","",""
"web-app","admin.overview.attnVenues.other","{count} venues awaiting review","","","{count}",""
"web-app","admin.overview.attnReports.one","1 open report","","","",""
"web-app","admin.overview.attnReports.other","{count} open reports","","","{count}",""
"web-app","admin.overview.attnSub","Pending your review","","","",""
"web-app","admin.overview.review","Review →","","","",""
"web-app","admin.overview.recent","Recent activity","","","",""
"web-app","admin.overview.recentNote","Latest first","","","",""
"web-app","admin.overview.recentEmpty","No recent activity.","","","",""
"web-app","admin.overview.recentPlayers","Players","","","",""
"web-app","admin.overview.recentVenues","Venues","","","",""
"web-app","admin.overview.recentPlayersEmpty","No recent player activity.","","","",""
"web-app","admin.overview.recentVenuesEmpty","No recent venue activity.","","","",""
"web-app","admin.overview.recentError","Couldn't load activity.","","","",""
"web-app","admin.overview.loadMore","Load more","","","",""
"web-app","admin.overview.kindAll","All","","","",""
"web-app","admin.overview.kindPlayer","Player","","","",""
"web-app","admin.overview.kindVenue","Venue","","","",""
"web-app","admin.overview.kindReport","Report","","","",""
"web-app","admin.overview.allClearTitle","You're all caught up","","","",""
"web-app","admin.overview.allClearSub","Nothing waiting for review and no open reports.","","","",""
"web-app","admin.overview.funnel.title","Onboarding funnel","","","",""
"web-app","admin.overview.funnel.note","Read-only","","","",""
"web-app","admin.overview.funnel.windowAll","All time","","","",""
"web-app","admin.overview.funnel.window90","Last 90 days","","","",""
"web-app","admin.overview.funnel.window30","Last 30 days","","","",""
"web-app","admin.overview.funnel.cohort","{total} signed up in this window · {mature} old enough to count (7+ days) · {completed} completed onboarding","","","{completed}; {mature}; {total}",""
"web-app","admin.overview.funnel.cohortEmpty","{total} signed up in this window","","","{total}",""
"web-app","admin.overview.funnel.timeTitle","Time to complete","","","",""
"web-app","admin.overview.funnel.timeMeta","based on {completed} completions","","","{completed}",""
"web-app","admin.overview.funnel.avgLabel","Average","","","",""
"web-app","admin.overview.funnel.medianLabel","Median","","","",""
"web-app","admin.overview.funnel.bucketUnder5m","<5m","","","",""
"web-app","admin.overview.funnel.bucket5to30m","5–30m","","","",""
"web-app","admin.overview.funnel.bucket30mTo2h","30m–2h","","","",""
"web-app","admin.overview.funnel.bucket2hTo24h","2h–24h","","","",""
"web-app","admin.overview.funnel.bucket1to7d","1–7d","","","",""
"web-app","admin.overview.funnel.bucketOver7d","7d+","","","",""
"web-app","admin.overview.funnel.fillTitle","Per-step fill rate","","","",""
"web-app","admin.overview.funnel.fillMeta","of {mature} mature members","","","{mature}",""
"web-app","admin.overview.funnel.fillEmpty","No members in this window yet.","","","",""
"web-app","admin.overview.funnel.stepName","Name","","","",""
"web-app","admin.overview.funnel.stepCity","City","","","",""
"web-app","admin.overview.funnel.stepClub","Club","","","",""
"web-app","admin.overview.funnel.stepCuescore","CueScore","","","",""
"web-app","admin.overview.funnel.avoidTitle","Prompt avoidance","","","",""
"web-app","admin.overview.funnel.avoidMeta","of {mature} mature members","","","{mature}",""
"web-app","admin.overview.funnel.dismiss0","Never dismissed","","","",""
"web-app","admin.overview.funnel.dismiss1","Dismissed once","","","",""
"web-app","admin.overview.funnel.dismiss2","Dismissed twice","","","",""
"web-app","admin.overview.funnel.dismiss3plus","Dismissed 3+ times","","","",""
"web-app","admin.overview.funnel.avoidSub","avg {n} dismissals per member · {snoozed} currently snoozed","","","{n}; {snoozed}",""
"web-app","admin.overview.funnel.suppressedTag","Hidden — sample too small","","","",""
"web-app","admin.overview.funnel.suppressedTitle","Not enough data yet","","","",""
"web-app","admin.overview.funnel.suppressedTime.one","Only 1 member completed onboarding in this window — showing an exact time here could point to a specific person, so it stays hidden until there's more data.","","","",""
"web-app","admin.overview.funnel.suppressedTime.other","Only {count} members completed onboarding in this window — showing an exact time here could point to a specific person, so it stays hidden until there's more data.","","","{count}",""
"web-app","admin.overview.funnel.suppressedAvoid.one","Only 1 member in this window is old enough to count — not enough to show dismissal patterns without pointing at someone specific.","","","",""
"web-app","admin.overview.funnel.suppressedAvoid.other","Only {count} members in this window are old enough to count — not enough to show dismissal patterns without pointing at someone specific.","","","{count}",""
"web-app","admin.overview.funnel.error","Couldn't load the onboarding funnel.","","","",""
"web-app","admin.activity.venueApproved","{name} approved — live on the map","","","{name}",""
"web-app","admin.activity.venueRejected","{name} rejected","","","{name}",""
"web-app","admin.activity.venueModerated","{name} moderated","","","{name}",""
"web-app","admin.activity.venueSubmitted","New venue submitted: {name}","","","{name}",""
"web-app","admin.activity.playerJoined","New player: {name}","","","{name}",""
"web-app","admin.activity.reportFiled","Report filed — {reason}","","","{reason}",""
"web-app","admin.activity.by","by {name}","","","{name}",""
"web-app","admin.venues.title","Venue queue","","","",""
"web-app","admin.venues.subtitle.one","1 awaiting review · newest first","","","",""
"web-app","admin.venues.subtitle.other","{count} awaiting review · newest first","","","{count}",""
"web-app","admin.venues.subtitleEmpty","0 awaiting review","","","",""
"web-app","admin.venues.emptyTitle","Nothing to review — nice.","","","",""
"web-app","admin.venues.emptySub","New venue submissions land here the moment a player adds one. You're all caught up.","","","",""
"web-app","admin.venues.loadError","Couldn't load the venue queue — try refresh.","","","",""
"web-app","admin.venue.pendingReview","Pending review","","","",""
"web-app","admin.venue.geocodedAddress","Geocoded address","","","",""
"web-app","admin.venue.submittedAs","Submitted as: {text}","","","{text}",""
"web-app","admin.venue.submittedBy","by {name}","","","{name}",""
"web-app","admin.venue.submittedAgo","Submitted {ago}","","","{ago}",""
"web-app","admin.venue.cuescore","Imported from CueScore","","","",""
"web-app","admin.venue.approve","Approve & publish","","","",""
"web-app","admin.venue.reject","Reject…","","","",""
"web-app","admin.venue.editName","Edit","","","",""
"web-app","admin.venue.editNameAria","Edit venue name","","","",""
"web-app","admin.venue.nameInputLabel","Venue name","","","",""
"web-app","admin.venue.saveName","Save","","","",""
"web-app","admin.venue.cancelEdit","Cancel","","","",""
"web-app","admin.venue.safety.residential","Looks residential","","","",""
"web-app","admin.venue.safety.residentialSub","This reads like a private home. A home table belongs on a profile (connections-only), not the public venue map.","","","",""
"web-app","admin.venue.safety.business","Reads as a business","","","",""
"web-app","admin.venue.safety.businessSub","This reads like a public venue. Approving publishes it to the map right away.","","","",""
"web-app","admin.venue.safety.neutral","No strong signal","","","",""
"web-app","admin.venue.safety.neutralSub","The place-class isn't conclusive — check the map and address before deciding.","","","",""
"web-app","admin.venue.viewOsm","View on OpenStreetMap","","","",""
"web-app","admin.venue.osmShort","OSM ↗","","","",""
"web-app","admin.venue.mapUnavailable","Map unavailable","","","",""
"web-app","admin.venue.websiteLabel","Website","","","",""
"web-app","admin.venue.openWebsite","Open ↗","","","",""
"web-app","admin.venue.websiteReviewNote","We haven't checked where this leads — including whether it promotes money games. Open it and judge for yourself before you approve.","","","",""
"web-app","admin.venue.websiteReviewNoteShort","We haven't checked where this leads — open it before you approve.","","","",""
"web-app","admin.venue.edit.websiteLabel","Website URL","","","",""
"web-app","admin.venue.edit.websiteHint","Paste the club's website or Facebook page, or leave blank to clear it.","","","",""
"web-app","admin.venue.completenessTitle","Completeness","","","",""
"web-app","admin.venue.completeness.address","Address","","","",""
"web-app","admin.venue.completeness.city","City","","","",""
"web-app","admin.venue.completeness.country","Country","","","",""
"web-app","admin.venue.completeness.logo","Logo","","","",""
"web-app","admin.venue.completeness.website","Website","","","",""
"web-app","admin.reject.title","Reason for rejection","","","",""
"web-app","admin.reject.dsa","shown to submitter · DSA Art. 17","","","",""
"web-app","admin.reject.sub","The submitter will see this on their submission. Keep it factual and kind.","","","",""
"web-app","admin.reject.placeholder","Explain why this can't go on the map…","","","",""
"web-app","admin.reject.chip.privateResidence","Private residence","","","",""
"web-app","admin.reject.chip.notAVenue","Not a public venue","","","",""
"web-app","admin.reject.chip.closedOrWrong","Closed / wrong details","","","",""
"web-app","admin.reject.chip.duplicate","Duplicate","","","",""
"web-app","admin.reject.chip.other","Other…","","","",""
"web-app","admin.reject.cancel","Cancel","","","",""
"web-app","admin.reject.send","Send rejection","","","",""
"web-app","admin.reject.prefill.privateResidence","This looks like a private home. 8nOut only maps public pool venues — you can add your home table on your profile instead, where it stays visible to your connections only.","","","",""
"web-app","admin.reject.prefill.notAVenue","This doesn't look like a public pool venue, so it can't go on the map.","","","",""
"web-app","admin.reject.prefill.closedOrWrong","These details look closed or incorrect, so this can't go on the map right now.","","","",""
"web-app","admin.reject.prefill.duplicate","This venue is already on the map, so this submission is a duplicate.","","","",""
"web-app","admin.reports.title","Reports","","","",""
"web-app","admin.reports.subtitle.one","1 open · oldest first","","","",""
"web-app","admin.reports.subtitle.other","{count} open · oldest first","","","{count}",""
"web-app","admin.reports.subtitleEmpty","0 open","","","",""
"web-app","admin.reports.emptyTitle","No open reports.","","","",""
"web-app","admin.reports.emptySub","The community's behaving. New reports show up here.","","","",""
"web-app","admin.reports.loadError","Couldn't load reports — try refresh.","","","",""
"web-app","admin.report.kind.venue","Venue","","","",""
"web-app","admin.report.kind.player","Player","","","",""
"web-app","admin.report.kind.photo","Photo","","","",""
"web-app","admin.report.kind.report","Report","","","",""
"web-app","admin.report.reportedBy","reported by {name} · {ago}","","","{ago}; {name}",""
"web-app","admin.report.liveOnMap","Live on map","","","",""
"web-app","admin.report.venuePending","Pending","","","",""
"web-app","admin.report.venueRejected","Already rejected","","","",""
"web-app","admin.report.photoBy","Photo by {name}","","","{name}",""
"web-app","admin.report.takedown","Take down venue…","","","",""
"web-app","admin.report.dismiss","Dismiss","","","",""
"web-app","admin.report.markActioned","Mark actioned","","","",""
"web-app","admin.report.actionedNote","Marks the report resolved. It does not delete the photo.","","","",""
"web-app","admin.report.noDetail","No note added.","","","",""
"web-app","admin.reason.harassment","Harassment","","","",""
"web-app","admin.reason.spam","Spam","","","",""
"web-app","admin.reason.inappropriatePhoto","Inappropriate photo","","","",""
"web-app","admin.reason.fakeProfile","Fake profile","","","",""
"web-app","admin.reason.privateResidence","Private residence","","","",""
"web-app","admin.reason.notAVenue","Not a public venue","","","",""
"web-app","admin.reason.closedOrWrong","Closed / wrong details","","","",""
"web-app","admin.reason.other","Other","","","",""
"web-app","admin.reason.moneyPlaySolicitation","Money-play solicitation","","","",""
"web-app","admin.report.kind.message","Message","","","",""
"web-app","admin.report.openWindow","Open message window…","","","",""
"web-app","admin.report.noBody","The message text is never shown here. Open the logged window to read it.","","","",""
"web-app","admin.report.target24","24h target","","","",""
"web-app","admin.report.target48","48h target","","","",""
"web-app","admin.report.overdue","Past target","","","",""
"web-app","admin.window.title","Message window","","","",""
"web-app","admin.window.readOnly","Read-only","","","",""
"web-app","admin.window.loggedNote","Opening this window is recorded — who, when, and which messages were returned — so message access stays accountable.","","","",""
"web-app","admin.window.bounds","Shows the reported message and up to 5 messages either side, within 24 hours of it — this conversation only.","","","",""
"web-app","admin.window.reported","Reported message","","","",""
"web-app","admin.window.deletedTag","Deleted by sender","","","",""
"web-app","admin.window.cardRow","Challenge card","","","",""
"web-app","admin.window.deletedMember","Deleted member","","","",""
"web-app","admin.window.closedReport","This report is decided. Re-open it to view the window — re-opening is recorded.","","","",""
"web-app","admin.window.purgedAnchor","This message no longer exists — the attempt was still logged.","","","",""
"web-app","admin.hold.place","Place hold…","","","",""
"web-app","admin.hold.reasonLabel","Reason (recorded)","","","",""
"web-app","admin.hold.confirm","Place hold","","","",""
"web-app","admin.hold.held","On hold","","","",""
"web-app","admin.hold.heldUntil","On hold · expires {date}","","","{date}",""
"web-app","admin.hold.extend","Extend as H2…","","","",""
"web-app","admin.hold.autoPlaced","H1 hold — automatic","","","",""
"web-app","admin.hold.release","Release hold…","","","",""
"web-app","admin.hold.releaseReasonLabel","Reason for release (recorded)","","","",""
"web-app","admin.hold.releaseConfirm","Release hold","","","",""
"web-app","admin.toast.holdPlaced","Hold placed","","","",""
"web-app","admin.toast.holdReleased","Hold released","","","",""
"web-app","admin.toast.published","Published to the map","","","",""
"web-app","admin.toast.rejected","Rejection sent","","","",""
"web-app","admin.toast.takendown","Taken down","","","",""
"web-app","admin.toast.dismissed","Report dismissed","","","",""
"web-app","admin.toast.actioned","Report marked actioned","","","",""
"web-app","admin.toast.error","Something went wrong — try again.","","","",""
"web-app","admin.time.justNow","just now","","","",""
"web-app","admin.time.minutesAgo","{count}m ago","","","{count}",""
"web-app","admin.time.hoursAgo","{count}h ago","","","{count}",""
"web-app","admin.time.daysAgo","{count}d ago","","","{count}",""
"web-app","admin.nav.members","Members","","","",""
"web-app","admin.roles.title","Members","","","",""
"web-app","admin.roles.subtitle","Search members and manage roles","","","",""
"web-app","admin.roles.searchPlaceholder","Search by name…","","","",""
"web-app","admin.roles.you","You","","","",""
"web-app","admin.roles.changeRoleFor","Change role for {name}","","","{name}",""
"web-app","admin.roles.role.owner","Owner","","","",""
"web-app","admin.roles.role.moderator_1","Moderator 1","","","",""
"web-app","admin.roles.role.moderator_2","Moderator 2","","","",""
"web-app","admin.roles.role.player","Player","","","",""
"web-app","admin.roles.save","Save","","","",""
"web-app","admin.roles.toast.saved","Role updated","","","",""
"web-app","admin.roles.err.lastOwner","You can't change the last owner — promote another owner first.","","","",""
"web-app","admin.roles.emptyTitle","No members found","","","",""
"web-app","admin.roles.emptySub","No one matches that search. Try a different name.","","","",""
"web-app","admin.nav.venuesManage","Venues","","","",""
"web-app","admin.venuesManage.title","All venues","","","",""
"web-app","admin.venuesManage.subtitle","Search, edit, merge and remove venues — every status","","","",""
"web-app","admin.venuesManage.searchPlaceholder","Search name, address or city…","","","",""
"web-app","admin.venuesManage.filter.all","All","","","",""
"web-app","admin.venuesManage.filter.pending","Pending","","","",""
"web-app","admin.venuesManage.filter.approved","Live","","","",""
"web-app","admin.venuesManage.filter.rejected","Rejected","","","",""
"web-app","admin.venuesManage.status.pending","Pending","","","",""
"web-app","admin.venuesManage.status.approved","Live","","","",""
"web-app","admin.venuesManage.status.rejected","Rejected","","","",""
"web-app","admin.venuesManage.showing.one","1 venue","","","",""
"web-app","admin.venuesManage.showing.other","{count} venues","","","{count}",""
"web-app","admin.venuesManage.loadMore","Load more","","","",""
"web-app","admin.venuesManage.emptyTitle","No venues here","","","",""
"web-app","admin.venuesManage.emptySub","Nothing matches that filter or search. Try a different one.","","","",""
"web-app","admin.venuesManage.loadError","Couldn't load venues — try refresh.","","","",""
"web-app","admin.venuesManage.view","View","","","",""
"web-app","admin.venuesManage.hide","Hide","","","",""
"web-app","admin.venuesManage.edit","Edit","","","",""
"web-app","admin.venuesManage.merge","Merge…","","","",""
"web-app","admin.venuesManage.remove","Remove…","","","",""
"web-app","admin.venuesManage.toast.saved","Venue updated","","","",""
"web-app","admin.venuesManage.toast.removed","Venue removed","","","",""
"web-app","admin.venuesManage.toast.merged","Venues merged","","","",""
"web-app","admin.venue.sourcedCuescore","Sourced from CueScore","","","",""
"web-app","admin.venue.cuescoreLinked","CueScore","","","",""
"web-app","admin.venue.clubCount.one","1 club","","","",""
"web-app","admin.venue.clubCount.other","{count} clubs","","","{count}",""
"web-app","admin.venue.edit.title","Edit venue","","","",""
"web-app","admin.venue.edit.nameLabel","Name","","","",""
"web-app","admin.venue.edit.logoLabel","Logo URL","","","",""
"web-app","admin.venue.edit.logoPlaceholder","https://…","","","",""
"web-app","admin.venue.edit.logoHint","Paste an image URL, or leave blank for no logo.","","","",""
"web-app","admin.venue.edit.save","Save","","","",""
"web-app","admin.venue.edit.cancel","Cancel","","","",""
"web-app","admin.venue.merge.title","Merge into another venue","","","",""
"web-app","admin.venue.merge.intro","Pick the canonical venue to fold “{name}” into. Its clubs move over and “{name}” is retired.","","","{name}",""
"web-app","admin.venue.merge.searchPlaceholder","Search live venues…","","","",""
"web-app","admin.venue.merge.noTarget","No live venues match — try another search.","","","",""
"web-app","admin.venue.merge.confirmSub","Every club on “{from}” moves to “{into}”, and “{from}” becomes rejected. This can't be undone.","","","{from}; {into}",""
"web-app","admin.venue.merge.button","Merge venues","","","",""
"web-app","admin.venue.merge.back","Back","","","",""
"web-app","admin.venue.merge.cancel","Cancel","","","",""
"web-app","admin.cuescore.addButton","Add via CueScore","","","",""
"web-app","admin.cuescore.title","Add a venue from CueScore","","","",""
"web-app","admin.cuescore.intro","Paste a CueScore venue link. We read it once and prefill a submission for you to review — it still goes through moderation.","","","",""
"web-app","admin.cuescore.urlPlaceholder","https://cuescore.com/venue/…","","","",""
"web-app","admin.cuescore.urlLabel","CueScore venue link","","","",""
"web-app","admin.cuescore.lookup","Look up","","","",""
"web-app","admin.cuescore.looking","Reading…","","","",""
"web-app","admin.cuescore.close","Close","","","",""
"web-app","admin.cuescore.back","Back","","","",""
"web-app","admin.cuescore.matched","Already on 8nOut","","","",""
"web-app","admin.cuescore.lookAnother","Look up another","","","",""
"web-app","admin.cuescore.findIt","Find it","","","",""
"web-app","admin.cuescore.nameLabel","Name","","","",""
"web-app","admin.cuescore.addressLabel","Address","","","",""
"web-app","admin.cuescore.addressHint","This becomes the club's map pin, so keep it complete and accurate.","","","",""
"web-app","admin.cuescore.add","Add for review","","","",""
"web-app","admin.cuescore.adding","Adding…","","","",""
"web-app","admin.cuescore.addAnyway","Add anyway","","","",""
"web-app","admin.cuescore.candidatesTitle","Similar venues are already on the map:","","","",""
"web-app","admin.cuescore.switchOn","CueScore reads: On","","","",""
"web-app","admin.cuescore.switchOff","CueScore reads: Off","","","",""
"web-app","admin.cuescore.switchHint","Turn all CueScore reads (venue add + match import) on or off","","","",""
"web-app","admin.cuescore.toast.on","CueScore reads enabled","","","",""
"web-app","admin.cuescore.toast.off","CueScore reads disabled","","","",""
"web-app","admin.cuescore.toast.added","Sent for review","","","",""
"web-app","admin.cuescore.err.disabled","CueScore reads are turned off right now.","","","",""
"web-app","admin.cuescore.err.rate_limited","Too many CueScore reads just now — try again later.","","","",""
"web-app","admin.cuescore.err.bad_url","No venue id in that link. Use the venue page URL — cuescore.com/venue/Club+Name/60451687 — or paste the numeric venue id on its own.","","","",""
"web-app","admin.cuescore.err.unreachable","Couldn't reach CueScore right now — try again shortly.","","","",""
"web-app","admin.cuescore.err.forbidden","You don't have permission to do that.","","","",""
"web-app","admin.cuescore.err.geocode","That address didn't match the map. Edit it above, then add again.","","","",""
"web-app","admin.cuescore.err.geocoder_unavailable","The address lookup is unavailable right now. Try again shortly.","","","",""
"web-app","suspended.title","Account suspended","Konto gesperrt","","",""
"web-app","suspended.body","Your 8nOut account has been suspended for a violation of our Terms of Service.","Dein 8nOut-Konto wurde wegen eines Verstoßes gegen unsere Nutzungsbedingungen gesperrt.","","",""
"web-app","suspended.redress","If you believe this was a mistake, you can contact us at privacy@8nout.com to ask us to review it. If you disagree with our decision, you also have the right to take the matter to court. More on this is in our Terms of Service (section 13).","Wenn du glaubst, dass dies ein Fehler war, kannst du uns unter privacy@8nout.com kontaktieren und um eine Überprüfung bitten. Wenn du mit unserer Entscheidung nicht einverstanden bist, hast du außerdem das Recht, die Angelegenheit vor Gericht zu bringen. Mehr dazu findest du in unseren Nutzungsbedingungen (Abschnitt 13).","","",""
"web-app","removed.title","Account removed","Konto entfernt","","",""
"web-app","removed.body","Your 8nOut account has been removed for a violation of our Terms of Service.","Dein 8nOut-Konto wurde wegen eines Verstoßes gegen unsere Nutzungsbedingungen entfernt.","","",""
"web-app","removed.redress","If you believe this decision was wrong, you can contact us at privacy@8nout.com. Because the account and its data have been deleted we cannot restore them, but you can still contest this decision, including before a court. More on this is in our Terms of Service (section 13).","Wenn du glaubst, dass diese Entscheidung falsch war, kannst du uns unter privacy@8nout.com kontaktieren. Da das Konto und seine Daten gelöscht wurden, können wir sie nicht wiederherstellen, aber du kannst diese Entscheidung dennoch anfechten, auch vor Gericht. Mehr dazu findest du in unseren Nutzungsbedingungen (Abschnitt 13).","","",""
"web-app","moderation.reasonLine","Reason: {reason}","Grund: {reason}","","{reason}",""
"web-app","moderation.reason.harassment","Harassment or abuse","Belästigung oder Missbrauch","","",""
"web-app","moderation.reason.spam","Spam","Spam","","",""
"web-app","moderation.reason.fakeProfile","Fake profile","Gefälschtes Profil","","",""
"web-app","moderation.reason.inappropriateContent","Inappropriate content","Unangemessene Inhalte","","",""
"web-app","moderation.reason.safetyThreat","Threats or safety concern","Drohungen oder Sicherheitsbedenken","","",""
"web-app","moderation.reason.termsViolation","Terms of Service violation","Verstoß gegen die Nutzungsbedingungen","","",""
"web-app","moderation.reason.other","Other","Sonstiges","","",""
"web-app","admin.nav.lookup","Member lookup","","","",""
"web-app","admin.report.removeMember","Remove member…","","","",""
"web-app","admin.lookup.title","Member lookup","","","",""
"web-app","admin.lookup.subtitle","Find a member to review or remove","","","",""
"web-app","admin.lookup.searchPlaceholder","Search by name or paste a member id…","","","",""
"web-app","admin.lookup.startTitle","Search for a member","","","",""
"web-app","admin.lookup.startSub","Type a name or paste a member id to look them up.","","","",""
"web-app","admin.lookup.openReports","{count} open reports","","","{count}",""
"web-app","admin.lookup.manage","Manage…","","","",""
"web-app","admin.detail.viewButton","View detail","","","",""
"web-app","admin.detail.close","Close","","","",""
"web-app","admin.detail.cancel","Cancel","","","",""
"web-app","admin.detail.open","Open detail","","","",""
"web-app","admin.detail.done","Done","","","",""
"web-app","admin.detail.reasonLead","Opening this member's details is recorded — who, when, and why — so moderator access stays accountable. Give a short reason or link an open report.","","","",""
"web-app","admin.detail.reasonLabel","Reason for viewing","","","",""
"web-app","admin.detail.reasonPlaceholder","e.g. reviewing a harassment report…","","","",""
"web-app","admin.detail.linkReportLabel","Link an open report (optional)","","","",""
"web-app","admin.detail.noReport","No linked report","","","",""
"web-app","admin.detail.suspendedBanner","This member is suspended. Contact, precise address, photos and bio were purged on suspension.","","","",""
"web-app","admin.detail.removedOnSuspension","Removed on suspension.","","","",""
"web-app","admin.detail.sec.completeness","Completeness","","","",""
"web-app","admin.detail.sec.identity","Identity","","","",""
"web-app","admin.detail.sec.bio","Bio","","","",""
"web-app","admin.detail.sec.rating","Rating & CueScore","","","",""
"web-app","admin.detail.sec.photos","Photos","","","",""
"web-app","admin.detail.sec.clubs","Clubs","","","",""
"web-app","admin.detail.sec.record","Record","","","",""
"web-app","admin.detail.sec.modActions","Moderation history","","","",""
"web-app","admin.detail.sec.reportsAbout","Reports about this member","","","",""
"web-app","admin.detail.sec.reportsFiled","Reports this member filed","","","",""
"web-app","admin.detail.completeness.name","Name","","","",""
"web-app","admin.detail.completeness.city","City","","","",""
"web-app","admin.detail.completeness.club","Club","","","",""
"web-app","admin.detail.completeness.cuescore","CueScore","","","",""
"web-app","admin.completeness.summary","{filled} of {total} filled in","","","{filled}; {total}",""
"web-app","admin.completeness.filled","Filled in","","","",""
"web-app","admin.completeness.open","Open","","","",""
"web-app","admin.completeness.clubBreakdown","{approved} approved · {pending} pending · {rejected} rejected","","","{approved}; {pending}; {rejected}",""
"web-app","admin.detail.memberSince","Member since","","","",""
"web-app","admin.detail.home","Home","","","",""
"web-app","admin.detail.noBio","No bio.","","","",""
"web-app","admin.detail.fargo","Fargo rating","","","",""
"web-app","admin.detail.notSet","Not set","","","",""
"web-app","admin.detail.cuescore","CueScore","","","",""
"web-app","admin.detail.cuescoreOpen","Open profile #{id}","","","{id}",""
"web-app","admin.detail.notLinked","Not linked","","","",""
"web-app","admin.detail.noPhotos","No photos.","","","",""
"web-app","admin.detail.unnamedClub","Unnamed club","","","",""
"web-app","admin.detail.noClubs","No clubs listed.","","","",""
"web-app","admin.detail.wins"," wins","","","",""
"web-app","admin.detail.losses"," losses","","","",""
"web-app","admin.detail.connections"," connections","","","",""
"web-app","admin.detail.lastPlayed","Last played {when}","","","{when}",""
"web-app","admin.detail.noGames","No recorded games.","","","",""
"web-app","admin.detail.noModActions","No moderation actions on file.","","","",""
"web-app","admin.detail.noReportsAbout","No reports about this member.","","","",""
"web-app","admin.detail.noReportsFiled","This member hasn't filed any reports.","","","",""
"web-app","admin.remove.close","Close","","","",""
"web-app","admin.remove.loading","Loading member…","","","",""
"web-app","admin.remove.notFound","Member not found.","","","",""
"web-app","admin.remove.cantAct","You can only remove a member below your role.","","","",""
"web-app","admin.remove.status.active","Active","","","",""
"web-app","admin.remove.status.suspended","Suspended","","","",""
"web-app","admin.remove.reasonLabel","Reason category","","","",""
"web-app","admin.remove.cat.harassment","Harassment or abuse","","","",""
"web-app","admin.remove.cat.spam","Spam","","","",""
"web-app","admin.remove.cat.fakeProfile","Fake or impersonating profile","","","",""
"web-app","admin.remove.cat.inappropriateContent","Inappropriate content","","","",""
"web-app","admin.remove.cat.safetyThreat","Safety threat","","","",""
"web-app","admin.remove.cat.termsViolation","Terms of Service violation","","","",""
"web-app","admin.remove.cat.other","Something else","","","",""
"web-app","admin.remove.detailLabel","Internal note (optional)","","","",""
"web-app","admin.remove.detailPlaceholder","Context for the record — not shown to the member…","","","",""
"web-app","admin.remove.withhold","Withhold the reason from the member (act first)","","","",""
"web-app","admin.remove.evidenceLabel","Evidence (reports on file)","","","",""
"web-app","admin.remove.noEvidence","No reports on file for this member.","","","",""
"web-app","admin.remove.suspendHint","Reversible. Purges the home address, contact, photos and bio; keeps the audit trail.","","","",""
"web-app","admin.remove.suspend","Suspend member","","","",""
"web-app","admin.remove.reinstateHint","This member is suspended. Reinstating clears it — but purged data is not restored.","","","",""
"web-app","admin.remove.reinstate","Reinstate member","","","",""
"web-app","admin.remove.deleteHint","Irreversible. Erases the account; keeps de-identified match & report evidence.","","","",""
"web-app","admin.remove.eraseDisabled","Permanent erase is disabled for now. Use Suspend above.","","","",""
"web-app","admin.remove.tombstone","Block re-registration (abuse only)","","","",""
"web-app","admin.remove.confirmLabel","Type {name} to confirm deletion","","","{name}",""
"web-app","admin.remove.delete","Permanently delete","","","",""
"web-app","admin.remove.cancel","Cancel","","","",""
"web-app","admin.remove.manageShort","Remove…","","","",""
"web-app","admin.remove.toast.suspended","Member suspended","","","",""
"web-app","admin.remove.toast.reinstated","Member reinstated","","","",""
"web-app","admin.remove.toast.deleted","Member removed","","","",""
"web-app","admin.remove.err.lastOwner","You can't remove the last owner — promote another owner first.","","","",""
"web-app","admin.remove.err.forbidden","You don't have permission to remove this member.","","","",""
"web-app","admin.nav.blog","Blog","","","",""
"web-app","admin.blog.title","Blog","","","",""
"web-app","admin.blog.subtitle","Draft, review and publish moderator stories","","","",""
"web-app","admin.blog.loadError","Couldn't load posts — try refresh.","","","",""
"web-app","admin.blog.helpAria","About authorship & review","","","",""
"web-app","admin.blog.help.title","Who can see this","","","",""
"web-app","admin.blog.help.body","Every draft, edit and review action is recorded — who wrote the post, who reviewed it, and when. Other moderators can see this record. Members and the public never do.","","","",""
"web-app","admin.blog.help.close","Close","","","",""
"web-app","admin.blog.status.draft","Draft","","","",""
"web-app","admin.blog.status.pendingReview","Pending review","","","",""
"web-app","admin.blog.status.published","Published","","","",""
"web-app","admin.blog.status.rejected","Rejected","","","",""
"web-app","admin.blog.status.archived","Archived","","","",""
"web-app","admin.blog.filter.myDrafts","My drafts","","","",""
"web-app","admin.blog.filter.pendingReview","Pending review","","","",""
"web-app","admin.blog.filter.published","Published","","","",""
"web-app","admin.blog.filter.archived","Archived","","","",""
"web-app","admin.blog.empty.drafts.title","No drafts yet","","","",""
"web-app","admin.blog.empty.drafts.sub","Start a new post and it lands here.","","","",""
"web-app","admin.blog.empty.pendingReview.title","Nothing waiting for review","","","",""
"web-app","admin.blog.empty.pendingReview.sub","Submitted drafts show up here for a second moderator to check.","","","",""
"web-app","admin.blog.empty.published.title","Nothing published yet","","","",""
"web-app","admin.blog.empty.published.sub","Published posts appear here, newest first.","","","",""
"web-app","admin.blog.empty.archived.title","Nothing archived","","","",""
"web-app","admin.blog.empty.archived.sub","Posts you take down move here.","","","",""
"web-app","admin.blog.action.new","New post","","","",""
"web-app","admin.blog.action.saveDraft","Save draft","","","",""
"web-app","admin.blog.action.submitForReview","Submit for review","","","",""
"web-app","admin.blog.action.approveAndPublish","Approve & publish","","","",""
"web-app","admin.blog.action.reject","Reject…","","","",""
"web-app","admin.blog.action.reopenDraft","Reopen draft","","","",""
"web-app","admin.blog.action.archive","Archive","","","",""
"web-app","admin.blog.action.hardDelete","Delete permanently","","","",""
"web-app","admin.blog.archiveHint","Reversible. Takes the post off the public blog immediately; reopen it as a draft any time.","","","",""
"web-app","admin.blog.hardDeleteHint","Irreversible. Erases the post and its full revision history.","","","",""
"web-app","admin.blog.hardDeleteConfirmLabel","Type “{title}” to confirm deletion","","","{title}",""
"web-app","admin.blog.compliance.check","Check for issues","","","",""
"web-app","admin.blog.compliance.checking","Checking…","","","",""
"web-app","admin.blog.compliance.cleanTitle","No issues found","","","",""
"web-app","admin.blog.compliance.cleanSub","Nothing flagged — this post is clear.","","","",""
"web-app","admin.blog.compliance.flaggedTitle","Wording needs review","","","",""
"web-app","admin.blog.compliance.flaggedSub","This post contains wording that needs review. Check the list below, then edit before you submit or publish.","","","",""
"web-app","admin.blog.compliance.flaggedListLabel","Flagged:","","","",""
"web-app","admin.blog.compliance.hint","Runs automatically before you submit or publish — use this button to check anytime while you're writing.","","","",""
"web-app","admin.blog.compliance.errorTitle","Couldn't check","","","",""
"web-app","admin.blog.compliance.errorSub","The compliance check didn't run — try again before approving.","","","",""
"web-app","admin.blog.compliance.retry","Try again","","","",""
"web-app","admin.blog.reject.title","Reason for rejection","","","",""
"web-app","admin.blog.reject.sub","The author sees this note when they reopen the draft. Keep it factual and useful.","","","",""
"web-app","admin.blog.reject.placeholder","Explain what needs to change before this can be approved…","","","",""
"web-app","admin.blog.reject.cancel","Cancel","","","",""
"web-app","admin.blog.reject.send","Send rejection","","","",""
"web-app","admin.blog.rejectedNotice","This draft was rejected. See the reviewer's note below, make your changes, then resubmit.","","","",""
"web-app","admin.blog.rejectedReasonLabel","Reviewer's note","","","",""
"web-app","admin.blog.selfReview.notice","You can't approve or publish your own post — ask another moderator to review it.","","","",""
"web-app","admin.blog.err.notFound","Couldn't find this post — it may have been deleted or moved. Refresh the list and try again.","","","",""
"web-app","admin.blog.err.invalidTransition","This action isn't available for the post's current status — refresh the list to see where it stands.","","","",""
"web-app","admin.blog.err.selfReview","You can't review your own post — ask another moderator to approve, publish, or reject it.","","","",""
"web-app","admin.blog.err.notModerator","You don't have permission to do that.","","","",""
"web-app","admin.blog.err.badSlug","That URL isn't available — use lowercase letters, numbers and hyphens only.","","","",""
"web-app","admin.blog.err.incomplete","Add a title and some body text before you submit this for review.","","","",""
"web-app","admin.blog.err.flagged","This post contains wording that needs review — run the compliance check to see what to fix.","","","",""
"web-app","admin.blog.err.notOwner","Only an owner can delete a post permanently.","","","",""
"web-app","admin.blog.err.failed","Couldn't do that right now. Try again.","","","",""
"web-app","admin.blog.toast.draftSaved","Draft saved","","","",""
"web-app","admin.blog.toast.submitted","Sent for review","","","",""
"web-app","admin.blog.toast.published","Published","","","",""
"web-app","admin.blog.toast.rejected","Rejection sent","","","",""
"web-app","admin.blog.toast.reopened","Draft reopened","","","",""
"web-app","admin.blog.toast.archived","Archived","","","",""
"web-app","admin.blog.toast.deleted","Post deleted","","","",""
"web-app","admin.blog.editor.field.title","Title","","","",""
"web-app","admin.blog.editor.field.summary","Summary","","","",""
"web-app","admin.blog.editor.field.summaryHint","Shown as the preview snippet on the blog index and in link previews.","","","",""
"web-app","admin.blog.editor.field.category","Category","","","",""
"web-app","admin.blog.editor.field.subcategory","Subcategory (optional)","","","",""
"web-app","admin.blog.editor.field.categoryHint","Free text for now — click a suggestion to fill it in, or type your own if none fit yet.","","","",""
"web-app","admin.blog.editor.field.suggestedLabel","Suggested:","","","",""
"web-app","admin.blog.editor.field.links","Links (optional)","","","",""
"web-app","admin.blog.editor.field.addLink","+ Add link","","","",""
"web-app","admin.blog.editor.field.linkHrefInvalid","Enter a link starting with https:// or mailto:","","","",""
"web-app","admin.blog.editor.field.body","Body","","","",""
"web-app","admin.blog.editor.previewLabel","Preview","","","",""
"web-app","admin.blog.editor.toolbar.bold","Bold","","","",""
"web-app","admin.blog.editor.toolbar.italic","Italic","","","",""
"web-app","admin.blog.editor.toolbar.link","Link","","","",""
"web-app","admin.blog.editor.toolbar.h2","Heading 2","","","",""
"web-app","admin.blog.editor.toolbar.h3","Heading 3","","","",""
"web-app","admin.blog.editor.toolbar.bulletList","Bullet list","","","",""
"web-app","admin.blog.editor.toolbar.numberedList","Numbered list","","","",""
"web-app","admin.blog.editor.toolbar.quote","Quote","","","",""
"web-app","admin.blog.editor.linkUrlLabel","Link URL","","","",""
"web-app","admin.blog.editor.linkUrlPlaceholder","https://…","","","",""
"web-app","admin.blog.editor.lockedBanner","This post is live, so editing is locked here. To change it: archive the post, reopen the archived copy as a draft, edit it, then send it back through review. There's no quick-fix shortcut for small edits yet — every live change goes through the same two-moderator check as a first publish.","","","",""
"web-app","admin.blog.editor.reopenDraftHint","Optional — editing and resubmitting already work without it. This just clears the Rejected status back to Draft.","","","",""
"web-app","admin.blog.editor.conflict.title","This post has changed","","","",""
"web-app","admin.blog.editor.conflict.body","Another moderator saved a change to this draft after you opened it. Reload to see their version, or save anyway to overwrite it with yours.","","","",""
"web-app","admin.blog.editor.conflict.reload","Reload latest","","","",""
"web-app","admin.blog.editor.conflict.saveAnyway","Save anyway","","","",""
"web-app","admin.blog.editor.toolbar.image","Inline image","","","",""
"web-app","admin.blog.editor.image.formTitle","Inline image details","","","",""
"web-app","admin.blog.editor.image.inlineHint","Appears exactly where you insert it in the post — there's no separate cover or featured image.","","","",""
"web-app","admin.blog.editor.image.dropPrompt","Drag a photo here, or click to choose one from your device","","","",""
"web-app","admin.blog.editor.image.dropActive","Drop to upload","","","",""
"web-app","admin.blog.editor.image.hint","JPEG only, up to 4 MB. Uploaded photos are checked and cleaned up automatically.","","","",""
"web-app","admin.blog.editor.image.uploading","Uploading…","","","",""
"web-app","admin.blog.editor.image.uploaded","Photo added — fill in the details below, then insert it.","","","",""
"web-app","admin.blog.editor.image.uploadError","Couldn't upload that photo — try again.","","","",""
"web-app","admin.blog.editor.image.tooLarge","That photo's too big. The editor accepts JPEGs up to 4 MB — try a smaller file.","","","",""
"web-app","admin.blog.editor.image.wrongType","Only JPEG photos are supported here. Save it as a .jpg and try again.","","","",""
"web-app","admin.blog.editor.image.externalUrlNotSupported","Links to photos elsewhere aren't supported — upload the file itself. That's what checks it and strips its location data before it goes live.","","","",""
"web-app","admin.blog.editor.image.altLabel","Alt text","","","",""
"web-app","admin.blog.editor.image.altPlaceholder","Describe what's in the photo, for people using a screen reader","","","",""
"web-app","admin.blog.editor.image.captionLabel","Caption (optional)","","","",""
"web-app","admin.blog.editor.image.captionPlaceholder","A short caption shown under the photo","","","",""
"web-app","admin.blog.editor.image.size.label","Size","","","",""
"web-app","admin.blog.editor.image.size.hint","How large this photo appears in the finished post.","","","",""
"web-app","admin.blog.editor.image.size.option.small","Small","","","",""
"web-app","admin.blog.editor.image.size.option.medium","Medium","","","",""
"web-app","admin.blog.editor.image.size.option.large","Large","","","",""
"web-app","admin.blog.editor.image.size.option.full","Full width","","","",""
"web-app","admin.blog.editor.image.insert","Insert image","","","",""
"web-app","admin.blog.editor.image.cancel","Cancel","","","",""
"web-app","admin.blog.consent.question","Can you recognise a specific person in this photo?","","","",""
"web-app","admin.blog.consent.questionHint","A clear face or close-up counts. A wide venue shot, a scoreboard, hands on a cue, or a crowd with no one person as the focus doesn't. Not sure? Choose Yes.","","","",""
"web-app","admin.blog.consent.yes","Yes","","","",""
"web-app","admin.blog.consent.no","No","","","",""
"web-app","admin.blog.consent.basisLabel","How do you have their permission?","","","",""
"web-app","admin.blog.consent.option.directConsent","They gave their OK for this photo","","","",""
"web-app","admin.blog.consent.option.directConsentHint","The strongest option — use it when the person themself agreed to this specific use.","","","",""
"web-app","admin.blog.consent.option.self","It's a photo of me","","","",""
"web-app","admin.blog.consent.option.selfHint","You're the person in the photo — no extra details needed.","","","",""
"web-app","admin.blog.consent.option.eventPolicy","The event's photo policy covers this","","","",""
"web-app","admin.blog.consent.option.eventPolicyHint","Only choose this if the event has a written policy that specifically allows reuse by outside organisations like 8nOut — not standard ""photography may occur"" signage. This is the weakest option, and reviewers check it closely.","","","",""
"web-app","admin.blog.consent.noteLabel","Details","","","",""
"web-app","admin.blog.consent.notePlaceholder.directConsent","Who gave the OK, how (in person, message, email) and roughly when","","","",""
"web-app","admin.blog.consent.notePlaceholder.eventPolicy","Name the event, and describe or link the actual policy","","","",""
"web-app","admin.blog.rights.label","Where does this photo come from?","","","",""
"web-app","admin.blog.rights.option.ownPhoto","I took this photo myself","","","",""
"web-app","admin.blog.rights.option.licensed","It's licensed for this use","","","",""
"web-app","admin.blog.rights.option.publicDomainCc","It's public domain or Creative Commons","","","",""
"web-app","admin.blog.rights.option.tournamentPermission","Official tournament photography, used with permission","","","",""
"web-app","admin.blog.rights.noteLabel","Details","","","",""
"web-app","admin.blog.rights.notePlaceholder.licensed","Name the licence and where the photo is from","","","",""
"web-app","admin.blog.rights.notePlaceholder.publicDomainCc","Which one, if you know it (e.g. CC BY 4.0, public domain)","","","",""
"web-app","admin.blog.rights.notePlaceholder.tournamentPermission","Who gave permission to use it (name the person or organiser)","","","",""
"web-app","admin.blog.rights.attest.ownPhoto","I confirm I took this photo myself.","","","",""
"web-app","admin.blog.rights.attest.licensed","I confirm this photo is licensed for this use, as described above.","","","",""
"web-app","admin.blog.rights.attest.publicDomainCc","I confirm this photo is public domain or Creative Commons licensed, as described above.","","","",""
"web-app","admin.blog.rights.attest.tournamentPermission","I confirm the organiser named above gave permission for 8nOut to use this photo.","","","",""
"web-app","admin.blog.err.imageIncomplete","Every image needs alt text and a rights source, plus a consent basis if it shows someone recognisable — check the image details before you save.","","","",""
"web-app","admin.blog.err.imageNotUploaded","This image wasn't uploaded through the editor, so it can't be saved. Only photos added with Insert image get checked for size, type and location data — remove it and upload the photo again.","","","",""
"web-app","admin.blog.review.image.sectionTitle","Images","","","",""
"web-app","admin.blog.review.image.personLabel","Identifiable person","","","",""
"web-app","admin.blog.review.image.consentLabel","Consent basis","","","",""
"web-app","admin.blog.review.image.rightsLabel","Rights","","","",""
"web-app","admin.blog.review.image.eventPolicyFlag","Weakest basis — check the details closely","","","",""
"web-app","admin.blog.review.image.checkHint","Check the photo itself, and whether the consent and rights details given actually hold up — not just that they're filled in.","","","",""
"web-app","admin.blog.review.linksLabel","Links","","","",""
"web-app","admin.blog.help.imagesTitle","Photos, consent and rights","","","",""
"web-app","admin.blog.help.imagesBody","Every inset image needs alt text, and is recorded the same way as authorship and review — other moderators can see who added it, when, and what they attested.","","","",""
"web-app","admin.blog.help.imagesPlacementBody","Posts don't have a separate cover or featured image. Every photo you add here is an inline image — it appears exactly where you insert it in the post body.","","","",""
"web-app","admin.blog.help.imagesConsentBody","If a photo shows someone recognisable, the moderator adding it records how they have that person's permission. ""The event's photo policy covers this"" is the weakest basis — it needs the actual policy named, not general photography signage — so reviewers check it hardest.","","","",""
"web-app","admin.blog.help.imagesRightsBody","Every image also records where it comes from — the moderator's own photo, a licence, public domain or Creative Commons, or tournament photography used with permission — so there's a real record of the right to use it, not just a checkbox.","","","",""
"web-app","admin.blog.help.imagesReviewBody","When you review a post with images, check the photo itself and whether the consent and rights details given actually hold up — not just that the fields are filled in.","","","",""
"web-app","admin.blog.help.imagesRevocationBody","If someone asks for a photo of them to come down, removing it from 8nOut is guaranteed same-day. Anything already cached or archived elsewhere — search engines, browser caches — is best-effort, not something we can promise.","","","",""
"web-app","admin.blog.meta.submittedBy","Submitted by {name}","","","{name}",""
"web-app","admin.blog.meta.submittedAgo","Submitted {ago}","","","{ago}",""
"web-app","admin.blog.meta.editedAgo","Edited {ago}","","","{ago}",""
"web-app","admin.blog.meta.publishedOn","Published {date}","","","{date}",""
"web-app","admin.blog.meta.liveSince","Live since {date}","","","{date}",""
"web-app","admin.blog.meta.rejectedByAgo","Rejected by {name}, {ago}","","","{ago}; {name}",""
"web-app","admin.blog.meta.sentBackAgo","Sent back by {name}, {ago}","","","{ago}; {name}",""
"web-app","admin.blog.meta.autosaved","Autosaved {ago}","","","{ago}",""
"web-app","admin.blog.meta.deletedAccount","a deleted account","","","",""
"web-app","admin.blog.searchPlaceholder","Search by title…","","","",""
"web-app","admin.blog.backToPosts","Back to posts","","","",""
"web-app","admin.blog.image.loading","Loading photo…","","","",""
"web-app","admin.blog.image.expired","Preview timed out — reload to see it again.","","","",""
"web-app","admin.blog.image.reload","Reload photo","","","",""
"web-app","admin.blog.err.publishing","This post's photos are still being made public — click Approve & publish again in a moment.","","","",""
"web-app","admin.blog.help.imagesPublishingBody","If Approve & publish says the photos are still being made public, wait a moment and click it again — this finishes on its own, nothing is lost.","","","",""
"web-app","admin.blog.soloPublish.ackHeading","No second reviewer for this post","","","",""
"web-app","admin.blog.soloPublish.ackBody","This post shows someone recognisable or names a member, and you're currently the only moderator on 8nOut. Normally a second moderator checks whether that person would be comfortable appearing here before it publishes — right now, there isn't one to do that.","","","",""
"web-app","admin.blog.soloPublish.ackLabel","I understand I'm the only one making that judgment, and I'm personally accepting responsibility for it — not just on 8nOut's behalf.","","","",""
"web-app","admin.blog.soloPublish.ackLabelStandalone","I'm the only moderator reviewing this post, and I'm personally accepting responsibility for deciding whether the person it shows or names would be comfortable with that.","","","",""
"web-app","admin.blog.soloPublish.waitingNotice","Cooling-off period: {time} left before you can publish this alone. Come back then, or ask another moderator to review it now.","","","{time}",""
"web-app","admin.blog.soloPublish.pillWaiting","Solo review · {time} left","","","{time}",""
"web-app","admin.blog.soloPublish.pillReady","Solo review · ready to publish","","","",""
"web-app","admin.blog.soloPublish.soleModeratorNote","You're currently the only moderator on 8nOut.","","","",""
"web-app","admin.blog.err.soloNotReady","This can't be published solo yet — check the acknowledgment and cooling-off status above, or ask another moderator to review it.","","","",""
"web-app","admin.blog.err.soloCoolingOff","The cooling-off period for solo publishing hasn't finished yet — try again once the timer above reaches zero, or ask another moderator to review it now.","","","",""
"web-app","admin.blog.err.soloSecondModeratorJoined","Another moderator joined since you started this review, so solo publishing isn't available for this post anymore — ask them to review it instead.","","","",""
"web-app","admin.blog.err.selfReviewStale","This post still shows you as its last reviewer — refresh the page and try again, or ask another moderator to pick it up.","","","",""
"web-app","admin.blog.help.soloPublishBody","If you're the only moderator, you can publish a post that shows someone recognisable or names a member — on your own, after a short cooling-off period and a personal acknowledgment that you're the only one checking it. This is recorded the same way as everything else here, and stops being available the moment a second moderator joins.","","","",""
"web-app","admin.blog.classify.title","Before you submit","","","",""
"web-app","admin.blog.classify.question","Does this post name, quote, describe the result of, or otherwise let a reader identify a specific real member — beyond general references to the community?","","","",""
"web-app","admin.blog.classify.questionHint","Naming someone, quoting them, giving their match result, or describing them clearly enough that a reader would know who it is — all count, even without a photo. A general mention of the community, or an unnamed player, doesn't. Not sure? Choose Yes.","","","",""
"web-app","admin.blog.classify.confirm","Submit for review","","","",""
"web-app","admin.blog.classify.cancel","Cancel","","","",""
"web-app","presence.activeNow","Who's online","Wer ist online","","",""
"web-app","presence.seeAll","See all","Alle ansehen","","",""
"web-app","presence.cityListTitle","Online in {city}","Online in {city}","","{city}",""
"web-app","presence.loadMore","Load more","Mehr laden","","",""
"web-app","presence.noneActiveSub","Check back soon — players show up as they get to a table.","Schau später wieder vorbei — Spieler erscheinen, sobald sie an einem Tisch stehen.","","",""
"web-app","presence.online","In the app now","Gerade in der App","","",""
"web-app","presence.recentlyActive","Active earlier today","Heute früher aktiv","","",""
"web-app","presence.you","You","Du","","",""
"web-app","presence.youInvisible","You · invisible","Du · unsichtbar","","",""
"web-app","presence.goInvisible","Go invisible","Unsichtbar werden","","",""
"web-app","presence.goInvisibleSub","Hides your online status, your Open-to-play badge, and ""in the club"" from everyone — including your connections.","","","",""
"web-app","presence.goInvisibleFooter","While you're invisible: no one sees you as online, open to play, or in the club — not even your connections. Your club won't get a notification when you log on, either. It also clears any ""in the club"" status straight away. Turn invisibility off and your Open-to-play setting comes back as it was — but ""in the club"" doesn't return on its own. If you're still there, set it again. Your club pins and profile stay on the map the whole time.","","","",""
"web-app","presence.invisibleOwnerNote","You're invisible right now — others don't see you as online or open to play.","Du bist gerade unsichtbar — andere sehen dich nicht als online oder spielbereit.","","",""
"web-app","presence.firstNoticeHeading","You're now visible as active","Du bist jetzt als aktiv sichtbar","","",""
"web-app","presence.firstNoticeBody","8nOut now shows other signed-in members when you're active — a simple ""online"" or ""recently active"" status next to your map pin, so people can see who's around for a game. It is never your location and is never shown to the public. It's on by default; you can turn it off for everyone, at any time, with Go invisible. See the Privacy Policy for details.","8nOut zeigt anderen angemeldeten Mitgliedern jetzt an, wenn du aktiv bist — ein einfacher Status ""online"" oder ""kürzlich aktiv"" neben deiner Kartenposition, damit andere sehen können, wer für ein Spiel da ist. Es ist niemals dein Standort und wird niemals der Öffentlichkeit angezeigt. Es ist standardmäßig aktiviert; du kannst es jederzeit für alle mit Unsichtbar werden ausschalten. Einzelheiten findest du in der Datenschutzerklärung.","","",""
"web-app","presence.firstNoticeDismiss","Got it","Verstanden","","",""
"web-app","presence.gotIt","Got it","Verstanden","","",""
"web-app","presence.globalOnlineLabel","Online now","Jetzt online","","",""
"web-app","presence.globalCountA11y.one","1 player online across 8nOut right now","1 Spieler ist gerade bei 8nOut online","","",""
"web-app","presence.globalCountA11y.other","{count} players online across 8nOut right now","{count} Spieler sind gerade bei 8nOut online","","{count}",""
"web-app","presence.activeGamesLabel","Active games","","","",""
"web-app","presence.activeGamesCountA11y.one","{count} live scoreboard game in progress right now","","","{count}",""
"web-app","presence.activeGamesCountA11y.other","{count} live scoreboard games in progress right now","","","{count}",""
"web-app","presence.activeGamesCountA11yZero","No live scoreboard games in progress right now","","","",""
"web-app","presence.cityOnlineHeader","Who's online in {city}","Wer ist online in {city}","","{city}",""
"web-app","presence.cityUnsetPrompt","Set your city to see who's online near you","Leg deine Stadt fest, um zu sehen, wer in der Nähe online ist","","",""
"web-app","presence.cityEmpty","No one's online in {city} right now","In {city} ist gerade niemand online","","{city}",""
"web-app","presence.zoomOutHint","Zoom out for more clubs","Zoom heraus für weitere Clubs","","",""
"web-app","presence.nearMeClubHeader","My clubs","Meine Clubs","","",""
"web-app","presence.nearMeCityHeader","In {city}","In {city}","","{city}",""
"web-app","presence.nearMeEmpty","No one's online in your clubs or in {city} right now","In deinen Clubs oder in {city} ist gerade niemand online","","{city}",""
"web-app","presence.nearMeDistanceA11yBelowOne","less than 1 kilometer away","weniger als 1 Kilometer entfernt","","",""
"web-app","presence.nearMeDistanceA11y.one","approximately 1 kilometer away","etwa 1 Kilometer entfernt","","",""
"web-app","presence.nearMeDistanceA11y.other","approximately {count} kilometers away","etwa {count} Kilometer entfernt","","{count}",""
"web-app","presence.nearMeAddClubNudge","Add a club to see players from your regular spots too","Club hinzufügen, um auch Spieler aus deinen Stammclubs zu sehen","","",""
"web-app","availability.setButton","I'm in the club","","","",""
"web-app","availability.pickerTitle","Which club, and for how long?","","","",""
"web-app","availability.pickerVenueLabel","Club","","","",""
"web-app","availability.pickerVenueEmpty","You haven't added a club yet — add one first, then you can show as in the club.","","","",""
"web-app","availability.pickerDurationLabel","Until","","","",""
"web-app","availability.duration.1h","1 hour","","","",""
"web-app","availability.duration.3h","3 hours","","","",""
"web-app","availability.duration.8h","8 hours","","","",""
"web-app","availability.firstNoticeHeading","Before you show as ""in the club""","","","",""
"web-app","availability.firstNoticeBody","You'll show as at **{venue}** until **{time}**. Your accepted connections will see this — no one else. Clear it in one tap any time, and it clears itself automatically once the time's up. It's entirely optional, and you can stop using it whenever you like.","","","{time}; {venue}",""
"web-app","availability.confirmButton","Show me as in the club","","","",""
"web-app","availability.statusLabel","At {venue} until {time}","","","{time}; {venue}",""
"web-app","availability.statusLabelA11y","In the club at {venue} until {time}","","","{time}; {venue}",""
"web-app","availability.clear","Clear","","","",""
"web-app","availability.invisibleDisabled","Turn off Go invisible to set this.","","","",""
"web-app","availability.repeatNotice","Visible to your connections only. Clear anytime.","","","",""
"web-app","availability.saveError","Couldn't save — check your connection and try again.","","","",""
"web-app","venue.inClubUntil","In the club until {time}","","","{time}",""
"web-app","venue.connectionsHereA11y","{count} of your connections here now","","","{count}",""
"web-app","availability.playingNoticeHeading","Before you confirm you're playing","Bevor du bestätigst, dass du spielst","","",""
"web-app","availability.playingNoticeBodyOwner","Confirming shows you and **{name}** playing together, at **{venue}** until **{time}** — on your own club pin, that club's list, and the City list. Only members connected to **both of you** can see it, a smaller group than who sees you're in the club. {name} confirms separately, and nothing shows until they have too. End it in one tap, any time. It's optional — skip it and your own ""in the club"" status (if you have one) stays exactly as it is. One more thing: confirming replaces any ""in the club"" status you currently have — it ends the moment you confirm here. You can only be in one place at a time.","Wenn du bestätigst, zeigt das dich und **{name}** als gemeinsam spielend — bei **{venue}** bis **{time}** — auf deiner eigenen Club-Pin, in der Liste dieses Clubs und in der Stadt-Liste. Das sehen nur Mitglieder, die mit **euch beiden** verbunden sind — eine kleinere Gruppe als die, die sieht, dass du im Club bist. {name} bestätigt unabhängig davon, und es wird erst angezeigt, wenn auch {name} bestätigt hat. Jederzeit mit einem Tipp beendbar. Es ist freiwillig — überspringst du es, bleibt dein ""im Club""-Status (falls vorhanden) genau so, wie er ist. Noch etwas: Bestätigen ersetzt deinen aktuellen ""im Club""-Status — er endet in dem Moment, in dem du hier bestätigst. Du kannst nämlich nur an einem Ort gleichzeitig sein.","","{name}; {time}; {venue}",""
"web-app","availability.playingNoticeBodyGuest","Confirming shows you and **{name}** playing together, at **{venue}** until **{time}** — on the City list, to members connected to **both of you**. You won't get a pin at {venue} — that's {name}'s club, not yours. {name} confirms separately, and nothing shows until they have too. End it in one tap, any time. It's optional — skip it and your own ""in the club"" status (if you have one) stays exactly as it is. One more thing: confirming replaces any ""in the club"" status you currently have — it ends the moment you confirm here. You can only be in one place at a time.","Wenn du bestätigst, zeigt das dich und **{name}** als gemeinsam spielend — bei **{venue}** bis **{time}** — in der Stadt-Liste, für Mitglieder, die mit **euch beiden** verbunden sind. Du bekommst keine Pin bei {venue} — der Club gehört {name}, nicht dir. {name} bestätigt unabhängig davon, und es wird erst angezeigt, wenn auch {name} bestätigt hat. Jederzeit mit einem Tipp beendbar. Es ist freiwillig — überspringst du es, bleibt dein ""im Club""-Status (falls vorhanden) genau so, wie er ist. Noch etwas: Bestätigen ersetzt deinen aktuellen ""im Club""-Status — er endet in dem Moment, in dem du hier bestätigst. Du kannst nämlich nur an einem Ort gleichzeitig sein.","","{name}; {time}; {venue}",""
"web-app","availability.playingReminderOwner","On your club pin and the City list, to connections of both of you. End it anytime.","Auf deiner Club-Pin und in der Stadt-Liste, für Kontakte von euch beiden. Jederzeit beendbar.","","",""
"web-app","availability.playingReminderGuest","On the City list only, to connections of both of you. End it anytime.","Nur in der Stadt-Liste, für Kontakte von euch beiden. Jederzeit beendbar.","","",""
"web-app","availability.confirmPlayingButton","Confirm you're playing","Spielen bestätigen","","",""
"web-app","availability.playingStatusLabel","Playing with {name} at {venue} until {time}","Spielt mit {name} bei {venue} bis {time}","","{name}; {time}; {venue}",""
"web-app","availability.playingStatusLabelA11y","Playing with {name} at {venue} until {time}","Spielt mit {name} bei {venue} bis {time}","","{name}; {time}; {venue}",""
"web-app","availability.waitingForPartner","You've confirmed. Waiting for {name} to confirm too.","Du hast bestätigt. Warten auf Bestätigung von {name}.","","{name}",""
"web-app","availability.endPlayingButton","We're done","Fertig","","",""
"web-app","availability.stillPlayingButton","Still playing","Weiterspielen","","",""
"web-app","venue.playingUntil","Playing with {name} until {time}","Spielt mit {name} bis {time}","","{name}; {time}",""
"web-app","availability.playingFallback","Playing at {venue} until {time}","","","{time}; {venue}",""
"web-app","venue.playingFallback","Playing until {time}","","","{time}",""
"web-app","connections.sentHeading","Sent requests","Gesendete Anfragen","","",""
"web-app","connections.awaitingReply","Waiting for a reply","Wartet auf Antwort","","",""
"web-app","connections.withdraw","Withdraw","Zurückziehen","","",""
"web-app","connections.remove","Remove","Entfernen","","",""
"web-app","connections.removeConfirm","Remove connection","Verbindung entfernen","","",""
"web-app","connections.removeExplain","You'll lose each other's contact details, and any address shared for a game.","Ihr verliert die Kontaktdaten voneinander und eine für ein Spiel geteilte Adresse.","","",""
"web-app","connections.playNowConfirmTitle","Play now at {place}?","Jetzt bei {place} spielen?","","{place}",""
"web-app","connections.playNowChangePlace","Choose a different place","Einen anderen Ort wählen","","",""
"web-app","blocked.title","Blocked players","Blockierte Spieler","","",""
"web-app","blocked.unblock","Unblock","Freigeben","","",""
"web-app","blocked.explain","Blocked players can't see you on the map and can't contact you. They aren't told.","Blockierte Spieler sehen dich nicht auf der Karte und können dich nicht kontaktieren. Sie werden nicht benachrichtigt.","","",""
"web-app","locationShares.title","Who has my address","Wer hat meine Adresse","","",""
"web-app","locationShares.empty","Nobody has your exact address right now.","Zurzeit hat niemand deine genaue Adresse.","","",""
"web-app","locationShares.footer","These players can see your exact address. You share it for a set time, and can stop sooner.","Diese Spieler sehen deine genaue Adresse. Du teilst sie für eine begrenzte Zeit und kannst früher aufhören.","","",""
"web-app","locationShares.ends","Ends {relative} · {absolute}","Endet {relative} · {absolute}","","{absolute}; {relative}",""
"web-app","locationShares.noExpiry","No end time","Läuft nicht ab","","",""
"web-app","locationShares.stopSharing","Stop sharing","Nicht mehr teilen","","",""
"web-app","locationShares.stopped","You stopped sharing your address.","Du teilst deine Adresse nicht mehr.","","",""
"web-app","clubs.venueWarning","Add a public pool club — not a home or private address.","Füge einen öffentlichen Billardclub hinzu — keine Wohnung und keine Privatadresse.","","",""
"web-app","onboarding.finishLater","Finish later","Später fertigstellen","","",""
"web-app","onboarding.next","Next","Weiter","","",""
"web-app","onboarding.stepCount","{current} of {total}","{current} von {total}","","{current}; {total}",""
"web-app","onboarding.stepCountA11y","Question {current} of {total}","Frage {current} von {total}","","{current}; {total}",""
"web-app","onboarding.rackDoneA11y","All three answered","Alle drei beantwortet","","",""
"web-app","onboarding.name.q","What name do you play under?","Unter welchem Namen spielst du?","","",""
"web-app","onboarding.name.why","This is the name on your row in a club's list, and the name other players search by.","Das ist der Name auf deiner Zeile in der Liste eines Clubs — und der Name, nach dem andere Spieler suchen.","","",""
"web-app","onboarding.name.label","Your name","Dein Name","","",""
"web-app","onboarding.name.hint","One word is fine — plenty of players here go by a handle.","Ein Wort reicht — viele hier spielen unter einem Spitznamen.","","",""
"web-app","onboarding.city.q","Which country and town do you play in?","In welchem Land und in welcher Stadt spielst du?","","",""
"web-app","onboarding.city.why","Players filter the map by country and town. Without yours, you're hard to find.","Spieler filtern die Karte nach Land und Stadt. Ohne deine Angaben bist du schwer zu finden.","","",""
"web-app","onboarding.club.q","Which club do you play at?","In welchem Club spielst du?","","",""
"web-app","onboarding.club.why","Your name goes on that club's list — the same list you see when you open a club on the map.","Dein Name kommt auf die Liste dieses Clubs — dieselbe Liste, die du siehst, wenn du auf der Karte einen Club öffnest.","","",""
"web-app","onboarding.club.notListedBody","Clubs are added by the community, so yours may not be here yet. Add it and we'll check it — it goes on the map once it's approved.","Clubs werden von der Community hinzugefügt, deiner ist also vielleicht noch nicht dabei. Füge ihn hinzu, wir schauen ihn uns an — sobald er freigegeben ist, erscheint er auf der Karte.","","",""
"web-app","onboarding.club.exitHint","Not sure yet? Finish later","Noch unsicher? Später fertigstellen","","",""
"web-app","clubs.errorFailed","Couldn't add that club just now. Try again.","Der Club ließ sich gerade nicht hinzufügen. Versuch es noch mal.","","",""
"web-app","clubs.errorRejected","{venue} wasn't added to the map. Pick a club that's already on the map instead.","{venue} wurde nicht auf die Karte aufgenommen. Wähle stattdessen einen Club, der schon auf der Karte ist.","","{venue}",""
"web-app","clubs.errorCap","Three clubs is the limit. Remove one first, then you can add this one.","Drei Clubs sind das Maximum. Entferne zuerst einen, dann kannst du diesen hinzufügen.","","",""
"web-app","clubs.errorDuplicate","You've already got that club. Search for another one if you play somewhere else too.","Diesen Club hast du schon. Suche einen anderen, wenn du auch woanders spielst.","","",""
"web-app","onboarding.payoff.headline","You're on the list at {venue}","Du stehst auf der Liste bei {venue}","","{venue}",""
"web-app","onboarding.payoff.headlineFirst","You're first on the list at {venue}","Du machst den Anfang bei {venue}","","{venue}",""
"web-app","onboarding.payoff.seat","Players who add this club appear here.","Spieler, die diesen Club hinzufügen, erscheinen hier.","","",""
"web-app","onboarding.payoff.toggleCaption","Turn it on and your row here reads Ready to play. So does your public profile, which anyone with the link can open, signed in or not. You're on the list either way.","Schalte es ein, und deine Zeile hier zeigt Spielbereit. Dein öffentliches Profil auch — das kann jeder öffnen, der den Link hat, ob angemeldet oder nicht. Auf der Liste stehst du so oder so.","","",""
"web-app","onboarding.payoff.andMore","and {count} more","und {count} weitere","","{count}",""
"web-app","onboarding.payoff.rosterFailed","Couldn't load the rest of the list.","Der Rest der Liste konnte nicht geladen werden.","","",""
"web-app","onboarding.payoff.toggleFailed","Couldn't change that just now. Try again.","Das ließ sich gerade nicht ändern. Versuch es noch mal.","","",""
"web-app","onboarding.pending.headline","Thanks — we'll check {venue}","Danke — wir schauen uns {venue} an","","{venue}",""
"web-app","onboarding.pending.body","It's on your clubs already. Once it's approved, the club goes on the map and your name is on its list. Until then, you're not on any club's list.","Er steht schon bei deinen Clubs. Sobald er freigegeben ist, erscheint er auf der Karte und dein Name steht auf seiner Liste. Bis dahin stehst du auf keiner Club-Liste.","","",""
"web-app","onboarding.pending.whereToCheck","You can check on it any time under Clubs on your profile.","Du kannst jederzeit unter Clubs in deinem Profil nachsehen.","","",""
"web-app","onboarding.payoff.toggleCaptionPending","Turn it on and your name carries Ready to play in player search and on your public profile, which anyone with the link can open, signed in or not.","Schalte es ein, und dein Name trägt Spielbereit in der Spielersuche und auf deinem öffentlichen Profil — das kann jeder öffnen, der den Link hat, ob angemeldet oder nicht.","","",""
"web-app","onboarding.rejected.headlineOne","{venue} wasn't added to the map","{venue} wurde nicht auf die Karte aufgenommen","","{venue}",""
"web-app","onboarding.rejected.headlineMany","{count} of your clubs weren't added to the map","{count} deiner Clubs wurden nicht auf die Karte aufgenommen","","{count}",""
"web-app","onboarding.rejected.body","It's still on your profile, but you're not on any club's list. Pick a club that's already on the map and you're on its list straight away.","Er steht weiterhin in deinem Profil, aber du stehst auf keiner Club-Liste. Wähle einen Club, der schon auf der Karte ist, und du stehst sofort auf seiner Liste.","","",""
"web-app","onboarding.rejected.bodyMany","They're still on your profile, but you're not on any club's list. Pick a club that's already on the map and you're on its list straight away.","Sie stehen weiterhin in deinem Profil, aber du stehst auf keiner Club-Liste. Wähle einen Club, der schon auf der Karte ist, und du stehst sofort auf seiner Liste.","","",""
"web-app","onboarding.rejected.reason","Reason: {reason}","Grund: {reason}","","{reason}",""
"web-app","onboarding.rejected.removeConfirm","Remove {venue} from your clubs?","{venue} aus deinen Clubs entfernen?","","{venue}",""
"web-app","onboarding.rejected.removeExplain","This takes it off your profile. Nothing else changes.","Damit verschwindet er aus deinem Profil. Sonst ändert sich nichts.","","",""
"web-app","onboarding.cuescore.title","Play on CueScore?","Spielst du auf CueScore?","","",""
"web-app","onboarding.cuescore.replaceNotice","Your CueScore name and photo become your 8nOut name and photo.","Dein CueScore-Name und -Foto werden dein Name und dein Foto bei 8nOut.","","",""
"web-app","onboarding.cuescore.linkedChip","CueScore linked","CueScore verknüpft","","",""
"web-app","onboarding.cuescore.replacedName","You're {name} now","Du bist jetzt {name}","","{name}",""
"web-app","onboarding.cuescore.replacedBody","That's the name on your row, in player search, and on your profile.","Das ist ab jetzt der Name auf deiner Zeile, in der Spielersuche und in deinem Profil.","","",""
"web-app","onboarding.playsAt.title","Where do you usually play?","Wo spielst du normalerweise?","","",""
"web-app","onboarding.playsAt.club","At a club","In einem Club","","",""
"web-app","onboarding.playsAt.home","At home","Zu Hause","","",""
"web-app","onboarding.playsAt.both","Both","Beides","","",""
"web-app","onboarding.playsAt.notice","Helps us decide whether to build a home-table feature. It's private, and skipping changes nothing else about your account. If you already have one, it stays visible to your connections only — never public.","Hilft uns zu entscheiden, ob wir eine Heimtisch-Funktion bauen sollen. Das bleibt privat, und Überspringen ändert sonst nichts an deinem Konto. Hast du schon einen, ist er nur für deine Kontakte sichtbar — nie öffentlich.","","",""
"web-app","onboarding.playsAt.save","Save","Speichern","","",""
"web-app","onboarding.playsAt.skip","Skip for now","Vorerst überspringen","","",""
"web-app","onboarding.banner.title","Finish setting up","Einrichtung abschließen","","",""
"web-app","onboarding.banner.missing.name","Without a name, nobody can tell who you are in a club's list or in search.","Ohne Namen kann niemand erkennen, wer du in einer Club-Liste oder in der Suche bist.","","",""
"web-app","onboarding.banner.missing.club","You're not on any club's list yet, so nobody finds you when they open a club on the map.","Du stehst noch auf keiner Club-Liste, also findet dich niemand, wenn er auf der Karte einen Club öffnet.","","",""
"web-app","onboarding.banner.cta.name","Add your name","Namen hinzufügen","","",""
"web-app","onboarding.banner.cta.city","Add your town","Stadt hinzufügen","","",""
"web-app","onboarding.banner.notNow","Not now","Jetzt nicht","","",""
"web-app","onboarding.banner.quiet","Setup unfinished","Einrichtung unvollständig","","",""
"web-app","onboarding.banner.quietCta","Finish","Abschließen","","",""
"web-app","onboarding.banner.rejectedCta","Find your club","Club finden","","",""
"web-app","help.title","Help","Hilfe","","",""
"web-app","help.search","Search help…","Hilfe durchsuchen…","","",""
"web-app","help.noResults","No answers for ""{q}""","Keine Antworten für „{q}“","","{q}",""
"web-app","help.noResultsSub","Try another word, or write to us.","Versuche ein anderes Wort oder schreib uns.","","",""
"web-app","help.allHelp","All help","Zurück zur Hilfe","","",""
"web-app","help.related","Related","Siehe auch","","",""
"web-app","help.stillStuck","Still stuck?","Kommst du nicht weiter?","","",""
"web-app","help.emailUs","Email us","Schreib uns","","",""
"web-app","help.heading","How can we help?","","","",""
"web-app","help.subline","Short answers to the questions players ask most.","","","",""
"web-app","help.empty","No answers are published yet.","","","",""
"web-app","account.signedInWith","Signed in with","Angemeldet mit","","",""
"web-app","receipts.notice.title","Read receipts are here","Lesebestätigungen sind da","","",""
"web-app","receipts.notice.sectionA.kicker","How it works","","","",""
"web-app","receipts.notice.sectionA.body","When you and a connection both have this on, you'll see when your message has been read — and they'll see the same about yours. Turn it off any time; nothing else about chat changes.","Wenn du und ein Kontakt das beide aktiviert habt, siehst du, wenn deine Nachricht gelesen wurde — und die andere Person sieht dasselbe bei dir. Schalte es jederzeit aus; sonst ändert sich nichts am Chat.","","",""
"web-app","receipts.toggle.label","Read receipts","Lesebestätigungen","","",""
"web-app","receipts.toggle.sub","Only works when the other person has it on too.","Funktioniert nur, wenn die andere Person es auch aktiviert hat.","","",""
"web-app","receipts.notice.sectionB.kicker","One quick question","Noch eine kurze Frage","","",""
"web-app","receipts.notice.sectionB.body","Which age group are you in? We use this only to set your read-receipts default — nothing else changes.","Zu welcher Altersgruppe gehörst du? Das nutzen wir nur, um deine Standardeinstellung für Lesebestätigungen festzulegen — sonst ändert sich nichts.","","",""
"web-app","receipts.ageband.1617","16 or 17","16 oder 17","","",""
"web-app","receipts.ageband.18plus","18 or older","18 oder älter","","",""
"web-app","receipts.ageband.decline","Prefer not to say","Keine Angabe","","",""
"web-app","receipts.ageband.reassure","You can skip this — read receipts just stay off for you either way.","Du kannst das überspringen — Lesebestätigungen bleiben dann einfach für dich aus.","","",""
"web-app","receipts.notice.continue","Continue","Weiter","","",""
"web-app","receipts.settings.upgradeRow.label","I'm 18 or older now","Ich bin jetzt 18 oder älter","","",""
"web-app","receipts.settings.upgradeRow.sub","Updates your age group on file.","Aktualisiert deine hinterlegte Altersgruppe.","","",""
"web-app","receipts.settings.upgradeRow.button","Update","Aktualisieren","","",""
"web-app","receipts.settings.footer","Read receipts only work when you and the other person both have them on. Turn yours off and it stops for both of you straight away.","Lesebestätigungen funktionieren nur, wenn du und die andere Person sie beide aktiviert habt. Schalte deine aus, und es endet sofort für euch beide.","","",""
"web-app","receipts.readMark","Read","Gelesen","","",""
"web-app","clubAlerts.toggle.label","Club alerts","","","",""
"web-app","clubAlerts.toggle.sub","Notified when someone at one of your clubs comes online.","","","",""
"web-app","ladder.pending.joinDisclosureArchive","When a season ends, the standings are saved exactly as they stood — with your name — and that stays true even if you leave the ladder later. You can ask to appear as “Former member” instead, any time.","Wenn eine Saison endet, wird die Tabelle genau so gespeichert, wie sie stand — mit deinem Namen — und das gilt auch, wenn du die Ladder später verlässt. Du kannst jederzeit darum bitten, stattdessen als „Ehemaliges Mitglied"" angezeigt zu werden.","","",""
"web-app","ladder.pending.joinDisclosurePrint","Any member can export the standings — including to put up on a noticeboard at a club.","Jedes Mitglied kann die Tabelle exportieren — auch um sie am Schwarzen Brett eines Clubs auszuhängen.","","",""
"web-app","ladder.pending.exportStamp","Standings as of {date} — current standings live in the 8nOut app. This sheet doesn't update.","Stand: {date} — die aktuellen Tabellen findest du in der 8nOut-App. Dieses Blatt aktualisiert sich nicht.","","{date}",""
"web-app","ladder.pending.leaveArchivePermanence","This doesn't touch your past seasons. Leaving removes you from the current board, not your history. Saved standings from earlier seasons still show your name — unless you also switch on “Former member” below.","Das betrifft deine vergangenen Saisons nicht. Wenn du die Ladder verlässt, wirst du von der aktuellen Tabelle entfernt — nicht aus deiner Geschichte. Gespeicherte Tabellen früherer Saisons zeigen weiterhin deinen Namen — es sei denn, du aktivierst unten zusätzlich „Ehemaliges Mitglied"".","","",""
"web-app","ladder.heading","City Ladder","","","",""
"web-app","ladder.card.loadError","Couldn't load your ladder standing.","","","",""
"web-app","ladder.card.seeBoard","See the board","","","",""
"web-app","ladder.card.seeBoardCount","See the board · {n} ranked","","","{n}",""
"web-app","ladder.card.footer","Your rating moves when you and another {city} member log a match together.","","","{city}",""
"web-app","ladder.card.eligible","The {city} Ladder is open to you","","","{city}",""
"web-app","ladder.card.eligibleSub","You're in {city} and you play at a club here — that's all it takes.","Du bist in {city} und spielst hier in einem Club — mehr braucht es nicht.","","{city}",""
"web-app","ladder.card.join","Join the {city} Ladder","{city} Ladder beitreten","","{city}",""
"web-app","ladder.card.noClub","The {city} Ladder is for players with a club in the city","Die {city} Ladder ist für Spieler mit einem Club in der Stadt","","{city}",""
"web-app","ladder.card.noClubSub","Add the room you play at and it opens up. Clubs are checked before they count.","","","",""
"web-app","ladder.card.noCity","Ladders are running in {list}. Nothing in {city} yet.","Es gibt bereits Ladder in {list}. In {city} noch nicht.","","{city}; {list}",""
"web-app","ladder.card.forgetHeadline","Your name is on past season boards","Dein Name steht auf früheren Saisontabellen","","",""
"web-app","ladder.card.forgetSub","You've left the ladder, but those boards still carry your name. Change how you appear, any time.","Du hast die Ladder verlassen, aber dein Name steht dort weiterhin. Du kannst jederzeit ändern, wie du angezeigt wirst.","","",""
"web-app","ladder.fig.rank","Rank","","","",""
"web-app","ladder.fig.rating","Rating","","","",""
"web-app","ladder.fig.matches","Matches","","","",""
"web-app","ladder.fig.yourRating","Your rating","","","",""
"web-app","ladder.fig.yourRatingKept","Your rating, kept","","","",""
"web-app","ladder.fig.finished","Finished","","","",""
"web-app","ladder.fig.ratingThen","Rating then","","","",""
"web-app","ladder.state.notRankedChip","{city} · not ranked yet","","","{city}",""
"web-app","ladder.state.hiddenChip","{city} · off the board for now","{city} · gerade nicht auf der Tabelle","","{city}",""
"web-app","ladder.state.unranked","You're on the ladder — you're not on the board yet. Play a match with another {city} member and log it, and your name appears here.","Du bist auf der Ladder — nur noch nicht auf der Tabelle. Spiele eine Partie mit einem anderen {city}-Mitglied und trage sie ein, dann erscheint dein Name hier.","","{city}",""
"web-app","ladder.state.hidden","You're not on the board right now. It shows players who've played in the last 60 days — your last was {date}. Log one match and you're straight back in at {rating}.","Du bist gerade nicht auf der Tabelle. Sie zeigt Spieler, die in den letzten 60 Tagen gespielt haben — dein letztes Spiel war am {date}. Trage eine Partie ein und du bist sofort mit {rating} zurück.","","{date}; {rating}",""
"web-app","ladder.state.hiddenNoDate","You're not on the board right now. It shows players who've played in the last 60 days. Log one match and you're straight back in at {rating}.","Du bist gerade nicht auf der Tabelle. Sie zeigt Spieler, die in den letzten 60 Tagen gespielt haben. Trage eine Partie ein und du bist sofort mit {rating} zurück.","","{rating}",""
"web-app","ladder.board.title","{city} Ladder","","","{city}",""
"web-app","ladder.board.season","Season","","","",""
"web-app","ladder.board.currentSeason","Current season","","","",""
"web-app","ladder.board.finalStandings","Final standings · {label}","","","{label}",""
"web-app","ladder.board.closedOn","Closed {date}","","","{date}",""
"web-app","ladder.board.loadError","Couldn't load the {city} board.","","","{city}",""
"web-app","ladder.board.empty","Nobody in {city} has logged a qualifying match yet. Play one with another member here and you'll both be on it.","","","{city}",""
"web-app","ladder.board.emptyArchive","Nothing was saved for your city in this season.","","","",""
"web-app","ladder.board.showMore","Show more","","","",""
"web-app","ladder.board.footer","{n} players ranked. Players who haven't played in 60 days aren't shown.","","","{n}",""
"web-app","ladder.board.archiveFooter","A saved picture of the board on {date}. It doesn't change.","","","{date}",""
"web-app","ladder.col.player","Player","","","",""
"web-app","ladder.col.rating","Rating","","","",""
"web-app","ladder.col.played","Played","","","",""
"web-app","ladder.you","You","","","",""
"web-app","ladder.plate.you","You","","","",""
"web-app","ladder.plate.notInSeason","You weren't on this season's board.","","","",""
"web-app","ladder.join.title","Join the ladder","","","",""
"web-app","ladder.join.fromProfile","From your profile","","","",""
"web-app","ladder.join.seeTitle","Other {city} members will see you","","","{city}",""
"web-app","ladder.join.seeBody","Your name, your position and your rating — nobody else, no other city.","","","",""
"web-app","ladder.join.archiveTitle","Season boards are saved permanently","Saisontabellen werden dauerhaft gespeichert","","",""
"web-app","ladder.join.printTitle","The board can be printed and pinned up","Die Tabelle kann gedruckt und ausgehängt werden","","",""
"web-app","ladder.join.startingRating","Everyone starts at 1500. It moves with your results — quickly at first, then more slowly as it settles.","","","",""
"web-app","ladder.join.cta","Join the {city} Ladder","","","{city}",""
"web-app","ladder.leave.cta","Leave the {city} Ladder","","","{city}",""
"web-app","ladder.leave.title","Leave the ladder","","","",""
"web-app","ladder.leave.what","You come off the {city} board and your rating stops moving.","","","{city}",""
"web-app","ladder.leave.rating","Your rating isn't kept. If you join again later you'd start over at 1500, like everyone new.","Dein Rating bleibt nicht erhalten. Wenn du später wieder beitrittst, startest du bei 1500 neu — wie jedes neue Mitglied.","","",""
"web-app","ladder.leave.notDeletion","Your match record, your clubs and your account are untouched. This isn't account deletion.","","","",""
"web-app","ladder.leave.pastSeasons","Past seasons","","","",""
"web-app","ladder.leave.forget","Show me as “Former member”","Als „Ehemaliges Mitglied"" anzeigen","","",""
"web-app","ladder.leave.forgetSub","Your positions and ratings stay in place; your name doesn't appear next to them.","Deine Platzierungen und Ratings bleiben erhalten; dein Name erscheint nicht mehr daneben.","","",""
"web-app","ladder.leave.confirm","Leave the {city} Ladder","","","{city}",""
"web-app","ladder.forget.cta","How my name appears in past seasons","Wie mein Name in vergangenen Saisons erscheint","","",""
"web-app","ladder.forget.done","Done — past season boards now show you as “Former member”.","Fertig — vergangene Saisontabellen zeigen dich jetzt als „Ehemaliges Mitglied"".","","",""
"web-app","ladder.forget.confirmTitle","Show me as “Former member” on past season boards","Als „Ehemaliges Mitglied"" auf vergangenen Saisontabellen anzeigen","","",""
"web-app","ladder.forget.confirmBody","Your positions and ratings stay in place; your name doesn't appear next to them. This doesn't take you off the ladder.","Deine Platzierungen und Ratings bleiben erhalten; dein Name erscheint nicht mehr daneben. Das entfernt dich nicht von der Ladder.","","",""
"web-app","ladder.export.cta","Export board","","","",""
"web-app","ladder.export.title","Export the board","","","",""
"web-app","ladder.export.snapshot","A dated picture of the board as it stands right now. It's a snapshot, not a link — whoever you give it to sees this moment only, and it won't update.","","","",""
"web-app","ladder.export.droppedColumn","Last-played dates are left off the printed board. Rank, name and rating only.","","","",""
"web-app","ladder.export.print","Save or print","","","",""
"web-app","ladder.print.kicker","One Pocket · 8nOut","","","",""
"web-app","ladder.print.title","{city} City Ladder","","","{city}",""
"web-app","ladder.print.current","Current standings","","","",""
"web-app","ladder.print.finalStandings","Final standings · {label}","","","{label}",""
"web-app","ladder.print.twoDates","Final standings · closed {closed} — exported {exported}","Endtabelle · geschlossen {closed} — exportiert {exported}","","{closed}; {exported}",""
"web-app","ladder.rules.entry","How the rating works","So funktioniert das Rating","","",""
"web-app","ladder.rules.where","Everyone starts at 1500. When you and another member of your city's ladder log a match together, the winner's rating goes up and the loser's goes down.","","","",""
"web-app","ladder.rules.gap","Beating someone rated well above you moves your rating more than beating someone close to you. Losing to someone well below you costs more than losing to someone close.","","","",""
"web-app","ladder.rules.speed","Your rating moves quickly over your first several matches, then settles down as it finds your level.","","","",""
"web-app","ladder.rules.recency","The board shows players who've played in the last 60 days. If you go quiet you come off it — your rating is kept exactly as it was, and one match puts you straight back.","","","",""
"web-app","ladder.rules.counts","Any match you log with another member of the same city's ladder counts, however you log it: by hand, from the live scoreboard, or imported from CueScore. Matches against anyone else don't move your rating.","","","",""
"web-app","ladder.error.wrongCity","That ladder is for players whose home town is that city.","","","",""
"web-app","ladder.error.noApprovedClub","You need a club in that city before you can join. Clubs are checked before they count.","","","",""
"web-app","ladder.error.cityClosed","That ladder isn't taking new members right now.","","","",""
"web-app","admin.nav.ladder","Ladder","","","",""
"web-app","admin.ladder.cities","Cities","","","",""
"web-app","admin.ladder.addCity","Add a city","","","",""
"web-app","admin.ladder.city","City","","","",""
"web-app","admin.ladder.country","Country","","","",""
"web-app","admin.ladder.members","Members","","","",""
"web-app","admin.ladder.ranked","Ranked","","","",""
"web-app","admin.ladder.openToJoin","Open to join","","","",""
"web-app","admin.ladder.closedNote","Members stay enrolled when a city is closed to joining; their board keeps working.","","","",""
"web-app","admin.ladder.manualEnrol","Manual enrolment","","","",""
"web-app","admin.ladder.manualEnrolSub","For when the city on a profile doesn't match. Skips the club and home-town checks. Use when a member is genuinely local and the data disagrees.","","","",""
"web-app","admin.ladder.searchMember","Member id","","","",""
"web-app","admin.ladder.enrol","Enrol","","","",""
"web-app","admin.ladder.seasons","Seasons","","","",""
"web-app","admin.ladder.closeSeason","Close season","","","",""
"web-app","admin.ladder.closeSeasonConfirm","Closing saves every city board as final standings, then opens the next season. Saved boards are permanent and there is no undo.","","","",""
"web-app","admin.ladder.typeToConfirm","Type {label} to confirm","","","{label}",""
"web-app","admin.ladder.done","Done.","","","",""
"web-app","admin.ladder.legalGateBlocked","Can't open to new members yet — City Ladder requires Privacy 3.7 / Terms 1.8 to be live first.","","","",""
"ios-app","0","0","0","","",""
"ios-app","1","1","1","","",""
"ios-app","1500","1500","","","",""
"ios-app"," · last played %@"," · last played %@"," · zuletzt gespielt %@","","%@",""
"ios-app","#","#","","","",""
"ios-app","%@ (You)","%@ (You)","%@ (Du)","","%@",""
"ios-app","%@ City Ladder","%@ City Ladder","","","%@",""
"ios-app","%@ Ladder","%@ Ladder","","","%@",""
"ios-app","%@ already started one.","%@ already started one.","","","%@",""
"ios-app","%@ asked to connect with you.","%@ asked to connect with you.","%@ möchte sich mit dir verbinden.","","%@",""
"ios-app","%@ broke","%@ broke","","","%@",""
"ios-app","%@ invited you","%@ invited you","%@ hat dich eingeladen","","%@",""
"ios-app","%@ is keeping score — watching live","%@ is keeping score — watching live","","","%@",""
"ios-app","%@ kept score for this match","%@ kept score for this match","","","%@",""
"ios-app","%@ ladder standings","%@ ladder standings","","","%@",""
"ios-app","%@ leads %lld–%lld","%@ leads %lld–%lld","%1$@ führt %2$lld–%3$lld","","%@; %lld",""
"ios-app","%@ wasn't added to the map","%@ wasn't added to the map","%@ wurde nicht auf die Karte aufgenommen","","%@",""
"ios-app","%@ wasn't added to the map. Pick a club that's already on the map instead.","%@ wasn't added to the map. Pick a club that's already on the map instead.","%@ wurde nicht auf die Karte aufgenommen. Wähle stattdessen einen Club, der schon auf der Karte ist.","","%@",""
"ios-app","%@ · not ranked yet","%@ · not ranked yet","","","%@",""
"ios-app","%@ · off the board for now","%@ · off the board for now","","","%@",""
"ios-app","%@ — pick a time","%@ — pick a time","%@ — Zeit wählen","","%@",""
"ios-app","%@%@","%@%@","%@%@","","%@",""
"ios-app","%@'s score","%@'s score","Ergebnis von %@","","%@",""
"ios-app","%@, %@","%@, %@","%@, %@","","%@",""
"ios-app","%lld","%lld","","","%lld",""
"ios-app","%lld days ago","%lld days ago","vor %lld Tagen","","%lld",""
"ios-app","%lld of 3","%lld of 3","%lld von 3","","%lld",""
"ios-app","%lld of your clubs weren't added to the map","%lld of your clubs weren't added to the map","%lld deiner Clubs wurden nicht auf die Karte aufgenommen","","%lld",""
"ios-app","%lld of your connections here now","%lld of your connections here now","","","%lld",""
"ios-app","%lld players ranked. Players who haven't played in 60 days aren't shown.","%lld players ranked. Players who haven't played in 60 days aren't shown.","","","%lld",""
"ios-app","%lld unread","%lld unread","%lld ungelesen","","%lld",""
"ios-app","%lld%%","%lld%%","%lld%%","","%lld",""
"ios-app","%lld–%lld","%lld–%lld","%lld–%lld","","%lld",""
"ios-app","(%lld)","(%lld)","","","%lld",""
"ios-app","**Your rating isn't kept.** If you join again later you'd start over at 1500, like everyone new.","**Your rating isn't kept.** If you join again later you'd start over at 1500, like everyone new.","","","",""
"ios-app","+%lld","+%lld","","","%lld",""
"ios-app","+31 6 12 34 56 78","+31 6 12 34 56 78","+31 6 12 34 56 78","","",""
"ios-app",", ",", ","","","",""
"ios-app","1 hour","1 hour","","","",""
"ios-app","16 or 17","16 or 17","16 oder 17","","",""
"ios-app","18 or older","18 or older","18 oder älter","","",""
"ios-app","1–200","1–200","","","",""
"ios-app","3 hours","3 hours","","","",""
"ios-app","400+","400+","400+","","",""
"ios-app","500+","500+","500+","","",""
"ios-app","600+","600+","600+","","",""
"ios-app","700+","700+","700+","","",""
"ios-app","8 hours","8 hours","","","",""
"ios-app","8nOut","8nOut","8nOut","","",""
"ios-app","8nOut now shows other signed-in members when you're active — a simple ""online"" or ""recently active"" status next to your map pin, so people can see who's around for a game. It is never your location and is never shown to the public. It's on by default; you can turn it off for everyone, at any time, with Go invisible. See the Privacy Policy for details.","8nOut now shows other signed-in members when you're active — a simple ""online"" or ""recently active"" status next to your map pin, so people can see who's around for a game. It is never your location and is never shown to the public. It's on by default; you can turn it off for everyone, at any time, with Go invisible. See the Privacy Policy for details.","8nOut zeigt anderen angemeldeten Mitgliedern jetzt an, wenn du aktiv bist — ein einfacher Status ""online"" oder ""kürzlich aktiv"" neben deiner Kartenposition, damit andere sehen können, wer für ein Spiel da ist. Es ist niemals dein Standort und wird niemals der Öffentlichkeit angezeigt. Es ist standardmäßig aktiviert; du kannst es jederzeit für alle mit Unsichtbar werden ausschalten. Einzelheiten findest du in der Datenschutzerklärung.","","",""
"ios-app","8nout.com","8nout.com","","","",""
"ios-app","A dated picture of the board as it stands right now. **It's a snapshot, not a link** — whoever you give it to sees this moment only, and it won't update.","A dated picture of the board as it stands right now. **It's a snapshot, not a link** — whoever you give it to sees this moment only, and it won't update.","","","",""
"ios-app","A hidden conversation comes back when a new message arrives.","A hidden conversation comes back when a new message arrives.","Ein ausgeblendeter Chat taucht bei einer neuen Nachricht wieder auf.","","",""
"ios-app","A hidden invite disappears on its own after a few days.","A hidden invite disappears on its own after a few days.","Eine ausgeblendete Einladung verschwindet nach ein paar Tagen von selbst.","","",""
"ios-app","A saved picture of the board on %@. It doesn't change.","A saved picture of the board on %@. It doesn't change.","","","%@",""
"ios-app","A website or Facebook page — either works.","A website or Facebook page — either works.","","","",""
"ios-app","About","About","Info","","",""
"ios-app","About you","About you","Über dich","","",""
"ios-app","About your report","About your report","Zu deiner Meldung","","",""
"ios-app","Accept","Accept","Annehmen","","",""
"ios-app","Accept: %@","Accept: %@","Annehmen: %@","","%@",""
"ios-app","Accepted","Accepted","Angenommen","","",""
"ios-app","Account","Account","Konto","","",""
"ios-app","Account removed","Account removed","Konto entfernt","","",""
"ios-app","Account suspended","Account suspended","Konto gesperrt","","",""
"ios-app","Active earlier today","Active earlier today","Heute früher aktiv","","",""
"ios-app","Active games","Active games","","","",""
"ios-app","Active now","Active now","Jetzt aktiv","","",""
"ios-app","Add a club","Add a club","Club hinzufügen","","",""
"ios-app","Add a club to see players from your regular spots too","Add a club to see players from your regular spots too","Club hinzufügen, um auch Spieler aus deinen Stammclubs zu sehen","","",""
"ios-app","Add a public pool club — not a home or private address.","Add a public pool club — not a home or private address.","Füge einen öffentlichen Billardclub hinzu — keine Wohnung und keine Privatadresse.","","",""
"ios-app","Add a second option","Add a second option","Zweite Option hinzufügen","","",""
"ios-app","Add a short bio","Add a short bio","Kurze Bio hinzufügen","","",""
"ios-app","Add contact details","Add contact details","Kontaktdaten hinzufügen","","",""
"ios-app","Add from CueScore","Add from CueScore","","","",""
"ios-app","Add more detail","Add more detail","","","",""
"ios-app","Add the room you play at and it opens up. Clubs are checked before they count.","Add the room you play at and it opens up. Clubs are checked before they count.","","","",""
"ios-app","Add to calendar","Add to calendar","Zum Kalender hinzufügen","","",""
"ios-app","Add to my clubs","Add to my clubs","","","",""
"ios-app","Add your Fargo Rating","Add your Fargo Rating","Fargo Rating hinzufügen","","",""
"ios-app","Add your name","Add your name","Namen hinzufügen","","",""
"ios-app","Add your town","Add your town","Stadt hinzufügen","","",""
"ios-app","Agree and continue","Agree and continue","Zustimmen und fortfahren","","",""
"ios-app","All cities","All cities","Alle Städte","","",""
"ios-app","All countries","All countries","Alle Länder","","",""
"ios-app","All of your data is permanently erased. This can't be undone.","All of your data is permanently erased. This can't be undone.","Alle deine Daten werden dauerhaft gelöscht. Das kann nicht rückgängig gemacht werden.","","",""
"ios-app","All square, %lld–%lld","All square, %lld–%lld","Ausgeglichen, %1$lld–%2$lld","","%lld",""
"ios-app","All three answered","All three answered","Alle drei beantwortet","","",""
"ios-app","Already on 8nOut","Already on 8nOut","","","",""
"ios-app","Already on 8nOut?","Already on 8nOut?","Schon bei 8nOut?","","",""
"ios-app","Already played? Log result","Already played? Log result","","","",""
"ios-app","Also block this player","Also block this player","Diesen Spieler auch blockieren","","",""
"ios-app","Alternate","Alternate","","","",""
"ios-app","Answered","Answered","Beantwortet","","",""
"ios-app","Any match you log with another member of the same city's ladder, however you log it: by hand, from the live scoreboard, or imported from CueScore. Matches against anyone else don't move your rating.","Any match you log with another member of the same city's ladder, however you log it: by hand, from the live scoreboard, or imported from CueScore. Matches against anyone else don't move your rating.","","","",""
"ios-app","Any member can export the standings — including to put up on a noticeboard at a club.","Any member can export the standings — including to put up on a noticeboard at a club.","Jedes Mitglied kann die Tabelle exportieren — auch um sie am Schwarzen Brett eines Clubs auszuhängen.","","",""
"ios-app","Anything else we should know? (optional)","Anything else we should know? (optional)","Sonst noch etwas, das wir wissen sollten? (optional)","","",""
"ios-app","Appearance","Appearance","Darstellung","","",""
"ios-app","Asking to play for money","Asking to play for money","Aufforderung zum Spiel um Geld","","",""
"ios-app","At %@ until %@","At %@ until %@","","","%@",""
"ios-app","At a club","At a club","In einem Club","","",""
"ios-app","At home","At home","Zu Hause","","",""
"ios-app","Back","Back","","","",""
"ios-app","Back to camera","Back to camera","Zurück zur Kamera","","",""
"ios-app","Back to search","Back to search","Zurück zur Suche","","",""
"ios-app","Beating someone rated well above you moves your rating more than beating someone close to you. Losing to someone well below you costs more than losing to someone close.","Beating someone rated well above you moves your rating more than beating someone close to you. Losing to someone well below you costs more than losing to someone close.","","","",""
"ios-app","Before you confirm you're playing","Before you confirm you're playing","Bevor du bestätigst, dass du spielst","","",""
"ios-app","Before you join","Before you join","","","",""
"ios-app","Before you show as ""in the club""","Before you show as ""in the club""","","","",""
"ios-app","Block","Block","Blockieren","","",""
"ios-app","Block %@?","Block %@?","%@ blockieren?","","%@",""
"ios-app","Block player","Block player","Spieler blockieren","","",""
"ios-app","Blocked players","Blocked players","Blockierte Spieler","","",""
"ios-app","Both","Both","Beides","","",""
"ios-app","Break","Break","","","",""
"ios-app","Breaking","Breaking","","","",""
"ios-app","Call","Call","Anrufen","","",""
"ios-app","Call %@","Call %@","%@ anrufen","","%@",""
"ios-app","Call to play!!","Call to play!!","Auf ein Spiel!","","",""
"ios-app","Can't find it? Add a new venue","Can't find it? Add a new venue","Nicht gefunden? Neuen Ort hinzufügen","","",""
"ios-app","Cancel","Cancel","Abbrechen","","",""
"ios-app","Challenges","Challenges","Duelle","","",""
"ios-app","Change photo","Change photo","Foto ändern","","",""
"ios-app","Changing the language takes effect the next time you open 8nOut.","Changing the language takes effect the next time you open 8nOut.","Die Sprachänderung wird beim nächsten Öffnen von 8nOut wirksam.","","",""
"ios-app","Chat","Chat","Chat","","",""
"ios-app","Chat is one-to-one, with your accepted connections only. Messages are deleted automatically 60 days after they're sent. We don't read your messages — if one is reported, a moderator can review it and the messages around it, and every such access is logged. Anything you type here — including an address — stays in the chat for up to 60 days, even if you later disconnect or block. See the Privacy Policy for details.","Chat is one-to-one, with your accepted connections only. Messages are deleted automatically 60 days after they're sent. We don't read your messages — if one is reported, a moderator can review it and the messages around it, and every such access is logged. Anything you type here — including an address — stays in the chat for up to 60 days, even if you later disconnect or block. See the Privacy Policy for details.","Der Chat ist eins zu eins und nur mit angenommenen Kontakten möglich. Nachrichten werden 60 Tage nach dem Senden automatisch gelöscht. Wir lesen deine Nachrichten nicht — wird eine Nachricht gemeldet, kann ein Moderator sie und die Nachrichten darum herum ansehen, und jeder solche Zugriff wird protokolliert. Alles, was du hier tippst — auch eine Adresse — bleibt bis zu 60 Tage im Chat, auch wenn du die Verbindung später trennst oder jemanden blockierst. Details stehen in der Datenschutzrichtlinie.","","",""
"ios-app","Check back soon — players show up as they get to a table.","Check back soon — players show up as they get to a table.","Zoom raus oder schau gleich noch mal vorbei — Spieler tauchen auf, sobald sie am Tisch sind.","","",""
"ios-app","Check the address above — street, city and country — then submit again.","Check the address above — street, city and country — then submit again.","","","",""
"ios-app","Check the spelling, or invite them with your connect code.","Check the spelling, or invite them with your connect code.","Prüfe die Schreibweise oder lade sie mit deinem Verbindungscode ein.","","",""
"ios-app","Check your connection and try again.","Check your connection and try again.","Prüfe deine Internetverbindung und versuche es erneut.","","",""
"ios-app","Checking the address…","Checking the address…","","","",""
"ios-app","Choose a different place","Choose a different place","","","",""
"ios-app","Choose from library","Choose from library","Aus Mediathek wählen","","",""
"ios-app","City","City","Stadt","","",""
"ios-app","City Ladder","City Ladder","","","",""
"ios-app","Clear","Clear","","","",""
"ios-app","Close","Close","","","",""
"ios-app","Closed %@","Closed %@","","","%@",""
"ios-app","Closed, or wrong details","Closed, or wrong details","","","",""
"ios-app","Club","Club","","","",""
"ios-app","Club alerts","Club alerts","","","",""
"ios-app","Clubs","Clubs","Clubs","","",""
"ios-app","Clubs are added by the community, so yours may not be here yet. Add it and we'll check it — it goes on the map once it's approved.","Clubs are added by the community, so yours may not be here yet. Add it and we'll check it — it goes on the map once it's approved.","Clubs werden von der Community hinzugefügt, deiner ist also vielleicht noch nicht dabei. Füge ihn hinzu, wir schauen ihn uns an — sobald er freigegeben ist, erscheint er auf der Karte.","","",""
"ios-app","Confirm final result","Confirm final result","","","",""
"ios-app","Confirm you're playing","Confirm you're playing","Spielen bestätigen","","",""
"ios-app","Connect","Connect","Verbinden","","",""
"ios-app","Connect code","Connect code","Verbindungscode","","",""
"ios-app","Connected","Connected","Verbunden","","",""
"ios-app","Connecting is how you swap contact details.","Connecting is how you swap contact details.","Über eine Verbindung tauscht ihr Kontaktdaten aus.","","",""
"ios-app","Connections","Connections","Kontakte","","",""
"ios-app","Contact","Contact","Kontakt","","",""
"ios-app","Continue","Continue","Weiter","","",""
"ios-app","Continue playing","Continue playing","","","",""
"ios-app","Continue with Google","Continue with Google","Weiter mit Google","","",""
"ios-app","Couldn't add that club just now. Try again.","Couldn't add that club just now. Try again.","Der Club ließ sich gerade nicht hinzufügen. Versuch es noch mal.","","",""
"ios-app","Couldn't change that just now. Try again.","Couldn't change that just now. Try again.","Das ließ sich gerade nicht ändern. Versuch es noch mal.","","",""
"ios-app","Couldn't do that right now. Try again.","Couldn't do that right now. Try again.","Das hat gerade nicht geklappt. Versuch es noch mal.","","",""
"ios-app","Couldn't link right now. Try again.","Couldn't link right now. Try again.","Das Verknüpfen hat gerade nicht geklappt. Versuch es noch mal.","","",""
"ios-app","Couldn't load players","Couldn't load players","Spieler konnten nicht geladen werden","","",""
"ios-app","Couldn't load the %@ board.","Couldn't load the %@ board.","","","%@",""
"ios-app","Couldn't load the club list just now.","Couldn't load the club list just now.","","","",""
"ios-app","Couldn't load the rest of the list.","Couldn't load the rest of the list.","Der Rest der Liste konnte nicht geladen werden.","","",""
"ios-app","Couldn't load your ladder standing.","Couldn't load your ladder standing.","","","",""
"ios-app","Couldn't open the chat","Couldn't open the chat","","","",""
"ios-app","Couldn't reach CueScore right now — try again shortly, or add it manually.","Couldn't reach CueScore right now — try again shortly, or add it manually.","","","",""
"ios-app","Couldn't save — check your connection and try again.","Couldn't save — check your connection and try again.","","","",""
"ios-app","Couldn't send the request. Try again.","Couldn't send the request. Try again.","","","",""
"ios-app","Couldn't submit that venue. Please try again.","Couldn't submit that venue. Please try again.","","","",""
"ios-app","Couldn't unlink right now. Try again.","Couldn't unlink right now. Try again.","Das Trennen hat gerade nicht geklappt. Versuch es noch mal.","","",""
"ios-app","Country","Country","Land","","",""
"ios-app","Create and add","Create and add","Erstellen und hinzufügen","","",""
"ios-app","CueScore","CueScore","CueScore","","",""
"ios-app","CueScore linked","CueScore linked","CueScore verknüpft","","",""
"ios-app","CueScore lookups are turned off right now — add the club manually below.","CueScore lookups are turned off right now — add the club manually below.","","","",""
"ios-app","CueScore match","CueScore match","CueScore-Partie","","",""
"ios-app","CueScore player ID or profile link","CueScore player ID or profile link","CueScore-Spieler-ID oder Profillink","","",""
"ios-app","CueScore profile","CueScore profile","CueScore-Profil","","",""
"ios-app","Current season","Current season","","","",""
"ios-app","Current standings","Current standings","","","",""
"ios-app","Dark","Dark","Dunkel","","",""
"ios-app","Decide later","Decide later","Später entscheiden","","",""
"ios-app","Decline","Decline","Ablehnen","","",""
"ios-app","Declined","Declined","Abgelehnt","","",""
"ios-app","Delete account","Delete account","Konto löschen","","",""
"ios-app","Delete everything","Delete everything","Alles löschen","","",""
"ios-app","Delete for everyone","Delete for everyone","Für alle löschen","","",""
"ios-app","Delete for everyone?","Delete for everyone?","Für alle löschen?","","",""
"ios-app","Delete game","Delete game","Partie löschen","","",""
"ios-app","Delete your account?","Delete your account?","Dein Konto löschen?","","",""
"ios-app","Deleted player","Deleted player","Gelöschter Spieler","","",""
"ios-app","Did this game happen?","Did this game happen?","Hat diese Partie stattgefunden?","","",""
"ios-app","Did you mean?","Did you mean?","","","",""
"ios-app","Didn't happen","Didn't happen","Hat nicht stattgefunden","","",""
"ios-app","Didn't happen?","Didn't happen?","Nicht stattgefunden?","","",""
"ios-app","Discipline","Discipline","Disziplin","","",""
"ios-app","Dismiss rotate suggestion","Dismiss rotate suggestion","","","",""
"ios-app","Doesn't look right? Message %@","Doesn't look right? Message %@","","","%@",""
"ios-app","Done","Done","Fertig","","",""
"ios-app","Edit","Edit","Bearbeiten","","",""
"ios-app","Edit bio","Edit bio","Bio bearbeiten","","",""
"ios-app","Edit bio & home town","Edit bio & home town","Bio & Wohnort bearbeiten","","",""
"ios-app","Edit result","Edit result","","","",""
"ios-app","Email us","Email us","","","",""
"ios-app","End","End","","","",""
"ios-app","Ends %@ · %@","Ends %@ · %@","Endet %@ · %@","","%@",""
"ios-app","Everyone starts at","Everyone starts at","","","",""
"ios-app","Everyone starts at 1500. When you and another member of your city's ladder log a match together, the winner's rating goes up and the loser's goes down.","Everyone starts at 1500. When you and another member of your city's ladder log a match together, the winner's rating goes up and the loser's goes down.","","","",""
"ios-app","Expired","Expired","Abgelaufen","","",""
"ios-app","Export the board","Export the board","","","",""
"ios-app","Facebook","Facebook","","","",""
"ios-app","FairMatch profile link (optional)","FairMatch profile link (optional)","FairMatch-Profillink (optional)","","",""
"ios-app","Fake profile","Fake profile","Fake-Profil","","",""
"ios-app","Fargo Rating","Fargo Rating","Fargo Rating","","",""
"ios-app","Fastest way: paste the club's CueScore venue link — the one that ends in a number. Or add it manually below.","Fastest way: paste the club's CueScore venue link — the one that ends in a number. Or add it manually below.","","","",""
"ios-app","Final standings · %@","Final standings · %@","","","%@",""
"ios-app","Final standings · closed %@ — exported %@","Final standings · closed %@ — exported %@","","","%@",""
"ios-app","Find and challenge One Pocket players near you.","Find and challenge One Pocket players near you.","Finde One-Pocket-Spieler in deiner Nähe und fordere sie heraus.","","",""
"ios-app","Find players","Find players","Spieler finden","","",""
"ios-app","Find players by name","Find players by name","Spieler nach Namen suchen","","",""
"ios-app","Find your club","Find your club","Club finden","","",""
"ios-app","Finish","Finish","Abschließen","","",""
"ios-app","Finish later","Finish later","Später fertigstellen","","",""
"ios-app","Finish match","Finish match","","","",""
"ios-app","Finish setting up","Finish setting up","Einrichtung abschließen","","",""
"ios-app","Finish your match on CueScore.","Finish your match on CueScore.","Beende deine Partie auf CueScore.","","",""
"ios-app","Flip a coin to decide who breaks, and start the match","Flip a coin to decide who breaks, and start the match","","","",""
"ios-app","Flip for me — starts the match","Flip for me — starts the match","","","",""
"ios-app","Follow us","Follow us","","","",""
"ios-app","For players who'd rather call or text. Shown only to accepted connections.","For players who'd rather call or text. Shown only to accepted connections.","Für Spieler, die lieber anrufen oder schreiben. Nur für angenommene Kontakte sichtbar.","","",""
"ios-app","Form","Form","Form","","",""
"ios-app","From your profile","From your profile","","","",""
"ios-app","Go invisible","Go invisible","Unsichtbar werden","","",""
"ios-app","Go to Connections","Go to Connections","Zu den Kontakten","","",""
"ios-app","Got it","Got it","Verstanden","","",""
"ios-app","Harassment or abuse","Harassment or abuse","Belästigung oder Missbrauch","","",""
"ios-app","Has a home table — private until connected","Has a home table — private until connected","","","",""
"ios-app","Have another player scan this to connect with you on 8nOut.","Have another player scan this to connect with you on 8nOut.","Lass einen anderen Spieler das scannen, um sich auf 8nOut mit dir zu verbinden.","","",""
"ios-app","Head-to-head with you","Head-to-head with you","Direktvergleich mit dir","","",""
"ios-app","Heart","Heart","Herz","","",""
"ios-app","Help","Help","","","",""
"ios-app","Help isn't available","Help isn't available","","","",""
"ios-app","Helps us decide whether to build a home-table feature. It's private, and skipping changes nothing else about your account. If you already have one, it stays visible to your connections only — never public.","Helps us decide whether to build a home-table feature. It's private, and skipping changes nothing else about your account. If you already have one, it stays visible to your connections only — never public.","Hilft uns zu entscheiden, ob wir eine Heimtisch-Funktion bauen sollen. Das bleibt privat, und Überspringen ändert sonst nichts an deinem Konto. Hast du schon einen, ist er nur für deine Kontakte sichtbar — nie öffentlich.","","",""
"ios-app","Hidden (%lld)","Hidden (%lld)","Ausgeblendet (%lld)","","%lld",""
"ios-app","Hide conversation","Hide conversation","Chat ausblenden","","",""
"ios-app","Hide invite","Hide invite","Einladung ausblenden","","",""
"ios-app","Home","Home","Zuhause","","",""
"ios-app","Home table","Home table","Heimtisch","","",""
"ios-app","Home table — address stays private until shared","Home table — address stays private until shared","Heimtisch — Adresse bleibt privat, bis du sie teilst","","",""
"ios-app","Home town","Home town","Wohnort","","",""
"ios-app","How chat works","How chat works","So funktioniert der Chat","","",""
"ios-app","How fast it moves","How fast it moves","","","",""
"ios-app","How importing works","How importing works","So funktioniert der Import","","",""
"ios-app","How it works","How it works","","","",""
"ios-app","How my name appears in past seasons","How my name appears in past seasons","Wie mein Name in vergangenen Saisons erscheint","","",""
"ios-app","How the rating works","How the rating works","","","",""
"ios-app","I confirm I am at least %lld years old.","I confirm I am at least %lld years old.","Ich bestätige, dass ich mindestens %lld Jahre alt bin.","","%lld",""
"ios-app","I have read and agree to the [Terms of Service](%@) and [Privacy Policy](%@).","I have read and agree to the [Terms of Service](%@) and [Privacy Policy](%@).","Ich habe die [Nutzungsbedingungen](%1$@) und die [Datenschutzrichtlinie](%2$@) gelesen und stimme ihnen zu.","","%@",""
"ios-app","I'm 18 or older now","I'm 18 or older now","Ich bin jetzt 18 oder älter","","",""
"ios-app","I'm in the club","I'm in the club","","","",""
"ios-app","I'm making this report in good faith and believe the information in it is accurate and complete.","I'm making this report in good faith and believe the information in it is accurate and complete.","Ich erstatte diese Meldung in gutem Glauben und halte die Angaben darin für richtig und vollständig.","","",""
"ios-app","If you believe this decision was wrong, you can contact us at [privacy@8nout.com](mailto:privacy@8nout.com). Because the account and its data have been deleted we cannot restore them, but you can still contest this decision, including before a court. More on this is in our Terms of Service (section 13).","If you believe this decision was wrong, you can contact us at [privacy@8nout.com](mailto:privacy@8nout.com). Because the account and its data have been deleted we cannot restore them, but you can still contest this decision, including before a court. More on this is in our Terms of Service (section 13).","Wenn du glaubst, dass diese Entscheidung falsch war, kannst du uns unter [privacy@8nout.com](mailto:privacy@8nout.com) kontaktieren. Da das Konto und seine Daten gelöscht wurden, können wir sie nicht wiederherstellen, aber du kannst diese Entscheidung dennoch anfechten, auch vor Gericht. Mehr dazu findest du in unseren Nutzungsbedingungen (Abschnitt 13).","","",""
"ios-app","If you believe this was a mistake, you can contact us at [privacy@8nout.com](mailto:privacy@8nout.com) to ask us to review it. If you disagree with our decision, you also have the right to take the matter to court. More on this is in our Terms of Service (section 13).","If you believe this was a mistake, you can contact us at [privacy@8nout.com](mailto:privacy@8nout.com) to ask us to review it. If you disagree with our decision, you also have the right to take the matter to court. More on this is in our Terms of Service (section 13).","Wenn du glaubst, dass dies ein Fehler war, kannst du uns unter [privacy@8nout.com](mailto:privacy@8nout.com) kontaktieren und um eine Überprüfung bitten. Wenn du mit unserer Entscheidung nicht einverstanden bist, hast du außerdem das Recht, die Angelegenheit vor Gericht zu bringen. Mehr dazu findest du in unseren Nutzungsbedingungen (Abschnitt 13).","","",""
"ios-app","If you think this is wrong, contact us at privacy@8nout.com. Your right to go to court is unaffected.","If you think this is wrong, contact us at privacy@8nout.com. Your right to go to court is unaffected.","Wenn du das für falsch hältst, erreichst du uns unter privacy@8nout.com. Dein Recht, vor Gericht zu gehen, bleibt unberührt.","","",""
"ios-app","Import a CueScore match","Import a CueScore match","CueScore-Partie importieren","","",""
"ios-app","Import a finished CueScore match — every game counts, win or lose.","Import a finished CueScore match — every game counts, win or lose.","Importiere eine beendete CueScore-Partie — jede Partie zählt, ob Sieg oder Niederlage.","","",""
"ios-app","Import match","Import match","Partie importieren","","",""
"ios-app","Import this match","Import this match","Diese Partie importieren","","",""
"ios-app","Importing…","Importing…","Wird importiert…","","",""
"ios-app","In %@","In %@","In %@","","%@",""
"ios-app","In the app now","In the app now","Gerade in der App","","",""
"ios-app","In the club at %@ until %@","In the club at %@ until %@","","","%@",""
"ios-app","In the club until %@","In the club until %@","","","%@",""
"ios-app","Inappropriate content","Inappropriate content","Unangemessene Inhalte","","",""
"ios-app","Inappropriate photo","Inappropriate photo","Unangemessenes Foto","","",""
"ios-app","Invitation expired","Invitation expired","Einladung abgelaufen","","",""
"ios-app","Invitation to play","Invitation to play","Einladung zum Spiel","","",""
"ios-app","Invite a connection to play from the Connections tab.","Invite a connection to play from the Connections tab.","Lade über den Tab „Kontakte“ einen Kontakt zum Spiel ein.","","",""
"ios-app","Invite a player","Invite a player","Einen Spieler einladen","","",""
"ios-app","Invite link","Invite link","Einladungslink","","",""
"ios-app","Invite sent","Invite sent","Einladung gesendet","","",""
"ios-app","Invite to play","Invite to play","Zum Spiel einladen","","",""
"ios-app","Is that close enough?","Is that close enough?","","","",""
"ios-app","It moves with your results — quickly at first, then more slowly as it settles.","It moves with your results — quickly at first, then more slowly as it settles.","","","",""
"ios-app","It's on your clubs already. Once it's approved, the club goes on the map and your name is on its list. Until then, you're not on any club's list.","It's on your clubs already. Once it's approved, the club goes on the map and your name is on its list. Until then, you're not on any club's list.","Er steht schon bei deinen Clubs. Sobald er freigegeben ist, erscheint er auf der Karte und dein Name steht auf seiner Liste. Bis dahin stehst du auf keiner Club-Liste.","","",""
"ios-app","It's still on your profile, but you're not on any club's list. Pick a club that's already on the map and you're on its list straight away.","It's still on your profile, but you're not on any club's list. Pick a club that's already on the map and you're on its list straight away.","Er steht weiterhin in deinem Profil, aber du stehst auf keiner Club-Liste. Wähle einen Club, der schon auf der Karte ist, und du stehst sofort auf seiner Liste.","","",""
"ios-app","Join","Join","","","",""
"ios-app","Join the %@ Ladder","Join the %@ Ladder","","","%@",""
"ios-app","Join the ladder","Join the ladder","","","",""
"ios-app","Language","Language","Sprache","","",""
"ios-app","Last 5","Last 5","Letzte 5","","",""
"ios-app","Last played","Last played","Zuletzt gespielt","","",""
"ios-app","Last played %@","Last played %@","Zuletzt gespielt %@","","%@",""
"ios-app","Last-played dates are left off the printed board. Rank, name and rating only.","Last-played dates are left off the printed board. Rank, name and rating only.","","","",""
"ios-app","Laughing","Laughing","Lachend","","",""
"ios-app","Learn more","Learn more","Mehr erfahren","","",""
"ios-app","Leave","Leave","","","",""
"ios-app","Leave the %@ Ladder","Leave the %@ Ladder","","","%@",""
"ios-app","Leave the ladder","Leave the ladder","","","",""
"ios-app","Legal","Legal","Rechtliches","","",""
"ios-app","Legal contact points","Legal contact points","","","",""
"ios-app","Let's connect","Let's connect","Verbinden wir uns","","",""
"ios-app","Light","Light","Hell","","",""
"ios-app","Link CueScore","Link CueScore","CueScore verknüpfen","","",""
"ios-app","Link CueScore profile","Link CueScore profile","CueScore-Profil verknüpfen","","",""
"ios-app","Link CueScore to import results","Link CueScore to import results","CueScore verknüpfen, um Ergebnisse zu importieren","","",""
"ios-app","Link added · number hidden","Link added · number hidden","Link hinzugefügt · Nummer verborgen","","",""
"ios-app","Link your CueScore profile so other One Pocket players recognise you — your name and photo come straight from CueScore. You can always do this later in Profile.","Link your CueScore profile so other One Pocket players recognise you — your name and photo come straight from CueScore. You can always do this later in Profile.","Verknüpfe dein CueScore-Profil, damit andere One-Pocket-Spieler dich erkennen — dein Name und dein Foto kommen direkt von CueScore. Du kannst das auch später im Profil machen.","","",""
"ios-app","Link your CueScore profile to import your match results — every game counts, win or lose.","Link your CueScore profile to import your match results — every game counts, win or lose.","Verknüpfe dein CueScore-Profil, um deine Ergebnisse zu importieren — jede Partie zählt, ob Sieg oder Niederlage.","","",""
"ios-app","Linked","Linked","Verknüpft","","",""
"ios-app","Live","Live","","","",""
"ios-app","Load more","Load more","Mehr laden","","",""
"ios-app","Loading…","Loading…","","","",""
"ios-app","Log result","Log result","Ergebnis eintragen","","",""
"ios-app","Look up","Look up","","","",""
"ios-app","Look up another","Look up another","","","",""
"ios-app","Look up match","Look up match","Partie suchen","","",""
"ios-app","Looking up…","Looking up…","Wird gesucht…","","",""
"ios-app","Lost","Lost","Verloren","","",""
"ios-app","Make sure this is right before finishing.","Make sure this is right before finishing.","","","",""
"ios-app","Map","Map","Karte","","",""
"ios-app","Map data","Map data","","","",""
"ios-app","Map data © OpenStreetMap contributors","Map data © OpenStreetMap contributors","","","",""
"ios-app","Match","Match","Partie","","",""
"ios-app","Match finished","Match finished","","","",""
"ios-app","Match finished. %@, %@ against %@.","Match finished. %@, %@ against %@.","","","%@",""
"ios-app","Match imported","Match imported","Partie importiert","","",""
"ios-app","Matches","Matches","Partien","","",""
"ios-app","Messages are deleted automatically 60 days after they're sent.","Messages are deleted automatically 60 days after they're sent.","Nachrichten werden 60 Tage nach dem Senden automatisch gelöscht.","","",""
"ios-app","Messaging is unavailable right now — try again later.","Messaging is unavailable right now — try again later.","Nachrichten sind gerade nicht verfügbar — versuch es später noch mal.","","",""
"ios-app","More options for %@","More options for %@","","","%@",""
"ios-app","More players","More players","Weitere Spieler","","",""
"ios-app","Mute notifications","Mute notifications","Benachrichtigungen stummschalten","","",""
"ios-app","Muted","Muted","Stummgeschaltet","","",""
"ios-app","My clubs","My clubs","Meine Clubs","","",""
"ios-app","My connect code","My connect code","Mein Verbindungscode","","",""
"ios-app","My public profile","My public profile","Mein öffentliches Profil","","",""
"ios-app","Name","Name","Name","","",""
"ios-app","Navigate to %@","Navigate to %@","Route zu %@","","%@",""
"ios-app","Nearby players","Nearby players","Spieler in der Nähe","","",""
"ios-app","Needs your response","Needs your response","Wartet auf deine Antwort","","",""
"ios-app","New","New","","","",""
"ios-app","New code ready","New code ready","Neuer Code bereit","","",""
"ios-app","New scoreboard","New scoreboard","","","",""
"ios-app","New venue","New venue","Neuer Ort","","",""
"ios-app","Next","Next","Weiter","","",""
"ios-app","No CueScore player found with that ID or profile link.","No CueScore player found with that ID or profile link.","Kein CueScore-Spieler mit dieser ID oder diesem Profillink gefunden.","","",""
"ios-app","No active challenges yet.","No active challenges yet.","Noch keine aktiven Duelle.","","",""
"ios-app","No answers are published yet.","No answers are published yet.","","","",""
"ios-app","No answers for ""%@""","No answers for ""%@""","","","%@",""
"ios-app","No automated tools were used in this decision — a person reviewed it.","No automated tools were used in this decision — a person reviewed it.","Für diese Entscheidung wurden keine automatisierten Mittel eingesetzt — ein Mensch hat sie geprüft.","","",""
"ios-app","No clubs saved yet — add one from your Profile","No clubs saved yet — add one from your Profile","","","",""
"ios-app","No connections yet — find players on the map, or tap the invite button above to redeem a link a friend sent you.","No connections yet — find players on the map, or tap the invite button above to redeem a link a friend sent you.","Noch keine Kontakte — finde Spieler auf der Karte oder tippe oben auf die Einladungsschaltfläche, um einen Link einzulösen, den dir ein Freund geschickt hat.","","",""
"ios-app","No conversations yet.","No conversations yet.","Noch keine Chats.","","",""
"ios-app","No end time","No end time","Läuft nicht ab","","",""
"ios-app","No live scoreboard games in progress right now","No live scoreboard games in progress right now","","","",""
"ios-app","No one's online in %@ right now","No one's online in %@ right now","In %@ ist gerade niemand online","","%@",""
"ios-app","No one's online in your clubs or in %@ right now","No one's online in your clubs or in %@ right now","In deinen Clubs oder in %@ ist gerade niemand online","","%@",""
"ios-app","No players found.","No players found.","Keine Spieler gefunden.","","",""
"ios-app","No players match ""%@""","No players match ""%@""","Keine Spieler für „%@"" gefunden","","%@",""
"ios-app","No score was recorded before this session timed out. Nothing was saved to your record.","No score was recorded before this session timed out. Nothing was saved to your record.","","","",""
"ios-app","No venue","No venue","","","",""
"ios-app","Nobody has your exact address right now.","Nobody has your exact address right now.","Zurzeit hat niemand deine genaue Adresse.","","",""
"ios-app","Nobody in %@ has logged a qualifying match yet. Play one with another member here and you'll both be on it.","Nobody in %@ has logged a qualifying match yet. Play one with another member here and you'll both be on it.","","","%@",""
"ios-app","None of these — submit anyway","None of these — submit anyway","","","",""
"ios-app","Not a real pool venue","Not a real pool venue","","","",""
"ios-app","Not approved","Not approved","Nicht freigegeben","","",""
"ios-app","Not approved — %@","Not approved — %@","","","%@",""
"ios-app","Not now","Not now","Jetzt nicht","","",""
"ios-app","Not open","Not open","Nicht spielbereit","","",""
"ios-app","Not open right now","Not open right now","Gerade nicht spielbereit","","",""
"ios-app","Not sure yet? Finish later","Not sure yet? Finish later","Noch unsicher? Später fertigstellen","","",""
"ios-app","Nothing was saved for your city in this season.","Nothing was saved for your city in this season.","","","",""
"ios-app","Nothing you typed is wrong — the problem is at our end.","Nothing you typed is wrong — the problem is at our end.","","","",""
"ios-app","Now","Now","Jetzt","","",""
"ios-app","OK","OK","OK","","",""
"ios-app","ONE POCKET · 8NOUT","ONE POCKET · 8NOUT","","","",""
"ios-app","On the City list only, to connections of both of you. End it anytime.","On the City list only, to connections of both of you. End it anytime.","Nur in der Stadt-Liste, für Kontakte von euch beiden. Jederzeit beendbar.","","",""
"ios-app","On your club pin and the City list, to connections of both of you. End it anytime.","On your club pin and the City list, to connections of both of you. End it anytime.","Auf deiner Club-Pin und in der Stadt-Liste, für Kontakte von euch beiden. Jederzeit beendbar.","","",""
"ios-app","One Pocket","One Pocket","One Pocket","","",""
"ios-app","One Pocket only. Always up for a session.","One Pocket only. Always up for a session.","Nur One Pocket. Immer für eine Session zu haben.","","",""
"ios-app","One more thing","One more thing","Noch eine Sache","","",""
"ios-app","One quick question","One quick question","Noch eine kurze Frage","","",""
"ios-app","One word is fine — plenty of players here go by a handle.","One word is fine — plenty of players here go by a handle.","Ein Wort reicht — viele hier spielen unter einem Spitznamen.","","",""
"ios-app","Online in %@","Online in %@","Online in %@","","%@",""
"ios-app","Online now","Online now","Jetzt online","","",""
"ios-app","Only the player who started this scoreboard can update it.","Only the player who started this scoreboard can update it.","","","",""
"ios-app","Only works when the other person has it on too.","Only works when the other person has it on too.","Funktioniert nur, wenn die andere Person es auch aktiviert hat.","","",""
"ios-app","Open 8nout.com/help","Open 8nout.com/help","","","",""
"ios-app","Open Settings","Open Settings","Einstellungen öffnen","","",""
"ios-app","Open TestFlight","Open TestFlight","TestFlight öffnen","","",""
"ios-app","Open TestFlight and install the latest build.","Open TestFlight and install the latest build.","Öffne TestFlight und installiere den neuesten Build.","","",""
"ios-app","Open the match and copy its link.","Open the match and copy its link.","Öffne die Partie und kopiere den Link.","","",""
"ios-app","Open the match on CueScore and paste its link (…/match/?matchId=…).","Open the match on CueScore and paste its link (…/match/?matchId=…).","Öffne die Partie auf CueScore und füge den Link ein (…/match/?matchId=…).","","",""
"ios-app","Open to play","Open to play","Spielbereit","","",""
"ios-app","Open to play only","Open to play only","Nur Spielbereite","","",""
"ios-app","Opens the full list of players","Opens the full list of players","","","",""
"ios-app","Opens this club's page","Opens this club's page","","","",""
"ios-app","Opponent","Opponent","Gegner","","",""
"ios-app","Option 1","Option 1","Option 1","","",""
"ios-app","Option 2","Option 2","Option 2","","",""
"ios-app","Overall","Overall","Gesamt","","",""
"ios-app","PLAYER","PLAYER","","","",""
"ios-app","Past seasons","Past seasons","","","",""
"ios-app","Paste CueScore match link","Paste CueScore match link","CueScore-Partielink einfügen","","",""
"ios-app","Paste a CueScore venue link","Paste a CueScore venue link","","","",""
"ios-app","Paste a link instead","Paste a link instead","Stattdessen einen Link einfügen","","",""
"ios-app","Paste an 8nOut invite link","Paste an 8nOut invite link","8nOut-Einladungslink einfügen","","",""
"ios-app","Paste it here — 8nOut reads the final score and adds it to your record, win or lose.","Paste it here — 8nOut reads the final score and adds it to your record, win or lose.","Füge ihn hier ein — 8nOut liest das Endergebnis und trägt es in deine Bilanz ein, ob Sieg oder Niederlage.","","",""
"ios-app","Paste the 8nOut invite link a friend sent you — you'll be connected instantly.","Paste the 8nOut invite link a friend sent you — you'll be connected instantly.","Füge den 8nOut-Einladungslink ein, den dir ein Freund geschickt hat — du bist sofort verbunden.","","",""
"ios-app","Paste your invite link","Paste your invite link","Deinen Einladungslink einfügen","","",""
"ios-app","Pending","Pending","","","",""
"ios-app","Pending review","Pending review","In Prüfung","","",""
"ios-app","Pending review — it appears on the map once approved.","Pending review — it appears on the map once approved.","","","",""
"ios-app","Permanently deletes your profile, locations, connections, challenges and match history. This can't be undone.","Permanently deletes your profile, locations, connections, challenges and match history. This can't be undone.","Löscht dauerhaft dein Profil, deine Standorte, Kontakte, Duelle und deinen Partienverlauf. Das kann nicht rückgängig gemacht werden.","","",""
"ios-app","Phone","Phone","Telefon","","",""
"ios-app","Phone number · optional","Phone number · optional","Telefonnummer · optional","","",""
"ios-app","Pick an existing club above, or submit yours anyway.","Pick an existing club above, or submit yours anyway.","","","",""
"ios-app","Pick your club and it's added straight away — only a new venue needs review.","Pick your club and it's added straight away — only a new venue needs review.","Wähl deinen Club aus und er ist sofort hinzugefügt — nur ein neuer Club geht zur Prüfung.","","",""
"ios-app","Place","Place","Ort","","",""
"ios-app","Placed in %@, %@","Placed in %@, %@","","","%@",""
"ios-app","Play a match with another %@ member and log it — you'll be on the board straight away.","Play a match with another %@ member and log it — you'll be on the board straight away.","","","%@",""
"ios-app","Play now at %@?","Play now at %@?","","","%@",""
"ios-app","Play on CueScore?","Play on CueScore?","Spielst du auf CueScore?","","",""
"ios-app","Play right now, no scheduled challenge needed.","Play right now, no scheduled challenge needed.","","","",""
"ios-app","Played","Played","","","",""
"ios-app","Player","Player","","","",""
"ios-app","Players filter the map by country and town. Without yours, you're hard to find.","Players filter the map by country and town. Without yours, you're hard to find.","Spieler filtern die Karte nach Land und Stadt. Ohne deine Angaben bist du schwer zu finden.","","",""
"ios-app","Players here","Players here","Spieler hier","","",""
"ios-app","Players who add this club appear here.","Players who add this club appear here.","Spieler, die diesen Club hinzufügen, erscheinen hier.","","",""
"ios-app","Players who frequent this club appear here once they add it to their profile.","Players who frequent this club appear here once they add it to their profile.","Spieler, die diesen Club regelmäßig besuchen, erscheinen hier, sobald sie ihn ihrem Profil hinzufügen.","","",""
"ios-app","Playing at %@ until %@","Playing at %@ until %@","","","%@",""
"ios-app","Playing until %@","Playing until %@","","","%@",""
"ios-app","Playing with %@ at %@ until %@","Playing with %@ at %@ until %@","Spielt mit %@ bei %@ bis %@","","%@",""
"ios-app","Playing with %@ until %@","Playing with %@ until %@","Spielt mit %@ bis %@","","%@",""
"ios-app","Playing, at %@ until %@","Playing, at %@ until %@","","","%@",""
"ios-app","Plays at","Plays at","Spielt bei","","",""
"ios-app","Praying hands","Praying hands","Betende Hände","","",""
"ios-app","Prefer not to say","Prefer not to say","Keine Angabe","","",""
"ios-app","Preparing…","Preparing…","","","",""
"ios-app","Presence","Presence","","","",""
"ios-app","Preview","Preview","","","",""
"ios-app","Preview full size","Preview full size","","","",""
"ios-app","Preview of the printed board","Preview of the printed board","","","",""
"ios-app","Privacy","Privacy","Datenschutz","","",""
"ios-app","Privacy Policy","Privacy Policy","Datenschutzrichtlinie","","",""
"ios-app","Profile","Profile","Profil","","",""
"ios-app","Question %lld of 3","Question %lld of 3","Frage %lld von 3","","%lld",""
"ios-app","RATING","RATING","","","",""
"ios-app","Race format","Race format","","","",""
"ios-app","Race to","Race to","","","",""
"ios-app","Race to %lld","Race to %lld","","","%lld",""
"ios-app","Rack %lld of race to %lld","Rack %lld of race to %lld","","","%lld",""
"ios-app","Racks %lld","Racks %lld","","","%lld",""
"ios-app","Rating","Rating","Rating","","",""
"ios-app","Ratings & profiles","Ratings & profiles","Ratings & Profile","","",""
"ios-app","React","React","Reagieren","","",""
"ios-app","Read","Read","Gelesen","","",""
"ios-app","Read receipts","Read receipts","Lesebestätigungen","","",""
"ios-app","Read receipts are here","Read receipts are here","Lesebestätigungen sind da","","",""
"ios-app","Read receipts only work when you and the other person both have them on. Turn yours off and it stops for both of you straight away.","Read receipts only work when you and the other person both have them on. Turn yours off and it stops for both of you straight away.","Lesebestätigungen funktionieren nur, wenn du und die andere Person sie beide aktiviert habt. Schalte deine aus, und es endet sofort für euch beide.","","",""
"ios-app","Read this online","Read this online","","","",""
"ios-app","Reading…","Reading…","","","",""
"ios-app","Ready to play","Ready to play","Spielbereit","","",""
"ios-app","Reason","Reason","Grund","","",""
"ios-app","Reason: %@","Reason: %@","Grund: %@","","%@",""
"ios-app","Recent matches","Recent matches","Letzte Partien","","",""
"ios-app","Record","Record","Bilanz","","",""
"ios-app","Recorded by %@","Recorded by %@","","","%@",""
"ios-app","Recorded by you","Recorded by you","","","",""
"ios-app","Redeem invite","Redeem invite","Einladung einlösen","","",""
"ios-app","Redeem invite link","Redeem invite link","Einladungslink einlösen","","",""
"ios-app","Rejoin scoreboard","Rejoin scoreboard","","","",""
"ios-app","Rejoin the live scoreboard","Rejoin the live scoreboard","","","",""
"ios-app","Related","Related","","","",""
"ios-app","Remove","Remove","Entfernen","","",""
"ios-app","Remove %@ from your clubs?","Remove %@ from your clubs?","%@ aus deinen Clubs entfernen?","","%@",""
"ios-app","Remove club","Remove club","Club entfernen","","",""
"ios-app","Remove connection","Remove connection","","","",""
"ios-app","Remove contact details","Remove contact details","Kontaktdaten entfernen","","",""
"ios-app","Remove reaction","Remove reaction","Reaktion entfernen","","",""
"ios-app","Remove second option","Remove second option","Zweite Option entfernen","","",""
"ios-app","Report","Report","Melden","","",""
"ios-app","Report message","Report message","Nachricht melden","","",""
"ios-app","Report player","Report player","Spieler melden","","",""
"ios-app","Report sent.","Report sent.","","","",""
"ios-app","Report venue","Report venue","","","",""
"ios-app","Reported and blocked.","Reported and blocked.","","","",""
"ios-app","Request sent","Request sent","Anfrage gesendet","","",""
"ios-app","Requested","Requested","Angefragt","","",""
"ios-app","Requests","Requests","Anfragen","","",""
"ios-app","Reset code","Reset code","Code zurücksetzen","","",""
"ios-app","Reset my code","Reset my code","Meinen Code zurücksetzen","","",""
"ios-app","Reset your code?","Reset your code?","Code zurücksetzen?","","",""
"ios-app","Respond","Respond","Antworten","","",""
"ios-app","Restart 8nOut to apply","Restart 8nOut to apply","8nOut neu starten, um zu übernehmen","","",""
"ios-app","Result","Result","Ergebnis","","",""
"ios-app","Resume","Resume","","","",""
"ios-app","Retry","Retry","Erneut versuchen","","",""
"ios-app","Rotate for a bigger scoreboard","Rotate for a bigger scoreboard","","","",""
"ios-app","Save","Save","Speichern","","",""
"ios-app","Save and finish","Save and finish","Speichern und fertig","","",""
"ios-app","Save or print","Save or print","","","",""
"ios-app","Say hi and arrange a game.","Say hi and arrange a game.","Sag Hallo und verabrede eine Partie.","","",""
"ios-app","Score (optional)","Score (optional)","Ergebnis (optional)","","",""
"ios-app","Search address or venue name","Search address or venue name","Adresse oder Ortsname suchen","","",""
"ios-app","Search help…","Search help…","","","",""
"ios-app","Search pool rooms","Search pool rooms","Poolhallen suchen","","",""
"ios-app","See all","See all","Alle ansehen","","",""
"ios-app","See the board","See the board","","","",""
"ios-app","See the board · %lld ranked","See the board · %lld ranked","","","%lld",""
"ios-app","See yourself the way other players do, and share a link anyone can open — it shows only what's already public.","See yourself the way other players do, and share a link anyone can open — it shows only what's already public.","Sieh dich so, wie andere Spieler dich sehen, und teile einen Link, den jeder öffnen kann — er zeigt nur, was ohnehin öffentlich ist.","","",""
"ios-app","Self-reported","Self-reported","Selbst angegeben","","",""
"ios-app","Self-reported — other players can check it on FairMatch if you add your profile link.","Self-reported — other players can check it on FairMatch if you add your profile link.","Selbst angegeben — andere Spieler können es auf FairMatch prüfen, wenn du deinen Profillink hinzufügst.","","",""
"ios-app","Send","Send","Senden","","",""
"ios-app","Send invite","Send invite","Einladung senden","","",""
"ios-app","Sent requests","Sent requests","","","",""
"ios-app","Set your city to see who's online near you","Set your city to see who's online near you","Leg deine Stadt fest, um zu sehen, wer in der Nähe online ist","","",""
"ios-app","Settings","Settings","Einstellungen","","",""
"ios-app","Setup unfinished","Setup unfinished","Einrichtung unvollständig","","",""
"ios-app","Share invite link","Share invite link","Einladungslink teilen","","",""
"ios-app","Share link","Share link","Link teilen","","",""
"ios-app","Share my profile link","Share my profile link","Meinen Profillink teilen","","",""
"ios-app","Show less","Show less","Weniger anzeigen","","",""
"ios-app","Show me as ""Former member""","Show me as ""Former member""","Als „Ehemaliges Mitglied"" anzeigen","","",""
"ios-app","Show me as ""Former member"" on past season boards","Show me as ""Former member"" on past season boards","Als „Ehemaliges Mitglied"" auf vergangenen Saisontabellen anzeigen","","",""
"ios-app","Show me as in the club","Show me as in the club","","","",""
"ios-app","Show more","Show more","","","",""
"ios-app","Show my connect code","Show my connect code","Meinen Verbindungscode zeigen","","",""
"ios-app","Show your code — or scan another player's — to connect in person.","Show your code — or scan another player's — to connect in person.","Zeige deinen Code — oder scanne den eines anderen Spielers — um euch persönlich zu verbinden.","","",""
"ios-app","Sign out","Sign out","Abmelden","","",""
"ios-app","Signed in with","Signed in with","Angemeldet mit","","",""
"ios-app","Signing in with Apple","Signing in with Apple","","","",""
"ios-app","Signing in with Apple.","Signing in with Apple.","","","",""
"ios-app","Signing in with Google","Signing in with Google","","","",""
"ios-app","Signing in with Google.","Signing in with Google.","","","",""
"ios-app","Skip for now","Skip for now","Vorerst überspringen","","",""
"ios-app","Something else","Something else","Etwas anderes","","",""
"ios-app","Something went wrong loading the answers on this device. The full help centre is on the web, and it works without an account.","Something went wrong loading the answers on this device. The full help centre is on the web, and it works without an account.","","","",""
"ios-app","Sourced from CueScore","Sourced from CueScore","","","",""
"ios-app","Spam","Spam","Spam","","",""
"ios-app","Standings as of %@ — current standings live in the 8nOut app. This sheet doesn't update.","Standings as of %@ — current standings live in the 8nOut app. This sheet doesn't update.","Stand: %@ — die aktuellen Tabellen findest du in der 8nOut-App. Dieses Blatt aktualisiert sich nicht.","","%@",""
"ios-app","Start a live scoreboard","Start a live scoreboard","","","",""
"ios-app","Start a new match against %@","Start a new match against %@","","","%@",""
"ios-app","Start new match","Start new match","","","",""
"ios-app","Start one with a connection.","Start one with a connection.","Starte einen mit einem Kontakt.","","",""
"ios-app","Start scoreboard","Start scoreboard","","","",""
"ios-app","Staying on the board","Staying on the board","","","",""
"ios-app","Still playing","Still playing","Weiterspielen","","",""
"ios-app","Still stuck?","Still stuck?","","","",""
"ios-app","Stop sharing","Stop sharing","Nicht mehr teilen","","",""
"ios-app","Submit for review","Submit for review","","","",""
"ios-app","Submit it as it is","Submit it as it is","","","",""
"ios-app","Submitted for review","Submitted for review","","","",""
"ios-app","Suggest another time","Suggest another time","Andere Zeit vorschlagen","","",""
"ios-app","Suggestion: rotate for a bigger scoreboard","Suggestion: rotate for a bigger scoreboard","","","",""
"ios-app","Surprised","Surprised","Überrascht","","",""
"ios-app","System","System","System","","",""
"ios-app","Table","Table","Tisch","","",""
"ios-app","Table number (optional)","Table number (optional)","","","",""
"ios-app","Tap a name to start the match.","Tap a name to start the match.","","","",""
"ios-app","Terms of Service","Terms of Service","Nutzungsbedingungen","","",""
"ios-app","Thanks — we'll check %@","Thanks — we'll check %@","Danke — wir schauen uns %@ an","","%@",""
"ios-app","That CueScore profile is already linked to another 8nOut account.","That CueScore profile is already linked to another 8nOut account.","Dieses CueScore-Profil ist bereits mit einem anderen 8nOut-Konto verknüpft.","","",""
"ios-app","That club can't be added from CueScore. Add it manually below.","That club can't be added from CueScore. Add it manually below.","","","",""
"ios-app","That doesn't look like a CueScore player ID or profile link.","That doesn't look like a CueScore player ID or profile link.","Das sieht nicht nach einer CueScore-Spieler-ID oder einem Profillink aus.","","",""
"ios-app","That doesn't look like a valid web address — check it and try again.","That doesn't look like a valid web address — check it and try again.","","","",""
"ios-app","That ladder is for players whose home town is that city.","That ladder is for players whose home town is that city.","","","",""
"ios-app","That ladder isn't taking new members right now.","That ladder isn't taking new members right now.","","","",""
"ios-app","That link has no venue number in it. We need the club's CueScore venue page — the link ends in a number, like cuescore.com/venue/Club+Name/60451687. Or add it manually below.","That link has no venue number in it. We need the club's CueScore venue page — the link ends in a number, like cuescore.com/venue/Club+Name/60451687. Or add it manually below.","","","",""
"ios-app","That message is too long — the limit is 2,000 characters.","That message is too long — the limit is 2,000 characters.","Diese Nachricht ist zu lang — höchstens 2.000 Zeichen.","","",""
"ios-app","That's the name on your row, in player search, and on your profile.","That's the name on your row, in player search, and on your profile.","Das ist ab jetzt der Name auf deiner Zeile, in der Spielersuche und in deinem Profil.","","",""
"ios-app","The %@ Ladder is for players with a club in the city","The %@ Ladder is for players with a club in the city","","","%@",""
"ios-app","The %@ Ladder is open to you","The %@ Ladder is open to you","","","%@",""
"ios-app","The address is used to place the venue on the map — it's a public pool room, not a private address.","The address is used to place the venue on the map — it's a public pool room, not a private address.","Die Adresse dient dazu, den Ort auf der Karte zu platzieren — es ist ein öffentlicher Poolraum, keine Privatadresse.","","",""
"ios-app","The address lookup is unavailable","The address lookup is unavailable","","","",""
"ios-app","The board shows players who've played in the last 60 days. If you go quiet you come off it — your rating is kept exactly as it was, and one match puts you straight back.","The board shows players who've played in the last 60 days. If you go quiet you come off it — your rating is kept exactly as it was, and one match puts you straight back.","","","",""
"ios-app","The board shows players who've played in the last 60 days. Log one match and you're back at %lld — nothing was lost.","The board shows players who've played in the last 60 days. Log one match and you're back at %lld — nothing was lost.","","","%lld",""
"ios-app","The board starts with the first match","The board starts with the first match","","","",""
"ios-app","The link may be old, or the answer may have moved. Everything we've written is on the help page.","The link may be old, or the answer may have moved. Everything we've written is on the help page.","","","",""
"ios-app","The opponent doesn't need to be on 8nOut. If they are, the match shows on their record too.","The opponent doesn't need to be on 8nOut. If they are, the match shows on their record too.","Der Gegner muss nicht bei 8nOut sein. Wenn doch, erscheint die Partie auch in seiner Bilanz.","","",""
"ios-app","These players can see your exact address. You share it for a set time, and can stop sooner.","These players can see your exact address. You share it for a set time, and can stop sooner.","Diese Spieler sehen deine genaue Adresse. Du teilst sie für eine begrenzte Zeit und kannst früher aufhören.","","",""
"ios-app","They're still on your profile, but you're not on any club's list. Pick a club that's already on the map and you're on its list straight away.","They're still on your profile, but you're not on any club's list. Pick a club that's already on the map and you're on its list straight away.","Sie stehen weiterhin in deinem Profil, aber du stehst auf keiner Club-Liste. Wähle einen Club, der schon auf der Karte ist, und du stehst sofort auf seiner Liste.","","",""
"ios-app","This deletes the game for both of you. Nothing is logged.","This deletes the game for both of you. Nothing is logged.","Das löscht die Partie für euch beide. Es wird nichts eingetragen.","","",""
"ios-app","This doesn't touch your past seasons. Leaving removes you from the current board, not your history. Saved standings from earlier seasons still show your name — unless you also switch on ""Former member"" below.","This doesn't touch your past seasons. Leaving removes you from the current board, not your history. Saved standings from earlier seasons still show your name — unless you also switch on ""Former member"" below.","Das betrifft deine vergangenen Saisons nicht. Wenn du die Ladder verlässt, wirst du von der aktuellen Tabelle entfernt — nicht aus deiner Geschichte. Gespeicherte Tabellen früherer Saisons zeigen weiterhin deinen Namen — es sei denn, du aktivierst unten zusätzlich „Ehemaliges Mitglied"".","","",""
"ios-app","This hides the conversation from your list — nothing is deleted, and %@ won't notice anything. It comes back if they message you again.","This hides the conversation from your list — nothing is deleted, and %@ won't notice anything. It comes back if they message you again.","Das blendet den Chat in deiner Liste aus — nichts wird gelöscht, und %@ merkt nichts davon. Bei einer neuen Nachricht von %@ taucht er wieder auf.","","%@",""
"ios-app","This is a home or private address","This is a home or private address","","","",""
"ios-app","This is my own phone number","This is my own phone number","Das ist meine eigene Telefonnummer","","",""
"ios-app","This is the name on your row in a club's list, and the name other players search by.","This is the name on your row in a club's list, and the name other players search by.","Das ist der Name auf deiner Zeile in der Liste eines Clubs — und der Name, nach dem andere Spieler suchen.","","",""
"ios-app","This is the name other players see — copied from CueScore when you linked. It doesn't change on its own.","This is the name other players see — copied from CueScore when you linked. It doesn't change on its own.","Das ist der Name, den andere Spieler sehen — beim Verknüpfen von CueScore übernommen. Er ändert sich nicht von selbst.","","",""
"ios-app","This match isn't finished yet — finish it on CueScore first.","This match isn't finished yet — finish it on CueScore first.","Diese Partie ist noch nicht beendet — schließe sie zuerst auf CueScore ab.","","",""
"ios-app","This match isn't linked to your CueScore profile, so you can't import it — you can only import your own matches.","This match isn't linked to your CueScore profile, so you can't import it — you can only import your own matches.","Diese Partie ist nicht mit deinem CueScore-Profil verknüpft, du kannst sie also nicht importieren — du kannst nur eigene Partien importieren.","","",""
"ios-app","This match wasn't finished","This match wasn't finished","","","",""
"ios-app","This message can't be sent — it contains language that isn't allowed on 8nOut. Edit it and try again.","This message can't be sent — it contains language that isn't allowed on 8nOut. Edit it and try again.","Diese Nachricht kann nicht gesendet werden — sie enthält Sprache, die auf 8nOut nicht erlaubt ist. Ändere sie und versuch es noch mal.","","",""
"ios-app","This message was deleted","This message was deleted","Diese Nachricht wurde gelöscht","","",""
"ios-app","This player's profile isn't available.","This player's profile isn't available.","Das Profil dieses Spielers ist nicht verfügbar.","","",""
"ios-app","This session timed out. Nothing was saved to your record.","This session timed out. Nothing was saved to your record.","","","",""
"ios-app","This takes it off your profile. Nothing else changes.","This takes it off your profile. Nothing else changes.","Damit verschwindet er aus deinem Profil. Sonst ändert sich nichts.","","",""
"ios-app","This version of 8nOut is too old to work properly. Some things will fail in confusing ways until you update, so we've paused here rather than let that happen.","This version of 8nOut is too old to work properly. Some things will fail in confusing ways until you update, so we've paused here rather than let that happen.","Diese Version von 8nOut ist zu alt, um richtig zu funktionieren. Bis zum Update würden einige Dinge auf verwirrende Weise fehlschlagen – deshalb pausieren wir hier.","","",""
"ios-app","Threats or safety concern","Threats or safety concern","Drohungen oder Sicherheitsbedenken","","",""
"ios-app","Three clubs is the limit. Remove one first, then you can add this one.","Three clubs is the limit. Remove one first, then you can add this one.","Drei Clubs sind das Maximum. Entferne zuerst einen, dann kannst du diesen hinzufügen.","","",""
"ios-app","Thumbs down","Thumbs down","Daumen runter","","",""
"ios-app","Thumbs up","Thumbs up","Daumen hoch","","",""
"ios-app","Time suggested","Time suggested","Zeit vorgeschlagen","","",""
"ios-app","Timeout","Timeout","","","",""
"ios-app","Timeout — %@ over","Timeout — %@ over","","","%@",""
"ios-app","Timeout — %@ remaining","Timeout — %@ remaining","","","%@",""
"ios-app","Today","Today","Heute","","",""
"ios-app","Too many CueScore lookups just now — try again later, or add it manually.","Too many CueScore lookups just now — try again later, or add it manually.","","","",""
"ios-app","Try again","Try again","Erneut versuchen","","",""
"ios-app","Try another word, or write to us.","Try another word, or write to us.","","","",""
"ios-app","Turn it on and your name carries Ready to play in player search and on your public profile, which anyone with the link can open, signed in or not.","Turn it on and your name carries Ready to play in player search and on your public profile, which anyone with the link can open, signed in or not.","Schalte es ein, und dein Name trägt Spielbereit in der Spielersuche und auf deinem öffentlichen Profil — das kann jeder öffnen, der den Link hat, ob angemeldet oder nicht.","","",""
"ios-app","Turn it on and your row here reads Ready to play. So does your public profile, which anyone with the link can open, signed in or not. You're on the list either way.","Turn it on and your row here reads Ready to play. So does your public profile, which anyone with the link can open, signed in or not. You're on the list either way.","Schalte es ein, und deine Zeile hier zeigt Spielbereit. Dein öffentliches Profil auch — das kann jeder öffnen, der den Link hat, ob angemeldet oder nicht. Auf der Liste stehst du so oder so.","","",""
"ios-app","Turn off Go invisible to set this.","Turn off Go invisible to set this.","","","",""
"ios-app","Turn on camera","Turn on camera","Kamera einschalten","","",""
"ios-app","Unblock","Unblock","Blockierung aufheben","","",""
"ios-app","Unhide","Unhide","Einblenden","","",""
"ios-app","Unknown player","Unknown player","Unbekannter Spieler","","",""
"ios-app","Unlink","Unlink","Trennen","","",""
"ios-app","Unlink CueScore profile","Unlink CueScore profile","CueScore-Profil trennen","","",""
"ios-app","Unlink your CueScore profile?","Unlink your CueScore profile?","Dein CueScore-Profil trennen?","","",""
"ios-app","Unmute","Unmute","Stummschaltung aufheben","","",""
"ios-app","Until","Until","","","",""
"ios-app","Up to 3 frequented clubs — remove one via its ⋯ menu","Up to 3 frequented clubs — remove one via its ⋯ menu","Bis zu 3 Stammclubs — über das ⋯-Menü entfernen","","",""
"ios-app","Update 8nOut to continue","Update 8nOut to continue","8nOut aktualisieren, um fortzufahren","","",""
"ios-app","Update rating","Update rating","Rating aktualisieren","","",""
"ios-app","Updates your age group on file.","Updates your age group on file.","Aktualisiert deine hinterlegte Altersgruppe.","","",""
"ios-app","Use CueScore photo","Use CueScore photo","CueScore-Foto verwenden","","",""
"ios-app","Venue","Venue","Ort","","",""
"ios-app","Verify","Verify","","","",""
"ios-app","Verify on FairMatch","Verify on FairMatch","Auf FairMatch prüfen","","",""
"ios-app","View %@","View %@","%@ ansehen","","%@",""
"ios-app","View CueScore profile","View CueScore profile","CueScore-Profil ansehen","","",""
"ios-app","View in Challenges","View in Challenges","In den Duellen ansehen","","",""
"ios-app","View profile","View profile","Profil ansehen","","",""
"ios-app","Visible only to players whose connection you've accepted — never on your public profile or the website.","Visible only to players whose connection you've accepted — never on your public profile or the website.","Nur für Spieler sichtbar, deren Kontaktanfrage du angenommen hast — nie in deinem öffentlichen Profil oder auf der Website.","","",""
"ios-app","Visible to your connections only. Clear anytime.","Visible to your connections only. Clear anytime.","","","",""
"ios-app","Waiting for %@ to reply","Waiting for %@ to reply","Warten auf Antwort von %@","","%@",""
"ios-app","Waiting for a reply","Waiting for a reply","Warten auf Antwort","","",""
"ios-app","We could only find the general area — add more detail if you can, or submit it as it is.","We could only find the general area — add more detail if you can, or submit it as it is.","","","",""
"ios-app","We couldn't place this address on the map","We couldn't place this address on the map","","","",""
"ios-app","We don't have that answer","We don't have that answer","","","",""
"ios-app","We filled this in from CueScore. Edit it above and submit again — change as much as you need.","We filled this in from CueScore. Edit it above and submit again — change as much as you need.","","","",""
"ios-app","We reviewed your report and acted on it under our Terms of Service.","We reviewed your report and acted on it under our Terms of Service.","Wir haben deine Meldung geprüft und auf Grundlage unserer Nutzungsbedingungen gehandelt.","","",""
"ios-app","We reviewed your report and didn't find a breach of our rules.","We reviewed your report and didn't find a breach of our rules.","Wir haben deine Meldung geprüft und keinen Verstoß gegen unsere Regeln gefunden.","","",""
"ios-app","We're done","We're done","Fertig","","",""
"ios-app","We've updated our Terms of Service and Privacy Policy. Please review and agree to continue using 8nOut.","We've updated our Terms of Service and Privacy Policy. Please review and agree to continue using 8nOut.","Wir haben unsere Nutzungsbedingungen und Datenschutzrichtlinie aktualisiert. Bitte lies sie und stimme zu, um 8nOut weiter zu nutzen.","","",""
"ios-app","Website (optional)","Website (optional)","","","",""
"ios-app","Welcome to 8nOut","Welcome to 8nOut","Willkommen bei 8nOut","","",""
"ios-app","What counts","What counts","","","",""
"ios-app","What happens","What happens","","","",""
"ios-app","What name do you play under?","What name do you play under?","Unter welchem Namen spielst du?","","",""
"ios-app","What we looked up","What we looked up","","","",""
"ios-app","What you're making","What you're making","","","",""
"ios-app","When","When","Wann","","",""
"ios-app","When a season ends, the standings are saved exactly as they stood — with your name — and that stays true even if you leave the ladder later. You can ask to appear as ""Former member"" instead, any time.","When a season ends, the standings are saved exactly as they stood — with your name — and that stays true even if you leave the ladder later. You can ask to appear as ""Former member"" instead, any time.","Wenn eine Saison endet, wird die Tabelle genau so gespeichert, wie sie stand — mit deinem Namen — und das gilt auch, wenn du die Ladder später verlässt. Du kannst jederzeit darum bitten, stattdessen als „Ehemaliges Mitglied"" angezeigt zu werden.","","",""
"ios-app","When you and a connection both have this on, you'll see when your message has been read — and they'll see the same about yours. Turn it off any time; nothing else about chat changes.","When you and a connection both have this on, you'll see when your message has been read — and they'll see the same about yours. Turn it off any time; nothing else about chat changes.","Wenn du und ein Kontakt das beide aktiviert habt, siehst du, wenn deine Nachricht gelesen wurde — und die andere Person sieht dasselbe bei dir. Schalte es jederzeit aus; sonst ändert sich nichts am Chat.","","",""
"ios-app","Where","Where","Wo","","",""
"ios-app","Where do you usually play?","Where do you usually play?","Wo spielst du normalerweise?","","",""
"ios-app","Where your rating comes from","Where your rating comes from","","","",""
"ios-app","Which age group are you in? We use this only to set your read-receipts default — nothing else changes.","Which age group are you in? We use this only to set your read-receipts default — nothing else changes.","Zu welcher Altersgruppe gehörst du? Das nutzen wir nur, um deine Standardeinstellung für Lesebestätigungen festzulegen — sonst ändert sich nichts.","","",""
"ios-app","Which club do you play at?","Which club do you play at?","In welchem Club spielst du?","","",""
"ios-app","Which club, and for how long?","Which club, and for how long?","","","",""
"ios-app","Which country and town do you play in?","Which country and town do you play in?","In welchem Land und in welcher Stadt spielst du?","","",""
"ios-app","While you're invisible, no one sees you as online or open to play — not even your connections. Turn it off and your previous Open-to-play setting comes back. Your club pins and profile stay on the map.","While you're invisible, no one sees you as online or open to play — not even your connections. Turn it off and your previous Open-to-play setting comes back. Your club pins and profile stay on the map.","Solange du unsichtbar bist, sieht dich niemand als online oder spielbereit — auch deine Kontakte nicht. Schalte es aus, und deine vorherige Spielbereit-Einstellung kommt zurück. Deine Club-Pins und dein Profil bleiben auf der Karte.","","",""
"ios-app","While you're invisible: no one sees you as online, open to play, or in the club — not even your connections. Your club won't get a notification when you log on, either. It also clears any ""in the club"" status straight away. Turn invisibility off and your Open-to-play setting comes back as it was — but ""in the club"" doesn't return on its own. If you're still there, set it again. Your club pins and profile stay on the map the whole time.","While you're invisible: no one sees you as online, open to play, or in the club — not even your connections. Your club won't get a notification when you log on, either. It also clears any ""in the club"" status straight away. Turn invisibility off and your Open-to-play setting comes back as it was — but ""in the club"" doesn't return on its own. If you're still there, set it again. Your club pins and profile stay on the map the whole time.","","","",""
"ios-app","Who breaks first","Who breaks first","","","",""
"ios-app","Who has my address","Who has my address","Wer hat meine Adresse","","",""
"ios-app","Who won?","Who won?","Wer hat gewonnen?","","",""
"ios-app","Who's online","Who's online","Wer ist online","","",""
"ios-app","Who's online in %@","Who's online in %@","Wer ist online in %@","","%@",""
"ios-app","Whoever joins 8nOut through your link is connected to you automatically.","Whoever joins 8nOut through your link is connected to you automatically.","Wer über deinen Link zu 8nOut kommt, wird automatisch mit dir verbunden.","","",""
"ios-app","Why are you reporting %@?","Why are you reporting %@?","Warum meldest du %@?","","%@",""
"ios-app","Win rate","Win rate","Siegquote","","",""
"ios-app","Win rate %lld percent","Win rate %lld percent","Siegquote %lld Prozent","","%lld",""
"ios-app","Winner","Winner","Sieger","","",""
"ios-app","Winner breaks","Winner breaks","","","",""
"ios-app","Wins / Losses","Wins / Losses","Siege / Niederlagen","","",""
"ios-app","Withdraw","Withdraw","","","",""
"ios-app","Withdraw invite","Withdraw invite","Einladung zurückziehen","","",""
"ios-app","Without a name, nobody can tell who you are in a club's list or in search.","Without a name, nobody can tell who you are in a club's list or in search.","Ohne Namen kann niemand erkennen, wer du in einer Club-Liste oder in der Suche bist.","","",""
"ios-app","Won","Won","Gewonnen","","",""
"ios-app","Won your last %lld","Won your last %lld","Deine letzten %lld gewonnen","","%lld",""
"ios-app","Write a message…","Write a message…","Nachricht schreiben…","","",""
"ios-app","You","You","Du","","",""
"ios-app","You agreed to these versions when you signed in.","You agreed to these versions when you signed in.","Du hast diesen Versionen bei der Anmeldung zugestimmt.","","",""
"ios-app","You and %@ are already connected.","You and %@ are already connected.","Du und %@ seid schon verbunden.","","%@",""
"ios-app","You and %@ are connected. Say hi and set up a game.","You and %@ are connected. Say hi and set up a game.","Du und %@ seid verbunden. Sag Hallo und verabrede ein Spiel.","","%@",""
"ios-app","You can check on it any time under Clubs on your profile.","You can check on it any time under Clubs on your profile.","Du kannst jederzeit unter Clubs in deinem Profil nachsehen.","","",""
"ios-app","You can skip this — read receipts just stay off for you either way.","You can skip this — read receipts just stay off for you either way.","Du kannst das überspringen — Lesebestätigungen bleiben dann einfach für dich aus.","","",""
"ios-app","You can't add a club right now.","You can't add a club right now.","","","",""
"ios-app","You come off the %@ board and your rating stops moving.","You come off the %@ board and your rating stops moving.","","","%@",""
"ios-app","You deleted this message","You deleted this message","Du hast diese Nachricht gelöscht","","",""
"ios-app","You haven't added a club yet — add one first, then you can show as in the club.","You haven't added a club yet — add one first, then you can show as in the club.","","","",""
"ios-app","You haven't blocked anyone.","You haven't blocked anyone.","Du hast niemanden blockiert.","","",""
"ios-app","You invited %@","You invited %@","Du hast %@ eingeladen","","%@",""
"ios-app","You lead %lld–%lld","You lead %lld–%lld","Du führst %1$lld–%2$lld","","%lld",""
"ios-app","You lost","You lost","Du hast verloren","","",""
"ios-app","You need a club in that city before you can join. Clubs are checked before they count.","You need a club in that city before you can join. Clubs are checked before they count.","","","",""
"ios-app","You stopped sharing your address.","You stopped sharing your address.","Du teilst deine Adresse nicht mehr.","","",""
"ios-app","You weren't on this season's board.","You weren't on this season's board.","","","",""
"ios-app","You won","You won","Du hast gewonnen","","",""
"ios-app","You won't see each other on the map, any connection between you is removed, and any chat between you leaves your list. They won't be told they've been blocked.","You won't see each other on the map, any connection between you is removed, and any chat between you leaves your list. They won't be told they've been blocked.","Ihr seht euch nicht mehr auf der Karte, eine Verbindung zwischen euch wird entfernt und ein Chat zwischen euch verschwindet aus deiner Liste. Die Person erfährt nichts davon.","","",""
"ios-app","You · %@","You · %@","","","%@",""
"ios-app","You · invisible","You · invisible","Du · unsichtbar","","",""
"ios-app","You'll lose each other's contact details, and any address shared for a game.","You'll lose each other's contact details, and any address shared for a game.","","","",""
"ios-app","You'll show as at **%@** until **%@**. Your accepted connections will see this — no one else. Clear it in one tap any time, and it clears itself automatically once the time's up. It's entirely optional, and you can stop using it whenever you like.","You'll show as at **%@** until **%@**. Your accepted connections will see this — no one else. Clear it in one tap any time, and it clears itself automatically once the time's up. It's entirely optional, and you can stop using it whenever you like.","","","%@",""
"ios-app","You're %@ now","You're %@ now","Du bist jetzt %@","","%@",""
"ios-app","You're already connected","You're already connected","Ihr seid schon verbunden","","",""
"ios-app","You're connected!","You're connected!","Ihr seid verbunden!","","",""
"ios-app","You're first on the list at %@","You're first on the list at %@","Du machst den Anfang bei %@","","%@",""
"ios-app","You're in %@ and you play at a club here — that's all it takes.","You're in %@ and you play at a club here — that's all it takes.","","","%@",""
"ios-app","You're invisible right now — others don't see you as online or open to play.","You're invisible right now — others don't see you as online or open to play.","Du bist gerade unsichtbar — andere sehen dich nicht als online oder spielbereit.","","",""
"ios-app","You're no longer connected — new messages can't be sent.","You're no longer connected — new messages can't be sent.","Ihr seid nicht mehr verbunden — neue Nachrichten können nicht gesendet werden.","","",""
"ios-app","You're no longer connected — this scoreboard can't be used.","You're no longer connected — this scoreboard can't be used.","","","",""
"ios-app","You're not on any club's list yet, so nobody finds you when they open a club on the map.","You're not on any club's list yet, so nobody finds you when they open a club on the map.","Du stehst noch auf keiner Club-Liste, also findet dich niemand, wenn er auf der Karte einen Club öffnet.","","",""
"ios-app","You're now visible as active","You're now visible as active","Du bist jetzt als aktiv sichtbar","","",""
"ios-app","You're on the ladder — you're not on the board yet. Play a match with another %@ member and log it, and your name appears here.","You're on the ladder — you're not on the board yet. Play a match with another %@ member and log it, and your name appears here.","","","%@",""
"ios-app","You're on the list at %@","You're on the list at %@","Du stehst auf der Liste bei %@","","%@",""
"ios-app","You're sending messages very quickly — give it a moment and try again.","You're sending messages very quickly — give it a moment and try again.","Du sendest sehr schnell hintereinander — warte kurz und versuch es noch mal.","","",""
"ios-app","You've already got that club. Search for another one if you play somewhere else too.","You've already got that club. Search for another one if you play somewhere else too.","Diesen Club hast du schon. Suche einen anderen, wenn du auch woanders spielst.","","",""
"ios-app","You've confirmed. Waiting for %@ to confirm too.","You've confirmed. Waiting for %@ to confirm too.","Du hast bestätigt. Warten auf Bestätigung von %@.","","%@",""
"ios-app","You've left the ladder, but those boards still carry your name. Change how you appear, any time.","You've left the ladder, but those boards still carry your name. Change how you appear, any time.","Du hast die Ladder verlassen, aber dein Name steht dort weiterhin. Du kannst jederzeit ändern, wie du angezeigt wirst.","","",""
"ios-app","You: %@","You: %@","Du: %@","","%@",""
"ios-app","YouTube","YouTube","","","",""
"ios-app","Your 8nOut account has been removed for a violation of our Terms of Service.","Your 8nOut account has been removed for a violation of our Terms of Service.","Dein 8nOut-Konto wurde wegen eines Verstoßes gegen unsere Nutzungsbedingungen entfernt.","","",""
"ios-app","Your 8nOut account has been suspended for a violation of our Terms of Service.","Your 8nOut account has been suspended for a violation of our Terms of Service.","Dein 8nOut-Konto wurde wegen eines Verstoßes gegen unsere Nutzungsbedingungen gesperrt.","","",""
"ios-app","Your CueScore name and photo become your 8nOut name and photo.","Your CueScore name and photo become your 8nOut name and photo.","Dein CueScore-Name und -Foto werden dein Name und dein Foto bei 8nOut.","","",""
"ios-app","Your build: %@ · needed: %@","Your build: %@ · needed: %@","Dein Build: %@ · benötigt: %@","","%@",""
"ios-app","Your city","Your city","","","",""
"ios-app","Your connect QR code","Your connect QR code","Dein Verbindungs-QR-Code","","",""
"ios-app","Your current QR and link stop working right away. Anyone already connected with you stays connected.","Your current QR and link stop working right away. Anyone already connected with you stays connected.","Dein aktueller QR-Code und Link funktionieren sofort nicht mehr. Wer bereits mit dir verbunden ist, bleibt verbunden.","","",""
"ios-app","Your current rating — leave empty to remove it from your profile.","Your current rating — leave empty to remove it from your profile.","Dein aktuelles Rating — leer lassen, um es aus deinem Profil zu entfernen.","","",""
"ios-app","Your language change takes effect the next time you open 8nOut.","Your language change takes effect the next time you open 8nOut.","Deine Sprachänderung wird beim nächsten Öffnen von 8nOut wirksam.","","",""
"ios-app","Your match record, your clubs and your account are untouched. This isn't account deletion.","Your match record, your clubs and your account are untouched. This isn't account deletion.","","","",""
"ios-app","Your name","Your name","Dein Name","","",""
"ios-app","Your name goes on that club's list — the same list you see when you open a club on the map.","Your name goes on that club's list — the same list you see when you open a club on the map.","Dein Name kommt auf die Liste dieses Clubs — dieselbe Liste, die du siehst, wenn du auf der Karte einen Club öffnest.","","",""
"ios-app","Your name is on past season boards","Your name is on past season boards","Dein Name steht auf früheren Saisontabellen","","",""
"ios-app","Your opponent can accept a time, or suggest another.","Your opponent can accept a time, or suggest another.","Dein Gegner kann eine Zeit annehmen oder eine andere vorschlagen.","","",""
"ios-app","Your positions and ratings stay in place; your name doesn't appear next to them.","Your positions and ratings stay in place; your name doesn't appear next to them.","Deine Platzierungen und Ratings bleiben erhalten; dein Name erscheint nicht mehr daneben.","","",""
"ios-app","Your positions and ratings stay in place; your name doesn't appear next to them. This doesn't take you off the ladder.","Your positions and ratings stay in place; your name doesn't appear next to them. This doesn't take you off the ladder.","Deine Platzierungen und Ratings bleiben erhalten; dein Name erscheint nicht mehr daneben. Das entfernt dich nicht von der Ladder.","","",""
"ios-app","Your rating moves quickly over your first several matches, then settles down as it finds your level. Nothing you do speeds that up or slows it down.","Your rating moves quickly over your first several matches, then settles down as it finds your level. Nothing you do speeds that up or slows it down.","","","",""
"ios-app","Your rating moves when you and another %@ member log a match together.","Your rating moves when you and another %@ member log a match together.","","","%@",""
"ios-app","Your record starts here","Your record starts here","Deine Bilanz beginnt hier","","",""
"ios-app","Your score","Your score","Dein Ergebnis","","",""
"ios-app","Your starting rating","Your starting rating","","","",""
"ios-app","Your town or city only — every member can see this, so skip the street address or postal code.","Your town or city only — every member can see this, so skip the street address or postal code.","Nur dein Wohnort — jedes Mitglied kann das sehen, also lass die genaue Adresse oder Postleitzahl weg.","","",""
"ios-app","Zoom out for more clubs","Zoom out for more clubs","Zoom heraus für weitere Clubs","","",""
"ios-app","and %lld more","and %lld more","und %lld weitere","","%lld",""
"ios-app","e.g. 512","e.g. 512","z. B. 512","","",""
"ios-app","e.g. Amsterdam","e.g. Amsterdam","z. B. Amsterdam","","",""
"ios-app","https://fairmatch.fargorate.com/…","https://fairmatch.fargorate.com/…","https://fairmatch.fargorate.com/…","","",""
"ios-app","https://wa.me/qr/…","https://wa.me/qr/…","https://wa.me/qr/…","","",""
"ios-app","including you","including you","dich eingeschlossen","","",""
"ios-app","less than 1 kilometer away","less than 1 kilometer away","weniger als 1 Kilometer entfernt","","",""
"ios-app","of %lld to win rack","of %lld to win rack","","","%lld",""
"ios-app","on the table","on the table","","","",""
"ios-app","today","today","heute","","",""
"ios-app","via CueScore","via CueScore","über CueScore","","",""
"ios-app","vs. %@","vs. %@","","","%@",""
"ios-app","vs. %@ · One Pocket · race to %lld","vs. %@ · One Pocket · race to %lld","","","%@; %lld",""
"ios-app","yesterday","yesterday","gestern","","",""
"ios-app","~%@ km away","~%@ km away","","","%@",""
"ios-app","~<1 km away","~<1 km away","","","",""
"ios-app","—","—","","","",""
"help-centre","categories.getting-started.title","Getting started","","","",""
"help-centre","categories.getting-started.subtitle","What 8nOut is, and how to get it","","","",""
"help-centre","categories.setting-up.title","Setting up","","","",""
"help-centre","categories.setting-up.subtitle","The questions when you start","","","",""
"help-centre","categories.the-map.title","The map","","","",""
"help-centre","categories.the-map.subtitle","Finding players and clubs near you","","","",""
"help-centre","categories.connecting.title","Connecting","","","",""
"help-centre","categories.connecting.subtitle","Reaching another player on 8nOut","","","",""
"help-centre","categories.matches-cuescore.title","Matches & CueScore","","","",""
"help-centre","categories.matches-cuescore.subtitle","Your record, and CueScore matches","","","",""
"help-centre","categories.your-account.title","Your account","","","",""
"help-centre","categories.your-account.subtitle","Language, sign-in and settings","","","",""
"help-centre","categories.safety.title","Safety","","","",""
"help-centre","categories.safety.subtitle","Staying safe, and the policies","","","",""
"help-centre","categories.city-ladder.title","City Ladder","","","",""
"help-centre","categories.city-ladder.subtitle","Joining, ratings, your city's board, and past seasons","","","",""
"help-centre","entries.about-8nout.question","What is 8nOut?","Was ist 8nOut?","","",""
"help-centre","entries.about-8nout.summary","A map of One Pocket clubs and players across Europe. Find someone near you, connect, and arrange a game.","Eine Karte mit One-Pocket-Clubs und Spielern in ganz Europa. Finde jemanden in deiner Nähe, verbinde dich und vereinbart ein Spiel.","","",""
"help-centre","entries.about-8nout.body[0]","8nOut is a map for the European One Pocket community. It shows pool clubs across Europe, and the players who play at them.","8nOut ist eine Karte für die europäische One-Pocket-Gemeinschaft. Sie zeigt Poolclubs in ganz Europa und die Spieler, die dort spielen.","","",""
"help-centre","entries.about-8nout.body[1]","You make a profile, add the clubs you play at, and look around the map. When you find someone you would like to play, you send them a connection request. If they accept, the two of you can swap contact details and arrange a game.","Du legst ein Profil an, fügst die Clubs hinzu, in denen du spielst, und schaust dich auf der Karte um. Findest du jemanden, mit dem du gerne spielen würdest, schickst du eine Verbindungsanfrage. Nimmt die Person an, könnt ihr beide eure Kontaktdaten austauschen und ein Spiel vereinbaren.","","",""
"help-centre","entries.about-8nout.body[2]","You can keep your record here too. Finished matches you played on CueScore can be brought across, and games you arranged through 8nOut can be logged by hand.","Du kannst hier auch deine Ergebnisse festhalten. Abgeschlossene Matches, die du auf CueScore gespielt hast, kannst du übernehmen, und Spiele, die du über 8nOut vereinbart hast, kannst du von Hand eintragen.","","",""
"help-centre","entries.about-8nout.body[3]","It is built by a One Pocket player, for One Pocket players. It is free to use, and there is nothing to buy inside it.","8nOut wird von einem One-Pocket-Spieler gebaut, für One-Pocket-Spieler. Die Nutzung ist kostenlos, und es gibt nichts, was man darin kaufen könnte.","","",""
"help-centre","entries.about-8nout.keywords[0]","about","über","","",""
"help-centre","entries.about-8nout.keywords[1]","what is","was ist","","",""
"help-centre","entries.about-8nout.keywords[2]","one pocket","one pocket","","",""
"help-centre","entries.about-8nout.keywords[3]","map","karte","","",""
"help-centre","entries.about-8nout.keywords[4]","europe","europa","","",""
"help-centre","entries.about-8nout.keywords[5]","community","gemeinschaft","","",""
"help-centre","entries.about-8nout.links[0].label","How do I get 8nOut?","","","",""
"help-centre","entries.about-8nout.links[1].label","Why do I have to connect first?","","","",""
"help-centre","entries.getting-8nout.question","How do I get 8nOut?","Wie bekomme ich 8nOut?","","",""
"help-centre","entries.getting-8nout.summary","On iPhone and iPad, 8nOut is in beta through TestFlight. On Android and on a computer, use the web app at 8nout.com.","Auf iPhone und iPad befindet sich 8nOut in der Beta-Phase über TestFlight. Auf Android und am Computer nutzt du die Web-App auf 8nout.com.","","",""
"help-centre","entries.getting-8nout.body[0]","8nOut is still in beta, so there are two ways in.","8nOut befindet sich noch in der Beta-Phase, deshalb gibt es zwei Wege hinein.","","",""
"help-centre","entries.getting-8nout.body[1]","On iPhone or iPad: go to 8nout.com and use the TestFlight button. TestFlight is Apple's own app for trying apps that are still being tested — you install TestFlight first, then 8nOut through it.","Auf iPhone oder iPad: Gehe zu 8nout.com und nutze die TestFlight-Schaltfläche. TestFlight ist Apples eigene App zum Ausprobieren von Apps, die noch getestet werden — du installierst zuerst TestFlight, und darüber dann 8nOut.","","",""
"help-centre","entries.getting-8nout.body[2]","On Android, or on a computer: open 8nout.com and go to the web app. It does the same things. On a phone you can add it to your home screen, so it opens like any other app.","Auf Android oder am Computer: Öffne 8nout.com und gehe zur Web-App. Sie macht dasselbe. Auf dem Handy kannst du sie zum Startbildschirm hinzufügen, dann öffnet sie sich wie jede andere App.","","",""
"help-centre","entries.getting-8nout.body[3]","Either way you sign in with Apple or with Google, and there is nothing to pay.","In beiden Fällen meldest du dich mit Apple oder Google an, und es gibt nichts zu bezahlen.","","",""
"help-centre","entries.getting-8nout.body[4]","After you sign in, 8nOut asks three short questions so other players can find you. You can answer them then, or leave them for later.","Nach der Anmeldung stellt dir 8nOut drei kurze Fragen, damit andere Spieler dich finden können. Du kannst sie gleich beantworten oder für später aufheben.","","",""
"help-centre","entries.getting-8nout.keywords[0]","download","herunterladen","","",""
"help-centre","entries.getting-8nout.keywords[1]","install","installieren","","",""
"help-centre","entries.getting-8nout.keywords[2]","testflight","testflight","","",""
"help-centre","entries.getting-8nout.keywords[3]","beta","beta","","",""
"help-centre","entries.getting-8nout.keywords[4]","android","android","","",""
"help-centre","entries.getting-8nout.keywords[5]","web app","web-app","","",""
"help-centre","entries.getting-8nout.keywords[6]","sign in","anmelden","","",""
"help-centre","entries.getting-8nout.links[0].label","Is 8nOut free?","","","",""
"help-centre","entries.getting-8nout.links[1].label","The three questions when you start","","","",""
"help-centre","entries.cost.question","Is 8nOut free?","Ist 8nOut kostenlos?","","",""
"help-centre","entries.cost.summary","Yes. Nothing to pay, and nothing to buy inside it.","Ja. Nichts zu bezahlen, und nichts, was man darin kaufen könnte.","","",""
"help-centre","entries.cost.body[0]","Yes. 8nOut is free to use, and there is nothing to buy inside it.","Ja. Die Nutzung von 8nOut ist kostenlos, und es gibt nichts, was man darin kaufen könnte.","","",""
"help-centre","entries.cost.body[1]","It is a small community project. One player runs it, for the European One Pocket community.","Es ist ein kleines Community-Projekt. Ein einzelner Spieler betreibt es, für die europäische One-Pocket-Gemeinschaft.","","",""
"help-centre","entries.cost.body[2]","What happens with your details is set out in the Privacy Policy. We link that document rather than summarise it here, because a summary drifts from the thing it summarises and then two versions of the same promise exist.","Was mit deinen Daten geschieht, steht in der Datenschutzerklärung. Wir verlinken auf dieses Dokument, statt es hier zusammenzufassen, denn eine Zusammenfassung entfernt sich mit der Zeit von dem, was sie zusammenfasst, und dann gibt es zwei Versionen desselben Versprechens.","","",""
"help-centre","entries.cost.keywords[0]","free","kostenlos","","",""
"help-centre","entries.cost.keywords[1]","cost","kosten","","",""
"help-centre","entries.cost.keywords[2]","price","preis","","",""
"help-centre","entries.cost.keywords[3]","pay","bezahlen","","",""
"help-centre","entries.cost.keywords[4]","subscription","abo","","",""
"help-centre","entries.cost.links[0].label","Where the Terms and Privacy Policy are","","","",""
"help-centre","entries.skill-level.question","Do I need to be good at One Pocket?","Muss ich gut in One Pocket sein?","","",""
"help-centre","entries.skill-level.summary","No. It has a reputation as a connoisseur's game, but you only learn it by playing it — and most players here would rather teach than not play.","Nein. Es gilt als Spiel für Kenner, aber man lernt es nur, indem man es spielt — und die meisten Spieler hier zeigen dir lieber etwas, als gar nicht zu spielen.","","",""
"help-centre","entries.skill-level.body[0]","No. One Pocket has a reputation as a game for experts, and it puts people off before they have played a single rack. It should not.","Nein. One Pocket hat den Ruf, ein Spiel für Experten zu sein, und das schreckt Leute ab, bevor sie auch nur ein einziges Rack gespielt haben. Das sollte es nicht.","","",""
"help-centre","entries.skill-level.body[1]","Almost everything that makes the game good — the patience, the safety battles, reading the table two shots ahead — you learn by playing someone better than you and losing a few. Every strong One Pocket player in Europe went through exactly that. There is no other route in.","Fast alles, was das Spiel ausmacht — die Geduld, die Safety-Duelle, den Tisch zwei Stöße im Voraus zu lesen — lernst du, indem du gegen jemand Besseren spielst und ein paar Mal verlierst. Jeder starke One-Pocket-Spieler in Europa hat genau das durchgemacht. Einen anderen Einstieg gibt es nicht.","","",""
"help-centre","entries.skill-level.body[2]","If you are new to it, say so in your bio. It tends to make players more likely to invite you, not less. An evening spent showing someone the game is a good evening.","Bist du neu dabei, schreib es in deine Bio. Das führt eher dazu, dass dich Spieler einladen, nicht seltener. Ein Abend, an dem du jemandem das Spiel zeigst, ist ein guter Abend.","","",""
"help-centre","entries.skill-level.body[3]","There is a Fargo Rating on your profile and it is optional. Leave it empty if you do not have one, or would rather not show it. It is self-reported.","Auf deinem Profil gibt es ein Fargo Rating, und es ist freiwillig. Lass es leer, wenn du keins hast oder es lieber nicht zeigen möchtest. Es wird von dir selbst angegeben.","","",""
"help-centre","entries.skill-level.body[4]","One Pocket is a small world in Europe. Most people here would far rather play a keen beginner than nobody at all.","One Pocket ist eine kleine Welt in Europa. Die meisten Leute hier spielen viel lieber gegen einen engagierten Anfänger als gegen niemanden.","","",""
"help-centre","entries.skill-level.keywords[0]","beginner","anfänger","","",""
"help-centre","entries.skill-level.keywords[1]","new","neu","","",""
"help-centre","entries.skill-level.keywords[2]","skill","niveau","","",""
"help-centre","entries.skill-level.keywords[3]","fargo","fargo","","",""
"help-centre","entries.skill-level.keywords[4]","rating","rating","","",""
"help-centre","entries.skill-level.keywords[5]","learn","lernen","","",""
"help-centre","entries.skill-level.links[0].label","Why do I have to connect first?","","","",""
"help-centre","entries.skill-level.links[1].label","How do I get on the map?","","","",""
"help-centre","entries.setup-questions.question","What are the three questions when I start?","Was sind die drei Fragen beim Start?","","",""
"help-centre","entries.setup-questions.summary","Your name, your country and town, and a club. Each one is about being findable — and you can leave at any point.","Dein Name, dein Land und Wohnort, und ein Club. Bei jeder Frage geht es darum, dass man dich finden kann — und du kannst jederzeit aussteigen.","","",""
"help-centre","entries.setup-questions.body[0]","The first time you open 8nOut it asks three short questions. They take about a minute, and you can leave at any point.","Beim ersten Öffnen von 8nOut stellt die App drei kurze Fragen. Sie dauern etwa eine Minute, und du kannst jederzeit aussteigen.","","",""
"help-centre","entries.setup-questions.body[1]","The first is the name you play under. This is the name on your row in a club's list, and the name other players search by. One word is fine — plenty of players here go by a handle.","Die erste ist der Name, unter dem du spielst. Das ist der Name in deiner Zeile in der Liste eines Clubs, und der Name, nach dem andere Spieler suchen. Ein einzelnes Wort reicht — viele Spieler hier verwenden einen Spitznamen.","","",""
"help-centre","entries.setup-questions.body[2]","The second is your country and town. Players filter the map by country and town, so without yours you are hard to find.","Die zweite ist dein Land und Wohnort. Spieler filtern die Karte nach Land und Ort, ohne deine Angaben bist du also schwer zu finden.","","",""
"help-centre","entries.setup-questions.body[3]","The third is a club. Your name goes on that club's list — the same list you see when you open a club on the map. If your club is not on 8nOut yet, you can add it and we will check it.","Die dritte ist ein Club. Dein Name kommt auf die Liste dieses Clubs — dieselbe Liste, die du siehst, wenn du einen Club auf der Karte öffnest. Ist dein Club noch nicht auf 8nOut, kannst du ihn hinzufügen, und wir prüfen ihn.","","",""
"help-centre","entries.setup-questions.body[4]","After the three questions comes one optional extra: linking your CueScore profile. You can pass on it.","Nach den drei Fragen kommt ein optionaler Zusatz: dein CueScore-Profil zu verknüpfen. Du kannst das überspringen.","","",""
"help-centre","entries.setup-questions.body[5]","Every screen has a way out, labelled Finish later, including the first one. No part of 8nOut is locked behind these questions. The map, connecting, your record and everything else work the same whether you answer them or not.","Jeder Bildschirm hat einen Ausstieg, beschriftet mit Später fertigstellen, auch der erste. Kein Teil von 8nOut ist hinter diesen Fragen verschlossen. Die Karte, das Verbinden, deine Ergebnisse und alles andere funktionieren gleich, egal ob du sie beantwortest oder nicht.","","",""
"help-centre","entries.setup-questions.body[6]","What does change is how easy you are to find. Without a name, nobody can tell who you are in a club's list or in search. Without a club, you are not on any club's list, so nobody finds you when they open a club on the map. You can fill either one in whenever you like.","Was sich ändert, ist, wie leicht man dich findet. Ohne Namen kann niemand erkennen, wer du bist, in der Liste eines Clubs oder in der Suche. Ohne Club stehst du auf keiner Clubliste, sodass dich niemand findet, wenn jemand einen Club auf der Karte öffnet. Beides kannst du jederzeit nachtragen.","","",""
"help-centre","entries.setup-questions.keywords[0]","setup","einrichtung","","",""
"help-centre","entries.setup-questions.keywords[1]","questions","fragen","","",""
"help-centre","entries.setup-questions.keywords[2]","onboarding","onboarding","","",""
"help-centre","entries.setup-questions.keywords[3]","name","name","","",""
"help-centre","entries.setup-questions.keywords[4]","town","wohnort","","",""
"help-centre","entries.setup-questions.keywords[5]","club","club","","",""
"help-centre","entries.setup-questions.keywords[6]","start","start","","",""
"help-centre","entries.setup-questions.keywords[7]","finish later","später fertigstellen","","",""
"help-centre","entries.setup-questions.links[0].label","Can I finish setting up later?","","","",""
"help-centre","entries.setup-questions.links[1].label","How do I get on the map?","","","",""
"help-centre","entries.finishing-setup-later.question","Can I finish setting up later?","Kann ich die Einrichtung später fertigstellen?","","",""
"help-centre","entries.finishing-setup-later.summary","Yes. Every screen has Finish later, a card on your Profile brings it back, and dismissing that card three times stops it for good.","Ja. Jeder Bildschirm hat Später fertigstellen, eine Karte auf deinem Profil holt es zurück, und diese Karte dreimal wegzuklicken beendet es endgültig.","","",""
"help-centre","entries.finishing-setup-later.body[0]","Yes. Every screen has a way out, labelled Finish later, and taking it costs you nothing you cannot pick up again.","Ja. Jeder Bildschirm hat einen Ausstieg, beschriftet mit Später fertigstellen, und ihn zu nutzen kostet dich nichts, was du nicht später nachholen kannst.","","",""
"help-centre","entries.finishing-setup-later.body[1]","If you leave partway, a card appears on your Profile showing what is still open, with a button back to where you stopped. You can use it whenever you feel like it.","Brichst du auf halbem Weg ab, erscheint auf deinem Profil eine Karte, die zeigt, was noch offen ist, mit einer Schaltfläche zurück zu der Stelle, an der du aufgehört hast. Du kannst sie nutzen, wann immer du magst.","","",""
"help-centre","entries.finishing-setup-later.body[2]","If you would rather not be asked now, dismiss the card and it goes quiet for a week. Dismiss it a second time and it goes quiet for two weeks, a third time for a month — and after that third time the card does not come back at all.","Möchtest du jetzt lieber nicht gefragt werden, schließt du die Karte, und sie bleibt eine Woche still. Schließt du sie ein zweites Mal, bleibt sie zwei Wochen still, ein drittes Mal einen Monat — und nach diesem dritten Mal kommt die Karte gar nicht mehr zurück.","","",""
"help-centre","entries.finishing-setup-later.body[3]","What is left after that is one quiet line on your Profile with a Finish link. It never interrupts you again, and it is there if you change your mind.","Was danach bleibt, ist eine ruhige Zeile auf deinem Profil mit einem Fertigstellen-Link. Sie unterbricht dich nie wieder und ist da, falls du deine Meinung änderst.","","",""
"help-centre","entries.finishing-setup-later.body[4]","Dismissing is remembered by 8nOut rather than by the device, so quieting the card on your phone also quiets it in the web app.","8nOut merkt sich das Schließen selbst, nicht das Gerät, daher macht das Stummschalten der Karte auf deinem Handy sie auch in der Web-App still.","","",""
"help-centre","entries.finishing-setup-later.body[5]","None of this changes what you can do in 8nOut. The questions make you easier to find; they do not stand between you and anything.","Nichts davon ändert, was du in 8nOut tun kannst. Die Fragen machen dich leichter auffindbar; sie stehen dir nirgendwo im Weg.","","",""
"help-centre","entries.finishing-setup-later.keywords[0]","later","später","","",""
"help-centre","entries.finishing-setup-later.keywords[1]","skip","überspringen","","",""
"help-centre","entries.finishing-setup-later.keywords[2]","finish later","später fertigstellen","","",""
"help-centre","entries.finishing-setup-later.keywords[3]","banner","banner","","",""
"help-centre","entries.finishing-setup-later.keywords[4]","dismiss","schließen","","",""
"help-centre","entries.finishing-setup-later.keywords[5]","reminder","erinnerung","","",""
"help-centre","entries.finishing-setup-later.keywords[6]","profile","profil","","",""
"help-centre","entries.finishing-setup-later.links[0].label","What the three questions are","","","",""
"help-centre","entries.finishing-setup-later.links[1].label","My club is not on the map","","","",""
"help-centre","entries.club-not-added.question","My club is not on the map. What now?","Mein Club ist nicht auf der Karte. Was jetzt?","","",""
"help-centre","entries.club-not-added.summary","Three different things can be going on — the club is waiting to be looked at, it was not added, or you have not picked one yet. Each has its own next step.","Drei verschiedene Dinge können vorliegen — der Club wartet auf Prüfung, er wurde nicht hinzugefügt, oder du hast noch keinen ausgewählt. Für jede Situation gibt es einen eigenen nächsten Schritt.","","",""
"help-centre","entries.club-not-added.body[0]","Clubs are added by the community, so yours may not be on 8nOut yet. There are three situations, and your Clubs list on your profile tells you which one you are in.","Clubs werden von der Community hinzugefügt, deiner ist also möglicherweise noch nicht auf 8nOut. Es gibt drei mögliche Situationen, und deine Clubs-Liste auf deinem Profil zeigt dir, in welcher du dich befindest.","","",""
"help-centre","entries.club-not-added.body[1]","It is waiting to be looked at. You submitted a new venue and it is marked pending review. It is on your clubs already. Once it is approved, the club goes on the map and your name is on its list. Until then, you are not on any club's list. You can check on it any time under Clubs on your profile.","Er wartet auf Prüfung. Du hast einen neuen Standort eingereicht, und er ist als in Prüfung markiert. Er steht schon bei deinen Clubs. Sobald er genehmigt ist, kommt der Club auf die Karte und dein Name auf seine Liste. Bis dahin stehst du auf keiner Clubliste. Den Status kannst du jederzeit unter Clubs auf deinem Profil prüfen.","","",""
"help-centre","entries.club-not-added.body[2]","It was not added. Not every venue makes it onto the map. It is still on your profile, but you are not on any club's list. Pick a club that is already on the map and you are on its list straight away.","Er wurde nicht hinzugefügt. Nicht jeder Standort schafft es auf die Karte. Er bleibt auf deinem Profil stehen, aber du bist auf keiner Clubliste. Wähle einen Club, der schon auf der Karte ist, und du stehst sofort auf dessen Liste.","","",""
"help-centre","entries.club-not-added.body[3]","You have not picked one yet. Open Clubs on your profile and search for the club you play at. If it is there, choose it and you are on its list. If it is not there, you can submit it.","Du hast noch keinen ausgewählt. Öffne Clubs auf deinem Profil und suche nach dem Club, in dem du spielst. Ist er dabei, wähle ihn aus, und du stehst auf der Liste. Ist er nicht dabei, kannst du ihn einreichen.","","",""
"help-centre","entries.club-not-added.body[4]","One thing worth knowing either way: the map is for public pool venues — a club, a hall, a bar with a table. A home or a private address is not added to it.","Eine Sache, die so oder so wichtig ist: Die Karte ist für öffentliche Poolstandorte — einen Club, eine Halle, eine Bar mit Tisch. Ein Zuhause oder eine private Adresse wird nicht hinzugefügt.","","",""
"help-centre","entries.club-not-added.body[5]","Whichever of the three you are in, nothing else about your account changes, and everything else in 8nOut carries on working.","Egal, in welcher der drei Situationen du dich befindest — sonst ändert sich nichts an deinem Konto, und alles andere in 8nOut funktioniert weiter wie gewohnt.","","",""
"help-centre","entries.club-not-added.keywords[0]","club","club","","",""
"help-centre","entries.club-not-added.keywords[1]","missing","fehlt","","",""
"help-centre","entries.club-not-added.keywords[2]","not on the map","nicht auf der karte","","",""
"help-centre","entries.club-not-added.keywords[3]","pending","in prüfung","","",""
"help-centre","entries.club-not-added.keywords[4]","review","prüfung","","",""
"help-centre","entries.club-not-added.keywords[5]","not approved","nicht genehmigt","","",""
"help-centre","entries.club-not-added.keywords[6]","venue","standort","","",""
"help-centre","entries.club-not-added.links[0].label","How do I add a club to the map?","","","",""
"help-centre","entries.club-not-added.links[1].label","How do I get on the map?","","","",""
"help-centre","entries.ready-to-play.question","What does Ready to play mean?","Was bedeutet Bereit zu spielen?","","",""
"help-centre","entries.ready-to-play.summary","A switch on your profile, called Open to play. Turn it on and your row on a club's list reads Ready to play.","Ein Schalter auf deinem Profil namens Offen zum Spielen. Schaltest du ihn ein, zeigt deine Zeile in der Liste eines Clubs Bereit zu spielen.","","",""
"help-centre","entries.ready-to-play.body[0]","Open to play is a switch on your profile. It is the one thing on 8nOut that says you are up for a game at the moment, rather than in general.","Offen zum Spielen ist ein Schalter auf deinem Profil. Es ist die einzige Stelle in 8nOut, die zeigt, dass du gerade jetzt Lust auf ein Spiel hast, statt allgemein.","","",""
"help-centre","entries.ready-to-play.body[1]","Turn it on and your row on your club's list reads Ready to play. So does your public profile, which anyone with the link can open, signed in or not. You are on the list either way.","Schaltest du ihn ein, zeigt deine Zeile in der Liste deines Clubs Bereit zu spielen. Genauso dein öffentliches Profil, das jeder mit dem Link öffnen kann, angemeldet oder nicht. Auf der Liste stehst du so oder so.","","",""
"help-centre","entries.ready-to-play.body[2]","If your club is still waiting to be looked at, there is no club list carrying your row yet. In that case your name carries Ready to play in player search and on your public profile.","Wartet dein Club noch auf Prüfung, gibt es noch keine Clubliste mit deiner Zeile. In dem Fall trägt dein Name Bereit zu spielen in der Spielersuche und auf deinem öffentlichen Profil.","","",""
"help-centre","entries.ready-to-play.body[3]","Turn it off and nothing else changes. You are on the list either way — the switch only says whether you are up for a game right now.","Schaltest du ihn aus, ändert sich sonst nichts. Auf der Liste stehst du so oder so — der Schalter sagt nur, ob du gerade jetzt Lust auf ein Spiel hast.","","",""
"help-centre","entries.ready-to-play.body[4]","It is a switch, not a promise. Turn it on before a weekend and off again on Monday. Nobody is told either way.","Es ist ein Schalter, kein Versprechen. Schalte ihn vor einem Wochenende ein und am Montag wieder aus. Niemand wird davon benachrichtigt, in keine Richtung.","","",""
"help-centre","entries.ready-to-play.keywords[0]","ready to play","bereit zu spielen","","",""
"help-centre","entries.ready-to-play.keywords[1]","open to play","offen zum spielen","","",""
"help-centre","entries.ready-to-play.keywords[2]","available","verfügbar","","",""
"help-centre","entries.ready-to-play.keywords[3]","switch","schalter","","",""
"help-centre","entries.ready-to-play.keywords[4]","toggle","ein/aus","","",""
"help-centre","entries.ready-to-play.keywords[5]","up for a game","lust auf ein spiel","","",""
"help-centre","entries.ready-to-play.links[0].label","How do I get on the map?","","","",""
"help-centre","entries.ready-to-play.links[1].label","Why do I have to connect first?","","","",""
"help-centre","entries.getting-on-the-map.question","How do I get on the map?","Wie komme ich auf die Karte?","","",""
"help-centre","entries.getting-on-the-map.summary","You do not get a pin of your own. Add the club you play at, and your name is on that club's list — which is what other players open.","Du bekommst keine eigene Stecknadel. Füge den Club hinzu, in dem du spielst, dann steht dein Name auf dessen Liste — genau das öffnen andere Spieler.","","",""
"help-centre","entries.getting-on-the-map.body[0]","The pins on the map are clubs. You do not get a pin of your own, and you do not need one.","Die Stecknadeln auf der Karte sind Clubs. Du bekommst keine eigene Stecknadel, und du brauchst auch keine.","","",""
"help-centre","entries.getting-on-the-map.body[1]","Add the club you play at, and your name goes on that club's list — the same list you see when you open a club on the map. That is how other players find you: they look at the clubs near them and see who plays there.","Füge den Club hinzu, in dem du spielst, und dein Name kommt auf dessen Liste — dieselbe Liste, die du siehst, wenn du einen Club auf der Karte öffnest. So finden dich andere Spieler: Sie schauen sich die Clubs in ihrer Nähe an und sehen, wer dort spielt.","","",""
"help-centre","entries.getting-on-the-map.body[2]","You can add up to three clubs, so if you play in more than one place, add them all.","Du kannst bis zu drei Clubs hinzufügen — spielst du an mehreren Orten, füge sie alle hinzu.","","",""
"help-centre","entries.getting-on-the-map.body[3]","If your club is not on 8nOut yet, you can submit it. It goes on the map once it has been approved, and until then you are on no club's list.","Ist dein Club noch nicht auf 8nOut, kannst du ihn einreichen. Er kommt auf die Karte, sobald er genehmigt ist, und bis dahin stehst du auf keiner Clubliste.","","",""
"help-centre","entries.getting-on-the-map.body[4]","The other thing worth filling in is your country and town. Players filter the map by country and town, so without yours you are hard to find.","Das andere, was sich lohnt einzutragen, sind dein Land und Wohnort. Spieler filtern die Karte nach Land und Ort, ohne deine Angaben bist du also schwer zu finden.","","",""
"help-centre","entries.getting-on-the-map.keywords[0]","map","karte","","",""
"help-centre","entries.getting-on-the-map.keywords[1]","pin","stecknadel","","",""
"help-centre","entries.getting-on-the-map.keywords[2]","visible","sichtbar","","",""
"help-centre","entries.getting-on-the-map.keywords[3]","findable","auffindbar","","",""
"help-centre","entries.getting-on-the-map.keywords[4]","club list","clubliste","","",""
"help-centre","entries.getting-on-the-map.keywords[5]","roster","spielerliste","","",""
"help-centre","entries.getting-on-the-map.keywords[6]","town","wohnort","","",""
"help-centre","entries.getting-on-the-map.links[0].label","How do I add a club to the map?","","","",""
"help-centre","entries.getting-on-the-map.links[1].label","My club is not on the map","","","",""
"help-centre","entries.getting-on-the-map.links[2].label","How do I filter the map?","","","",""
"help-centre","entries.filtering-the-map.question","How do I filter the map?","Wie filtere ich die Karte?","","",""
"help-centre","entries.filtering-the-map.summary","Narrow it by open to play, country and city. The filters stack, and clearing them brings everything back.","Grenze sie ein nach offen zum Spielen, Land und Stadt. Die Filter kombinieren sich, und sie zurücksetzen bringt alles zurück.","","",""
"help-centre","entries.filtering-the-map.body[0]","The map gets busy, so you can narrow it down.","Die Karte wird schnell voll, deshalb kannst du sie eingrenzen.","","",""
"help-centre","entries.filtering-the-map.body[1]","In the iPhone app, tap the filter button at the top right of the Map tab. You get three things: an Open to play only switch, a country and a city.","Tippe in der iPhone-App oben rechts im Tab Karte auf die Filterschaltfläche. Du bekommst drei Dinge: einen Schalter Nur offen zum Spielen, ein Land und eine Stadt.","","",""
"help-centre","entries.filtering-the-map.body[2]","In the web app the same three sit on the map itself, as controls you tap or choose from.","In der Web-App stehen dieselben drei direkt auf der Karte, als Bedienelemente zum Antippen oder Auswählen.","","",""
"help-centre","entries.filtering-the-map.body[3]","The filters stack. Pick a country and then a city and the map narrows further and zooms to fit what is left. Clear them and everything comes back.","Die Filter kombinieren sich. Wähle ein Land und dann eine Stadt, und die Karte grenzt sich weiter ein und zoomt auf das Verbleibende. Setze sie zurück, und alles kommt wieder zurück.","","",""
"help-centre","entries.filtering-the-map.keywords[0]","filter","filter","","",""
"help-centre","entries.filtering-the-map.keywords[1]","search","suche","","",""
"help-centre","entries.filtering-the-map.keywords[2]","country","land","","",""
"help-centre","entries.filtering-the-map.keywords[3]","city","stadt","","",""
"help-centre","entries.filtering-the-map.keywords[4]","narrow","eingrenzen","","",""
"help-centre","entries.filtering-the-map.keywords[5]","map","karte","","",""
"help-centre","entries.filtering-the-map.links[0].label","How do I get on the map?","","","",""
"help-centre","entries.adding-a-club.question","How do I add a club to the map?","Wie füge ich einen Club zur Karte hinzu?","","",""
"help-centre","entries.adding-a-club.summary","Search for it first. If it is not there, submit it — a person reads every new venue, and it goes on the map once it is approved.","Suche zuerst. Ist er nicht dabei, reiche ihn ein — jeder neue Standort wird von einer Person geprüft und kommt auf die Karte, sobald er genehmigt ist.","","",""
"help-centre","entries.adding-a-club.body[0]","Clubs get onto the map because players put them there, so if yours is missing you can add it yourself.","Clubs kommen auf die Karte, weil Spieler sie dort hinzufügen, also kannst du deinen selbst hinzufügen, wenn er fehlt.","","",""
"help-centre","entries.adding-a-club.body[1]","Go to your profile, open Clubs and choose to add a club. Search first — it may already be on 8nOut under a slightly different name. If it is there, pick it and you are done.","Gehe zu deinem Profil, öffne Clubs und wähle, einen Club hinzuzufügen. Suche zuerst — er ist vielleicht schon unter leicht anderem Namen auf 8nOut. Ist er dabei, wähle ihn aus, und du bist fertig.","","",""
"help-centre","entries.adding-a-club.body[2]","If it is not there, submit it as a new venue. While you type the name, 8nOut shows matching clubs it already has — if yours appears, pick it and you are done.","Ist er nicht dabei, reiche ihn als neuen Standort ein. Während du den Namen eintippst, zeigt 8nOut passende Clubs, die schon vorhanden sind — erscheint deiner, wähle ihn aus, und du bist fertig.","","",""
"help-centre","entries.adding-a-club.body[3]","A person reads every new venue before it goes on the map, so give it a little time. In the meantime it sits in your own club list, marked pending review.","Jeder neue Standort wird von einer Person geprüft, bevor er auf die Karte kommt, gib es also etwas Zeit. In der Zwischenzeit steht er in deiner eigenen Clubliste, markiert als in Prüfung.","","",""
"help-centre","entries.adding-a-club.body[4]","Once it is approved, the club is on the map and your name is on its list. Until then, you are not on any club's list.","Sobald er genehmigt ist, steht der Club auf der Karte und dein Name auf dessen Liste. Bis dahin stehst du auf keiner Clubliste.","","",""
"help-centre","entries.adding-a-club.body[5]","One rule: the map is for public pool venues — clubs, halls, bars with a table. Never a home or a private address.","Eine Regel: Die Karte ist für öffentliche Poolstandorte — Clubs, Hallen, Bars mit Tisch. Niemals ein Zuhause oder eine private Adresse.","","",""
"help-centre","entries.adding-a-club.keywords[0]","add club","club hinzufügen","","",""
"help-centre","entries.adding-a-club.keywords[1]","new venue","neuer standort","","",""
"help-centre","entries.adding-a-club.keywords[2]","submit","einreichen","","",""
"help-centre","entries.adding-a-club.keywords[3]","missing club","club fehlt","","",""
"help-centre","entries.adding-a-club.keywords[4]","pool room","poolraum","","",""
"help-centre","entries.adding-a-club.keywords[5]","approval","genehmigung","","",""
"help-centre","entries.adding-a-club.links[0].label","My club is not on the map","","","",""
"help-centre","entries.adding-a-club.links[1].label","How do I get on the map?","","","",""
"help-centre","entries.map-numbers.question","What do the numbers above the map mean?","Was bedeuten die Zahlen über der Karte?","","",""
"help-centre","entries.map-numbers.summary","Online now is how many members are active across 8nOut right now. Active games is how many live scoreboard games are in progress at the moment.","Jetzt online zeigt, wie viele Mitglieder gerade insgesamt auf 8nOut aktiv sind. Laufende Spiele zeigt, wie viele Live-Anzeigetafeln gerade in Gang sind.","","",""
"help-centre","entries.map-numbers.body[0]","Online now counts members active across the whole of 8nOut right now — not just the ones near you or at your club.","Jetzt online zählt Mitglieder, die gerade auf ganz 8nOut aktiv sind — nicht nur die in deiner Nähe oder bei deinem Club.","","",""
"help-centre","entries.map-numbers.body[1]","Active games counts live scoreboard games in progress right now. It is a live count, not a list, so tapping it does not open anything.","Laufende Spiele zählt Live-Anzeigetafeln, die gerade in Gang sind. Es ist eine Live-Zählung, keine Liste, ein Antippen öffnet also nichts.","","",""
"help-centre","entries.map-numbers.keywords[0]","online now","jetzt online","","",""
"help-centre","entries.map-numbers.keywords[1]","active games","laufende spiele","","",""
"help-centre","entries.map-numbers.keywords[2]","heartbeat","kartenstatistik","","",""
"help-centre","entries.map-numbers.keywords[3]","map stats","live-anzeigetafel","","",""
"help-centre","entries.map-numbers.keywords[4]","live scoreboard","zahlen über der karte","","",""
"help-centre","entries.map-numbers.keywords[5]","numbers above the map","","","",""
"help-centre","entries.map-numbers.links[0].label","How do I get on the map?","","","",""
"help-centre","entries.map-numbers.links[1].label","How do I filter the map?","","","",""
"help-centre","entries.how-connecting-works.question","Why do I have to connect before I can contact someone?","Warum muss ich mich erst verbinden, bevor ich jemanden kontaktieren kann?","","",""
"help-centre","entries.how-connecting-works.summary","Because being on the map is not the same as agreeing to be contacted. Connecting is how the other player says yes.","Weil auf der Karte zu stehen nicht dasselbe ist wie zuzustimmen, kontaktiert zu werden. Verbinden ist, wie der andere Spieler Ja sagt.","","",""
"help-centre","entries.how-connecting-works.body[0]","Because being on the map is not the same as agreeing to be contacted.","Weil auf der Karte zu stehen nicht dasselbe ist wie zuzustimmen, kontaktiert zu werden.","","",""
"help-centre","entries.how-connecting-works.body[1]","So on 8nOut you find someone, and then you ask. You send a connection request; they accept, or they do not. Contact details are only visible to accepted connections, so until they have accepted there is nothing of theirs to see, and nothing of yours either.","Auf 8nOut findest du also jemanden, und dann fragst du. Du schickst eine Verbindungsanfrage; die andere Person nimmt an, oder auch nicht. Kontaktdaten sind nur für angenommene Verbindungen sichtbar, also gibt es bis zur Annahme nichts von der anderen Person zu sehen, und auch nichts von dir.","","",""
"help-centre","entries.how-connecting-works.body[2]","It works in your favour in both directions. If a request does not appeal to you, you decline it and that is the end of it — no message is sent, and the other player cannot reach you.","Es funktioniert in beide Richtungen zu deinem Vorteil. Spricht dich eine Anfrage nicht an, lehnst du sie ab, und damit ist die Sache erledigt — es wird keine Nachricht verschickt, und die andere Person kann dich nicht erreichen.","","",""
"help-centre","entries.how-connecting-works.body[3]","This is the part of 8nOut people question most, so it is worth being plain about why. A map of players only works if players are willing to be on it, and knowing that a stranger cannot simply pick up your number is what makes that willingness possible. The small step of asking first is what buys it.","Das ist der Teil von 8nOut, den Leute am meisten hinterfragen, deshalb lohnt es sich, klar zu sagen, warum. Eine Karte von Spielern funktioniert nur, wenn Spieler bereit sind, darauf zu stehen, und zu wissen, dass sich Fremde nicht einfach deine Nummer schnappen können, macht diese Bereitschaft möglich. Der kleine Schritt, erst zu fragen, ist der Preis dafür.","","",""
"help-centre","entries.how-connecting-works.body[4]","And it does not have to be slow. If you are standing next to the person, you do not need a request at all — show your connect code, they scan it, and you are connected on the spot.","Und es muss nicht langsam gehen. Stehst du direkt neben der Person, brauchst du gar keine Anfrage — zeig deinen Verbindungscode, sie scannt ihn, und ihr seid sofort verbunden.","","",""
"help-centre","entries.how-connecting-works.keywords[0]","connect","verbinden","","",""
"help-centre","entries.how-connecting-works.keywords[1]","request","anfrage","","",""
"help-centre","entries.how-connecting-works.keywords[2]","contact","kontakt","","",""
"help-centre","entries.how-connecting-works.keywords[3]","accept","annehmen","","",""
"help-centre","entries.how-connecting-works.keywords[4]","decline","ablehnen","","",""
"help-centre","entries.how-connecting-works.keywords[5]","privacy","datenschutz","","",""
"help-centre","entries.how-connecting-works.keywords[6]","why","warum","","",""
"help-centre","entries.how-connecting-works.links[0].label","What is my connect code?","","","",""
"help-centre","entries.how-connecting-works.links[1].label","How do I remove a connection?","","","",""
"help-centre","entries.connect-code.question","What is my connect code?","Was ist mein Verbindungscode?","","",""
"help-centre","entries.connect-code.summary","Your own QR code and link. Show it to a player in front of you, they scan it, and you are connected straight away — no request to accept.","Dein eigener QR-Code und Link. Zeig ihn einem Spieler, der vor dir steht, er scannt ihn, und ihr seid sofort verbunden — keine Anfrage zum Annehmen.","","",""
"help-centre","entries.connect-code.body[0]","Your connect code is the quick way to connect with somebody who is standing in front of you.","Dein Verbindungscode ist die schnelle Möglichkeit, dich mit jemandem zu verbinden, der vor dir steht.","","",""
"help-centre","entries.connect-code.body[1]","Open your profile, find the Open to play card and choose My connect code. It is in the same place on the iPhone app and in the web app. From there you can show your own QR code for someone to scan, scan theirs, or share your link by message or in a group.","Öffne dein Profil, suche die Karte Offen zum Spielen und wähle Mein Verbindungscode. Er ist an derselben Stelle in der iPhone-App und in der Web-App. Von dort aus kannst du deinen eigenen QR-Code zeigen, den einer anderen Person scannen, oder deinen Link per Nachricht oder in einer Gruppe teilen.","","",""
"help-centre","entries.connect-code.body[2]","A scanned code, or an opened link, connects you both immediately. There is no request to send and nothing to accept — showing your code is the yes.","Ein gescannter Code oder ein geöffneter Link verbindet euch beide sofort. Es gibt keine Anfrage zu schicken und nichts anzunehmen — deinen Code zu zeigen ist das Ja.","","",""
"help-centre","entries.connect-code.body[3]","If your code ever ends up somewhere you did not intend, a screenshot in a group chat for instance, you can reset it. Your current QR and link stop working right away, and anyone already connected with you stays connected.","Landet dein Code jemals irgendwo, wo du das nicht wolltest, etwa als Screenshot in einem Gruppenchat, kannst du ihn zurücksetzen. Dein aktueller QR-Code und Link funktionieren dann sofort nicht mehr, und alle, die bereits mit dir verbunden sind, bleiben verbunden.","","",""
"help-centre","entries.connect-code.keywords[0]","connect code","verbindungscode","","",""
"help-centre","entries.connect-code.keywords[1]","qr","qr","","",""
"help-centre","entries.connect-code.keywords[2]","scan","scannen","","",""
"help-centre","entries.connect-code.keywords[3]","link","link","","",""
"help-centre","entries.connect-code.keywords[4]","in person","persönlich","","",""
"help-centre","entries.connect-code.keywords[5]","reset","zurücksetzen","","",""
"help-centre","entries.connect-code.links[0].label","Why do I have to connect first?","","","",""
"help-centre","entries.removing-a-connection.question","How do I remove a connection?","Wie entferne ich eine Verbindung?","","",""
"help-centre","entries.removing-a-connection.summary","Open the Connections tab, find the player and choose Remove. Matches you already played against each other stay in both records.","Öffne den Tab Verbindungen, suche den Spieler und wähle Entfernen. Matches, die ihr bereits gegeneinander gespielt habt, bleiben in beiden Aufzeichnungen erhalten.","","",""
"help-centre","entries.removing-a-connection.body[0]","A connection is not permanent. If you would rather not be connected to someone any more, you can undo it.","Eine Verbindung ist nicht dauerhaft. Möchtest du mit jemandem lieber nicht mehr verbunden sein, kannst du das rückgängig machen.","","",""
"help-centre","entries.removing-a-connection.body[1]","Open the Connections tab, find the player and choose Remove.","Öffne den Tab Verbindungen, suche den Spieler und wähle Entfernen.","","",""
"help-centre","entries.removing-a-connection.body[2]","After that you will lose each other's contact details, and any address shared for a game.","Danach verliert ihr gegenseitig die Kontaktdaten, sowie jede Adresse, die für ein Spiel geteilt wurde.","","",""
"help-centre","entries.removing-a-connection.body[3]","Matches you already played against each other stay in both records. They happened, and neither of you loses your own history.","Matches, die ihr bereits gegeneinander gespielt habt, bleiben in beiden Aufzeichnungen erhalten. Sie haben stattgefunden, und keiner von euch beiden verliert seine eigene Historie.","","",""
"help-centre","entries.removing-a-connection.body[4]","You can connect again later if you both want to. Removing is not a door that locks behind you.","Ihr könnt euch später wieder verbinden, wenn ihr beide das möchtet. Entfernen ist keine Tür, die sich hinter dir verschließt.","","",""
"help-centre","entries.removing-a-connection.keywords[0]","remove","entfernen","","",""
"help-centre","entries.removing-a-connection.keywords[1]","disconnect","trennen","","",""
"help-centre","entries.removing-a-connection.keywords[2]","undo","rückgängig machen","","",""
"help-centre","entries.removing-a-connection.keywords[3]","connection","verbindung","","",""
"help-centre","entries.removing-a-connection.keywords[4]","revoke","widerrufen","","",""
"help-centre","entries.removing-a-connection.links[0].label","Why do I have to connect first?","","","",""
"help-centre","entries.logging-a-match.question","How do I record a game I played in person?","Wie erfasse ich ein Spiel, das ich persönlich gespielt habe?","","",""
"help-centre","entries.logging-a-match.summary","Once a game you arranged in 8nOut has been accepted, the Challenges tab lets you log the result by hand.","Sobald ein über 8nOut vereinbartes Spiel angenommen wurde, kannst du im Tab Herausforderungen das Ergebnis von Hand eintragen.","","",""
"help-centre","entries.logging-a-match.body[0]","Not every game happens on CueScore. If you arranged one through 8nOut, you can record the result yourself.","Nicht jedes Spiel läuft über CueScore. Hast du eines über 8nOut vereinbart, kannst du das Ergebnis selbst erfassen.","","",""
"help-centre","entries.logging-a-match.body[1]","Invite the player from their profile or from your Connections. Once they have accepted, the game shows in your Challenges tab with a Log result button.","Lade den Spieler von seinem Profil oder aus deinen Verbindungen ein. Sobald er angenommen hat, erscheint das Spiel in deinem Tab Herausforderungen mit einer Schaltfläche Ergebnis erfassen.","","",""
"help-centre","entries.logging-a-match.body[2]","Choose who won and, if you want, the score. That is the whole thing.","Wähle, wer gewonnen hat, und wenn du willst, das Ergebnis. Das ist schon alles.","","",""
"help-centre","entries.logging-a-match.body[3]","The result then counts in your record, and in the head-to-head between the two of you.","Das Ergebnis zählt danach in deiner Bilanz, sowie im direkten Vergleich zwischen euch beiden.","","",""
"help-centre","entries.logging-a-match.body[4]","This route is for games arranged inside 8nOut. For a match you played on CueScore, you import it instead — that is a different answer.","Dieser Weg ist für Spiele, die innerhalb von 8nOut vereinbart wurden. Für ein Match, das du auf CueScore gespielt hast, importierst du es stattdessen — das ist eine andere Antwort.","","",""
"help-centre","entries.logging-a-match.keywords[0]","log","erfassen","","",""
"help-centre","entries.logging-a-match.keywords[1]","record","ergebnis","","",""
"help-centre","entries.logging-a-match.keywords[2]","result","herausforderung","","",""
"help-centre","entries.logging-a-match.keywords[3]","challenge","persönlich","","",""
"help-centre","entries.logging-a-match.keywords[4]","in person","spielstand","","",""
"help-centre","entries.logging-a-match.keywords[5]","score","manuell","","",""
"help-centre","entries.logging-a-match.keywords[6]","manual","","","",""
"help-centre","entries.logging-a-match.links[0].label","Importing a CueScore match","","","",""
"help-centre","entries.importing-a-match.question","How do I add a match I played on CueScore?","Wie füge ich ein Match hinzu, das ich auf CueScore gespielt habe?","","",""
"help-centre","entries.importing-a-match.summary","Paste the link of a finished match you played. 8nOut reads the final score and puts it in your record.","Füge den Link eines beendeten Matches ein, das du gespielt hast. 8nOut liest das Endergebnis und trägt es in deine Bilanz ein.","","",""
"help-centre","entries.importing-a-match.body[0]","Matches are created, played and scored on CueScore. 8nOut does not create anything there — it reads a match you have already finished and keeps the result in your record.","Matches werden auf CueScore erstellt, gespielt und gewertet. 8nOut erstellt dort nichts — es liest ein Match, das du bereits beendet hast, und speichert das Ergebnis in deiner Bilanz.","","",""
"help-centre","entries.importing-a-match.body[1]","You need your CueScore profile linked first. Then open your profile, go to Record and choose to import a CueScore match.","Du brauchst zunächst dein verknüpftes CueScore-Profil. Öffne dann dein Profil, gehe zu Bilanz und wähle, ein CueScore-Match zu importieren.","","",""
"help-centre","entries.importing-a-match.body[2]","On CueScore, open the match you played and copy its link. Paste it into 8nOut and look the match up. You will see the result, your opponent and the venue, and then you confirm the import.","Öffne auf CueScore das Match, das du gespielt hast, und kopiere dessen Link. Füge ihn in 8nOut ein und suche das Match. Du siehst dann das Ergebnis, deinen Gegner und den Austragungsort, und bestätigst danach den Import.","","",""
"help-centre","entries.importing-a-match.body[3]","Two limits are worth knowing. The match has to be finished on CueScore, so finish it there first. And it has to be a match you played — 8nOut checks it against your own linked CueScore profile, so you cannot import somebody else's.","Zwei Einschränkungen sind wichtig zu wissen. Das Match muss auf CueScore beendet sein, beende es also dort zuerst. Und es muss ein Match sein, das du gespielt hast — 8nOut prüft das gegen dein eigenes verknüpftes CueScore-Profil, du kannst also nicht das Match einer anderen Person importieren.","","",""
"help-centre","entries.importing-a-match.body[4]","Your opponent does not need to be on 8nOut. If they are, the match shows on their record too.","Dein Gegner muss nicht auf 8nOut sein. Ist er es, erscheint das Match auch in seiner Bilanz.","","",""
"help-centre","entries.importing-a-match.body[5]","For a game you arranged inside 8nOut there is a second route that has nothing to do with CueScore: you log the result by hand.","Für ein Spiel, das du innerhalb von 8nOut vereinbart hast, gibt es einen zweiten Weg, der nichts mit CueScore zu tun hat: Du erfasst das Ergebnis von Hand.","","",""
"help-centre","entries.importing-a-match.keywords[0]","import","importieren","","",""
"help-centre","entries.importing-a-match.keywords[1]","cuescore","cuescore","","",""
"help-centre","entries.importing-a-match.keywords[2]","match","match","","",""
"help-centre","entries.importing-a-match.keywords[3]","record","bilanz","","",""
"help-centre","entries.importing-a-match.keywords[4]","result","ergebnis","","",""
"help-centre","entries.importing-a-match.keywords[5]","link","link","","",""
"help-centre","entries.importing-a-match.links[0].label","Recording a game you played in person","","","",""
"help-centre","entries.why-rotate-my-phone.question","Why is 8nOut suggesting I rotate my phone during a live match?","Warum schlägt 8nOut vor, mein Handy während eines laufenden Matches zu drehen?","","",""
"help-centre","entries.why-rotate-my-phone.summary","It's a suggestion for a bigger scoreboard, not a requirement. Dismiss it with the small X, or just carry on playing in portrait.","Es ist ein Vorschlag für eine größere Anzeigetafel, keine Pflicht. Schließe ihn mit dem kleinen X, oder spiele einfach im Hochformat weiter.","","",""
"help-centre","entries.why-rotate-my-phone.body[0]","During a live or pending match, 8nOut shows a small banner on the scoreboard: Rotate for a bigger scoreboard. Turning your phone sideways gives the scoreboard more room — that is the whole reason for it.","Während eines laufenden oder anstehenden Matches zeigt 8nOut ein kleines Banner auf der Anzeigetafel: Für eine größere Anzeigetafel drehen. Das Handy quer zu halten gibt der Anzeigetafel mehr Platz — das ist der einzige Grund dafür.","","",""
"help-centre","entries.why-rotate-my-phone.body[1]","It is a suggestion, not a requirement. 8nOut has never locked the scoreboard to one orientation. Every part of it works exactly the same in portrait, so leave your phone as it is if you would rather.","Es ist ein Vorschlag, keine Pflicht. 8nOut hat die Anzeigetafel nie auf eine Ausrichtung festgelegt. Jeder Teil funktioniert im Hochformat genauso, lass dein Handy also einfach so, wenn du das lieber möchtest.","","",""
"help-centre","entries.why-rotate-my-phone.body[2]","Both the player keeping score and anyone watching see the same banner, for as long as the match is live or pending. Dismiss it with the small X in the corner and it is gone for that visit to the scoreboard. Close the screen and open it again later, and the banner is back — dismissing it is not remembered.","Sowohl der Spieler, der den Spielstand führt, als auch alle Zuschauer sehen dasselbe Banner, solange das Match läuft oder ansteht. Schließe es mit dem kleinen X in der Ecke, und es ist für diesen Besuch der Anzeigetafel verschwunden. Schließt du den Bildschirm und öffnest ihn später wieder, ist das Banner zurück — das Schließen wird nicht gespeichert.","","",""
"help-centre","entries.why-rotate-my-phone.body[3]","On the iPhone app the banner only appears in portrait, and never on an iPad. On the web app you will see the same banner on a phone-sized, portrait screen.","In der iPhone-App erscheint das Banner nur im Hochformat, und nie auf einem iPad. In der Web-App siehst du dasselbe Banner auf einem handygroßen, hochformatigen Bildschirm.","","",""
"help-centre","entries.why-rotate-my-phone.keywords[0]","rotate","drehen","","",""
"help-centre","entries.why-rotate-my-phone.keywords[1]","rotate my phone","handy drehen","","",""
"help-centre","entries.why-rotate-my-phone.keywords[2]","landscape","querformat","","",""
"help-centre","entries.why-rotate-my-phone.keywords[3]","orientation","ausrichtung","","",""
"help-centre","entries.why-rotate-my-phone.keywords[4]","scoreboard","anzeigetafel","","",""
"help-centre","entries.why-rotate-my-phone.keywords[5]","live match","laufendes match","","",""
"help-centre","entries.why-rotate-my-phone.keywords[6]","banner","banner","","",""
"help-centre","entries.why-rotate-my-phone.keywords[7]","portrait","hochformat","","",""
"help-centre","entries.why-rotate-my-phone.links[0].label","Recording a game you played in person","","","",""
"help-centre","entries.why-rotate-my-phone.links[1].label","Importing a CueScore match","","","",""
"help-centre","entries.why-did-my-match-end-automatically.question","Why did my live match end without me tapping Finish match?","","","",""
"help-centre","entries.why-did-my-match-end-automatically.summary","Once a player reaches the race-to target, 8nOut ends the match automatically — nothing to tap or confirm. The same pop-up appears whether the match finished on its own or you ended it early.","","","",""
"help-centre","entries.why-did-my-match-end-automatically.body[0]","Every live match on 8nOut has a race to set for it — the number of racks a player needs to win. Reach that number and the match is over there and then. You do not need to tap Finish match to end it — 8nOut ends it for you, the moment the winning rack closes.","","","",""
"help-centre","entries.why-did-my-match-end-automatically.body[1]","Finish match is still there too, unchanged, for ending a match early — if you need to stop before the race is decided.","","","",""
"help-centre","entries.why-did-my-match-end-automatically.body[2]","Either way, the same pop-up appears with the final score. If you are the one keeping score, you get two choices: End, or Start new match. If you are only watching, you get End — only the player keeping score can start a rematch.","","","",""
"help-centre","entries.why-did-my-match-end-automatically.body[3]","Start new match copies over the race to, the alternate-break setting, and the venue and table from the match you just finished, so there is nothing to set up again. The one thing it always asks fresh is who breaks first — that is never decided for you.","","","",""
"help-centre","entries.why-did-my-match-end-automatically.body[4]","One thing worth knowing: once you tap Start new match, you can no longer go back and correct the match you just finished. The Edit result link only lives on that match's own summary screen, and starting a new match replaces it with the new one. If a result needs fixing, do that first — before you start again.","","","",""
"help-centre","entries.why-did-my-match-end-automatically.keywords[0]","race to","","","",""
"help-centre","entries.why-did-my-match-end-automatically.keywords[1]","auto finish","","","",""
"help-centre","entries.why-did-my-match-end-automatically.keywords[2]","automatically","","","",""
"help-centre","entries.why-did-my-match-end-automatically.keywords[3]","match finished","","","",""
"help-centre","entries.why-did-my-match-end-automatically.keywords[4]","finish match","","","",""
"help-centre","entries.why-did-my-match-end-automatically.keywords[5]","start new match","","","",""
"help-centre","entries.why-did-my-match-end-automatically.keywords[6]","rematch","","","",""
"help-centre","entries.why-did-my-match-end-automatically.keywords[7]","who breaks first","","","",""
"help-centre","entries.why-did-my-match-end-automatically.keywords[8]","edit result","","","",""
"help-centre","entries.why-did-my-match-end-automatically.keywords[9]","correct a result","","","",""
"help-centre","entries.why-did-my-match-end-automatically.keywords[10]","post-match pop-up","","","",""
"help-centre","entries.why-did-my-match-end-automatically.links[0].label","Rotating your phone during a live match","","","",""
"help-centre","entries.changing-your-language.question","How do I change the language?","Wie ändere ich die Sprache?","","",""
"help-centre","entries.changing-your-language.summary","In the iPhone app it is Settings, then Language. In the web app it is the Profile tab, then Language.","In der iPhone-App ist das unter Einstellungen, dann Sprache. In der Web-App ist das im Tab Profil, dann Sprache.","","",""
"help-centre","entries.changing-your-language.body[0]","8nOut comes in several languages — pick the one that suits you.","8nOut gibt es in mehreren Sprachen — wähle die, die dir am besten passt.","","",""
"help-centre","entries.changing-your-language.body[1]","In the iPhone app, open the Settings tab and find the Language section. You can choose System, which follows your iPhone's own language, or pick English (UK), Nederlands, Deutsch, Norsk (Bokmål), Español or Italiano directly.","Öffne in der iPhone-App den Tab Einstellungen und suche den Abschnitt Sprache. Du kannst System wählen, was der Sprache deines iPhones folgt, oder direkt English (UK), Nederlands, Deutsch, Norsk (Bokmål), Español oder Italiano auswählen.","","",""
"help-centre","entries.changing-your-language.body[2]","On iPhone the change takes effect the next time you open 8nOut. That is how iOS handles app languages, so the app asks you to close it and open it again. Nothing has gone wrong.","Auf dem iPhone wird die Änderung beim nächsten Öffnen von 8nOut wirksam. So handhabt iOS App-Sprachen nun einmal, deshalb bittet dich die App, sie zu schließen und wieder zu öffnen. Es ist nichts schiefgelaufen.","","",""
"help-centre","entries.changing-your-language.body[3]","In the web app, open the Profile tab and find the Language card. The same choices are there, and the change is immediate — nothing to reload and nothing to confirm.","Öffne in der Web-App den Tab Profil und suche die Karte Sprache. Dieselben Optionen stehen dort, und die Änderung ist sofort wirksam — nichts zu laden und nichts zu bestätigen.","","",""
"help-centre","entries.changing-your-language.body[4]","Your choice is kept where you made it. The iPhone app remembers it on that device, and the web app remembers it in that browser. They are separate settings, so changing one does not change the other.","Deine Wahl wird dort gespeichert, wo du sie getroffen hast. Die iPhone-App merkt sie sich auf diesem Gerät, und die Web-App merkt sie sich in diesem Browser. Es sind getrennte Einstellungen, das Ändern der einen ändert also nicht die andere.","","",""
"help-centre","entries.changing-your-language.body[5]","These Help answers are translated too, though — like some of 8nOut's other translations — the wording isn't always checked by a native speaker yet.","Diese Hilfe-Antworten sind ebenfalls übersetzt, wobei der Text — wie bei manchen anderen Übersetzungen von 8nOut — nicht immer von einem Muttersprachler geprüft wurde.","","",""
"help-centre","entries.changing-your-language.keywords[0]","language","sprache","","",""
"help-centre","entries.changing-your-language.keywords[1]","dutch","niederländisch","","",""
"help-centre","entries.changing-your-language.keywords[2]","german","deutsch","","",""
"help-centre","entries.changing-your-language.keywords[3]","norwegian","norwegisch","","",""
"help-centre","entries.changing-your-language.keywords[4]","english","englisch","","",""
"help-centre","entries.changing-your-language.keywords[5]","settings","einstellungen","","",""
"help-centre","entries.changing-your-language.keywords[6]","translate","übersetzen","","",""
"help-centre","entries.changing-your-language.links[0].label","The text looks garbled or half-translated","","","",""
"help-centre","entries.changing-your-language.links[1].label","Why does some of the translated text sound a bit off?","","","",""
"help-centre","entries.browser-translation.question","Why does the text look garbled or half-translated?","Warum sieht der Text verstümmelt oder halb übersetzt aus?","","",""
"help-centre","entries.browser-translation.summary","The app is already translated. If the text looks garbled, your browser is re-translating it — turn off auto-translate for 8nout.com in the address bar, and pick your language inside 8nOut instead.","Die App ist bereits übersetzt. Sieht der Text verstümmelt aus, übersetzt dein Browser ihn erneut — schalte die automatische Übersetzung für 8nout.com in der Adressleiste aus, und wähle deine Sprache stattdessen in 8nOut selbst.","","",""
"help-centre","entries.browser-translation.body[0]","8nOut already speaks several languages. You don't need your browser to translate it.","8nOut spricht bereits mehrere Sprachen. Du brauchst deinen Browser nicht, um es zu übersetzen.","","",""
"help-centre","entries.browser-translation.body[1]","If the words look wrong or garbled — say a Dutch page turned into broken English — it's almost always your browser's built-in translation switched on. It's re-translating a page that's already in the right language, and that's what mangles it.","Wenn der Text falsch oder verstümmelt aussieht — etwa eine niederländische Seite, die zu gebrochenem Englisch wird — ist fast immer die eingebaute Übersetzung deines Browsers aktiv. Sie übersetzt eine Seite erneut, die schon in der richtigen Sprache ist, und genau das verstümmelt sie.","","",""
"help-centre","entries.browser-translation.body[2]","To fix it, turn off auto-translate for 8nout.com. Look for the translate icon in your browser's address bar and choose ""Show original"", or ""Never translate this site"". (You'll find this in Chrome, Edge and Safari.)","So behebst du es: Schalte die automatische Übersetzung für 8nout.com aus. Suche das Übersetzungssymbol in der Adressleiste deines Browsers und wähle „Original anzeigen"" oder „Diese Website nie übersetzen"". (Das findest du in Chrome, Edge und Safari.)","","",""
"help-centre","entries.browser-translation.body[3]","Want a different language? Choose it in 8nOut's own settings — the app stays correctly translated, whichever one you pick.","Möchtest du eine andere Sprache? Stell sie direkt in 8nOut ein — dann bleibt die App korrekt übersetzt, egal welche Sprache du wählst.","","",""
"help-centre","entries.browser-translation.keywords[0]","translate","übersetzen","","",""
"help-centre","entries.browser-translation.keywords[1]","translation","übersetzung","","",""
"help-centre","entries.browser-translation.keywords[2]","garbled","verstümmelt","","",""
"help-centre","entries.browser-translation.keywords[3]","language","sprache","","",""
"help-centre","entries.browser-translation.keywords[4]","browser","browser","","",""
"help-centre","entries.browser-translation.keywords[5]","auto-translate","automatische übersetzung","","",""
"help-centre","entries.browser-translation.links[0].label","How do I change the language?","","","",""
"help-centre","entries.browser-translation.links[1].label","Why does some of the translated text sound a bit off?","","","",""
"help-centre","entries.translation-quality.question","Why does some of the translated text sound a bit off?","Warum klingt manch übersetzter Text etwas holprig?","","",""
"help-centre","entries.translation-quality.summary","Most non-English text — in the app and in this Help Centre — is AI-assisted or volunteer-drafted, not checked word for word by a native speaker. Occasional rough phrasing is expected. Native speakers who'd like to help improve it are welcome to get in touch.","Die meisten nicht-englischen Texte — in der App und in diesem Hilfebereich — werden mit KI-Hilfe oder von Freiwilligen erstellt, nicht Wort für Wort von einem Muttersprachler geprüft. Gelegentlich holprige Formulierungen sind zu erwarten. Muttersprachler, die helfen möchten, sie zu verbessern, sind herzlich willkommen, sich zu melden.","","",""
"help-centre","entries.translation-quality.body[0]","Most of 8nOut's non-English text — in the app itself and in this Help Centre — is drafted with AI help or by volunteers, not checked word for word by a native speaker. So once in a while a sentence might read a bit stiff, or a word might land slightly wrong. That's expected, not a bug — we'd rather ship it imperfect than not translate it at all.","Die meisten nicht-englischen Texte von 8nOut — in der App selbst und in diesem Hilfebereich — werden mit KI-Hilfe oder von Freiwilligen verfasst, nicht Wort für Wort von einem Muttersprachler geprüft. Deshalb liest sich hin und wieder ein Satz etwas steif, oder ein Wort trifft es nicht ganz. Das ist zu erwarten, kein Fehler — wir veröffentlichen es lieber unvollkommen, als es gar nicht zu übersetzen.","","",""
"help-centre","entries.translation-quality.body[1]","This is about app and Help Centre text only. The Terms of Service and the Privacy Policy are handled separately, with their own review — what they say has to be exact, so they don't get the same rough-and-ready treatment.","Das betrifft nur Texte in der App und im Hilfebereich. Die Nutzungsbedingungen und die Datenschutzerklärung werden separat behandelt, mit einer eigenen Prüfung — was dort steht, muss exakt stimmen, deshalb bekommen sie nicht dieselbe unfertige Behandlung.","","",""
"help-centre","entries.translation-quality.body[2]","If a sentence reads badly enough to bother you, that's useful to know. And if you're a native speaker of one of 8nOut's languages and would like to help make it better, get in touch — we'd welcome the help.","Stört dich ein Satz genug, um es zu erwähnen, ist das nützlich zu wissen. Und bist du Muttersprachler einer der Sprachen von 8nOut und möchtest helfen, es besser zu machen, melde dich — wir würden uns über die Hilfe freuen.","","",""
"help-centre","entries.translation-quality.keywords[0]","translation","übersetzung","","",""
"help-centre","entries.translation-quality.keywords[1]","translate","übersetzen","","",""
"help-centre","entries.translation-quality.keywords[2]","language","sprache","","",""
"help-centre","entries.translation-quality.keywords[3]","native speaker","muttersprachler","","",""
"help-centre","entries.translation-quality.keywords[4]","volunteer","freiwillige","","",""
"help-centre","entries.translation-quality.keywords[5]","quality","qualität","","",""
"help-centre","entries.translation-quality.keywords[6]","help translate","beim übersetzen helfen","","",""
"help-centre","entries.translation-quality.keywords[7]","ai","ki","","",""
"help-centre","entries.translation-quality.links[0].label","How do I change the language?","","","",""
"help-centre","entries.translation-quality.links[1].label","Why does the text look garbled or half-translated?","","","",""
"help-centre","entries.signed-in-account.question","Which account am I signed in with?","Mit welchem Konto bin ich angemeldet?","","",""
"help-centre","entries.signed-in-account.summary","In the iPhone app, Settings shows Signed in with. In the web app it is on the Profile tab. Worth checking if your details look empty.","In der iPhone-App zeigt Einstellungen Angemeldet mit. In der Web-App steht das im Tab Profil. Einen Blick wert, wenn deine Angaben leer aussehen.","","",""
"help-centre","entries.signed-in-account.body[0]","You sign in to 8nOut with Apple or with Google. These are two different accounts, even when both are attached to the same email address.","Du meldest dich bei 8nOut mit Apple oder mit Google an. Das sind zwei verschiedene Konten, selbst wenn beide an dieselbe E-Mail-Adresse geknüpft sind.","","",""
"help-centre","entries.signed-in-account.body[1]","In the iPhone app, open the Settings tab and look under Account. Signed in with tells you which one you are using. In the web app it is on the Profile tab.","Öffne in der iPhone-App den Tab Einstellungen und schau unter Konto nach. Angemeldet mit zeigt dir, welches du gerade nutzt. In der Web-App steht das im Tab Profil.","","",""
"help-centre","entries.signed-in-account.body[2]","This is worth knowing because of one confusing thing. If you signed in with Google one day and with Apple the next, you are looking at a second, empty account — and right after answering the setup questions that looks as though your name, your town and your club have vanished.","Das ist wegen einer verwirrenden Sache wichtig zu wissen. Hast du dich an einem Tag mit Google und am nächsten mit Apple angemeldet, schaust du auf ein zweites, leeres Konto — und direkt nach dem Beantworten der Einrichtungsfragen sieht es dann so aus, als wären dein Name, dein Wohnort und dein Club verschwunden.","","",""
"help-centre","entries.signed-in-account.body[3]","Nothing is lost. Sign out, sign back in with the one you used the first time, and everything is where you left it.","Nichts ist verloren. Melde dich ab, wieder mit dem Konto an, das du zuerst genutzt hast, und alles ist wieder da, wo du es verlassen hast.","","",""
"help-centre","entries.signed-in-account.body[4]","If you are not sure which one you started with, check Signed in with on the device where your details still look right.","Bist du dir nicht sicher, mit welchem du angefangen hast, prüfe Angemeldet mit auf dem Gerät, auf dem deine Angaben noch richtig aussehen.","","",""
"help-centre","entries.signed-in-account.keywords[0]","sign in","anmelden","","",""
"help-centre","entries.signed-in-account.keywords[1]","account","konto","","",""
"help-centre","entries.signed-in-account.keywords[2]","apple","apple","","",""
"help-centre","entries.signed-in-account.keywords[3]","google","google","","",""
"help-centre","entries.signed-in-account.keywords[4]","empty","leer","","",""
"help-centre","entries.signed-in-account.keywords[5]","missing","verschwunden","","",""
"help-centre","entries.signed-in-account.keywords[6]","provider","anbieter","","",""
"help-centre","entries.signed-in-account.keywords[7]","two accounts","zwei konten","","",""
"help-centre","entries.where-the-policies-live.question","Where are the Terms and the Privacy Policy?","Wo sind die Nutzungsbedingungen und die Datenschutzerklärung?","","",""
"help-centre","entries.where-the-policies-live.summary","Both are on 8nout.com, and both are linked at the bottom of this answer. In the iPhone app they are in Settings.","Beide stehen auf 8nout.com, und beide sind unten in dieser Antwort verlinkt. In der iPhone-App findest du sie unter Einstellungen.","","",""
"help-centre","entries.where-the-policies-live.body[0]","The Terms of Service and the Privacy Policy are the documents that actually bind us, so we link them rather than summarise them here. A summary can drift from the document it summarises, and then there are two versions of the same promise.","Die Nutzungsbedingungen und die Datenschutzerklärung sind die Dokumente, die uns tatsächlich binden, deshalb verlinken wir sie, statt sie hier zusammenzufassen. Eine Zusammenfassung kann sich von dem Dokument entfernen, das sie zusammenfasst, und dann gibt es zwei Versionen desselben Versprechens.","","",""
"help-centre","entries.where-the-policies-live.body[1]","In the iPhone app, open the Settings tab and look under Legal. Both are there, each with its version number.","Öffne in der iPhone-App den Tab Einstellungen und schau unter Rechtliches nach. Beide stehen dort, jeweils mit ihrer Versionsnummer.","","",""
"help-centre","entries.where-the-policies-live.body[2]","On the web, both are on 8nout.com, and the links under this answer go straight to them.","Im Web stehen beide auf 8nout.com, und die Links unter dieser Antwort führen direkt dorthin.","","",""
"help-centre","entries.where-the-policies-live.body[3]","If you have a question about your own data, the Privacy Policy names the address to write to. It is a different address from general help, so a request about your data does not get lost behind a question about the map.","Hast du eine Frage zu deinen eigenen Daten, nennt die Datenschutzerklärung die Adresse, an die du schreiben kannst. Das ist eine andere Adresse als die allgemeine Hilfe, damit eine Anfrage zu deinen Daten nicht hinter einer Frage zur Karte verloren geht.","","",""
"help-centre","entries.where-the-policies-live.keywords[0]","terms","nutzungsbedingungen","","",""
"help-centre","entries.where-the-policies-live.keywords[1]","privacy","datenschutz","","",""
"help-centre","entries.where-the-policies-live.keywords[2]","policy","richtlinie","","",""
"help-centre","entries.where-the-policies-live.keywords[3]","legal","rechtliches","","",""
"help-centre","entries.where-the-policies-live.keywords[4]","data","daten","","",""
"help-centre","entries.where-the-policies-live.keywords[5]","gdpr","dsgvo","","",""
"help-centre","entries.where-the-policies-live.keywords[6]","rights","rechte","","",""
"help-centre","entries.where-the-policies-live.links[0].label","Privacy Policy","","","",""
"help-centre","entries.where-the-policies-live.links[1].label","Terms of Service","","","",""
"help-centre","entries.appearing-as-former-member.question","I left a City Ladder — can I still change how my name appears on past boards?","Ich habe eine City Ladder verlassen — kann ich noch ändern, wie mein Name auf früheren Tabellen erscheint?","","",""
"help-centre","entries.appearing-as-former-member.summary","Yes, any time. From your Profile, choose to appear as Former member instead of your name on past-season City Ladder boards. Your position and rating for that season aren't touched — only the name next to them changes.","Ja, jederzeit. Wähle in deinem Profil, als Ehemaliges Mitglied statt mit deinem Namen auf City-Ladder-Tabellen vergangener Saisons zu erscheinen. Deine Platzierung und dein Rating für diese Saison bleiben unangetastet — nur der Name daneben ändert sich.","","",""
"help-centre","entries.appearing-as-former-member.body[0]","A City Ladder season is saved once it closes, and if you were ranked in it your name stays on that saved board. Leaving the ladder doesn't take your name off a season that has already been recorded.","Eine City-Ladder-Saison wird gespeichert, sobald sie endet, und warst du darin platziert, bleibt dein Name auf dieser gespeicherten Tabelle. Die Ladder zu verlassen entfernt deinen Namen nicht von einer Saison, die bereits aufgezeichnet wurde.","","",""
"help-centre","entries.appearing-as-former-member.body[1]","You can change that from your Profile. If you have a season saved under your name, you'll see a line telling you so, with a button: How my name appears in past seasons. It's there whether or not you're still on the ladder.","Das kannst du in deinem Profil ändern. Hast du eine Saison unter deinem Namen gespeichert, siehst du eine Zeile, die dich darauf hinweist, mit einer Schaltfläche: Wie mein Name in vergangenen Saisons erscheint. Sie ist da, egal ob du noch auf der Ladder bist oder nicht.","","",""
"help-centre","entries.appearing-as-former-member.body[2]","Choose it, and those saved boards show you as Former member instead of your name from then on. Your position and rating for that season aren't touched — only the name next to them changes.","Wähle sie aus, und diese gespeicherten Tabellen zeigen dich von da an als Ehemaliges Mitglied statt mit deinem Namen. Deine Platzierung und dein Rating für diese Saison bleiben unangetastet — nur der Name daneben ändert sich.","","",""
"help-centre","entries.appearing-as-former-member.body[3]","You can do this whenever suits you, right when you leave or long afterwards. It's a separate choice from leaving itself: a member still on the ladder who wants an older season de-identified can use the same control from the board screen, without quitting.","Du kannst das tun, wann immer es dir passt, direkt beim Verlassen oder lange danach. Es ist eine eigenständige Entscheidung, unabhängig vom Verlassen selbst: Ein Mitglied, das noch auf der Ladder ist und eine ältere Saison de-identifizieren möchte, kann dieselbe Option vom Tabellenbildschirm aus nutzen, ohne auszusteigen.","","",""
"help-centre","entries.appearing-as-former-member.keywords[0]","city ladder","city ladder","","",""
"help-centre","entries.appearing-as-former-member.keywords[1]","former member","ehemaliges mitglied","","",""
"help-centre","entries.appearing-as-former-member.keywords[2]","past season","vergangene saison","","",""
"help-centre","entries.appearing-as-former-member.keywords[3]","archive","archiv","","",""
"help-centre","entries.appearing-as-former-member.keywords[4]","name","name","","",""
"help-centre","entries.appearing-as-former-member.keywords[5]","leaving the ladder","die ladder verlassen","","",""
"help-centre","entries.appearing-as-former-member.keywords[6]","de-identify","de-identifizieren","","",""
"help-centre","entries.appearing-as-former-member.links[0].label","What happens to old seasons, and can I leave the ladder?","","","",""
"help-centre","entries.joining-the-ladder.question","What is the City Ladder, and how do I join one?","","","",""
"help-centre","entries.joining-the-ladder.summary","A rating that moves with your results, shared with everyone playing in your own city. Join if you're in that city and have an approved club there.","","","",""
"help-centre","entries.joining-the-ladder.body[0]","The City Ladder is a running rating for everyone playing in your city. Play a match against another member and it moves — win and you climb, lose and you drop — and there's a shared board showing where everyone in your city currently stands.","","","",""
"help-centre","entries.joining-the-ladder.body[1]","Joining is opt-in, and you can only be on one city's ladder at a time — the city on your own profile. You'll also need an approved club there; a club still waiting on review doesn't count yet, so if joining isn't showing as an option, that's the first thing worth checking.","","","",""
"help-centre","entries.joining-the-ladder.body[2]","Not every city has a ladder running yet. Open the ladder card on your profile and 8nOut tells you which cities do — if yours isn't one of them yet, that's all it will say for now.","","","",""
"help-centre","entries.joining-the-ladder.body[3]","You join, and leave, from your own profile, whenever you like. None of it touches your match record, your clubs or your account — it's the ladder itself that changes, nothing else.","","","",""
"help-centre","entries.joining-the-ladder.keywords[0]","city ladder","","","",""
"help-centre","entries.joining-the-ladder.keywords[1]","ladder","","","",""
"help-centre","entries.joining-the-ladder.keywords[2]","join","","","",""
"help-centre","entries.joining-the-ladder.keywords[3]","rating","","","",""
"help-centre","entries.joining-the-ladder.keywords[4]","standings","","","",""
"help-centre","entries.joining-the-ladder.keywords[5]","board","","","",""
"help-centre","entries.joining-the-ladder.keywords[6]","approved club","","","",""
"help-centre","entries.joining-the-ladder.keywords[7]","opt-in","","","",""
"help-centre","entries.joining-the-ladder.keywords[8]","rank","","","",""
"help-centre","entries.joining-the-ladder.links[0].label","How does my ladder rating work?","","","",""
"help-centre","entries.joining-the-ladder.links[1].label","Who can see the ladder standings?","","","",""
"help-centre","entries.joining-the-ladder.links[2].label","My club is not on the map","","","",""
"help-centre","entries.ladder-rating.question","How does my ladder rating work?","","","",""
"help-centre","entries.ladder-rating.summary","It's a rating that moves with your results, not a running score. Win and it climbs, lose and it drops — more for a bigger upset.","","","",""
"help-centre","entries.ladder-rating.body[0]","Everyone starts at the same rating: 1500. From there, it moves with your results against other members of your own city's ladder — up when you win, down when you lose. It's a rating rather than a points total, so there's nothing to build up and nothing that resets partway through.","","","",""
"help-centre","entries.ladder-rating.body[1]","The size of the move depends on who you're playing. Beating someone rated well above you moves your rating more than beating someone close to your own level, and losing to someone rated well below you costs more than losing to someone near you.","","","",""
"help-centre","entries.ladder-rating.body[2]","It also settles down the more you play. Your rating moves quickly across your first several matches while it finds your level, then more gently once it has.","","","",""
"help-centre","entries.ladder-rating.body[3]","Any match you log with another member of your own city's ladder counts — logged by hand, from a live scoreboard, or imported from CueScore, it makes no difference which. A match against someone not on your city's ladder doesn't move your rating either way.","","","",""
"help-centre","entries.ladder-rating.keywords[0]","rating","","","",""
"help-centre","entries.ladder-rating.keywords[1]","ladder rating","","","",""
"help-centre","entries.ladder-rating.keywords[2]","elo","","","",""
"help-centre","entries.ladder-rating.keywords[3]","how it works","","","",""
"help-centre","entries.ladder-rating.keywords[4]","climb","","","",""
"help-centre","entries.ladder-rating.keywords[5]","1500","","","",""
"help-centre","entries.ladder-rating.keywords[6]","starting rating","","","",""
"help-centre","entries.ladder-rating.links[0].label","What is the City Ladder, and how do I join one?","","","",""
"help-centre","entries.ladder-rating.links[1].label","Recording a game you played in person","","","",""
"help-centre","entries.ladder-rating.links[2].label","Adding a match I played on CueScore","","","",""
"help-centre","entries.ladder-standings.question","Who can see the ladder standings, and what happens if I stop playing?","","","",""
"help-centre","entries.ladder-standings.summary","Only members of your own city's ladder — rank, name, rating and when you last played — nothing more than that, and no way to challenge or message anyone from the board itself.","","","",""
"help-centre","entries.ladder-standings.body[0]","The standings board is visible to members of your own city's ladder — nobody outside it, and no other city's board. What it shows is rank, name, rating and when you last played — nothing more than that.","","","",""
"help-centre","entries.ladder-standings.body[1]","You can't challenge or message anyone from the board itself — tapping a row does nothing, on purpose. That's also why blocking someone doesn't take them off your city's board: the board doesn't check blocks, because there's no way to reach anyone from it in the first place. Everywhere else in 8nOut — messaging, connecting, challenges — blocking works exactly as you'd expect.","","","",""
"help-centre","entries.ladder-standings.body[2]","You'll be in one of three positions. Ranked and on the board, if you've played recently. Joined but not yet ranked, if you haven't logged your first match yet — play one with another member here and you'll appear. Or off the board for now, if it's been a while: 60 days without a logged match is what moves you off it.","","","",""
"help-centre","entries.ladder-standings.body[3]","Going quiet doesn't cost you anything. Your rating stays exactly where it was for as long as you're off the board, and one logged match puts you straight back at that same rating. Either way, you can always see your own current rating on your own profile, even while you're hidden from everyone else's view of the board.","","","",""
"help-centre","entries.ladder-standings.keywords[0]","standings","","","",""
"help-centre","entries.ladder-standings.keywords[1]","board","","","",""
"help-centre","entries.ladder-standings.keywords[2]","who can see","","","",""
"help-centre","entries.ladder-standings.keywords[3]","ranked","","","",""
"help-centre","entries.ladder-standings.keywords[4]","not ranked yet","","","",""
"help-centre","entries.ladder-standings.keywords[5]","off the board","","","",""
"help-centre","entries.ladder-standings.keywords[6]","60 days","","","",""
"help-centre","entries.ladder-standings.keywords[7]","avatar","","","",""
"help-centre","entries.ladder-standings.keywords[8]","block","","","",""
"help-centre","entries.ladder-standings.keywords[9]","challenge from board","","","",""
"help-centre","entries.ladder-standings.links[0].label","What is the City Ladder, and how do I join one?","","","",""
"help-centre","entries.ladder-standings.links[1].label","Why do I have to connect first?","","","",""
"help-centre","entries.ladder-seasons.question","What happens to old seasons, and can I leave the ladder?","","","",""
"help-centre","entries.ladder-seasons.summary","Season boards are saved permanently, with your name on them — even after you leave. There's a Former member option if you'd rather your name wasn't there.","","","",""
"help-centre","entries.ladder-seasons.body[0]","A season is a stretch of time on the ladder. When one ends, that moment's standings are saved as a permanent record — a picture of exactly how the board stood. Your rating itself doesn't reset: it keeps moving straight into the next season, uninterrupted.","","","",""
"help-centre","entries.ladder-seasons.body[1]","Season archives are kept for good. There's no cut-off where old boards disappear, and that stays true even after you leave the ladder yourself. If someone is removed from a season's record, their spot is left empty rather than closed up, so nobody else's placing quietly shifts.","","","",""
"help-centre","entries.ladder-seasons.body[2]","If you'd rather your name wasn't attached to those old boards going forward, you can switch on Show me as ""Former member"" — either on the leave screen when you leave, or any time before that from the board screen. It replaces your name on every past season's standings without touching the ranks or ratings themselves, and it's off by default. The switch only works while you're still on the ladder, though — once you've left, it's no longer there to tap. Already left? Email privacy@8nout.com and we'll switch it on for you, free, without you needing to rejoin the ladder or delete your account.","","","",""
"help-centre","entries.ladder-seasons.body[3]","Leaving the ladder itself is simple, and separate from all of that. Come off it from your profile and your rating stops moving — it isn't kept, so if you join again later you start over at 1500, the same as any new member. None of this touches your match record, your clubs or your account.","","","",""
"help-centre","entries.ladder-seasons.keywords[0]","season","","","",""
"help-centre","entries.ladder-seasons.keywords[1]","archive","","","",""
"help-centre","entries.ladder-seasons.keywords[2]","leave","","","",""
"help-centre","entries.ladder-seasons.keywords[3]","leaving ladder","","","",""
"help-centre","entries.ladder-seasons.keywords[4]","former member","","","",""
"help-centre","entries.ladder-seasons.keywords[5]","rating reset","","","",""
"help-centre","entries.ladder-seasons.keywords[6]","1500","","","",""
"help-centre","entries.ladder-seasons.keywords[7]","history","","","",""
"help-centre","entries.ladder-seasons.keywords[8]","permanent","","","",""
"help-centre","entries.ladder-seasons.links[0].label","What is the City Ladder, and how do I join one?","","","",""
"help-centre","entries.ladder-seasons.links[1].label","How does my ladder rating work?","","","",""
"help-centre","entries.ladder-seasons.links[2].label","I left a City Ladder — can I still change how my name appears on past boards?","","","",""
"help-centre","entries.exporting-the-board.question","Can I print or share the ladder board?","","","",""
"help-centre","entries.exporting-the-board.summary","You can export a dated snapshot to print or put up at your club. It's not a live link — it's a picture of the board at that moment, and it won't update.","","","",""
"help-centre","entries.exporting-the-board.body[0]","Any member of the ladder can export the standings board — including to print and put up on a noticeboard at a club. It's worth knowing that before you join: your name and position could end up on a printed sheet somewhere, the same as they're already on the board itself.","","","",""
"help-centre","entries.exporting-the-board.body[1]","What you get is called Export the board, not Share, because there isn't a link. It's a dated snapshot: rank, name and rating, exactly as the board stood when you exported it. Last-played dates are left off, and so is anything you hadn't loaded on screen yet — if you want the whole board on the sheet, tap Show more until you reach the bottom, then export. Once it's exported it doesn't update — a stamp on it says as of when, and points back to the app for the current standings.","","","",""
"help-centre","entries.exporting-the-board.body[2]","There's no shareable link on it. On the iPhone app it opens the normal share sheet as an image; on the web app it uses your browser's own print dialog. Either way, whoever you hand it to sees that one moment, nothing more.","","","",""
"help-centre","entries.exporting-the-board.keywords[0]","export","","","",""
"help-centre","entries.exporting-the-board.keywords[1]","print","","","",""
"help-centre","entries.exporting-the-board.keywords[2]","share board","","","",""
"help-centre","entries.exporting-the-board.keywords[3]","printable","","","",""
"help-centre","entries.exporting-the-board.keywords[4]","noticeboard","","","",""
"help-centre","entries.exporting-the-board.keywords[5]","snapshot","","","",""
"help-centre","entries.exporting-the-board.keywords[6]","qr code","","","",""
"help-centre","entries.exporting-the-board.keywords[7]","link","","","",""
"help-centre","entries.exporting-the-board.links[0].label","What is the City Ladder, and how do I join one?","","","",""
"help-centre","entries.exporting-the-board.links[1].label","Who can see the ladder standings?","","","",""
"help-centre","entries.live-scoreboard.question","What is the live scoreboard?","","","",""
"help-centre","entries.live-scoreboard.summary","A real-time, rack-by-rack score tracker for a match between two connected players. Start one from an accepted challenge, a connection's profile, or their pin on the map — tap who breaks first and you're straight into it.","","","",""
"help-centre","entries.live-scoreboard.body[0]","The live scoreboard tracks a One Pocket match rack by rack, in real time, between two connected players. One of you keeps score as you play; you both watch the same board update on your own phone.","","","",""
"help-centre","entries.live-scoreboard.body[1]","You can start one from an accepted challenge in the Challenges tab, from a connection's own profile, or from their pin on the map — the same button in all three places. Either way you need to already be connected, the same rule as everywhere else in 8nOut.","","","",""
"help-centre","entries.live-scoreboard.body[2]","Setting one up takes a few quick taps: how many racks you're racing to, how the break works, and where you're playing if you want to note it. The last step is who breaks first — tap your name, tap theirs, or ask 8nOut to flip for you. There's no separate Start button: picking who breaks first is what starts the match, straight away.","","","",""
"help-centre","entries.live-scoreboard.body[3]","While you're playing, Point adds a rack to whoever's turn it currently shows, and Opp. pt adds one to the other player. Foul takes a point away from whoever's turn it is, and it can carry on below zero if they're already on none. If the turn is ever showing the wrong player, Switch corrects it — Point and Opp. pt immediately follow whichever name is highlighted after that. Undo takes back your last tap.","","","",""
"help-centre","entries.live-scoreboard.body[4]","Timeout pauses the match without ending it — for a real break in play, not something you need to remember to use. Tap it and the board shows paused for both of you; tap Resume when you're ready to carry on.","","","",""
"help-centre","entries.live-scoreboard.body[5]","Nothing lives only on your phone. Every point is saved the moment it's tapped in, so backgrounding the app, or being interrupted mid-game, loses nothing — open 8nOut again and the board is exactly where you left it. If you close the scoreboard screen itself rather than just switching apps, the match keeps running: go back to the same challenge, connection or map pin and you'll see Rejoin the live scoreboard instead of Start.","","","",""
"help-centre","entries.live-scoreboard.body[6]","Whoever's keeping score finishes the match and confirms the winner. It then sits in both your records, with the rack-by-rack detail behind it — visible only to the two of you, never anyone else. Nothing is added to either record unless the match is actually finished; a scoreboard that's started but never played, or drifts stale, doesn't hang around forever — see the Privacy Policy for exactly how long.","","","",""
"help-centre","entries.live-scoreboard.keywords[0]","live scoreboard","","","",""
"help-centre","entries.live-scoreboard.keywords[1]","scoreboard","","","",""
"help-centre","entries.live-scoreboard.keywords[2]","score","","","",""
"help-centre","entries.live-scoreboard.keywords[3]","live","","","",""
"help-centre","entries.live-scoreboard.keywords[4]","timeout","","","",""
"help-centre","entries.live-scoreboard.keywords[5]","rack","","","",""
"help-centre","entries.live-scoreboard.keywords[6]","race to","","","",""
"help-centre","entries.live-scoreboard.keywords[7]","who breaks first","","","",""
"help-centre","entries.live-scoreboard.keywords[8]","point","","","",""
"help-centre","entries.live-scoreboard.keywords[9]","opp pt","","","",""
"help-centre","entries.live-scoreboard.keywords[10]","foul","","","",""
"help-centre","entries.live-scoreboard.keywords[11]","switch turn","","","",""
"help-centre","entries.live-scoreboard.keywords[12]","undo","","","",""
"help-centre","entries.live-scoreboard.keywords[13]","challenge","","","",""
"help-centre","entries.live-scoreboard.keywords[14]","connection profile","","","",""
"help-centre","entries.live-scoreboard.keywords[15]","map pin","","","",""
"help-centre","entries.live-scoreboard.links[0].label","Why do I have to connect first?","","","",""
"help-centre","entries.live-scoreboard.links[1].label","Recording a game you played in person","","","",""
"help-centre","entries.live-scoreboard.links[2].label","Privacy Policy","","","",""
