"surface","key","english_source","current_translation","suggested_translation","placeholders","notes"
"web-app","common.loading","Loading…","Cargando…","","",""
"web-app","common.cancel","Cancel","Cancelar","","",""
"web-app","common.save","Save","Guardar","","",""
"web-app","common.close","Close","Cerrar","","",""
"web-app","common.done","Done","Hecho","","",""
"web-app","common.connect","Connect","Conectar","","",""
"web-app","common.edit","Edit","Editar","","",""
"web-app","common.remove","Remove","Quitar","","",""
"web-app","common.tryAgain","Try again","Inténtalo de nuevo","","",""
"web-app","common.actionFailed","Couldn't do that right now. Try again.","Ahora mismo no se ha podido hacer. Inténtalo de nuevo.","","",""
"web-app","common.retry","Retry","Reintentar","","",""
"web-app","common.sending","Sending…","Enviando…","","",""
"web-app","common.opening","Opening…","Abriendo…","","",""
"web-app","common.working","Working…","Procesando…","","",""
"web-app","common.signOut","Sign out","Cerrar sesión","","",""
"web-app","common.decline","Decline","Rechazar","","",""
"web-app","common.accept","Accept","Aceptar","","",""
"web-app","common.navigate","Navigate →","Navegar →","","",""
"web-app","common.player","Player","Jugador","","",""
"web-app","common.club","Club","Club","","",""
"web-app","common.unknownPlayer","Unknown player","Jugador desconocido","","",""
"web-app","common.homeTable","Home table","Mesa propia","","",""
"web-app","common.new","New","Nuevo","","",""
"web-app","common.you"," (You)"," (Tú)","","",""
"web-app","common.matchesNoun.one","match","partida","","",""
"web-app","common.matchesNoun.other","matches","partidas","","",""
"web-app","common.matchLabel.one","Match","Partida","","",""
"web-app","common.matchLabel.other","Matches","Partidas","","",""
"web-app","status.readyToPlay","Ready to play","Listo para jugar","","",""
"web-app","status.openToPlay","Open to play","Abierto a jugar","","",""
"web-app","status.won","Won","Ganada","","",""
"web-app","status.lost","Lost","Perdida","","",""
"web-app","legal.terms","Terms of Service","Términos del Servicio","","",""
"web-app","legal.privacy","Privacy Policy","Política de Privacidad","","",""
"web-app","legal.heading","Legal","Legal","","",""
"web-app","legal.agreedVersions","You agreed to these versions when you signed in.","Aceptaste estas versiones al iniciar sesión.","","",""
"web-app","consent.agree","I have read and agree to the","He leído y acepto:","","",""
"web-app","consent.and","and","y","","",""
"web-app","consent.age","I confirm I am at least {age} years old.","Confirmo que tengo al menos {age} años.","","{age}",""
"web-app","tabs.map","Map","Mapa","","",""
"web-app","tabs.connections","Connections","Conexiones","","",""
"web-app","tabs.challenges","Challenges","Desafíos","","",""
"web-app","tabs.profile","Profile","Perfil","","",""
"web-app","home.tagline","Find and challenge One Pocket players near you.","Encuentra jugadores de One Pocket cerca de ti y desafíalos.","","",""
"web-app","home.pitch","The map shows One Pocket clubs across Europe. Players connect, get invited, and arrange games in the app — see you at the table.","El mapa muestra clubes de One Pocket en toda Europa. Los jugadores se conectan, reciben invitaciones y organizan partidas en la app — nos vemos en la mesa.","","",""
"web-app","home.getAppSub","Connect with players near you, set up a game, and track your record.","Conéctate con jugadores cerca de ti, organiza una partida y sigue tu historial.","","",""
"web-app","home.privacy","Privacy","Privacidad","","",""
"web-app","home.legalContact","Legal contact","Contacto legal","","",""
"web-app","home.blog","Blog","Blog","","",""
"web-app","legal.contactPoints","Legal contact points","Puntos de contacto legal","","",""
"web-app","home.mapData","Map data ©","Datos del mapa ©","","",""
"web-app","home.osm","OpenStreetMap","OpenStreetMap","","",""
"web-app","home.contributors","contributors","colaboradores","","",""
"web-app","home.followFacebook","8nOut on Facebook","8nOut en Facebook","","",""
"web-app","home.followYouTube","8nOut on YouTube","8nOut en YouTube","","",""
"web-app","venueMap.loading","Loading clubs…","Cargando clubes…","","",""
"web-app","venueMap.error","Couldn't load the club map right now — try again in a bit.","No se ha podido cargar el mapa de clubes ahora mismo — inténtalo de nuevo en un momento.","","",""
"web-app","venueMap.poolClub","Pool club","Club de billar","","",""
"web-app","venueMap.resetView","Reset map view","Restablecer vista del mapa","","",""
"web-app","signin.heading","Find and challenge One Pocket players near you.","Encuentra jugadores de One Pocket cerca de ti y desafíalos.","","",""
"web-app","signin.google","Continue with Google","Continuar con Google","","",""
"web-app","signin.apple","Continue with Apple","Continuar con Apple","","",""
"web-app","legalGate.title","One more thing","Una cosa más","","",""
"web-app","legalGate.body","We've updated our Terms of Service and Privacy Policy. Please review and agree to continue using 8nOut.","Hemos actualizado nuestros Términos del Servicio y nuestra Política de Privacidad. Revísalos y acéptalos para seguir usando 8nOut.","","",""
"web-app","legalGate.saving","Saving…","Guardando…","","",""
"web-app","legalGate.agree","Agree and continue","Aceptar y continuar","","",""
"web-app","legalGate.errSave","Couldn't save your agreement. Please try again.","No se ha podido guardar tu aceptación. Inténtalo de nuevo.","","",""
"web-app","legalGate.errVerify","Couldn't verify your agreement. Please try again.","No se ha podido verificar tu aceptación. Inténtalo de nuevo.","","",""
"web-app","legalGate.errGeneric","Something went wrong recording your agreement. Please try again.","Algo ha fallado al registrar tu aceptación. Inténtalo de nuevo.","","",""
"web-app","onboarding.title","Welcome — link your CueScore profile","Bienvenido — vincula tu perfil de CueScore","","",""
"web-app","onboarding.body","Pull in your name and photo so other One Pocket players recognise you. You can always do this later in Profile.","Importa tu nombre y tu foto para que otros jugadores de One Pocket te reconozcan. Siempre puedes hacerlo más tarde desde Perfil.","","",""
"web-app","onboarding.field","CueScore player ID or profile link","ID de jugador de CueScore o enlace de perfil","","",""
"web-app","onboarding.placeholder","1161837 or cuescore.com/player/…","1161837 o cuescore.com/player/…","","",""
"web-app","onboarding.skip","Skip for now","Omitir por ahora","","",""
"web-app","onboarding.linking","Linking…","Vinculando…","","",""
"web-app","onboarding.link","Link CueScore","Vincular CueScore","","",""
"web-app","install.cta","Install 8nOut for one-tap access","Instala 8nOut para acceder con un toque","","",""
"web-app","install.add","Add to Home Screen","Añadir a la pantalla de inicio","","",""
"web-app","install.dismiss","Dismiss","Descartar","","",""
"web-app","install.iosHint","Install: tap the Share icon, then “Add to Home Screen.”","Instalar: toca el icono de Compartir y luego “Añadir a la pantalla de inicio”.","","",""
"web-app","getApp.betaLineTop","Try the beta on","Prueba la beta en","","",""
"web-app","getApp.betaBrand","TestFlight","TestFlight","","",""
"web-app","getApp.betaAria","Join the 8nOut beta on TestFlight","Únete a la beta de 8nOut en TestFlight","","",""
"web-app","getApp.appStoreAria","Download 8nOut on the App Store","Descarga 8nOut en la App Store","","",""
"web-app","getApp.openWebApp","Open the web app","Abrir la app web","","",""
"web-app","getApp.installPwa","Install 8nOut","Instalar 8nOut","","",""
"web-app","getApp.qrHint","Scan to get it on your phone","Escanea para tenerla en tu móvil","","",""
"web-app","getApp.chipTitle","Get 8nOut on iPhone","Consigue 8nOut en iPhone","","",""
"web-app","getApp.chipSubBeta","One-tap invites & game alerts","Invitaciones y avisos de partida con un toque","","",""
"web-app","getApp.chipSubLaunch","Free on the App Store","Gratis en la App Store","","",""
"web-app","getApp.chipCta","Get","Consigue","","",""
"web-app","getApp.chipDismiss","Dismiss","Descartar","","",""
"web-app","map.allCountries","All countries","Todos los países","","",""
"web-app","map.allCities","All cities","Todas las ciudades","","",""
"web-app","map.viewClub","{name} — view club","{name} — ver club","","{name}",""
"web-app","map.letsConnect","Let's connect","Conectemos","","",""
"web-app","map.playersHere","Players here","Jugadores aquí","","",""
"web-app","map.rosterEmpty","Players who add this club appear here.","Aquí aparecen los jugadores que añaden este club.","","",""
"web-app","map.rosterFailed","Couldn't load who's here.","No se ha podido cargar quién está aquí.","","",""
"web-app","map.reportVenue","Report venue","Denunciar local","","",""
"web-app","map.venueReported","Thanks — we'll review this venue.","Gracias — revisaremos este local.","","",""
"web-app","connections.title","Connections","Conexiones","","",""
"web-app","connections.searchPlaceholder","Find players by name","Busca jugadores por nombre","","",""
"web-app","connections.connected","Connected","Conectado","","",""
"web-app","connections.requested","Requested","Solicitado","","",""
"web-app","connections.respond","Respond","Responder","","",""
"web-app","connections.requests","Requests","Solicitudes","","",""
"web-app","connections.connectedHeading","Connected","Conectados","","",""
"web-app","connections.empty","No connections yet. Find players on the map.","Aún no tienes conexiones. Busca jugadores en el mapa.","","",""
"web-app","connections.invite","Invite to play","Invitar a jugar","","",""
"web-app","connections.inviteTitle","Invite {name} to play","Invitar a {name} a jugar","","{name}",""
"web-app","connections.sendInvite","Send invite","Enviar invitación","","",""
"web-app","connections.inviteSent","Invite sent.","Invitación enviada.","","",""
"web-app","connections.requestSent","Request sent.","Solicitud enviada.","","",""
"web-app","connections.requestFailed","Couldn't send the request. Try again.","No se ha podido enviar la solicitud. Inténtalo de nuevo.","","",""
"web-app","connections.recordLabel","Record:","Historial:","","",""
"web-app","connections.h2h","Head-to-head with you","Enfrentamientos directos contigo","","",""
"web-app","connections.h2hSub","{count} {noun} · last played {date}","{count} {noun} · última el {date}","","{count}; {date}; {noun}",""
"web-app","connections.fargoLabel","Fargo Rating:","Fargo Rating:","","",""
"web-app","connections.verify","Verify","Verificar","","",""
"web-app","search.title","Find players","Buscar jugadores","","",""
"web-app","search.morePlayers","More players","Más jugadores","","",""
"web-app","search.noMatch","No players match ""{q}""","Ningún jugador coincide con ""{q}""","","{q}",""
"web-app","search.noMatchSub","Check the spelling, or invite them with your connect code.","Comprueba la ortografía, o invítalo con tu código de conexión.","","",""
"web-app","search.loadError","Couldn't load players","No se han podido cargar los jugadores","","",""
"web-app","search.loadErrorSub","Check your connection and try again.","Comprueba tu conexión e inténtalo de nuevo.","","",""
"web-app","search.showMyCode","Show my connect code","Mostrar mi código de conexión","","",""
"web-app","h2h.youLead","You lead {a}–{b}","Vas ganando {a}–{b}","","{a}; {b}",""
"web-app","h2h.theyLead","{name} leads {a}–{b}","{name} va ganando {a}–{b}","","{a}; {b}; {name}",""
"web-app","h2h.allSquare","All square, {a}–{b}","Empate, {a}–{b}","","{a}; {b}",""
"web-app","cuescore.viewProfile","View CueScore profile","Ver perfil de CueScore","","",""
"web-app","cuescore.heading","CueScore","CueScore","","",""
"web-app","cuescore.linkedCaption","Your CueScore profile is linked.","Tu perfil de CueScore está vinculado.","","",""
"web-app","cuescore.linkCaption","Link your CueScore profile to bring across your name and photo.","Vincula tu perfil de CueScore para importar tu nombre y tu foto.","","",""
"web-app","cuescore.unlink","Unlink CueScore profile","Desvincular perfil de CueScore","","",""
"web-app","cuescore.unlinkTitle","Unlink your CueScore profile?","¿Desvincular tu perfil de CueScore?","","",""
"web-app","cuescore.unlinkConfirm","Unlink","Desvincular","","",""
"web-app","cuescore.unlinkError","Couldn't unlink right now. Try again.","No se ha podido desvincular ahora mismo. Inténtalo de nuevo.","","",""
"web-app","cuescore.errorInvalidInput","That doesn't look like a CueScore player ID or profile link.","Eso no parece un ID de jugador ni un enlace de perfil de CueScore.","","",""
"web-app","cuescore.errorNotFound","No CueScore player found with that ID or profile link.","No se ha encontrado ningún jugador de CueScore con ese ID o enlace de perfil.","","",""
"web-app","cuescore.errorAlreadyLinked","That CueScore profile is already linked to another 8nOut account.","Ese perfil de CueScore ya está vinculado a otra cuenta de 8nOut.","","",""
"web-app","cuescore.errorFailed","Couldn't link right now. Try again.","No se ha podido vincular ahora mismo. Inténtalo de nuevo.","","",""
"web-app","plays.at","Plays at","Juega en","","",""
"web-app","contact.heading","Contact","Contacto","","",""
"web-app","contact.call","Call {phone}","Llamar a {phone}","","{phone}",""
"web-app","contact.onlyConnections","Only visible to accepted connections.","Solo visible para conexiones aceptadas.","","",""
"web-app","contact.phoneLabel","Phone","Teléfono","","",""
"web-app","contact.phoneHelp","For players who'd rather call or text. Shown only to accepted connections.","Para jugadores que prefieren llamar o escribir. Solo se muestra a conexiones aceptadas.","","",""
"web-app","contact.ownNumber","This is my own phone number","Este es mi propio número de teléfono","","",""
"web-app","contact.visibilityHelp","Visible only to players whose connection you've accepted — never on your public profile or the website.","Visible solo para jugadores cuya conexión hayas aceptado — nunca en tu perfil público ni en la web.","","",""
"web-app","contact.errSave","Couldn't save contact.","No se ha podido guardar el contacto.","","",""
"web-app","schedule.today","Today","Hoy","","",""
"web-app","schedule.now","Now","Ahora","","",""
"web-app","schedule.option1","Option 1","Opción 1","","",""
"web-app","schedule.option2","Option 2","Opción 2","","",""
"web-app","schedule.addSecond","+ Add a second option","+ Añadir una segunda opción","","",""
"web-app","schedule.place","Place","Lugar","","",""
"web-app","schedule.decideLater","Decide later","Decidir más tarde","","",""
"web-app","schedule.errPickTime","Pick at least one time.","Elige al menos una hora.","","",""
"web-app","challenges.title","Challenges","Desafíos","","",""
"web-app","challenges.needsResponse","Needs your response","Necesita tu respuesta","","",""
"web-app","challenges.pickTimeSuffix","— pick a time","— elige una hora","","",""
"web-app","challenges.acceptAt","Accept: {time}","Aceptar: {time}","","{time}",""
"web-app","challenges.suggestAnother","Suggest another time","Proponer otra hora","","",""
"web-app","challenges.waitingReply","Waiting for a reply","Esperando respuesta","","",""
"web-app","challenges.waitingFor","Waiting for {name} to reply","Esperando la respuesta de {name}","","{name}",""
"web-app","challenges.answered","Answered","Respondido","","",""
"web-app","challenges.resultPrompt","Did this game happen?","¿Se jugó esta partida?","","",""
"web-app","challenges.didntHappen","Didn't happen","No se jugó","","",""
"web-app","challenges.dismissBody","This deletes the game for both of you. Nothing is logged.","Esto elimina la partida para los dos. No se registra nada.","","",""
"web-app","challenges.dismissConfirm","Delete game","Eliminar partida","","",""
"web-app","challenges.withdraw","Withdraw invite","Retirar invitación","","",""
"web-app","challenges.status.accepted","Accepted","Aceptado","","",""
"web-app","challenges.status.declined","Declined","Rechazado","","",""
"web-app","challenges.status.expired","Expired","Caducado","","",""
"web-app","challenges.empty","No active challenges yet. Invite a connection to play.","Aún no tienes desafíos activos. Invita a una conexión a jugar.","","",""
"web-app","challenges.lastPlayed","Last played","Última partida","","",""
"web-app","challenges.addCalendar","Add to calendar","Añadir al calendario","","",""
"web-app","challenges.googleCalendar","Google Calendar","Google Calendar","","",""
"web-app","challenges.counterTitle","Suggest another time to {name}","Proponer otra hora a {name}","","{name}",""
"web-app","challenges.send","Send","Enviar","","",""
"web-app","challenges.hide","Hide invite","Ocultar invitación","","",""
"web-app","challenges.unhide","Unhide","Dejar de ocultar","","",""
"web-app","challenges.hiddenCount","Hidden ({count})","Ocultas ({count})","","{count}",""
"web-app","challenges.hiddenNote","A hidden invite disappears on its own after a few days.","Una invitación oculta desaparece por sí sola al cabo de unos días.","","",""
"web-app","record.heading","Record","Historial","","",""
"web-app","record.recordLabel","Record","Historial","","",""
"web-app","record.showLess","Show less","Mostrar menos","","",""
"web-app","record.seeAll","See all →","Ver todo →","","",""
"web-app","record.form","Form","Forma","","",""
"web-app","record.last5","Last 5","Últimas 5","","",""
"web-app","record.winRate","Win rate","Porcentaje de victorias","","",""
"web-app","record.winRateAria","Win rate {pct} percent","Porcentaje de victorias: {pct} por ciento","","{pct}",""
"web-app","record.formAria","Last {count}, oldest to newest: {list}","Últimas {count}, de más antigua a más reciente: {list}","","{count}; {list}",""
"web-app","record.matchCountFull.one","1 match","1 partida","","",""
"web-app","record.matchCountFull.other","{count} matches","{count} partidas","","{count}",""
"web-app","record.wonLast","Won your last {count}","Ganaste tus últimas {count}","","{count}",""
"web-app","record.lastPlayed","Last played {date}","Última partida el {date}","","{date}",""
"web-app","record.lastPlayedSep"," · last played {date}"," · última partida el {date}","","{date}",""
"web-app","record.viaCueScore","via CueScore","vía CueScore","","",""
"web-app","record.youWon","You won","Ganaste","","",""
"web-app","record.youLost","You lost","Perdiste","","",""
"web-app","record.oppWon","{name} won","{name} ganó","","{name}",""
"web-app","record.logResult","Log result","Registrar resultado","","",""
"web-app","record.whoWon","Who won?","¿Quién ganó?","","",""
"web-app","record.yourScore","Your score (optional)","Tu marcador (opcional)","","",""
"web-app","record.oppScore","{name}'s score","Marcador de {name}","","{name}",""
"web-app","record.importTitle","Import a CueScore match","Importar una partida de CueScore","","",""
"web-app","record.matchImported","Match imported","Partida importada","","",""
"web-app","record.matchLinkLabel","CueScore match link","Enlace de la partida en CueScore","","",""
"web-app","record.matchLinkPlaceholder","…/match/?matchId=…","…/match/?matchId=…","","",""
"web-app","record.lookingUp","Looking up…","Buscando…","","",""
"web-app","record.lookUp","Look up match","Buscar partida","","",""
"web-app","record.notYourMatch","This match isn't linked to your CueScore profile — you can only import your own matches.","Esta partida no está vinculada a tu perfil de CueScore — solo puedes importar tus propias partidas.","","",""
"web-app","record.vsPrefix","vs","vs","","",""
"web-app","record.tableLabel","Table","Mesa","","",""
"web-app","record.notFinished","This match isn't finished yet — finish it on CueScore first.","Esta partida aún no ha terminado — termínala primero en CueScore.","","",""
"web-app","record.importing","Importing…","Importando…","","",""
"web-app","record.importThis","Import this match","Importar esta partida","","",""
"web-app","record.errNotFound","Couldn't find that match.","No se ha encontrado esa partida.","","",""
"web-app","record.errImport","Couldn't import that match.","No se ha podido importar esa partida.","","",""
"web-app","record.startsHere","Your record starts here","Tu historial empieza aquí","","",""
"web-app","record.emptyLinked","Import a finished CueScore match — every game counts, win or lose.","Importa una partida terminada de CueScore — cada partida cuenta, ganes o pierdas.","","",""
"web-app","record.emptyUnlinked","Link your CueScore profile to import your match results — every game counts, win or lose.","Vincula tu perfil de CueScore para importar tus resultados — cada partida cuenta, ganes o pierdas.","","",""
"web-app","record.importCta","Import a CueScore match","Importar una partida de CueScore","","",""
"web-app","record.linkCta","Link CueScore to import results","Vincula CueScore para importar resultados","","",""
"web-app","record.howItWorks","How importing works","Cómo funciona la importación","","",""
"web-app","record.howTitle","How importing works","Cómo funciona la importación","","",""
"web-app","record.howStep1","Finish your match on CueScore.","Termina tu partida en CueScore.","","",""
"web-app","record.howStep2","Open the match and copy its link.","Abre la partida y copia su enlace.","","",""
"web-app","record.howStep3","Paste it here — 8nOut reads the final score and adds it to your record, win or lose.","Pégalo aquí — 8nOut lee el resultado final y lo añade a tu historial, ganes o pierdas.","","",""
"web-app","record.howFootnote","The opponent doesn't need to be on 8nOut. If they are, the match shows on their record too.","El rival no necesita estar en 8nOut. Si lo está, la partida también aparecerá en su historial.","","",""
"web-app","discipline.onePocket","One Pocket","One Pocket","","",""
"web-app","scoreboard.entry.challenge","Start scoreboard","Iniciar marcador","","",""
"web-app","scoreboard.entry.logAlt","Already played? Log result","¿Ya habéis jugado? Registrar resultado","","",""
"web-app","scoreboard.entry.connection","Start a live scoreboard","Iniciar un marcador en directo","","",""
"web-app","scoreboard.entry.connectionNote","Play right now, no scheduled challenge needed.","Jugad ahora mismo, sin necesidad de programar un desafío.","","",""
"web-app","scoreboard.entry.rejoinChallenge","Rejoin scoreboard","Volver al marcador","","",""
"web-app","scoreboard.entry.rejoinConnection","Rejoin the live scoreboard","Volver al marcador en directo","","",""
"web-app","scoreboard.entry.rejoinNote","{name} already started one.","{name} ya ha iniciado uno.","","{name}",""
"web-app","scoreboard.create.title","New scoreboard","Nuevo marcador","","",""
"web-app","scoreboard.create.raceTo","Race to {n}","Carrera a {n}","","{n}",""
"web-app","scoreboard.create.raceTo.hint","1–200","1–200","","",""
"web-app","scoreboard.create.break","Break","Salida","","",""
"web-app","scoreboard.create.alternate","Alternate","Alternar","","",""
"web-app","scoreboard.create.winnerBreaks","Winner breaks","Sale el ganador","","",""
"web-app","scoreboard.create.firstBreaker","Who breaks first","Quién sale primero","","",""
"web-app","scoreboard.create.whoBreaks.hint","Tap a name to start the match.","Toca un nombre para empezar la partida.","","",""
"web-app","scoreboard.create.you","You","Tú","","",""
"web-app","scoreboard.create.venue","Venue","Local","","",""
"web-app","scoreboard.create.venue.none","No venue","Sin local","","",""
"web-app","scoreboard.create.venue.emptyHint","No clubs saved yet — add one from your Profile","Aún no has guardado ningún club — añade uno desde tu Perfil","","",""
"web-app","scoreboard.create.table","Table number (optional)","Número de mesa (opcional)","","",""
"web-app","scoreboard.create.start","Start","Empezar","","",""
"web-app","scoreboard.flip","Flip for me","Lanzar la moneda","","",""
"web-app","scoreboard.create.flip","Flip for me — starts the match","Lanzar la moneda — empieza la partida","","",""
"web-app","scoreboard.create.breaker.a11y.self","Start the match with you breaking first","Empezar la partida saliendo tú primero","","",""
"web-app","scoreboard.create.breaker.a11y.opponent","Start the match with {name} breaking first","Empezar la partida saliendo {name} primero","","{name}",""
"web-app","scoreboard.create.breaker.a11y.flip","Flip a coin to decide who breaks, and start the match","Lanzar una moneda para decidir quién sale, y empezar la partida","","",""
"web-app","scoreboard.status.pending","Pending","Pendiente","","",""
"web-app","scoreboard.status.live","Live","En directo","","",""
"web-app","scoreboard.rackOf","Rack {n} of race to {raceTo}","Rack {n} de la carrera a {raceTo}","","{n}; {raceTo}",""
"web-app","scoreboard.setScore.a11y.lead","You lead {mine} to {theirs} in racks. {balls} balls on the table.","","","{balls}; {mine}; {theirs}",""
"web-app","scoreboard.setScore.a11y.trail","You trail {mine} to {theirs} in racks. {balls} balls on the table.","","","{balls}; {mine}; {theirs}",""
"web-app","scoreboard.setScore.a11y.tie","You're tied {mine} to {theirs} in racks. {balls} balls on the table.","","","{balls}; {mine}; {theirs}",""
"web-app","scoreboard.rotatePrompt","Rotate for a bigger scoreboard","Gira la pantalla para un marcador más grande","","",""
"web-app","scoreboard.rotatePrompt.dismiss","Dismiss rotate suggestion","Descartar sugerencia de giro","","",""
"web-app","scoreboard.racksChip","Racks {n}","Racks {n}","","{n}",""
"web-app","scoreboard.onTable","on the table","en la mesa","","",""
"web-app","scoreboard.toWinRack","of {target} to win rack","de {target} para ganar el rack","","{target}",""
"web-app","scoreboard.breaking","Breaking","Sale","","",""
"web-app","scoreboard.action.undo","Undo","Deshacer","","",""
"web-app","scoreboard.action.switch","Switch","Cambiar","","",""
"web-app","scoreboard.action.point","Point","Punto","","",""
"web-app","scoreboard.action.oppPoint","Opp. pt","Punto rival","","",""
"web-app","scoreboard.action.foul","Foul","Falta","","",""
"web-app","scoreboard.timeout","Timeout","Tiempo","","",""
"web-app","scoreboard.timeout.remaining","Timeout — {time} remaining","Tiempo — quedan {time}","","{time}",""
"web-app","scoreboard.timeout.over","Timeout — {time} over","Tiempo — {time} de más","","{time}",""
"web-app","scoreboard.resume","Resume","Reanudar","","",""
"web-app","scoreboard.finishMatch","Finish match","Terminar partida","","",""
"web-app","scoreboard.watching","{name} is keeping score — watching live","{name} está llevando el marcador — viendo en directo","","{name}",""
"web-app","scoreboard.finish.title","Confirm final result","Confirmar resultado final","","",""
"web-app","scoreboard.finish.confirm","Make sure this is right before finishing.","Asegúrate de que esto es correcto antes de terminar.","","",""
"web-app","scoreboard.finish.continuePlaying","Continue playing","Seguir jugando","","",""
"web-app","scoreboard.recorded.self","Recorded by you","Registrado por ti","","",""
"web-app","scoreboard.recorded.other","Recorded by {name}","Registrado por {name}","","{name}",""
"web-app","scoreboard.correct.self","Edit result","Editar resultado","","",""
"web-app","scoreboard.correct.other","Doesn't look right? Message {name}","¿No es correcto? Escribe a {name}","","{name}",""
"web-app","scoreboard.expired.title","This match wasn't finished","Esta partida no se terminó","","",""
"web-app","scoreboard.expired.body","No score was recorded before this session timed out. Nothing was saved to your record.","No se registró ningún resultado antes de que expirara la sesión. No se ha guardado nada en tu historial.","","",""
"web-app","scoreboard.expired.startNew","Start a new scoreboard","Iniciar un nuevo marcador","","",""
"web-app","scoreboard.expired.logManually","Log the result manually","Registrar el resultado manualmente","","",""
"web-app","scoreboard.stat.racksWon","Racks won","Racks ganados","","",""
"web-app","scoreboard.stat.winPct","Win %","% victorias","","",""
"web-app","scoreboard.stat.avgRack","Avg rack time","Tiempo medio por rack","","",""
"web-app","scoreboard.stat.breakWins","Break-and-wins","Victorias de salida","","",""
"web-app","scoreboard.stat.racksStolen","Racks stolen","Racks robados","","",""
"web-app","scoreboard.stat.timeouts","Timeouts","Tiempos","","",""
"web-app","scoreboard.won","Won","Ganada","","",""
"web-app","scoreboard.lost","Lost","Perdida","","",""
"web-app","scoreboard.vsRaceTo","vs. {name} · One Pocket · race to {raceTo}","vs. {name} · One Pocket · carrera a {raceTo}","","{name}; {raceTo}",""
"web-app","scoreboard.brokeRack","{name} broke","Salió {name}","","{name}",""
"web-app","scoreboard.close","Close","Cerrar","","",""
"web-app","scoreboard.errorGeneric","Couldn't do that right now. Try again.","Ahora mismo no se ha podido hacer. Inténtalo de nuevo.","","",""
"web-app","scoreboard.messageThreadReady","Opened your conversation — check the Chat tab to continue it.","Se ha abierto tu conversación — consulta la pestaña Chat para continuarla.","","",""
"web-app","scoreboard.postMatch.kicker","Match finished","","","",""
"web-app","scoreboard.postMatch.end","End","","","",""
"web-app","scoreboard.postMatch.startNewMatch","Start new match","","","",""
"web-app","scoreboard.postMatch.startNewMatch.a11y","Start a new match against {name}","","","{name}",""
"web-app","scoreboard.postMatch.spectatorNote","{name} kept score for this match","","","{name}",""
"web-app","scoreboard.postMatch.back","Back","","","",""
"web-app","profile.title","Profile","Perfil","","",""
"web-app","profile.loading","Loading profile…","Cargando perfil…","","",""
"web-app","profile.changePhoto","Change photo","Cambiar foto","","",""
"web-app","profile.openToPlay","Open to play","Abierto a jugar","","",""
"web-app","profile.notOpenNow","Not open right now","No disponible ahora","","",""
"web-app","profile.connectNote","Connecting is how you swap contact details.","Conectar es la forma de intercambiar datos de contacto.","","",""
"web-app","profile.respondNote","{name} asked to connect with you.","{name} te ha pedido conectar.","","{name}",""
"web-app","profile.bio","Bio","Bio","","",""
"web-app","profile.bioEmpty","Add a short bio and your home town.","Añade una breve bio y tu ciudad.","","",""
"web-app","profile.fargoRating","Fargo Rating","Fargo Rating","","",""
"web-app","profile.ratingSelfReported","{rating} · self-reported","{rating} · autodeclarado","","{rating}",""
"web-app","profile.notSet","Not set","Sin definir","","",""
"web-app","profile.clubsUpTo3","Up to 3 clubs.","Hasta 3 clubes.","","",""
"web-app","profile.miniUnavailable","This player's profile isn't available.","El perfil de este jugador no está disponible.","","",""
"web-app","clubs.heading","Clubs","Clubes","","",""
"web-app","clubs.none","No clubs yet.","Aún no tienes clubes.","","",""
"web-app","clubs.add","+ Add a club","+ Añadir un club","","",""
"web-app","clubs.addTitle","Add a club","Añadir un club","","",""
"web-app","clubs.searchLabel","Search pool rooms","Buscar salas de billar","","",""
"web-app","clubs.searchPlaceholder","Club name","Nombre del club","","",""
"web-app","clubs.noMatch","No matching clubs.","No hay clubes que coincidan.","","",""
"web-app","clubs.cantFind","Can't find it? Add a new venue","¿No lo encuentras? Añade un local nuevo","","",""
"web-app","clubs.newTitle","New venue","Local nuevo","","",""
"web-app","clubs.nameLabel","Name","Nombre","","",""
"web-app","clubs.addressLabel","Address","Dirección","","",""
"web-app","clubs.addressPlaceholder","Street, city, country","Calle, ciudad, país","","",""
"web-app","clubs.submitForReview","Submit for review","Enviar para revisión","","",""
"web-app","clubs.submitting","Checking the address…","Comprobando la dirección…","","",""
"web-app","clubs.submitAnyway","None of these — submit anyway","Ninguno de estos — enviar de todas formas","","",""
"web-app","clubs.didYouMean","Did you mean?","¿Quisiste decir?","","",""
"web-app","clubs.suggest.title","Already on 8nOut?","¿Ya está en 8nOut?","","",""
"web-app","clubs.suggest.hint","Pick your club and it's added straight away — only a new venue needs review.","Elige tu club y se añade al momento — solo un local nuevo pasa por revisión.","","",""
"web-app","clubs.backToSearch","Back to search","Volver a la búsqueda","","",""
"web-app","clubs.submittedPending","Submitted for review — it appears on the map once approved.","Enviado para revisión — aparecerá en el mapa en cuanto se apruebe.","","",""
"web-app","clubs.placedIn","Placed in {city}, {country}","Ubicado en {city}, {country}","","{city}; {country}",""
"web-app","clubs.pendingReview","Pending review","Pendiente de revisión","","",""
"web-app","clubs.rejected","Not approved","No aprobado","","",""
"web-app","clubs.rejectedReason","Not approved — {reason}","No aprobado — {reason}","","{reason}",""
"web-app","clubs.err.geocoderUnavailable","Couldn't reach the address lookup right now — try again shortly.","No se ha podido acceder a la búsqueda de direcciones ahora mismo — inténtalo de nuevo en breve.","","",""
"web-app","clubs.err.submitFailed","Couldn't submit that venue. Please try again.","No se ha podido enviar ese local. Inténtalo de nuevo.","","",""
"web-app","clubs.geo.typed.title","We couldn't place this address on the map","No hemos podido ubicar esta dirección en el mapa","","",""
"web-app","clubs.geo.typed.body","Check the address above — street, city and country — then submit again.","Comprueba la dirección de arriba — calle, ciudad y país — y vuelve a enviarla.","","",""
"web-app","clubs.geo.sourced.title","We couldn't place this address on the map","No hemos podido ubicar esta dirección en el mapa","","",""
"web-app","clubs.geo.sourced.body","We filled this in from CueScore. Edit it above and submit again — change as much as you need.","La hemos rellenado a partir de CueScore. Edítala arriba y vuelve a enviarla — cambia lo que necesites.","","",""
"web-app","clubs.geo.tried","What we looked up","Lo que hemos buscado","","",""
"web-app","clubs.geo.down.title","The address lookup is unavailable","La búsqueda de direcciones no está disponible","","",""
"web-app","clubs.geo.down.body","Nothing you typed is wrong — the problem is at our end.","No hay nada mal en lo que has escrito — el problema está de nuestro lado.","","",""
"web-app","clubs.confirm.title","Is that close enough?","¿Es suficientemente exacto?","","",""
"web-app","clubs.confirm.body","We could only find the general area — add more detail if you can, or submit it as it is.","Solo hemos podido encontrar la zona general — añade más detalle si puedes, o envíalo tal cual.","","",""
"web-app","clubs.confirm.yes","Submit it as it is","Enviarlo tal cual","","",""
"web-app","clubs.confirm.no","Add more detail","Añadir más detalle","","",""
"web-app","clubs.cuescore.lead","Fastest way: paste the club's CueScore venue link — the one that ends in a number. Or add it manually below.","La forma más rápida: pega el enlace del local en CueScore — el que termina en un número. O añádelo a mano abajo.","","",""
"web-app","clubs.cuescore.urlPlaceholder","https://cuescore.com/venue/…","https://cuescore.com/venue/…","","",""
"web-app","clubs.cuescore.urlLabel","CueScore venue link","Enlace del local en CueScore","","",""
"web-app","clubs.cuescore.lookup","Look up","Buscar","","",""
"web-app","clubs.cuescore.looking","Reading…","Leyendo…","","",""
"web-app","clubs.cuescore.sourced","Sourced from CueScore","Obtenido de CueScore","","",""
"web-app","clubs.cuescore.matched","This club is already on 8nOut.","Este club ya está en 8nOut.","","",""
"web-app","clubs.cuescore.addToClubs","Add to my clubs","Añadir a mis clubes","","",""
"web-app","clubs.cuescore.lookAnother","Look up another","Buscar otro","","",""
"web-app","clubs.cuescore.unavailable","That club can't be added from CueScore. Add it manually below.","Ese club no se puede añadir desde CueScore. Añádelo a mano abajo.","","",""
"web-app","clubs.cuescore.err.rate_limited","Too many CueScore lookups just now — try again later, or add it manually.","Demasiadas búsquedas en CueScore por ahora — inténtalo más tarde, o añádelo a mano.","","",""
"web-app","clubs.cuescore.err.bad_url","That link has no venue number in it. We need the club's CueScore venue page — the link ends in a number, like cuescore.com/venue/Club+Name/60451687. Or add it manually below.","Ese enlace no tiene ningún número de local. Necesitamos la página del local en CueScore — el enlace termina en un número, como cuescore.com/venue/Club+Name/60451687. O añádelo a mano abajo.","","",""
"web-app","clubs.cuescore.err.unreachable","Couldn't reach CueScore right now — try again shortly, or add it manually.","No se ha podido contactar con CueScore ahora mismo — inténtalo de nuevo en breve, o añádelo a mano.","","",""
"web-app","clubs.cuescore.err.forbidden","You can't add a club right now.","Ahora mismo no puedes añadir un club.","","",""
"web-app","clubs.websiteLabel","Website (optional)","Web (opcional)","","",""
"web-app","clubs.websitePlaceholder","https://mokumpool.nl","https://mokumpool.nl","","",""
"web-app","clubs.websiteHint","A website or Facebook page — either works.","Una web o una página de Facebook — cualquiera de las dos sirve.","","",""
"web-app","clubs.websiteInvalid","That doesn't look like a valid web address — check it and try again.","Eso no parece una dirección web válida — compruébala e inténtalo de nuevo.","","",""
"web-app","report.reasonLabel","Reason","Motivo","","",""
"web-app","report.detailPlaceholder","Anything else we should know? (optional)","¿Algo más que debamos saber? (opcional)","","",""
"web-app","report.send","Send","Enviar","","",""
"web-app","report.venue.privateResidence","This is a home or private address","Es una vivienda o dirección privada","","",""
"web-app","report.venue.notAVenue","Not a real pool venue","No es un club de billar real","","",""
"web-app","report.venue.closedOrWrong","Closed, or wrong details","Cerrado, o datos incorrectos","","",""
"web-app","report.venue.other","Something else","Otra cosa","","",""
"web-app","report.reportPlayer","Report player","Denunciar jugador","","",""
"web-app","report.blockPlayer","Block player","Bloquear jugador","","",""
"web-app","report.alsoBlock","Also block this player","Bloquear también a este jugador","","",""
"web-app","report.blockConfirm","Block {name}? You won't see each other on the map, any connection between you is removed, and any chat between you leaves your list. They won't be told they've been blocked.","¿Bloquear a {name}? No os veréis en el mapa, se elimina cualquier conexión entre vosotros, y cualquier chat entre vosotros desaparece de tu lista. No se le avisará de que ha sido bloqueado.","","{name}",""
"web-app","report.playerReported","Report sent.","Denuncia enviada.","","",""
"web-app","report.playerReportedBlocked","Reported and blocked.","Denunciado y bloqueado.","","",""
"web-app","report.player.harassment","Harassment or abuse","Acoso o abuso","","",""
"web-app","report.player.spam","Spam","Spam","","",""
"web-app","report.player.inappropriatePhoto","Inappropriate photo","Foto inapropiada","","",""
"web-app","report.player.fakeProfile","Fake profile","Perfil falso","","",""
"web-app","report.player.other","Something else","Otra cosa","","",""
"web-app","report.reportMessage","Report message","Denunciar mensaje","","",""
"web-app","report.message.harassment","Harassment or abuse","Acoso o abuso","","",""
"web-app","report.message.spam","Spam","Spam","","",""
"web-app","report.message.moneyPlaySolicitation","Asking to play for money","Proponer jugar por dinero","","",""
"web-app","report.message.other","Something else","Otra cosa","","",""
"web-app","report.goodFaith","I'm making this report in good faith and believe the information in it is accurate and complete.","Hago esta denuncia de buena fe y creo que la información que contiene es exacta y completa.","","",""
"web-app","reportDecision.title","About your report","Sobre tu denuncia","","",""
"web-app","reportDecision.actioned","We reviewed your report and acted on it under our Terms of Service.","Hemos revisado tu denuncia y hemos actuado según nuestros Términos del Servicio.","","",""
"web-app","reportDecision.dismissed","We reviewed your report and didn't find a breach of our rules.","Hemos revisado tu denuncia y no hemos encontrado ningún incumplimiento de nuestras normas.","","",""
"web-app","moderation.noAutomation","No automated tools were used in this decision — a person reviewed it.","En esta decisión no se ha usado ninguna herramienta automatizada — la ha revisado una persona.","","",""
"web-app","moderation.redress","If you think this is wrong, contact us at privacy@8nout.com. Your right to go to court is unaffected.","Si crees que esto es un error, escríbenos a privacy@8nout.com. Tu derecho a acudir a los tribunales no se ve afectado.","","",""
"web-app","tabs.chat","Chat","Chat","","",""
"web-app","chat.title","Chat","Chat","","",""
"web-app","chat.emptyTitle","No conversations yet.","Aún no hay conversaciones.","","",""
"web-app","chat.emptySteer","Start one with a connection.","Empieza una con una conexión.","","",""
"web-app","chat.emptyCta","Go to Connections","Ir a Conexiones","","",""
"web-app","chat.previewYou","You: {text}","Tú: {text}","","{text}",""
"web-app","chat.unreadA11y","{count} unread","{count} sin leer","","{count}",""
"web-app","chat.mutedA11y","Muted","Silenciado","","",""
"web-app","chat.hiddenCount","Hidden ({count})","Ocultas ({count})","","{count}",""
"web-app","chat.unhide","Unhide","Dejar de ocultar","","",""
"web-app","chat.hiddenNote","A hidden conversation comes back when a new message arrives.","Una conversación oculta vuelve a aparecer cuando llega un mensaje nuevo.","","",""
"web-app","chat.retentionFootnote","Messages are deleted automatically 60 days after they're sent.","Los mensajes se eliminan automáticamente 60 días después de enviarse.","","",""
"web-app","chat.threadEmpty","Say hi and arrange a game.","Saluda y organiza una partida.","","",""
"web-app","chat.challengeCard","Invitation to play","Invitación a jugar","","",""
"web-app","chat.challengeExpired","Invitation expired","Invitación caducada","","",""
"web-app","chat.cardYouInvited","You invited {name}","Invitaste a {name}","","{name}",""
"web-app","chat.cardInvitedYou","{name} invited you","{name} te invitó","","{name}",""
"web-app","chat.cardView","View in Challenges","Ver en Desafíos","","",""
"web-app","chat.deletedPlayer","Deleted player","Jugador eliminado","","",""
"web-app","chat.composePlaceholder","Write a message…","Escribe un mensaje…","","",""
"web-app","chat.errNotConnected","You're no longer connected — new messages can't be sent.","Ya no estáis conectados — no se pueden enviar mensajes nuevos.","","",""
"web-app","chat.errTooLong","That message is too long — the limit is 2,000 characters.","Ese mensaje es demasiado largo — el límite es de 2000 caracteres.","","",""
"web-app","chat.errTooFast","You're sending messages very quickly — give it a moment and try again.","Estás enviando mensajes muy rápido — espera un momento e inténtalo de nuevo.","","",""
"web-app","chat.errUnavailable","Messaging is unavailable right now — try again later.","Los mensajes no están disponibles ahora mismo — inténtalo más tarde.","","",""
"web-app","chat.filterBlocked","This message can't be sent — it contains language that isn't allowed on 8nOut. Edit it and try again.","Este mensaje no se puede enviar — contiene lenguaje no permitido en 8nOut. Edítalo e inténtalo de nuevo.","","",""
"web-app","chat.deleteForEveryone","Delete for everyone","Eliminar para todos","","",""
"web-app","chat.deleteConfirmTitle","Delete for everyone?","¿Eliminar para todos?","","",""
"web-app","chat.learnMore","Learn more","Más información","","",""
"web-app","chat.deletedByYou","You deleted this message","Eliminaste este mensaje","","",""
"web-app","chat.deletedMessage","This message was deleted","Este mensaje se eliminó","","",""
"web-app","chat.hide","Hide conversation","Ocultar conversación","","",""
"web-app","chat.hideBody","This hides the conversation from your list — nothing is deleted, and {name} won't notice anything. It comes back if they message you again.","Esto oculta la conversación de tu lista — no se elimina nada, y {name} no notará nada. Vuelve a aparecer si te escribe de nuevo.","","{name}",""
"web-app","chat.mute","Mute notifications","Silenciar notificaciones","","",""
"web-app","chat.unmute","Unmute","Dejar de silenciar","","",""
"web-app","chat.firstNotice.heading","How chat works","Cómo funciona el chat","","",""
"web-app","chat.firstNotice.body","Chat is one-to-one, with your accepted connections only. Messages are deleted automatically 60 days after they're sent. We don't read your messages — if one is reported, a moderator can review it and the messages around it, and every such access is logged. Anything you type here — including an address — stays in the chat for up to 60 days, even if you later disconnect or block. See the Privacy Policy for details.","El chat es uno a uno, solo con tus conexiones aceptadas. Los mensajes se eliminan automáticamente 60 días después de enviarse. No leemos tus mensajes — si se denuncia uno, un moderador puede revisarlo junto con los mensajes de alrededor, y cada acceso de este tipo queda registrado. Todo lo que escribas aquí — incluida una dirección — permanece en el chat hasta 60 días, incluso si más tarde desconectas o bloqueas a la otra persona. Consulta la Política de Privacidad para más detalles.","","",""
"web-app","chat.reaction.trigger","React","Reaccionar","","",""
"web-app","chat.reaction.thumbsUp","Thumbs up","Pulgar arriba","","",""
"web-app","chat.reaction.thumbsDown","Thumbs down","Pulgar abajo","","",""
"web-app","chat.reaction.heart","Heart","Corazón","","",""
"web-app","chat.reaction.laugh","Laughing","Risa","","",""
"web-app","chat.reaction.surprised","Surprised","Sorpresa","","",""
"web-app","chat.reaction.pray","Praying hands","Manos orando","","",""
"web-app","chat.reaction.remove","Remove reaction","Quitar reacción","","",""
"web-app","chat.reaction.includingYou","including you","incluido tú","","",""
"web-app","appearance.heading","Appearance","Apariencia","","",""
"web-app","appearance.system","System","Sistema","","",""
"web-app","appearance.light","Light","Claro","","",""
"web-app","appearance.dark","Dark","Oscuro","","",""
"web-app","language.heading","Language","Idioma","","",""
"web-app","invite.heading","Invite a player","Invitar a un jugador","","",""
"web-app","invite.body","Share your link — whoever joins is connected to you automatically.","Comparte tu enlace — quien se una queda conectado contigo automáticamente.","","",""
"web-app","invite.linkCopied","Link copied!","¡Enlace copiado!","","",""
"web-app","invite.share","Share invite link","Compartir enlace de invitación","","",""
"web-app","invite.shareTitle","8nOut invite","Invitación de 8nOut","","",""
"web-app","invite.shareText","Join me on 8nOut — find and connect with One Pocket players.","Únete a mí en 8nOut — encuentra jugadores de One Pocket y conecta con ellos.","","",""
"web-app","bio.about","About you","Sobre ti","","",""
"web-app","bio.aboutPlaceholder","One Pocket only. Always up for a session.","Solo One Pocket. Siempre listo para una sesión.","","",""
"web-app","bio.homeTown","Home town","Ciudad","","",""
"web-app","bio.homeTownPlaceholder","e.g. Amsterdam","p. ej. Ámsterdam","","",""
"web-app","bio.homeTownHint","Your town or city only — every member can see this, so skip the street address or postal code.","Solo tu ciudad — cualquier miembro puede verlo, así que evita la dirección exacta o el código postal.","","",""
"web-app","bio.country","Country","País","","",""
"web-app","bio.countryPlaceholder","Netherlands","Países Bajos","","",""
"web-app","rating.label","Rating (self-reported)","Rating (autodeclarado)","","",""
"web-app","rating.placeholder","e.g. 550","p. ej. 550","","",""
"web-app","rating.fairmatchLabel","FairMatch profile URL (optional)","URL del perfil de FairMatch (opcional)","","",""
"web-app","rating.fairmatchPlaceholder","https://fairmatch.fargorate.com/…","https://fairmatch.fargorate.com/…","","",""
"web-app","rating.errRange","Enter a rating between 0 and 900.","Introduce un rating entre 0 y 900.","","",""
"web-app","rating.errHttps","Include https:// in the link.","Incluye https:// en el enlace.","","",""
"web-app","connectCode.aria","My connect code","Mi código de conexión","","",""
"web-app","connectCode.entrySub","Show or scan to connect in person","Muéstralo o escanéalo para conectar en persona","","",""
"web-app","connectCode.title","Connect code","Código de conexión","","",""
"web-app","connectCode.myCode","My code","Mi código","","",""
"web-app","connectCode.scan","Scan","Escanear","","",""
"web-app","connectCode.qrAlt","Your connect QR code","Tu código QR de conexión","","",""
"web-app","connectCode.caption","Have another player scan this to connect with you on 8nOut.","Haz que otro jugador escanee esto para conectar contigo en 8nOut.","","",""
"web-app","connectCode.shareLink","Share link","Compartir enlace","","",""
"web-app","connectCode.resetTitle","Reset your code?","¿Restablecer tu código?","","",""
"web-app","connectCode.resetBody","Your current QR and link stop working right away. Anyone already connected with you stays connected.","Tu QR y enlace actuales dejan de funcionar de inmediato. Quien ya esté conectado contigo sigue estándolo.","","",""
"web-app","connectCode.resetCode","Reset code","Restablecer código","","",""
"web-app","connectCode.resetMyCode","Reset my code","Restablecer mi código","","",""
"web-app","connectCode.newReady","New code ready","Código nuevo listo","","",""
"web-app","connectCode.errReset","Couldn't reset your code.","No se ha podido restablecer tu código.","","",""
"web-app","connectCode.alreadyConnected","You're already connected","Ya estáis conectados","","",""
"web-app","connectCode.connected","You're connected!","¡Estáis conectados!","","",""
"web-app","connectCode.alreadyBody","You and {name} are already connected.","Tú y {name} ya estáis conectados.","","{name}",""
"web-app","connectCode.connectedBody","You and {name} are connected. Say hi and set up a game.","Tú y {name} estáis conectados. Saludaos y organizad una partida.","","{name}",""
"web-app","connectCode.view","View {name}","Ver a {name}","","{name}",""
"web-app","connectCode.pasteLabel","Paste a link instead","Pegar un enlace en su lugar","","",""
"web-app","connectCode.pastePlaceholder","Paste an 8nOut invite link","Pega un enlace de invitación de 8nOut","","",""
"web-app","connectCode.backToCamera","Back to camera","Volver a la cámara","","",""
"web-app","connectCode.cameraOff","Camera access is off","El acceso a la cámara está desactivado","","",""
"web-app","connectCode.cameraOffBody","Your browser is blocking the camera. You can paste the player's link instead, or allow the camera in your browser and try again.","Tu navegador está bloqueando la cámara. Puedes pegar el enlace del jugador en su lugar, o permitir la cámara en tu navegador e intentarlo de nuevo.","","",""
"web-app","connectCode.scanHelp","Point at another player's 8nOut code","Apunta al código de 8nOut de otro jugador","","",""
"web-app","connectCode.notCode","That's not an 8nOut code — keep pointing at their code.","Ese no es un código de 8nOut — sigue apuntando a su código.","","",""
"web-app","connectCode.ownCode","That's your own code. Have the other player scan it instead.","Ese es tu propio código. Haz que el otro jugador lo escanee.","","",""
"web-app","connectCode.codeInactive","This code isn't active anymore. Ask them to show a fresh one.","Este código ya no está activo. Pídele que te muestre uno nuevo.","","",""
"web-app","inviteLanding.invalidTitle","This invite link is no longer valid","Este enlace de invitación ya no es válido","","",""
"web-app","inviteLanding.invalidBody","Ask your friend for a fresh link, or open the app and find players near you.","Pide a tu amigo un enlace nuevo, o abre la app y busca jugadores cerca de ti.","","",""
"web-app","inviteLanding.open8nOut","Open 8nOut","Abrir 8nOut","","",""
"web-app","inviteLanding.invitedYou","{name} invited you to 8nOut","{name} te ha invitado a 8nOut","","{name}",""
"web-app","inviteLanding.body","8nOut is the map of the European One Pocket community — find players and clubs near you, connect, and arrange a game. Join and you'll be connected with {name} straight away.","8nOut es el mapa de la comunidad europea de One Pocket — encuentra jugadores y clubes cerca de ti, conecta y organiza una partida. Únete y quedarás conectado con {name} de inmediato.","","{name}",""
"web-app","inviteLanding.openWebApp","Open the web app","Abrir la app web","","",""
"web-app","inviteLanding.getAppPrimary","Get 8nOut","Consigue 8nOut","","",""
"web-app","inviteLanding.openWebAppSecondary","Open the web app instead","Abrir la app web en su lugar","","",""
"web-app","inviteLanding.installedHint","Already have 8nOut? Open this link on your phone, or paste it into the app — you'll be connected with {name}.","¿Ya tienes 8nOut? Abre este enlace en tu móvil, o pégalo en la app — quedarás conectado con {name}.","","{name}",""
"web-app","publicProfile.errorLoad","Couldn't load this profile right now — try again in a bit.","No se ha podido cargar este perfil ahora mismo — inténtalo de nuevo en un momento.","","",""
"web-app","publicProfile.notFound","Profile not found","Perfil no encontrado","","",""
"web-app","publicProfile.notFoundBody","This link doesn't point to an 8nOut player.","Este enlace no corresponde a ningún jugador de 8nOut.","","",""
"web-app","publicProfile.photoAlt","{name}'s photo","Foto de {name}","","{name}",""
"web-app","publicProfile.verifyFairmatch","verify on FairMatch","verificar en FairMatch","","",""
"web-app","publicProfile.selfReported","(self-reported)","(autodeclarado)","","",""
"web-app","publicProfile.cuescore","CueScore","CueScore","","",""
"web-app","publicProfile.viewProfile","View profile","Ver perfil","","",""
"web-app","publicProfile.homeTablePrivate","Home table — address stays private until shared","Mesa propia — la dirección permanece privada hasta que se comparta","","",""
"web-app","admin.consoleLink","Moderator console","Consola de moderación","","",""
"web-app","admin.notFound","Page not found","Página no encontrada","","",""
"web-app","admin.notFoundBody","The page you're looking for doesn't exist.","La página que buscas no existe.","","",""
"web-app","admin.brand","8nOut","8nOut","","",""
"web-app","admin.pill","Admin","Admin","","",""
"web-app","admin.role.moderator","Moderator","Moderador","","",""
"web-app","admin.nav.section","Moderation","Moderación","","",""
"web-app","admin.nav.overview","Overview","Resumen","","",""
"web-app","admin.nav.venues","Venue queue","Cola de locales","","",""
"web-app","admin.nav.reports","Reports","Denuncias","","",""
"web-app","admin.back","Back to 8nOut","Volver a 8nOut","","",""
"web-app","admin.refresh","Refresh","Actualizar","","",""
"web-app","admin.loading","Loading…","Cargando…","","",""
"web-app","admin.error","Couldn't load this right now — try refresh.","No se ha podido cargar esto ahora mismo — prueba a actualizar.","","",""
"web-app","admin.overview.title","Overview","Resumen","","",""
"web-app","admin.overview.subtitle","The map at a glance","El mapa de un vistazo","","",""
"web-app","admin.stat.players","Players","Jugadores","","",""
"web-app","admin.stat.venuesLive","Venues live","Locales activos","","",""
"web-app","admin.stat.signups","Sign-ups","Registros","","",""
"web-app","admin.stat.openReports","Open reports","Denuncias abiertas","","",""
"web-app","admin.stat.per7days","/ 7 days","/ 7 días","","",""
"web-app","admin.stat.newThisWeek","{count} this week","{count} esta semana","","{count}",""
"web-app","admin.stat.pendingReview.one","1 pending review","1 pendiente de revisión","","",""
"web-app","admin.stat.pendingReview.other","{count} pending review","{count} pendientes de revisión","","{count}",""
"web-app","admin.stat.noPending","None pending","Ninguno pendiente","","",""
"web-app","admin.stat.needsReview","needs review","necesita revisión","","",""
"web-app","admin.stat.allClear","All clear","Todo en orden","","",""
"web-app","admin.stat.goToVenues","Go to the venue queue","Ir a la cola de locales","","",""
"web-app","admin.stat.goToReports","Go to reports","Ir a las denuncias","","",""
"web-app","admin.stat.onlineNow","Online now","En línea ahora","","",""
"web-app","admin.stat.active24h","Active 24h","Activos en 24h","","",""
"web-app","admin.stat.onlineNowSub","In the last 10 min","En los últimos 10 min","","",""
"web-app","admin.stat.active24hSub","In the last 24 hours","En las últimas 24 horas","","",""
"web-app","admin.overview.attnVenues.one","1 venue awaiting review","1 local a la espera de revisión","","",""
"web-app","admin.overview.attnVenues.other","{count} venues awaiting review","{count} locales a la espera de revisión","","{count}",""
"web-app","admin.overview.attnReports.one","1 open report","1 denuncia abierta","","",""
"web-app","admin.overview.attnReports.other","{count} open reports","{count} denuncias abiertas","","{count}",""
"web-app","admin.overview.attnSub","Pending your review","Pendiente de tu revisión","","",""
"web-app","admin.overview.review","Review →","Revisar →","","",""
"web-app","admin.overview.recent","Recent activity","Actividad reciente","","",""
"web-app","admin.overview.recentNote","Latest first","Más reciente primero","","",""
"web-app","admin.overview.recentEmpty","No recent activity.","Sin actividad reciente.","","",""
"web-app","admin.overview.recentPlayers","Players","Jugadores","","",""
"web-app","admin.overview.recentVenues","Venues","Locales","","",""
"web-app","admin.overview.recentPlayersEmpty","No recent player activity.","Sin actividad reciente de jugadores.","","",""
"web-app","admin.overview.recentVenuesEmpty","No recent venue activity.","Sin actividad reciente de locales.","","",""
"web-app","admin.overview.recentError","Couldn't load activity.","No se ha podido cargar la actividad.","","",""
"web-app","admin.overview.loadMore","Load more","Cargar más","","",""
"web-app","admin.overview.kindAll","All","Todo","","",""
"web-app","admin.overview.kindPlayer","Player","Jugador","","",""
"web-app","admin.overview.kindVenue","Venue","Local","","",""
"web-app","admin.overview.kindReport","Report","Denuncia","","",""
"web-app","admin.overview.allClearTitle","You're all caught up","Estás al día","","",""
"web-app","admin.overview.allClearSub","Nothing waiting for review and no open reports.","Nada pendiente de revisión y ninguna denuncia abierta.","","",""
"web-app","admin.overview.funnel.title","Onboarding funnel","Embudo de incorporación","","",""
"web-app","admin.overview.funnel.note","Read-only","Solo lectura","","",""
"web-app","admin.overview.funnel.windowAll","All time","Todo el tiempo","","",""
"web-app","admin.overview.funnel.window90","Last 90 days","Últimos 90 días","","",""
"web-app","admin.overview.funnel.window30","Last 30 days","Últimos 30 días","","",""
"web-app","admin.overview.funnel.cohort","{total} signed up in this window · {mature} old enough to count (7+ days) · {completed} completed onboarding","{total} se registraron en este periodo · {mature} con antigüedad suficiente para contar (7+ días) · {completed} completaron la incorporación","","{completed}; {mature}; {total}",""
"web-app","admin.overview.funnel.cohortEmpty","{total} signed up in this window","{total} se registraron en este periodo","","{total}",""
"web-app","admin.overview.funnel.timeTitle","Time to complete","Tiempo hasta completar","","",""
"web-app","admin.overview.funnel.timeMeta","based on {completed} completions","basado en {completed} finalizaciones","","{completed}",""
"web-app","admin.overview.funnel.avgLabel","Average","Media","","",""
"web-app","admin.overview.funnel.medianLabel","Median","Mediana","","",""
"web-app","admin.overview.funnel.bucketUnder5m","<5m","<5m","","",""
"web-app","admin.overview.funnel.bucket5to30m","5–30m","5–30m","","",""
"web-app","admin.overview.funnel.bucket30mTo2h","30m–2h","30m–2h","","",""
"web-app","admin.overview.funnel.bucket2hTo24h","2h–24h","2h–24h","","",""
"web-app","admin.overview.funnel.bucket1to7d","1–7d","1–7d","","",""
"web-app","admin.overview.funnel.bucketOver7d","7d+","7d+","","",""
"web-app","admin.overview.funnel.fillTitle","Per-step fill rate","Tasa de completado por paso","","",""
"web-app","admin.overview.funnel.fillMeta","of {mature} mature members","de {mature} miembros con antigüedad suficiente","","{mature}",""
"web-app","admin.overview.funnel.fillEmpty","No members in this window yet.","Aún no hay miembros en este periodo.","","",""
"web-app","admin.overview.funnel.stepName","Name","Nombre","","",""
"web-app","admin.overview.funnel.stepCity","City","Ciudad","","",""
"web-app","admin.overview.funnel.stepClub","Club","Club","","",""
"web-app","admin.overview.funnel.stepCuescore","CueScore","CueScore","","",""
"web-app","admin.overview.funnel.avoidTitle","Prompt avoidance","Evitación del aviso","","",""
"web-app","admin.overview.funnel.avoidMeta","of {mature} mature members","de {mature} miembros con antigüedad suficiente","","{mature}",""
"web-app","admin.overview.funnel.dismiss0","Never dismissed","Nunca descartado","","",""
"web-app","admin.overview.funnel.dismiss1","Dismissed once","Descartado una vez","","",""
"web-app","admin.overview.funnel.dismiss2","Dismissed twice","Descartado dos veces","","",""
"web-app","admin.overview.funnel.dismiss3plus","Dismissed 3+ times","Descartado 3 o más veces","","",""
"web-app","admin.overview.funnel.avoidSub","avg {n} dismissals per member · {snoozed} currently snoozed","media de {n} descartes por miembro · {snoozed} pospuestos ahora mismo","","{n}; {snoozed}",""
"web-app","admin.overview.funnel.suppressedTag","Hidden — sample too small","Oculto — muestra demasiado pequeña","","",""
"web-app","admin.overview.funnel.suppressedTitle","Not enough data yet","Aún no hay suficientes datos","","",""
"web-app","admin.overview.funnel.suppressedTime.one","Only 1 member completed onboarding in this window — showing an exact time here could point to a specific person, so it stays hidden until there's more data.","Solo 1 miembro completó la incorporación en este periodo — mostrar un tiempo exacto aquí podría señalar a una persona concreta, así que permanece oculto hasta que haya más datos.","","",""
"web-app","admin.overview.funnel.suppressedTime.other","Only {count} members completed onboarding in this window — showing an exact time here could point to a specific person, so it stays hidden until there's more data.","Solo {count} miembros completaron la incorporación en este periodo — mostrar un tiempo exacto aquí podría señalar a una persona concreta, así que permanece oculto hasta que haya más datos.","","{count}",""
"web-app","admin.overview.funnel.suppressedAvoid.one","Only 1 member in this window is old enough to count — not enough to show dismissal patterns without pointing at someone specific.","Solo 1 miembro de este periodo tiene antigüedad suficiente para contar — no es suficiente para mostrar patrones de descarte sin señalar a alguien en concreto.","","",""
"web-app","admin.overview.funnel.suppressedAvoid.other","Only {count} members in this window are old enough to count — not enough to show dismissal patterns without pointing at someone specific.","Solo {count} miembros de este periodo tienen antigüedad suficiente para contar — no es suficiente para mostrar patrones de descarte sin señalar a alguien en concreto.","","{count}",""
"web-app","admin.overview.funnel.error","Couldn't load the onboarding funnel.","No se ha podido cargar el embudo de incorporación.","","",""
"web-app","admin.activity.venueApproved","{name} approved — live on the map","{name} aprobado — activo en el mapa","","{name}",""
"web-app","admin.activity.venueRejected","{name} rejected","{name} rechazado","","{name}",""
"web-app","admin.activity.venueModerated","{name} moderated","{name} moderado","","{name}",""
"web-app","admin.activity.venueSubmitted","New venue submitted: {name}","Nuevo local enviado: {name}","","{name}",""
"web-app","admin.activity.playerJoined","New player: {name}","Nuevo jugador: {name}","","{name}",""
"web-app","admin.activity.reportFiled","Report filed — {reason}","Denuncia presentada — {reason}","","{reason}",""
"web-app","admin.activity.by","by {name}","por {name}","","{name}",""
"web-app","admin.venues.title","Venue queue","Cola de locales","","",""
"web-app","admin.venues.subtitle.one","1 awaiting review · newest first","1 a la espera de revisión · más reciente primero","","",""
"web-app","admin.venues.subtitle.other","{count} awaiting review · newest first","{count} a la espera de revisión · más reciente primero","","{count}",""
"web-app","admin.venues.subtitleEmpty","0 awaiting review","0 a la espera de revisión","","",""
"web-app","admin.venues.emptyTitle","Nothing to review — nice.","Nada que revisar — bien hecho.","","",""
"web-app","admin.venues.emptySub","New venue submissions land here the moment a player adds one. You're all caught up.","Los nuevos locales enviados aparecen aquí en cuanto un jugador añade uno. Estás al día.","","",""
"web-app","admin.venues.loadError","Couldn't load the venue queue — try refresh.","No se ha podido cargar la cola de locales — prueba a actualizar.","","",""
"web-app","admin.venue.pendingReview","Pending review","Pendiente de revisión","","",""
"web-app","admin.venue.geocodedAddress","Geocoded address","Dirección geocodificada","","",""
"web-app","admin.venue.submittedAs","Submitted as: {text}","Enviado como: {text}","","{text}",""
"web-app","admin.venue.submittedBy","by {name}","por {name}","","{name}",""
"web-app","admin.venue.submittedAgo","Submitted {ago}","Enviado {ago}","","{ago}",""
"web-app","admin.venue.cuescore","Imported from CueScore","Importado de CueScore","","",""
"web-app","admin.venue.approve","Approve & publish","Aprobar y publicar","","",""
"web-app","admin.venue.reject","Reject…","Rechazar…","","",""
"web-app","admin.venue.editName","Edit","Editar","","",""
"web-app","admin.venue.editNameAria","Edit venue name","Editar nombre del local","","",""
"web-app","admin.venue.nameInputLabel","Venue name","Nombre del local","","",""
"web-app","admin.venue.saveName","Save","Guardar","","",""
"web-app","admin.venue.cancelEdit","Cancel","Cancelar","","",""
"web-app","admin.venue.safety.residential","Looks residential","Parece residencial","","",""
"web-app","admin.venue.safety.residentialSub","This reads like a private home. A home table belongs on a profile (connections-only), not the public venue map.","Esto parece una vivienda privada. Una mesa propia va en un perfil (solo conexiones), no en el mapa público de locales.","","",""
"web-app","admin.venue.safety.business","Reads as a business","Parece un negocio","","",""
"web-app","admin.venue.safety.businessSub","This reads like a public venue. Approving publishes it to the map right away.","Esto parece un local público. Aprobarlo lo publica en el mapa de inmediato.","","",""
"web-app","admin.venue.safety.neutral","No strong signal","Sin indicio claro","","",""
"web-app","admin.venue.safety.neutralSub","The place-class isn't conclusive — check the map and address before deciding.","El tipo de lugar no es concluyente — comprueba el mapa y la dirección antes de decidir.","","",""
"web-app","admin.venue.viewOsm","View on OpenStreetMap","Ver en OpenStreetMap","","",""
"web-app","admin.venue.osmShort","OSM ↗","OSM ↗","","",""
"web-app","admin.venue.mapUnavailable","Map unavailable","Mapa no disponible","","",""
"web-app","admin.venue.websiteLabel","Website","Web","","",""
"web-app","admin.venue.openWebsite","Open ↗","Abrir ↗","","",""
"web-app","admin.venue.websiteReviewNote","We haven't checked where this leads — including whether it promotes money games. Open it and judge for yourself before you approve.","No hemos comprobado adónde lleva esto — tampoco si promueve juego por dinero. Ábrelo y júzgalo tú antes de aprobarlo.","","",""
"web-app","admin.venue.websiteReviewNoteShort","We haven't checked where this leads — open it before you approve.","No hemos comprobado adónde lleva esto — ábrelo antes de aprobarlo.","","",""
"web-app","admin.venue.edit.websiteLabel","Website URL","URL del sitio web","","",""
"web-app","admin.venue.edit.websiteHint","Paste the club's website or Facebook page, or leave blank to clear it.","Pega la web del club o su página de Facebook, o déjalo en blanco para borrarlo.","","",""
"web-app","admin.venue.completenessTitle","Completeness","Completitud","","",""
"web-app","admin.venue.completeness.address","Address","Dirección","","",""
"web-app","admin.venue.completeness.city","City","Ciudad","","",""
"web-app","admin.venue.completeness.country","Country","País","","",""
"web-app","admin.venue.completeness.logo","Logo","Logo","","",""
"web-app","admin.venue.completeness.website","Website","Web","","",""
"web-app","admin.reject.title","Reason for rejection","Motivo del rechazo","","",""
"web-app","admin.reject.dsa","shown to submitter · DSA Art. 17","visible para quien lo envió · Art. 17 DSA","","",""
"web-app","admin.reject.sub","The submitter will see this on their submission. Keep it factual and kind.","Quien lo envió verá esto en su solicitud. Sé objetivo y amable.","","",""
"web-app","admin.reject.placeholder","Explain why this can't go on the map…","Explica por qué esto no puede ir en el mapa…","","",""
"web-app","admin.reject.chip.privateResidence","Private residence","Residencia privada","","",""
"web-app","admin.reject.chip.notAVenue","Not a public venue","No es un local público","","",""
"web-app","admin.reject.chip.closedOrWrong","Closed / wrong details","Cerrado / datos incorrectos","","",""
"web-app","admin.reject.chip.duplicate","Duplicate","Duplicado","","",""
"web-app","admin.reject.chip.other","Other…","Otro…","","",""
"web-app","admin.reject.cancel","Cancel","Cancelar","","",""
"web-app","admin.reject.send","Send rejection","Enviar rechazo","","",""
"web-app","admin.reject.prefill.privateResidence","This looks like a private home. 8nOut only maps public pool venues — you can add your home table on your profile instead, where it stays visible to your connections only.","Esto parece una vivienda privada. 8nOut solo cartografía locales públicos de billar — puedes añadir tu mesa propia en tu perfil en su lugar, donde permanece visible solo para tus conexiones.","","",""
"web-app","admin.reject.prefill.notAVenue","This doesn't look like a public pool venue, so it can't go on the map.","Esto no parece un local público de billar, así que no puede ir en el mapa.","","",""
"web-app","admin.reject.prefill.closedOrWrong","These details look closed or incorrect, so this can't go on the map right now.","Estos datos parecen estar cerrados o ser incorrectos, así que esto no puede ir en el mapa ahora mismo.","","",""
"web-app","admin.reject.prefill.duplicate","This venue is already on the map, so this submission is a duplicate.","Este local ya está en el mapa, así que este envío es un duplicado.","","",""
"web-app","admin.reports.title","Reports","Denuncias","","",""
"web-app","admin.reports.subtitle.one","1 open · oldest first","1 abierta · más antigua primero","","",""
"web-app","admin.reports.subtitle.other","{count} open · oldest first","{count} abiertas · más antigua primero","","{count}",""
"web-app","admin.reports.subtitleEmpty","0 open","0 abiertas","","",""
"web-app","admin.reports.emptyTitle","No open reports.","No hay denuncias abiertas.","","",""
"web-app","admin.reports.emptySub","The community's behaving. New reports show up here.","La comunidad se está portando bien. Las nuevas denuncias aparecen aquí.","","",""
"web-app","admin.reports.loadError","Couldn't load reports — try refresh.","No se han podido cargar las denuncias — prueba a actualizar.","","",""
"web-app","admin.report.kind.venue","Venue","Local","","",""
"web-app","admin.report.kind.player","Player","Jugador","","",""
"web-app","admin.report.kind.photo","Photo","Foto","","",""
"web-app","admin.report.kind.report","Report","Denuncia","","",""
"web-app","admin.report.reportedBy","reported by {name} · {ago}","denunciado por {name} · {ago}","","{ago}; {name}",""
"web-app","admin.report.liveOnMap","Live on map","Activo en el mapa","","",""
"web-app","admin.report.venuePending","Pending","Pendiente","","",""
"web-app","admin.report.venueRejected","Already rejected","Ya rechazado","","",""
"web-app","admin.report.photoBy","Photo by {name}","Foto de {name}","","{name}",""
"web-app","admin.report.takedown","Take down venue…","Retirar local…","","",""
"web-app","admin.report.dismiss","Dismiss","Descartar","","",""
"web-app","admin.report.markActioned","Mark actioned","Marcar como resuelto","","",""
"web-app","admin.report.actionedNote","Marks the report resolved. It does not delete the photo.","Marca la denuncia como resuelta. No elimina la foto.","","",""
"web-app","admin.report.noDetail","No note added.","No se ha añadido ninguna nota.","","",""
"web-app","admin.reason.harassment","Harassment","Acoso","","",""
"web-app","admin.reason.spam","Spam","Spam","","",""
"web-app","admin.reason.inappropriatePhoto","Inappropriate photo","Foto inapropiada","","",""
"web-app","admin.reason.fakeProfile","Fake profile","Perfil falso","","",""
"web-app","admin.reason.privateResidence","Private residence","Residencia privada","","",""
"web-app","admin.reason.notAVenue","Not a public venue","No es un local público","","",""
"web-app","admin.reason.closedOrWrong","Closed / wrong details","Cerrado / datos incorrectos","","",""
"web-app","admin.reason.other","Other","Otro","","",""
"web-app","admin.reason.moneyPlaySolicitation","Money-play solicitation","Propuesta de juego por dinero","","",""
"web-app","admin.report.kind.message","Message","Mensaje","","",""
"web-app","admin.report.openWindow","Open message window…","Abrir ventana de mensajes…","","",""
"web-app","admin.report.noBody","The message text is never shown here. Open the logged window to read it.","El texto del mensaje nunca se muestra aquí. Abre la ventana registrada para leerlo.","","",""
"web-app","admin.report.target24","24h target","Objetivo 24h","","",""
"web-app","admin.report.target48","48h target","Objetivo 48h","","",""
"web-app","admin.report.overdue","Past target","Fuera de plazo","","",""
"web-app","admin.window.title","Message window","Ventana de mensajes","","",""
"web-app","admin.window.readOnly","Read-only","Solo lectura","","",""
"web-app","admin.window.loggedNote","Opening this window is recorded — who, when, and which messages were returned — so message access stays accountable.","Abrir esta ventana queda registrado — quién, cuándo y qué mensajes se han mostrado — para que el acceso a los mensajes sea rastreable.","","",""
"web-app","admin.window.bounds","Shows the reported message and up to 5 messages either side, within 24 hours of it — this conversation only.","Muestra el mensaje denunciado y hasta 5 mensajes a cada lado, dentro de las 24 horas siguientes — solo esta conversación.","","",""
"web-app","admin.window.reported","Reported message","Mensaje denunciado","","",""
"web-app","admin.window.deletedTag","Deleted by sender","Eliminado por quien lo envió","","",""
"web-app","admin.window.cardRow","Challenge card","Tarjeta de desafío","","",""
"web-app","admin.window.deletedMember","Deleted member","Miembro eliminado","","",""
"web-app","admin.window.closedReport","This report is decided. Re-open it to view the window — re-opening is recorded.","Esta denuncia ya está resuelta. Reábrela para ver la ventana — reabrir queda registrado.","","",""
"web-app","admin.window.purgedAnchor","This message no longer exists — the attempt was still logged.","Este mensaje ya no existe — el intento quedó registrado igualmente.","","",""
"web-app","admin.hold.place","Place hold…","Poner en espera…","","",""
"web-app","admin.hold.reasonLabel","Reason (recorded)","Motivo (registrado)","","",""
"web-app","admin.hold.confirm","Place hold","Poner en espera","","",""
"web-app","admin.hold.held","On hold","En espera","","",""
"web-app","admin.hold.heldUntil","On hold · expires {date}","En espera · expira {date}","","{date}",""
"web-app","admin.hold.extend","Extend as H2…","Ampliar como H2…","","",""
"web-app","admin.hold.autoPlaced","H1 hold — automatic","Espera H1 — automática","","",""
"web-app","admin.hold.release","Release hold…","Levantar espera…","","",""
"web-app","admin.hold.releaseReasonLabel","Reason for release (recorded)","Motivo para levantarla (registrado)","","",""
"web-app","admin.hold.releaseConfirm","Release hold","Levantar espera","","",""
"web-app","admin.toast.holdPlaced","Hold placed","Espera aplicada","","",""
"web-app","admin.toast.holdReleased","Hold released","Espera levantada","","",""
"web-app","admin.toast.published","Published to the map","Publicado en el mapa","","",""
"web-app","admin.toast.rejected","Rejection sent","Rechazo enviado","","",""
"web-app","admin.toast.takendown","Taken down","Retirado","","",""
"web-app","admin.toast.dismissed","Report dismissed","Denuncia descartada","","",""
"web-app","admin.toast.actioned","Report marked actioned","Denuncia marcada como resuelta","","",""
"web-app","admin.toast.error","Something went wrong — try again.","Algo ha fallado — inténtalo de nuevo.","","",""
"web-app","admin.time.justNow","just now","ahora mismo","","",""
"web-app","admin.time.minutesAgo","{count}m ago","hace {count} min","","{count}",""
"web-app","admin.time.hoursAgo","{count}h ago","hace {count} h","","{count}",""
"web-app","admin.time.daysAgo","{count}d ago","hace {count} d","","{count}",""
"web-app","admin.nav.members","Members","Miembros","","",""
"web-app","admin.roles.title","Members","Miembros","","",""
"web-app","admin.roles.subtitle","Search members and manage roles","Busca miembros y gestiona roles","","",""
"web-app","admin.roles.searchPlaceholder","Search by name…","Buscar por nombre…","","",""
"web-app","admin.roles.you","You","Tú","","",""
"web-app","admin.roles.changeRoleFor","Change role for {name}","Cambiar rol de {name}","","{name}",""
"web-app","admin.roles.role.owner","Owner","Propietario","","",""
"web-app","admin.roles.role.moderator_1","Moderator 1","Moderador 1","","",""
"web-app","admin.roles.role.moderator_2","Moderator 2","Moderador 2","","",""
"web-app","admin.roles.role.player","Player","Jugador","","",""
"web-app","admin.roles.save","Save","Guardar","","",""
"web-app","admin.roles.toast.saved","Role updated","Rol actualizado","","",""
"web-app","admin.roles.err.lastOwner","You can't change the last owner — promote another owner first.","No puedes cambiar al último propietario — asciende a otro propietario primero.","","",""
"web-app","admin.roles.emptyTitle","No members found","No se han encontrado miembros","","",""
"web-app","admin.roles.emptySub","No one matches that search. Try a different name.","Nadie coincide con esa búsqueda. Prueba con otro nombre.","","",""
"web-app","admin.nav.venuesManage","Venues","Locales","","",""
"web-app","admin.venuesManage.title","All venues","Todos los locales","","",""
"web-app","admin.venuesManage.subtitle","Search, edit, merge and remove venues — every status","Busca, edita, fusiona y elimina locales — cualquier estado","","",""
"web-app","admin.venuesManage.searchPlaceholder","Search name, address or city…","Busca nombre, dirección o ciudad…","","",""
"web-app","admin.venuesManage.filter.all","All","Todos","","",""
"web-app","admin.venuesManage.filter.pending","Pending","Pendientes","","",""
"web-app","admin.venuesManage.filter.approved","Live","Activos","","",""
"web-app","admin.venuesManage.filter.rejected","Rejected","Rechazados","","",""
"web-app","admin.venuesManage.status.pending","Pending","Pendiente","","",""
"web-app","admin.venuesManage.status.approved","Live","Activo","","",""
"web-app","admin.venuesManage.status.rejected","Rejected","Rechazado","","",""
"web-app","admin.venuesManage.showing.one","1 venue","1 local","","",""
"web-app","admin.venuesManage.showing.other","{count} venues","{count} locales","","{count}",""
"web-app","admin.venuesManage.loadMore","Load more","Cargar más","","",""
"web-app","admin.venuesManage.emptyTitle","No venues here","No hay locales aquí","","",""
"web-app","admin.venuesManage.emptySub","Nothing matches that filter or search. Try a different one.","Nada coincide con ese filtro o búsqueda. Prueba con otro.","","",""
"web-app","admin.venuesManage.loadError","Couldn't load venues — try refresh.","No se han podido cargar los locales — prueba a actualizar.","","",""
"web-app","admin.venuesManage.view","View","Ver","","",""
"web-app","admin.venuesManage.hide","Hide","Ocultar","","",""
"web-app","admin.venuesManage.edit","Edit","Editar","","",""
"web-app","admin.venuesManage.merge","Merge…","Fusionar…","","",""
"web-app","admin.venuesManage.remove","Remove…","Eliminar…","","",""
"web-app","admin.venuesManage.toast.saved","Venue updated","Local actualizado","","",""
"web-app","admin.venuesManage.toast.removed","Venue removed","Local eliminado","","",""
"web-app","admin.venuesManage.toast.merged","Venues merged","Locales fusionados","","",""
"web-app","admin.venue.sourcedCuescore","Sourced from CueScore","Obtenido de CueScore","","",""
"web-app","admin.venue.cuescoreLinked","CueScore","CueScore","","",""
"web-app","admin.venue.clubCount.one","1 club","1 club","","",""
"web-app","admin.venue.clubCount.other","{count} clubs","{count} clubes","","{count}",""
"web-app","admin.venue.edit.title","Edit venue","Editar local","","",""
"web-app","admin.venue.edit.nameLabel","Name","Nombre","","",""
"web-app","admin.venue.edit.logoLabel","Logo URL","URL del logo","","",""
"web-app","admin.venue.edit.logoPlaceholder","https://…","https://…","","",""
"web-app","admin.venue.edit.logoHint","Paste an image URL, or leave blank for no logo.","Pega la URL de una imagen, o déjalo en blanco para no tener logo.","","",""
"web-app","admin.venue.edit.save","Save","Guardar","","",""
"web-app","admin.venue.edit.cancel","Cancel","Cancelar","","",""
"web-app","admin.venue.merge.title","Merge into another venue","Fusionar con otro local","","",""
"web-app","admin.venue.merge.intro","Pick the canonical venue to fold “{name}” into. Its clubs move over and “{name}” is retired.","Elige el local canónico en el que integrar “{name}”. Sus clubes se trasladan y “{name}” se retira.","","{name}",""
"web-app","admin.venue.merge.searchPlaceholder","Search live venues…","Buscar locales activos…","","",""
"web-app","admin.venue.merge.noTarget","No live venues match — try another search.","Ningún local activo coincide — prueba otra búsqueda.","","",""
"web-app","admin.venue.merge.confirmSub","Every club on “{from}” moves to “{into}”, and “{from}” becomes rejected. This can't be undone.","Todos los clubes de “{from}” se trasladan a “{into}”, y “{from}” pasa a estar rechazado. Esto no se puede deshacer.","","{from}; {into}",""
"web-app","admin.venue.merge.button","Merge venues","Fusionar locales","","",""
"web-app","admin.venue.merge.back","Back","Atrás","","",""
"web-app","admin.venue.merge.cancel","Cancel","Cancelar","","",""
"web-app","admin.cuescore.addButton","Add via CueScore","Añadir vía CueScore","","",""
"web-app","admin.cuescore.title","Add a venue from CueScore","Añadir un local desde CueScore","","",""
"web-app","admin.cuescore.intro","Paste a CueScore venue link. We read it once and prefill a submission for you to review — it still goes through moderation.","Pega un enlace de local de CueScore. Lo leemos una vez y prellenamos un envío para que lo revises — igualmente pasa por moderación.","","",""
"web-app","admin.cuescore.urlPlaceholder","https://cuescore.com/venue/…","https://cuescore.com/venue/…","","",""
"web-app","admin.cuescore.urlLabel","CueScore venue link","Enlace del local en CueScore","","",""
"web-app","admin.cuescore.lookup","Look up","Buscar","","",""
"web-app","admin.cuescore.looking","Reading…","Leyendo…","","",""
"web-app","admin.cuescore.close","Close","Cerrar","","",""
"web-app","admin.cuescore.back","Back","Atrás","","",""
"web-app","admin.cuescore.matched","Already on 8nOut","Ya está en 8nOut","","",""
"web-app","admin.cuescore.lookAnother","Look up another","Buscar otro","","",""
"web-app","admin.cuescore.findIt","Find it","Encontrarlo","","",""
"web-app","admin.cuescore.nameLabel","Name","Nombre","","",""
"web-app","admin.cuescore.addressLabel","Address","Dirección","","",""
"web-app","admin.cuescore.addressHint","This becomes the club's map pin, so keep it complete and accurate.","Esto se convierte en el pin del club en el mapa, así que mantenla completa y exacta.","","",""
"web-app","admin.cuescore.add","Add for review","Añadir para revisión","","",""
"web-app","admin.cuescore.adding","Adding…","Añadiendo…","","",""
"web-app","admin.cuescore.addAnyway","Add anyway","Añadir de todas formas","","",""
"web-app","admin.cuescore.candidatesTitle","Similar venues are already on the map:","Ya hay locales similares en el mapa:","","",""
"web-app","admin.cuescore.switchOn","CueScore reads: On","Lecturas de CueScore: Activadas","","",""
"web-app","admin.cuescore.switchOff","CueScore reads: Off","Lecturas de CueScore: Desactivadas","","",""
"web-app","admin.cuescore.switchHint","Turn all CueScore reads (venue add + match import) on or off","Activa o desactiva todas las lecturas de CueScore (añadir local + importar partida)","","",""
"web-app","admin.cuescore.toast.on","CueScore reads enabled","Lecturas de CueScore activadas","","",""
"web-app","admin.cuescore.toast.off","CueScore reads disabled","Lecturas de CueScore desactivadas","","",""
"web-app","admin.cuescore.toast.added","Sent for review","Enviado para revisión","","",""
"web-app","admin.cuescore.err.disabled","CueScore reads are turned off right now.","Las lecturas de CueScore están desactivadas ahora mismo.","","",""
"web-app","admin.cuescore.err.rate_limited","Too many CueScore reads just now — try again later.","Demasiadas lecturas de CueScore por ahora — inténtalo más tarde.","","",""
"web-app","admin.cuescore.err.bad_url","No venue id in that link. Use the venue page URL — cuescore.com/venue/Club+Name/60451687 — or paste the numeric venue id on its own.","Ese enlace no tiene ningún id de local. Usa la URL de la página del local — cuescore.com/venue/Club+Name/60451687 — o pega solo el id numérico del local.","","",""
"web-app","admin.cuescore.err.unreachable","Couldn't reach CueScore right now — try again shortly.","No se ha podido contactar con CueScore ahora mismo — inténtalo de nuevo en breve.","","",""
"web-app","admin.cuescore.err.forbidden","You don't have permission to do that.","No tienes permiso para hacer eso.","","",""
"web-app","admin.cuescore.err.geocode","That address didn't match the map. Edit it above, then add again.","Esa dirección no coincide con el mapa. Edítala arriba y vuelve a añadirla.","","",""
"web-app","admin.cuescore.err.geocoder_unavailable","The address lookup is unavailable right now. Try again shortly.","La búsqueda de direcciones no está disponible ahora mismo. Inténtalo de nuevo en breve.","","",""
"web-app","suspended.title","Account suspended","Cuenta suspendida","","",""
"web-app","suspended.body","Your 8nOut account has been suspended for a violation of our Terms of Service.","Tu cuenta de 8nOut ha sido suspendida por incumplir nuestros Términos del Servicio.","","",""
"web-app","suspended.redress","If you believe this was a mistake, you can contact us at privacy@8nout.com to ask us to review it. If you disagree with our decision, you also have the right to take the matter to court. More on this is in our Terms of Service (section 13).","Si crees que esto ha sido un error, puedes escribirnos a privacy@8nout.com para pedirnos que lo revisemos. Si no estás de acuerdo con nuestra decisión, también tienes derecho a llevar el asunto a los tribunales. Más información en nuestros Términos del Servicio (sección 13).","","",""
"web-app","removed.title","Account removed","Cuenta eliminada","","",""
"web-app","removed.body","Your 8nOut account has been removed for a violation of our Terms of Service.","Tu cuenta de 8nOut ha sido eliminada por incumplir nuestros Términos del Servicio.","","",""
"web-app","removed.redress","If you believe this decision was wrong, you can contact us at privacy@8nout.com. Because the account and its data have been deleted we cannot restore them, but you can still contest this decision, including before a court. More on this is in our Terms of Service (section 13).","Si crees que esta decisión fue incorrecta, puedes escribirnos a privacy@8nout.com. Como la cuenta y sus datos ya se han eliminado, no podemos restaurarlos, pero aun así puedes impugnar esta decisión, incluso ante un tribunal. Más información en nuestros Términos del Servicio (sección 13).","","",""
"web-app","moderation.reasonLine","Reason: {reason}","Motivo: {reason}","","{reason}",""
"web-app","moderation.reason.harassment","Harassment or abuse","Acoso o abuso","","",""
"web-app","moderation.reason.spam","Spam","Spam","","",""
"web-app","moderation.reason.fakeProfile","Fake profile","Perfil falso","","",""
"web-app","moderation.reason.inappropriateContent","Inappropriate content","Contenido inapropiado","","",""
"web-app","moderation.reason.safetyThreat","Threats or safety concern","Amenazas o preocupación por la seguridad","","",""
"web-app","moderation.reason.termsViolation","Terms of Service violation","Incumplimiento de los Términos del Servicio","","",""
"web-app","moderation.reason.other","Other","Otro","","",""
"web-app","admin.nav.lookup","Member lookup","Buscar miembro","","",""
"web-app","admin.report.removeMember","Remove member…","Eliminar miembro…","","",""
"web-app","admin.lookup.title","Member lookup","Buscar miembro","","",""
"web-app","admin.lookup.subtitle","Find a member to review or remove","Encuentra un miembro para revisar o eliminar","","",""
"web-app","admin.lookup.searchPlaceholder","Search by name or paste a member id…","Busca por nombre o pega un id de miembro…","","",""
"web-app","admin.lookup.startTitle","Search for a member","Buscar un miembro","","",""
"web-app","admin.lookup.startSub","Type a name or paste a member id to look them up.","Escribe un nombre o pega un id de miembro para buscarlo.","","",""
"web-app","admin.lookup.openReports","{count} open reports","{count} denuncias abiertas","","{count}",""
"web-app","admin.lookup.manage","Manage…","Gestionar…","","",""
"web-app","admin.detail.viewButton","View detail","Ver detalle","","",""
"web-app","admin.detail.close","Close","Cerrar","","",""
"web-app","admin.detail.cancel","Cancel","Cancelar","","",""
"web-app","admin.detail.open","Open detail","Abrir detalle","","",""
"web-app","admin.detail.done","Done","Hecho","","",""
"web-app","admin.detail.reasonLead","Opening this member's details is recorded — who, when, and why — so moderator access stays accountable. Give a short reason or link an open report.","Abrir los detalles de este miembro queda registrado — quién, cuándo y por qué — para que el acceso de los moderadores sea rastreable. Da un motivo breve o vincula una denuncia abierta.","","",""
"web-app","admin.detail.reasonLabel","Reason for viewing","Motivo de la consulta","","",""
"web-app","admin.detail.reasonPlaceholder","e.g. reviewing a harassment report…","p. ej. revisando una denuncia de acoso…","","",""
"web-app","admin.detail.linkReportLabel","Link an open report (optional)","Vincular una denuncia abierta (opcional)","","",""
"web-app","admin.detail.noReport","No linked report","Sin denuncia vinculada","","",""
"web-app","admin.detail.suspendedBanner","This member is suspended. Contact, precise address, photos and bio were purged on suspension.","Este miembro está suspendido. El contacto, la dirección exacta, las fotos y la bio se eliminaron al suspenderlo.","","",""
"web-app","admin.detail.removedOnSuspension","Removed on suspension.","Eliminado al suspender.","","",""
"web-app","admin.detail.sec.completeness","Completeness","Completitud","","",""
"web-app","admin.detail.sec.identity","Identity","Identidad","","",""
"web-app","admin.detail.sec.bio","Bio","Bio","","",""
"web-app","admin.detail.sec.rating","Rating & CueScore","Rating y CueScore","","",""
"web-app","admin.detail.sec.photos","Photos","Fotos","","",""
"web-app","admin.detail.sec.clubs","Clubs","Clubes","","",""
"web-app","admin.detail.sec.record","Record","Historial","","",""
"web-app","admin.detail.sec.modActions","Moderation history","Historial de moderación","","",""
"web-app","admin.detail.sec.reportsAbout","Reports about this member","Denuncias sobre este miembro","","",""
"web-app","admin.detail.sec.reportsFiled","Reports this member filed","Denuncias presentadas por este miembro","","",""
"web-app","admin.detail.completeness.name","Name","Nombre","","",""
"web-app","admin.detail.completeness.city","City","Ciudad","","",""
"web-app","admin.detail.completeness.club","Club","Club","","",""
"web-app","admin.detail.completeness.cuescore","CueScore","CueScore","","",""
"web-app","admin.completeness.summary","{filled} of {total} filled in","{filled} de {total} completados","","{filled}; {total}",""
"web-app","admin.completeness.filled","Filled in","Completado","","",""
"web-app","admin.completeness.open","Open","Pendiente","","",""
"web-app","admin.completeness.clubBreakdown","{approved} approved · {pending} pending · {rejected} rejected","{approved} aprobados · {pending} pendientes · {rejected} rechazados","","{approved}; {pending}; {rejected}",""
"web-app","admin.detail.memberSince","Member since","Miembro desde","","",""
"web-app","admin.detail.home","Home","Ciudad","","",""
"web-app","admin.detail.noBio","No bio.","Sin bio.","","",""
"web-app","admin.detail.fargo","Fargo rating","Fargo rating","","",""
"web-app","admin.detail.notSet","Not set","Sin definir","","",""
"web-app","admin.detail.cuescore","CueScore","CueScore","","",""
"web-app","admin.detail.cuescoreOpen","Open profile #{id}","Abrir perfil #{id}","","{id}",""
"web-app","admin.detail.notLinked","Not linked","Sin vincular","","",""
"web-app","admin.detail.noPhotos","No photos.","Sin fotos.","","",""
"web-app","admin.detail.unnamedClub","Unnamed club","Club sin nombre","","",""
"web-app","admin.detail.noClubs","No clubs listed.","Sin clubes registrados.","","",""
"web-app","admin.detail.wins"," wins"," victorias","","",""
"web-app","admin.detail.losses"," losses"," derrotas","","",""
"web-app","admin.detail.connections"," connections"," conexiones","","",""
"web-app","admin.detail.lastPlayed","Last played {when}","Última partida {when}","","{when}",""
"web-app","admin.detail.noGames","No recorded games.","Sin partidas registradas.","","",""
"web-app","admin.detail.noModActions","No moderation actions on file.","No hay acciones de moderación registradas.","","",""
"web-app","admin.detail.noReportsAbout","No reports about this member.","No hay denuncias sobre este miembro.","","",""
"web-app","admin.detail.noReportsFiled","This member hasn't filed any reports.","Este miembro no ha presentado ninguna denuncia.","","",""
"web-app","admin.remove.close","Close","Cerrar","","",""
"web-app","admin.remove.loading","Loading member…","Cargando miembro…","","",""
"web-app","admin.remove.notFound","Member not found.","Miembro no encontrado.","","",""
"web-app","admin.remove.cantAct","You can only remove a member below your role.","Solo puedes eliminar a un miembro con un rol inferior al tuyo.","","",""
"web-app","admin.remove.status.active","Active","Activo","","",""
"web-app","admin.remove.status.suspended","Suspended","Suspendido","","",""
"web-app","admin.remove.reasonLabel","Reason category","Categoría del motivo","","",""
"web-app","admin.remove.cat.harassment","Harassment or abuse","Acoso o abuso","","",""
"web-app","admin.remove.cat.spam","Spam","Spam","","",""
"web-app","admin.remove.cat.fakeProfile","Fake or impersonating profile","Perfil falso o suplantación","","",""
"web-app","admin.remove.cat.inappropriateContent","Inappropriate content","Contenido inapropiado","","",""
"web-app","admin.remove.cat.safetyThreat","Safety threat","Amenaza a la seguridad","","",""
"web-app","admin.remove.cat.termsViolation","Terms of Service violation","Incumplimiento de los Términos del Servicio","","",""
"web-app","admin.remove.cat.other","Something else","Otra cosa","","",""
"web-app","admin.remove.detailLabel","Internal note (optional)","Nota interna (opcional)","","",""
"web-app","admin.remove.detailPlaceholder","Context for the record — not shown to the member…","Contexto para el registro — no se muestra al miembro…","","",""
"web-app","admin.remove.withhold","Withhold the reason from the member (act first)","No comunicar el motivo al miembro (actuar primero)","","",""
"web-app","admin.remove.evidenceLabel","Evidence (reports on file)","Pruebas (denuncias registradas)","","",""
"web-app","admin.remove.noEvidence","No reports on file for this member.","No hay denuncias registradas para este miembro.","","",""
"web-app","admin.remove.suspendHint","Reversible. Purges the home address, contact, photos and bio; keeps the audit trail.","Reversible. Elimina la dirección, el contacto, las fotos y la bio; conserva el registro de auditoría.","","",""
"web-app","admin.remove.suspend","Suspend member","Suspender miembro","","",""
"web-app","admin.remove.reinstateHint","This member is suspended. Reinstating clears it — but purged data is not restored.","Este miembro está suspendido. Restablecerlo anula la suspensión — pero los datos eliminados no se recuperan.","","",""
"web-app","admin.remove.reinstate","Reinstate member","Restablecer miembro","","",""
"web-app","admin.remove.deleteHint","Irreversible. Erases the account; keeps de-identified match & report evidence.","Irreversible. Borra la cuenta; conserva las pruebas de partidas y denuncias de forma anonimizada.","","",""
"web-app","admin.remove.eraseDisabled","Permanent erase is disabled for now. Use Suspend above.","El borrado permanente está desactivado por ahora. Usa Suspender arriba.","","",""
"web-app","admin.remove.tombstone","Block re-registration (abuse only)","Bloquear un nuevo registro (solo en casos de abuso)","","",""
"web-app","admin.remove.confirmLabel","Type {name} to confirm deletion","Escribe {name} para confirmar la eliminación","","{name}",""
"web-app","admin.remove.delete","Permanently delete","Eliminar permanentemente","","",""
"web-app","admin.remove.cancel","Cancel","Cancelar","","",""
"web-app","admin.remove.manageShort","Remove…","Eliminar…","","",""
"web-app","admin.remove.toast.suspended","Member suspended","Miembro suspendido","","",""
"web-app","admin.remove.toast.reinstated","Member reinstated","Miembro restablecido","","",""
"web-app","admin.remove.toast.deleted","Member removed","Miembro eliminado","","",""
"web-app","admin.remove.err.lastOwner","You can't remove the last owner — promote another owner first.","No puedes eliminar al último propietario — asciende a otro propietario primero.","","",""
"web-app","admin.remove.err.forbidden","You don't have permission to remove this member.","No tienes permiso para eliminar a este miembro.","","",""
"web-app","admin.nav.blog","Blog","Blog","","",""
"web-app","admin.blog.title","Blog","Blog","","",""
"web-app","admin.blog.subtitle","Draft, review and publish moderator stories","Redacta, revisa y publica artículos de los moderadores","","",""
"web-app","admin.blog.loadError","Couldn't load posts — try refresh.","No se han podido cargar los artículos — prueba a actualizar.","","",""
"web-app","admin.blog.helpAria","About authorship & review","Sobre la autoría y la revisión","","",""
"web-app","admin.blog.help.title","Who can see this","Quién puede ver esto","","",""
"web-app","admin.blog.help.body","Every draft, edit and review action is recorded — who wrote the post, who reviewed it, and when. Other moderators can see this record. Members and the public never do.","Cada borrador, edición y acción de revisión queda registrada — quién escribió el artículo, quién lo revisó y cuándo. Otros moderadores pueden ver este registro. Los miembros y el público nunca lo ven.","","",""
"web-app","admin.blog.help.close","Close","Cerrar","","",""
"web-app","admin.blog.status.draft","Draft","Borrador","","",""
"web-app","admin.blog.status.pendingReview","Pending review","Pendiente de revisión","","",""
"web-app","admin.blog.status.published","Published","Publicado","","",""
"web-app","admin.blog.status.rejected","Rejected","Rechazado","","",""
"web-app","admin.blog.status.archived","Archived","Archivado","","",""
"web-app","admin.blog.filter.myDrafts","My drafts","Mis borradores","","",""
"web-app","admin.blog.filter.pendingReview","Pending review","Pendientes de revisión","","",""
"web-app","admin.blog.filter.published","Published","Publicados","","",""
"web-app","admin.blog.filter.archived","Archived","Archivados","","",""
"web-app","admin.blog.empty.drafts.title","No drafts yet","Aún no hay borradores","","",""
"web-app","admin.blog.empty.drafts.sub","Start a new post and it lands here.","Empieza un artículo nuevo y aparecerá aquí.","","",""
"web-app","admin.blog.empty.pendingReview.title","Nothing waiting for review","Nada esperando revisión","","",""
"web-app","admin.blog.empty.pendingReview.sub","Submitted drafts show up here for a second moderator to check.","Los borradores enviados aparecen aquí para que otro moderador los revise.","","",""
"web-app","admin.blog.empty.published.title","Nothing published yet","Aún no hay nada publicado","","",""
"web-app","admin.blog.empty.published.sub","Published posts appear here, newest first.","Los artículos publicados aparecen aquí, del más reciente al más antiguo.","","",""
"web-app","admin.blog.empty.archived.title","Nothing archived","Nada archivado","","",""
"web-app","admin.blog.empty.archived.sub","Posts you take down move here.","Los artículos que retires se trasladan aquí.","","",""
"web-app","admin.blog.action.new","New post","Nuevo artículo","","",""
"web-app","admin.blog.action.saveDraft","Save draft","Guardar borrador","","",""
"web-app","admin.blog.action.submitForReview","Submit for review","Enviar para revisión","","",""
"web-app","admin.blog.action.approveAndPublish","Approve & publish","Aprobar y publicar","","",""
"web-app","admin.blog.action.reject","Reject…","Rechazar…","","",""
"web-app","admin.blog.action.reopenDraft","Reopen draft","Reabrir borrador","","",""
"web-app","admin.blog.action.archive","Archive","Archivar","","",""
"web-app","admin.blog.action.hardDelete","Delete permanently","Eliminar permanentemente","","",""
"web-app","admin.blog.archiveHint","Reversible. Takes the post off the public blog immediately; reopen it as a draft any time.","Reversible. Retira el artículo del blog público de inmediato; puedes reabrirlo como borrador cuando quieras.","","",""
"web-app","admin.blog.hardDeleteHint","Irreversible. Erases the post and its full revision history.","Irreversible. Borra el artículo y todo su historial de revisiones.","","",""
"web-app","admin.blog.hardDeleteConfirmLabel","Type “{title}” to confirm deletion","Escribe “{title}” para confirmar la eliminación","","{title}",""
"web-app","admin.blog.compliance.check","Check for issues","Comprobar incidencias","","",""
"web-app","admin.blog.compliance.checking","Checking…","Comprobando…","","",""
"web-app","admin.blog.compliance.cleanTitle","No issues found","No se han encontrado incidencias","","",""
"web-app","admin.blog.compliance.cleanSub","Nothing flagged — this post is clear.","Nada señalado — este artículo está en orden.","","",""
"web-app","admin.blog.compliance.flaggedTitle","Wording needs review","Hay texto que necesita revisión","","",""
"web-app","admin.blog.compliance.flaggedSub","This post contains wording that needs review. Check the list below, then edit before you submit or publish.","Este artículo contiene texto que necesita revisión. Revisa la lista de abajo y edítalo antes de enviarlo o publicarlo.","","",""
"web-app","admin.blog.compliance.flaggedListLabel","Flagged:","Señalado:","","",""
"web-app","admin.blog.compliance.hint","Runs automatically before you submit or publish — use this button to check anytime while you're writing.","Se ejecuta automáticamente antes de enviar o publicar — usa este botón para comprobarlo en cualquier momento mientras escribes.","","",""
"web-app","admin.blog.compliance.errorTitle","Couldn't check","No se ha podido comprobar","","",""
"web-app","admin.blog.compliance.errorSub","The compliance check didn't run — try again before approving.","La comprobación de conformidad no se ha ejecutado — inténtalo de nuevo antes de aprobar.","","",""
"web-app","admin.blog.compliance.retry","Try again","Inténtalo de nuevo","","",""
"web-app","admin.blog.reject.title","Reason for rejection","Motivo del rechazo","","",""
"web-app","admin.blog.reject.sub","The author sees this note when they reopen the draft. Keep it factual and useful.","El autor verá esta nota al reabrir el borrador. Sé objetivo y útil.","","",""
"web-app","admin.blog.reject.placeholder","Explain what needs to change before this can be approved…","Explica qué hay que cambiar antes de poder aprobar esto…","","",""
"web-app","admin.blog.reject.cancel","Cancel","Cancelar","","",""
"web-app","admin.blog.reject.send","Send rejection","Enviar rechazo","","",""
"web-app","admin.blog.rejectedNotice","This draft was rejected. See the reviewer's note below, make your changes, then resubmit.","Este borrador fue rechazado. Consulta la nota del revisor abajo, haz tus cambios y vuelve a enviarlo.","","",""
"web-app","admin.blog.rejectedReasonLabel","Reviewer's note","Nota del revisor","","",""
"web-app","admin.blog.selfReview.notice","You can't approve or publish your own post — ask another moderator to review it.","No puedes aprobar ni publicar tu propio artículo — pide a otro moderador que lo revise.","","",""
"web-app","admin.blog.err.notFound","Couldn't find this post — it may have been deleted or moved. Refresh the list and try again.","No se ha encontrado este artículo — puede que se haya eliminado o movido. Actualiza la lista e inténtalo de nuevo.","","",""
"web-app","admin.blog.err.invalidTransition","This action isn't available for the post's current status — refresh the list to see where it stands.","Esta acción no está disponible para el estado actual del artículo — actualiza la lista para ver en qué punto está.","","",""
"web-app","admin.blog.err.selfReview","You can't review your own post — ask another moderator to approve, publish, or reject it.","No puedes revisar tu propio artículo — pide a otro moderador que lo apruebe, publique o rechace.","","",""
"web-app","admin.blog.err.notModerator","You don't have permission to do that.","No tienes permiso para hacer eso.","","",""
"web-app","admin.blog.err.badSlug","That URL isn't available — use lowercase letters, numbers and hyphens only.","Esa URL no está disponible — usa solo letras minúsculas, números y guiones.","","",""
"web-app","admin.blog.err.incomplete","Add a title and some body text before you submit this for review.","Añade un título y algo de texto antes de enviar esto para revisión.","","",""
"web-app","admin.blog.err.flagged","This post contains wording that needs review — run the compliance check to see what to fix.","Este artículo contiene texto que necesita revisión — ejecuta la comprobación de conformidad para ver qué corregir.","","",""
"web-app","admin.blog.err.notOwner","Only an owner can delete a post permanently.","Solo un propietario puede eliminar un artículo permanentemente.","","",""
"web-app","admin.blog.err.failed","Couldn't do that right now. Try again.","Ahora mismo no se ha podido hacer. Inténtalo de nuevo.","","",""
"web-app","admin.blog.toast.draftSaved","Draft saved","Borrador guardado","","",""
"web-app","admin.blog.toast.submitted","Sent for review","Enviado para revisión","","",""
"web-app","admin.blog.toast.published","Published","Publicado","","",""
"web-app","admin.blog.toast.rejected","Rejection sent","Rechazo enviado","","",""
"web-app","admin.blog.toast.reopened","Draft reopened","Borrador reabierto","","",""
"web-app","admin.blog.toast.archived","Archived","Archivado","","",""
"web-app","admin.blog.toast.deleted","Post deleted","Artículo eliminado","","",""
"web-app","admin.blog.editor.field.title","Title","Título","","",""
"web-app","admin.blog.editor.field.summary","Summary","Resumen","","",""
"web-app","admin.blog.editor.field.summaryHint","Shown as the preview snippet on the blog index and in link previews.","Se muestra como fragmento de vista previa en el índice del blog y en las vistas previas de enlaces.","","",""
"web-app","admin.blog.editor.field.category","Category","Categoría","","",""
"web-app","admin.blog.editor.field.subcategory","Subcategory (optional)","Subcategoría (opcional)","","",""
"web-app","admin.blog.editor.field.categoryHint","Free text for now — click a suggestion to fill it in, or type your own if none fit yet.","Texto libre por ahora — haz clic en una sugerencia para rellenarlo, o escribe la tuya si ninguna encaja aún.","","",""
"web-app","admin.blog.editor.field.suggestedLabel","Suggested:","Sugerido:","","",""
"web-app","admin.blog.editor.field.links","Links (optional)","Enlaces (opcional)","","",""
"web-app","admin.blog.editor.field.addLink","+ Add link","+ Añadir enlace","","",""
"web-app","admin.blog.editor.field.linkHrefInvalid","Enter a link starting with https:// or mailto:","Introduce un enlace que empiece por https:// o mailto:","","",""
"web-app","admin.blog.editor.field.body","Body","Contenido","","",""
"web-app","admin.blog.editor.previewLabel","Preview","Vista previa","","",""
"web-app","admin.blog.editor.toolbar.bold","Bold","Negrita","","",""
"web-app","admin.blog.editor.toolbar.italic","Italic","Cursiva","","",""
"web-app","admin.blog.editor.toolbar.link","Link","Enlace","","",""
"web-app","admin.blog.editor.toolbar.h2","Heading 2","Encabezado 2","","",""
"web-app","admin.blog.editor.toolbar.h3","Heading 3","Encabezado 3","","",""
"web-app","admin.blog.editor.toolbar.bulletList","Bullet list","Lista con viñetas","","",""
"web-app","admin.blog.editor.toolbar.numberedList","Numbered list","Lista numerada","","",""
"web-app","admin.blog.editor.toolbar.quote","Quote","Cita","","",""
"web-app","admin.blog.editor.linkUrlLabel","Link URL","URL del enlace","","",""
"web-app","admin.blog.editor.linkUrlPlaceholder","https://…","https://…","","",""
"web-app","admin.blog.editor.lockedBanner","This post is live, so editing is locked here. To change it: archive the post, reopen the archived copy as a draft, edit it, then send it back through review. There's no quick-fix shortcut for small edits yet — every live change goes through the same two-moderator check as a first publish.","Este artículo está publicado, así que aquí no se puede editar. Para cambiarlo: archívalo, reábrelo como borrador desde la copia archivada, edítalo y vuelve a enviarlo a revisión. Aún no hay un atajo rápido para cambios pequeños — cualquier cambio en un artículo publicado pasa por la misma comprobación de dos moderadores que una primera publicación.","","",""
"web-app","admin.blog.editor.reopenDraftHint","Optional — editing and resubmitting already work without it. This just clears the Rejected status back to Draft.","Opcional — editar y volver a enviar ya funciona sin esto. Solo devuelve el estado Rechazado a Borrador.","","",""
"web-app","admin.blog.editor.conflict.title","This post has changed","Este artículo ha cambiado","","",""
"web-app","admin.blog.editor.conflict.body","Another moderator saved a change to this draft after you opened it. Reload to see their version, or save anyway to overwrite it with yours.","Otro moderador guardó un cambio en este borrador después de que lo abrieras. Recarga para ver su versión, o guarda igualmente para sobrescribirla con la tuya.","","",""
"web-app","admin.blog.editor.conflict.reload","Reload latest","Recargar la última versión","","",""
"web-app","admin.blog.editor.conflict.saveAnyway","Save anyway","Guardar igualmente","","",""
"web-app","admin.blog.editor.toolbar.image","Inline image","Imagen en línea","","",""
"web-app","admin.blog.editor.image.formTitle","Inline image details","Detalles de la imagen en línea","","",""
"web-app","admin.blog.editor.image.inlineHint","Appears exactly where you insert it in the post — there's no separate cover or featured image.","Aparece exactamente donde la insertes en el artículo — no hay una portada ni imagen destacada aparte.","","",""
"web-app","admin.blog.editor.image.dropPrompt","Drag a photo here, or click to choose one from your device","Arrastra una foto aquí, o haz clic para elegir una desde tu dispositivo","","",""
"web-app","admin.blog.editor.image.dropActive","Drop to upload","Suelta para subir","","",""
"web-app","admin.blog.editor.image.hint","JPEG only, up to 4 MB. Uploaded photos are checked and cleaned up automatically.","Solo JPEG, hasta 4 MB. Las fotos subidas se comprueban y se limpian automáticamente.","","",""
"web-app","admin.blog.editor.image.uploading","Uploading…","Subiendo…","","",""
"web-app","admin.blog.editor.image.uploaded","Photo added — fill in the details below, then insert it.","Foto añadida — rellena los detalles de abajo y luego insértala.","","",""
"web-app","admin.blog.editor.image.uploadError","Couldn't upload that photo — try again.","No se ha podido subir esa foto — inténtalo de nuevo.","","",""
"web-app","admin.blog.editor.image.tooLarge","That photo's too big. The editor accepts JPEGs up to 4 MB — try a smaller file.","Esa foto es demasiado grande. El editor acepta JPEG de hasta 4 MB — prueba con un archivo más pequeño.","","",""
"web-app","admin.blog.editor.image.wrongType","Only JPEG photos are supported here. Save it as a .jpg and try again.","Aquí solo se admiten fotos JPEG. Guárdala como .jpg e inténtalo de nuevo.","","",""
"web-app","admin.blog.editor.image.externalUrlNotSupported","Links to photos elsewhere aren't supported — upload the file itself. That's what checks it and strips its location data before it goes live.","No se admiten enlaces a fotos alojadas en otro sitio — sube el propio archivo. Eso es lo que permite comprobarlo y eliminar sus datos de ubicación antes de publicarlo.","","",""
"web-app","admin.blog.editor.image.altLabel","Alt text","Texto alternativo","","",""
"web-app","admin.blog.editor.image.altPlaceholder","Describe what's in the photo, for people using a screen reader","Describe lo que muestra la foto, para quienes usan un lector de pantalla","","",""
"web-app","admin.blog.editor.image.captionLabel","Caption (optional)","Pie de foto (opcional)","","",""
"web-app","admin.blog.editor.image.captionPlaceholder","A short caption shown under the photo","Un pie de foto breve, mostrado bajo la imagen","","",""
"web-app","admin.blog.editor.image.size.label","Size","Tamaño","","",""
"web-app","admin.blog.editor.image.size.hint","How large this photo appears in the finished post.","El tamaño con el que aparece esta foto en el artículo terminado.","","",""
"web-app","admin.blog.editor.image.size.option.small","Small","Pequeño","","",""
"web-app","admin.blog.editor.image.size.option.medium","Medium","Mediano","","",""
"web-app","admin.blog.editor.image.size.option.large","Large","Grande","","",""
"web-app","admin.blog.editor.image.size.option.full","Full width","Ancho completo","","",""
"web-app","admin.blog.editor.image.insert","Insert image","Insertar imagen","","",""
"web-app","admin.blog.editor.image.cancel","Cancel","Cancelar","","",""
"web-app","admin.blog.consent.question","Can you recognise a specific person in this photo?","¿Se puede reconocer a una persona concreta en esta foto?","","",""
"web-app","admin.blog.consent.questionHint","A clear face or close-up counts. A wide venue shot, a scoreboard, hands on a cue, or a crowd with no one person as the focus doesn't. Not sure? Choose Yes.","Cuenta una cara clara o un primer plano. No cuentan una vista general del local, un marcador, unas manos sobre un taco, o una multitud sin nadie como foco. ¿No estás seguro? Elige Sí.","","",""
"web-app","admin.blog.consent.yes","Yes","Sí","","",""
"web-app","admin.blog.consent.no","No","No","","",""
"web-app","admin.blog.consent.basisLabel","How do you have their permission?","¿Cómo tienes su permiso?","","",""
"web-app","admin.blog.consent.option.directConsent","They gave their OK for this photo","Dio su visto bueno para esta foto","","",""
"web-app","admin.blog.consent.option.directConsentHint","The strongest option — use it when the person themself agreed to this specific use.","La opción más sólida — úsala cuando la propia persona haya aceptado este uso concreto.","","",""
"web-app","admin.blog.consent.option.self","It's a photo of me","Es una foto mía","","",""
"web-app","admin.blog.consent.option.selfHint","You're the person in the photo — no extra details needed.","Eres tú la persona de la foto — no hace falta ningún detalle más.","","",""
"web-app","admin.blog.consent.option.eventPolicy","The event's photo policy covers this","La política de fotos del evento lo cubre","","",""
"web-app","admin.blog.consent.option.eventPolicyHint","Only choose this if the event has a written policy that specifically allows reuse by outside organisations like 8nOut — not standard ""photography may occur"" signage. This is the weakest option, and reviewers check it closely.","Elige esto solo si el evento tiene una política escrita que permita expresamente su reutilización por organizaciones externas como 8nOut — no un simple cartel de ""puede que se hagan fotos"". Es la opción más débil, y los revisores la comprueban a fondo.","","",""
"web-app","admin.blog.consent.noteLabel","Details","Detalles","","",""
"web-app","admin.blog.consent.notePlaceholder.directConsent","Who gave the OK, how (in person, message, email) and roughly when","Quién dio el visto bueno, cómo (en persona, mensaje, email) y aproximadamente cuándo","","",""
"web-app","admin.blog.consent.notePlaceholder.eventPolicy","Name the event, and describe or link the actual policy","Nombra el evento, y describe o enlaza la política real","","",""
"web-app","admin.blog.rights.label","Where does this photo come from?","¿De dónde viene esta foto?","","",""
"web-app","admin.blog.rights.option.ownPhoto","I took this photo myself","La hice yo mismo","","",""
"web-app","admin.blog.rights.option.licensed","It's licensed for this use","Tiene licencia para este uso","","",""
"web-app","admin.blog.rights.option.publicDomainCc","It's public domain or Creative Commons","Es de dominio público o Creative Commons","","",""
"web-app","admin.blog.rights.option.tournamentPermission","Official tournament photography, used with permission","Fotografía oficial del torneo, usada con permiso","","",""
"web-app","admin.blog.rights.noteLabel","Details","Detalles","","",""
"web-app","admin.blog.rights.notePlaceholder.licensed","Name the licence and where the photo is from","Indica la licencia y de dónde procede la foto","","",""
"web-app","admin.blog.rights.notePlaceholder.publicDomainCc","Which one, if you know it (e.g. CC BY 4.0, public domain)","Cuál, si lo sabes (p. ej. CC BY 4.0, dominio público)","","",""
"web-app","admin.blog.rights.notePlaceholder.tournamentPermission","Who gave permission to use it (name the person or organiser)","Quién dio permiso para usarla (indica la persona u organizador)","","",""
"web-app","admin.blog.rights.attest.ownPhoto","I confirm I took this photo myself.","Confirmo que hice esta foto yo mismo.","","",""
"web-app","admin.blog.rights.attest.licensed","I confirm this photo is licensed for this use, as described above.","Confirmo que esta foto tiene licencia para este uso, tal como se describe arriba.","","",""
"web-app","admin.blog.rights.attest.publicDomainCc","I confirm this photo is public domain or Creative Commons licensed, as described above.","Confirmo que esta foto es de dominio público o tiene licencia Creative Commons, tal como se describe arriba.","","",""
"web-app","admin.blog.rights.attest.tournamentPermission","I confirm the organiser named above gave permission for 8nOut to use this photo.","Confirmo que el organizador indicado arriba dio permiso a 8nOut para usar esta foto.","","",""
"web-app","admin.blog.err.imageIncomplete","Every image needs alt text and a rights source, plus a consent basis if it shows someone recognisable — check the image details before you save.","Toda imagen necesita texto alternativo y una fuente de derechos, además de una base de consentimiento si muestra a alguien reconocible — comprueba los detalles de la imagen antes de guardar.","","",""
"web-app","admin.blog.err.imageNotUploaded","This image wasn't uploaded through the editor, so it can't be saved. Only photos added with Insert image get checked for size, type and location data — remove it and upload the photo again.","Esta imagen no se subió a través del editor, así que no se puede guardar. Solo las fotos añadidas con Insertar imagen se comprueban en tamaño, tipo y datos de ubicación — elimínala y vuelve a subir la foto.","","",""
"web-app","admin.blog.review.image.sectionTitle","Images","Imágenes","","",""
"web-app","admin.blog.review.image.personLabel","Identifiable person","Persona identificable","","",""
"web-app","admin.blog.review.image.consentLabel","Consent basis","Base de consentimiento","","",""
"web-app","admin.blog.review.image.rightsLabel","Rights","Derechos","","",""
"web-app","admin.blog.review.image.eventPolicyFlag","Weakest basis — check the details closely","Base más débil — comprueba los detalles a fondo","","",""
"web-app","admin.blog.review.image.checkHint","Check the photo itself, and whether the consent and rights details given actually hold up — not just that they're filled in.","Comprueba la propia foto, y si los detalles de consentimiento y derechos aportados realmente se sostienen — no solo que estén rellenados.","","",""
"web-app","admin.blog.review.linksLabel","Links","Enlaces","","",""
"web-app","admin.blog.help.imagesTitle","Photos, consent and rights","Fotos, consentimiento y derechos","","",""
"web-app","admin.blog.help.imagesBody","Every inset image needs alt text, and is recorded the same way as authorship and review — other moderators can see who added it, when, and what they attested.","Toda imagen insertada necesita texto alternativo, y se registra igual que la autoría y la revisión — otros moderadores pueden ver quién la añadió, cuándo y qué declaró.","","",""
"web-app","admin.blog.help.imagesPlacementBody","Posts don't have a separate cover or featured image. Every photo you add here is an inline image — it appears exactly where you insert it in the post body.","Los artículos no tienen una portada ni imagen destacada aparte. Cada foto que añadas aquí es una imagen en línea — aparece exactamente donde la insertes en el cuerpo del artículo.","","",""
"web-app","admin.blog.help.imagesConsentBody","If a photo shows someone recognisable, the moderator adding it records how they have that person's permission. ""The event's photo policy covers this"" is the weakest basis — it needs the actual policy named, not general photography signage — so reviewers check it hardest.","Si una foto muestra a alguien reconocible, el moderador que la añade registra cómo tiene el permiso de esa persona. ""La política de fotos del evento lo cubre"" es la base más débil — necesita que se indique la política real, no un simple cartel genérico de fotografía — así que los revisores la comprueban con más rigor.","","",""
"web-app","admin.blog.help.imagesRightsBody","Every image also records where it comes from — the moderator's own photo, a licence, public domain or Creative Commons, or tournament photography used with permission — so there's a real record of the right to use it, not just a checkbox.","Cada imagen también registra de dónde viene — una foto propia del moderador, una licencia, dominio público o Creative Commons, o fotografía de torneo usada con permiso — así queda un registro real del derecho a usarla, no solo una casilla marcada.","","",""
"web-app","admin.blog.help.imagesReviewBody","When you review a post with images, check the photo itself and whether the consent and rights details given actually hold up — not just that the fields are filled in.","Al revisar un artículo con imágenes, comprueba la propia foto y si los detalles de consentimiento y derechos aportados realmente se sostienen — no solo que los campos estén rellenados.","","",""
"web-app","admin.blog.help.imagesRevocationBody","If someone asks for a photo of them to come down, removing it from 8nOut is guaranteed same-day. Anything already cached or archived elsewhere — search engines, browser caches — is best-effort, not something we can promise.","Si alguien pide que se retire una foto suya, eliminarla de 8nOut está garantizado el mismo día. Lo que ya esté en caché o archivado en otro sitio — buscadores, cachés de navegador — es un esfuerzo razonable, no algo que podamos garantizar.","","",""
"web-app","admin.blog.meta.submittedBy","Submitted by {name}","Enviado por {name}","","{name}",""
"web-app","admin.blog.meta.submittedAgo","Submitted {ago}","Enviado {ago}","","{ago}",""
"web-app","admin.blog.meta.editedAgo","Edited {ago}","Editado {ago}","","{ago}",""
"web-app","admin.blog.meta.publishedOn","Published {date}","Publicado el {date}","","{date}",""
"web-app","admin.blog.meta.liveSince","Live since {date}","Publicado desde {date}","","{date}",""
"web-app","admin.blog.meta.rejectedByAgo","Rejected by {name}, {ago}","Rechazado por {name}, {ago}","","{ago}; {name}",""
"web-app","admin.blog.meta.sentBackAgo","Sent back by {name}, {ago}","Devuelto por {name}, {ago}","","{ago}; {name}",""
"web-app","admin.blog.meta.autosaved","Autosaved {ago}","Autoguardado {ago}","","{ago}",""
"web-app","admin.blog.meta.deletedAccount","a deleted account","una cuenta eliminada","","",""
"web-app","admin.blog.searchPlaceholder","Search by title…","Buscar por título…","","",""
"web-app","admin.blog.backToPosts","Back to posts","Volver a los artículos","","",""
"web-app","admin.blog.image.loading","Loading photo…","Cargando foto…","","",""
"web-app","admin.blog.image.expired","Preview timed out — reload to see it again.","La vista previa ha caducado — recárgala para volver a verla.","","",""
"web-app","admin.blog.image.reload","Reload photo","Recargar foto","","",""
"web-app","admin.blog.err.publishing","This post's photos are still being made public — click Approve & publish again in a moment.","Las fotos de este artículo aún se están haciendo públicas — pulsa Aprobar y publicar de nuevo en un momento.","","",""
"web-app","admin.blog.help.imagesPublishingBody","If Approve & publish says the photos are still being made public, wait a moment and click it again — this finishes on its own, nothing is lost.","Si Aprobar y publicar indica que las fotos aún se están haciendo públicas, espera un momento y vuelve a pulsarlo — esto termina por sí solo, no se pierde nada.","","",""
"web-app","admin.blog.soloPublish.ackHeading","No second reviewer for this post","Sin un segundo revisor para este artículo","","",""
"web-app","admin.blog.soloPublish.ackBody","This post shows someone recognisable or names a member, and you're currently the only moderator on 8nOut. Normally a second moderator checks whether that person would be comfortable appearing here before it publishes — right now, there isn't one to do that.","Este artículo muestra a alguien reconocible o nombra a un miembro, y ahora mismo eres el único moderador de 8nOut. Normalmente un segundo moderador comprueba si esa persona estaría cómoda apareciendo aquí antes de publicarlo — ahora mismo no hay nadie más para hacerlo.","","",""
"web-app","admin.blog.soloPublish.ackLabel","I understand I'm the only one making that judgment, and I'm personally accepting responsibility for it — not just on 8nOut's behalf.","Entiendo que soy el único que toma esta decisión, y asumo la responsabilidad personalmente — no solo en nombre de 8nOut.","","",""
"web-app","admin.blog.soloPublish.ackLabelStandalone","I'm the only moderator reviewing this post, and I'm personally accepting responsibility for deciding whether the person it shows or names would be comfortable with that.","Soy el único moderador que revisa este artículo, y asumo personalmente la responsabilidad de decidir si la persona que muestra o nombra estaría cómoda con ello.","","",""
"web-app","admin.blog.soloPublish.waitingNotice","Cooling-off period: {time} left before you can publish this alone. Come back then, or ask another moderator to review it now.","Periodo de espera: quedan {time} antes de que puedas publicar esto solo. Vuelve entonces, o pide a otro moderador que lo revise ahora.","","{time}",""
"web-app","admin.blog.soloPublish.pillWaiting","Solo review · {time} left","Revisión en solitario · quedan {time}","","{time}",""
"web-app","admin.blog.soloPublish.pillReady","Solo review · ready to publish","Revisión en solitario · lista para publicar","","",""
"web-app","admin.blog.soloPublish.soleModeratorNote","You're currently the only moderator on 8nOut.","Ahora mismo eres el único moderador de 8nOut.","","",""
"web-app","admin.blog.err.soloNotReady","This can't be published solo yet — check the acknowledgment and cooling-off status above, or ask another moderator to review it.","Esto aún no se puede publicar en solitario — comprueba arriba la confirmación y el estado del periodo de espera, o pide a otro moderador que lo revise.","","",""
"web-app","admin.blog.err.soloCoolingOff","The cooling-off period for solo publishing hasn't finished yet — try again once the timer above reaches zero, or ask another moderator to review it now.","El periodo de espera para publicar en solitario aún no ha terminado — inténtalo de nuevo cuando el temporizador de arriba llegue a cero, o pide a otro moderador que lo revise ahora.","","",""
"web-app","admin.blog.err.soloSecondModeratorJoined","Another moderator joined since you started this review, so solo publishing isn't available for this post anymore — ask them to review it instead.","Otro moderador se ha unido desde que empezaste esta revisión, así que ya no se puede publicar este artículo en solitario — pídele que lo revise en su lugar.","","",""
"web-app","admin.blog.err.selfReviewStale","This post still shows you as its last reviewer — refresh the page and try again, or ask another moderator to pick it up.","Este artículo aún te muestra como su último revisor — actualiza la página e inténtalo de nuevo, o pide a otro moderador que lo retome.","","",""
"web-app","admin.blog.help.soloPublishBody","If you're the only moderator, you can publish a post that shows someone recognisable or names a member — on your own, after a short cooling-off period and a personal acknowledgment that you're the only one checking it. This is recorded the same way as everything else here, and stops being available the moment a second moderator joins.","Si eres el único moderador, puedes publicar un artículo que muestre a alguien reconocible o nombre a un miembro — por tu cuenta, tras un breve periodo de espera y una confirmación personal de que eres el único que lo está comprobando. Esto se registra igual que todo lo demás aquí, y deja de estar disponible en cuanto se une un segundo moderador.","","",""
"web-app","admin.blog.classify.title","Before you submit","Antes de enviar","","",""
"web-app","admin.blog.classify.question","Does this post name, quote, describe the result of, or otherwise let a reader identify a specific real member — beyond general references to the community?","¿Este artículo nombra, cita, describe el resultado de, o de alguna otra forma permite identificar a un miembro real concreto — más allá de referencias generales a la comunidad?","","",""
"web-app","admin.blog.classify.questionHint","Naming someone, quoting them, giving their match result, or describing them clearly enough that a reader would know who it is — all count, even without a photo. A general mention of the community, or an unnamed player, doesn't. Not sure? Choose Yes.","Nombrar a alguien, citarlo, dar su resultado de partida, o describirlo con suficiente claridad como para que un lector sepa quién es — todo eso cuenta, incluso sin foto. Una mención general a la comunidad, o un jugador sin nombre, no cuenta. ¿No estás seguro? Elige Sí.","","",""
"web-app","admin.blog.classify.confirm","Submit for review","Enviar para revisión","","",""
"web-app","admin.blog.classify.cancel","Cancel","Cancelar","","",""
"web-app","presence.activeNow","Who's online","Quién está en línea","","",""
"web-app","presence.seeAll","See all","Ver todos","","",""
"web-app","presence.cityListTitle","Online in {city}","En línea en {city}","","{city}",""
"web-app","presence.loadMore","Load more","Cargar más","","",""
"web-app","presence.noneActiveSub","Check back soon — players show up as they get to a table.","Vuelve pronto — los jugadores aparecen en cuanto se ponen a una mesa.","","",""
"web-app","presence.online","In the app now","En la app ahora","","",""
"web-app","presence.recentlyActive","Active earlier today","Activo antes hoy","","",""
"web-app","presence.you","You","Tú","","",""
"web-app","presence.youInvisible","You · invisible","Tú · invisible","","",""
"web-app","presence.goInvisible","Go invisible","Hacerme invisible","","",""
"web-app","presence.goInvisibleSub","Hides your online status, your Open-to-play badge, and ""in the club"" from everyone — including your connections.","Oculta tu estado en línea, tu insignia de Abierto a jugar, y ""en el club"" a todo el mundo — incluidas tus conexiones.","","",""
"web-app","presence.goInvisibleFooter","While you're invisible: no one sees you as online, open to play, or in the club — not even your connections. Your club won't get a notification when you log on, either. It also clears any ""in the club"" status straight away. Turn invisibility off and your Open-to-play setting comes back as it was — but ""in the club"" doesn't return on its own. If you're still there, set it again. Your club pins and profile stay on the map the whole time.","Mientras eres invisible: nadie te ve en línea, abierto a jugar, o en el club — ni siquiera tus conexiones. Tu club tampoco recibirá un aviso cuando entres. Además borra de inmediato cualquier estado ""en el club"". Desactiva la invisibilidad y tu ajuste de Abierto a jugar vuelve tal como estaba — pero ""en el club"" no vuelve por sí solo. Si sigues allí, actívalo de nuevo. Los pines de tus clubes y tu perfil permanecen en el mapa todo el tiempo.","","",""
"web-app","presence.invisibleOwnerNote","You're invisible right now — others don't see you as online or open to play.","Ahora mismo eres invisible — otros no te ven en línea ni abierto a jugar.","","",""
"web-app","presence.firstNoticeHeading","You're now visible as active","Ahora eres visible como activo","","",""
"web-app","presence.firstNoticeBody","8nOut now shows other signed-in members when you're active — a simple ""online"" or ""recently active"" status next to your map pin, so people can see who's around for a game. It is never your location and is never shown to the public. It's on by default; you can turn it off for everyone, at any time, with Go invisible. See the Privacy Policy for details.","8nOut ahora muestra a otros miembros conectados cuándo estás activo — un simple estado ""en línea"" o ""activo recientemente"" junto a tu pin del mapa, para que la gente vea quién está disponible para una partida. Nunca es tu ubicación y nunca se muestra al público. Está activado por defecto; puedes desactivarlo para todos, en cualquier momento, con Hacerme invisible. Consulta la Política de Privacidad para más detalles.","","",""
"web-app","presence.firstNoticeDismiss","Got it","Entendido","","",""
"web-app","presence.gotIt","Got it","Entendido","","",""
"web-app","presence.globalOnlineLabel","Online now","En línea ahora","","",""
"web-app","presence.globalCountA11y.one","1 player online across 8nOut right now","1 jugador en línea en 8nOut ahora mismo","","",""
"web-app","presence.globalCountA11y.other","{count} players online across 8nOut right now","{count} jugadores en línea en 8nOut ahora mismo","","{count}",""
"web-app","presence.activeGamesLabel","Active games","Partidas activas","","",""
"web-app","presence.activeGamesCountA11y.one","{count} live scoreboard game in progress right now","{count} partida con marcador en directo en curso ahora mismo","","{count}",""
"web-app","presence.activeGamesCountA11y.other","{count} live scoreboard games in progress right now","{count} partidas con marcador en directo en curso ahora mismo","","{count}",""
"web-app","presence.activeGamesCountA11yZero","No live scoreboard games in progress right now","Ninguna partida con marcador en directo en curso ahora mismo","","",""
"web-app","presence.cityOnlineHeader","Who's online in {city}","Quién está en línea en {city}","","{city}",""
"web-app","presence.cityUnsetPrompt","Set your city to see who's online near you","Define tu ciudad para ver quién está en línea cerca de ti","","",""
"web-app","presence.cityEmpty","No one's online in {city} right now","Nadie está en línea en {city} ahora mismo","","{city}",""
"web-app","presence.zoomOutHint","Zoom out for more clubs","Aleja el mapa para ver más clubes","","",""
"web-app","presence.nearMeClubHeader","My clubs","Mis clubes","","",""
"web-app","presence.nearMeCityHeader","In {city}","En {city}","","{city}",""
"web-app","presence.nearMeEmpty","No one's online in your clubs or in {city} right now","Nadie está en línea en tus clubes o en {city} ahora mismo","","{city}",""
"web-app","presence.nearMeDistanceA11yBelowOne","less than 1 kilometer away","a menos de 1 kilómetro","","",""
"web-app","presence.nearMeDistanceA11y.one","approximately 1 kilometer away","a aproximadamente 1 kilómetro","","",""
"web-app","presence.nearMeDistanceA11y.other","approximately {count} kilometers away","a aproximadamente {count} kilómetros","","{count}",""
"web-app","presence.nearMeAddClubNudge","Add a club to see players from your regular spots too","Añade un club para ver también a los jugadores de tus lugares habituales","","",""
"web-app","availability.setButton","I'm in the club","Estoy en el club","","",""
"web-app","availability.pickerTitle","Which club, and for how long?","¿Qué club, y por cuánto tiempo?","","",""
"web-app","availability.pickerVenueLabel","Club","Club","","",""
"web-app","availability.pickerVenueEmpty","You haven't added a club yet — add one first, then you can show as in the club.","Aún no has añadido ningún club — añade uno primero, y luego podrás mostrarte como en el club.","","",""
"web-app","availability.pickerDurationLabel","Until","Hasta","","",""
"web-app","availability.duration.1h","1 hour","1 hora","","",""
"web-app","availability.duration.3h","3 hours","3 horas","","",""
"web-app","availability.duration.8h","8 hours","8 horas","","",""
"web-app","availability.firstNoticeHeading","Before you show as ""in the club""","Antes de mostrarte como ""en el club""","","",""
"web-app","availability.firstNoticeBody","You'll show as at **{venue}** until **{time}**. Your accepted connections will see this — no one else. Clear it in one tap any time, and it clears itself automatically once the time's up. It's entirely optional, and you can stop using it whenever you like.","Aparecerás como en **{venue}** hasta las **{time}**. Solo lo verán tus conexiones aceptadas — nadie más. Bórralo con un toque en cualquier momento, y se borra solo cuando pasa el tiempo. Es totalmente opcional, y puedes dejar de usarlo cuando quieras.","","{time}; {venue}",""
"web-app","availability.confirmButton","Show me as in the club","Mostrarme como en el club","","",""
"web-app","availability.statusLabel","At {venue} until {time}","En {venue} hasta las {time}","","{time}; {venue}",""
"web-app","availability.statusLabelA11y","In the club at {venue} until {time}","En el club, en {venue}, hasta las {time}","","{time}; {venue}",""
"web-app","availability.clear","Clear","Borrar","","",""
"web-app","availability.invisibleDisabled","Turn off Go invisible to set this.","Desactiva Hacerme invisible para configurar esto.","","",""
"web-app","availability.repeatNotice","Visible to your connections only. Clear anytime.","Visible solo para tus conexiones. Bórralo cuando quieras.","","",""
"web-app","availability.saveError","Couldn't save — check your connection and try again.","No se ha podido guardar — comprueba tu conexión e inténtalo de nuevo.","","",""
"web-app","venue.inClubUntil","In the club until {time}","En el club hasta las {time}","","{time}",""
"web-app","venue.connectionsHereA11y","{count} of your connections here now","{count} de tus conexiones aquí ahora","","{count}",""
"web-app","availability.playingNoticeHeading","Before you confirm you're playing","Antes de confirmar que estás jugando","","",""
"web-app","availability.playingNoticeBodyOwner","Confirming shows you and **{name}** playing together, at **{venue}** until **{time}** — on your own club pin, that club's list, and the City list. Only members connected to **both of you** can see it, a smaller group than who sees you're in the club. {name} confirms separately, and nothing shows until they have too. End it in one tap, any time. It's optional — skip it and your own ""in the club"" status (if you have one) stays exactly as it is. One more thing: confirming replaces any ""in the club"" status you currently have — it ends the moment you confirm here. You can only be in one place at a time.","Confirmar muestra que tú y **{name}** estáis jugando juntos, en **{venue}** hasta **{time}** — en el pin de tu propio club, en la lista de ese club y en la lista de la ciudad. Solo lo ven los miembros conectados con **los dos** — un grupo más reducido que quien ve que estás en el club. {name} confirma por separado, y no se muestra nada hasta que también lo haga. Termínalo con un toque en cualquier momento. Es opcional — sáltatelo y tu propio estado ""en el club"" (si lo tienes) se queda exactamente igual. Una cosa más: confirmar sustituye cualquier estado ""en el club"" que tengas ahora — termina en el momento en que confirmas aquí. Solo puedes estar en un sitio a la vez.","","{name}; {time}; {venue}",""
"web-app","availability.playingNoticeBodyGuest","Confirming shows you and **{name}** playing together, at **{venue}** until **{time}** — on the City list, to members connected to **both of you**. You won't get a pin at {venue} — that's {name}'s club, not yours. {name} confirms separately, and nothing shows until they have too. End it in one tap, any time. It's optional — skip it and your own ""in the club"" status (if you have one) stays exactly as it is. One more thing: confirming replaces any ""in the club"" status you currently have — it ends the moment you confirm here. You can only be in one place at a time.","Confirmar muestra que tú y **{name}** estáis jugando juntos, en **{venue}** hasta **{time}** — en la lista de la ciudad, para los miembros conectados con **los dos**. No tendrás un pin en {venue} — ese club es de {name}, no tuyo. {name} confirma por separado, y no se muestra nada hasta que también lo haga. Termínalo con un toque en cualquier momento. Es opcional — sáltatelo y tu propio estado ""en el club"" (si lo tienes) se queda exactamente igual. Una cosa más: confirmar sustituye cualquier estado ""en el club"" que tengas ahora — termina en el momento en que confirmas aquí. Solo puedes estar en un sitio a la vez.","","{name}; {time}; {venue}",""
"web-app","availability.playingReminderOwner","On your club pin and the City list, to connections of both of you. End it anytime.","En el pin de tu club y en la lista de la ciudad, para conexiones de los dos. Termínalo cuando quieras.","","",""
"web-app","availability.playingReminderGuest","On the City list only, to connections of both of you. End it anytime.","Solo en la lista de la ciudad, para conexiones de los dos. Termínalo cuando quieras.","","",""
"web-app","availability.confirmPlayingButton","Confirm you're playing","Confirmar que estás jugando","","",""
"web-app","availability.playingStatusLabel","Playing with {name} at {venue} until {time}","Jugando con {name} en {venue} hasta las {time}","","{name}; {time}; {venue}",""
"web-app","availability.playingStatusLabelA11y","Playing with {name} at {venue} until {time}","Jugando con {name} en {venue} hasta las {time}","","{name}; {time}; {venue}",""
"web-app","availability.waitingForPartner","You've confirmed. Waiting for {name} to confirm too.","Has confirmado. Esperando a que {name} también confirme.","","{name}",""
"web-app","availability.endPlayingButton","We're done","Hemos terminado","","",""
"web-app","availability.stillPlayingButton","Still playing","Seguimos jugando","","",""
"web-app","venue.playingUntil","Playing with {name} until {time}","Jugando con {name} hasta las {time}","","{name}; {time}",""
"web-app","availability.playingFallback","Playing at {venue} until {time}","Jugando en {venue} hasta las {time}","","{time}; {venue}",""
"web-app","venue.playingFallback","Playing until {time}","Jugando hasta las {time}","","{time}",""
"web-app","connections.sentHeading","Sent requests","Solicitudes enviadas","","",""
"web-app","connections.awaitingReply","Waiting for a reply","Esperando respuesta","","",""
"web-app","connections.withdraw","Withdraw","Retirar","","",""
"web-app","connections.remove","Remove","Eliminar","","",""
"web-app","connections.removeConfirm","Remove connection","Eliminar conexión","","",""
"web-app","connections.removeExplain","You'll lose each other's contact details, and any address shared for a game.","Perderéis vuestros datos de contacto, y cualquier dirección compartida para una partida.","","",""
"web-app","connections.playNowConfirmTitle","Play now at {place}?","¿Jugar ahora en {place}?","","{place}",""
"web-app","connections.playNowChangePlace","Choose a different place","Elegir otro lugar","","",""
"web-app","blocked.title","Blocked players","Jugadores bloqueados","","",""
"web-app","blocked.unblock","Unblock","Desbloquear","","",""
"web-app","blocked.explain","Blocked players can't see you on the map and can't contact you. They aren't told.","Los jugadores bloqueados no pueden verte en el mapa ni contactarte. No se les avisa.","","",""
"web-app","locationShares.title","Who has my address","Quién tiene mi dirección","","",""
"web-app","locationShares.empty","Nobody has your exact address right now.","Ahora mismo nadie tiene tu dirección exacta.","","",""
"web-app","locationShares.footer","These players can see your exact address. You share it for a set time, and can stop sooner.","Estos jugadores pueden ver tu dirección exacta. La compartes por un tiempo determinado, y puedes dejar de hacerlo antes.","","",""
"web-app","locationShares.ends","Ends {relative} · {absolute}","Termina {relative} · {absolute}","","{absolute}; {relative}",""
"web-app","locationShares.noExpiry","No end time","Sin hora de fin","","",""
"web-app","locationShares.stopSharing","Stop sharing","Dejar de compartir","","",""
"web-app","locationShares.stopped","You stopped sharing your address.","Has dejado de compartir tu dirección.","","",""
"web-app","clubs.venueWarning","Add a public pool club — not a home or private address.","Añade un club de billar público — no una vivienda ni una dirección privada.","","",""
"web-app","onboarding.finishLater","Finish later","Terminar más tarde","","",""
"web-app","onboarding.next","Next","Siguiente","","",""
"web-app","onboarding.stepCount","{current} of {total}","{current} de {total}","","{current}; {total}",""
"web-app","onboarding.stepCountA11y","Question {current} of {total}","Pregunta {current} de {total}","","{current}; {total}",""
"web-app","onboarding.rackDoneA11y","All three answered","Las tres respondidas","","",""
"web-app","onboarding.name.q","What name do you play under?","¿Con qué nombre juegas?","","",""
"web-app","onboarding.name.why","This is the name on your row in a club's list, and the name other players search by.","Este es el nombre en tu fila de la lista de un club, y el nombre por el que otros jugadores buscan.","","",""
"web-app","onboarding.name.label","Your name","Tu nombre","","",""
"web-app","onboarding.name.hint","One word is fine — plenty of players here go by a handle.","Una sola palabra está bien — muchos jugadores aquí usan un apodo.","","",""
"web-app","onboarding.city.q","Which country and town do you play in?","¿En qué país y ciudad juegas?","","",""
"web-app","onboarding.city.why","Players filter the map by country and town. Without yours, you're hard to find.","Los jugadores filtran el mapa por país y ciudad. Sin los tuyos, es difícil encontrarte.","","",""
"web-app","onboarding.club.q","Which club do you play at?","¿En qué club juegas?","","",""
"web-app","onboarding.club.why","Your name goes on that club's list — the same list you see when you open a club on the map.","Tu nombre va en la lista de ese club — la misma lista que ves cuando abres un club en el mapa.","","",""
"web-app","onboarding.club.notListedBody","Clubs are added by the community, so yours may not be here yet. Add it and we'll check it — it goes on the map once it's approved.","Los clubes los añade la comunidad, así que el tuyo puede que aún no esté aquí. Añádelo y lo revisaremos — se publica en el mapa en cuanto se apruebe.","","",""
"web-app","onboarding.club.exitHint","Not sure yet? Finish later","¿Aún no lo sabes? Terminar más tarde","","",""
"web-app","clubs.errorFailed","Couldn't add that club just now. Try again.","No se ha podido añadir ese club ahora mismo. Inténtalo de nuevo.","","",""
"web-app","clubs.errorRejected","{venue} wasn't added to the map. Pick a club that's already on the map instead.","{venue} no se añadió al mapa. Elige en su lugar un club que ya esté en el mapa.","","{venue}",""
"web-app","clubs.errorCap","Three clubs is the limit. Remove one first, then you can add this one.","Tres clubes es el límite. Elimina uno primero y podrás añadir este.","","",""
"web-app","clubs.errorDuplicate","You've already got that club. Search for another one if you play somewhere else too.","Ya tienes ese club. Busca otro si también juegas en otro sitio.","","",""
"web-app","onboarding.payoff.headline","You're on the list at {venue}","Estás en la lista de {venue}","","{venue}",""
"web-app","onboarding.payoff.headlineFirst","You're first on the list at {venue}","Eres el primero en la lista de {venue}","","{venue}",""
"web-app","onboarding.payoff.seat","Players who add this club appear here.","Aquí aparecen los jugadores que añaden este club.","","",""
"web-app","onboarding.payoff.toggleCaption","Turn it on and your row here reads Ready to play. So does your public profile, which anyone with the link can open, signed in or not. You're on the list either way.","Actívalo y tu fila aquí mostrará Listo para jugar. También tu perfil público, que puede abrir cualquiera con el enlace, esté conectado o no. Estás en la lista de todas formas.","","",""
"web-app","onboarding.payoff.andMore","and {count} more","y {count} más","","{count}",""
"web-app","onboarding.payoff.rosterFailed","Couldn't load the rest of the list.","No se ha podido cargar el resto de la lista.","","",""
"web-app","onboarding.payoff.toggleFailed","Couldn't change that just now. Try again.","No se ha podido cambiar eso ahora mismo. Inténtalo de nuevo.","","",""
"web-app","onboarding.pending.headline","Thanks — we'll check {venue}","Gracias — revisaremos {venue}","","{venue}",""
"web-app","onboarding.pending.body","It's on your clubs already. Once it's approved, the club goes on the map and your name is on its list. Until then, you're not on any club's list.","Ya está en tus clubes. En cuanto se apruebe, el club se publica en el mapa y tu nombre aparece en su lista. Hasta entonces, no estás en la lista de ningún club.","","",""
"web-app","onboarding.pending.whereToCheck","You can check on it any time under Clubs on your profile.","Puedes consultarlo en cualquier momento en Clubes, en tu perfil.","","",""
"web-app","onboarding.payoff.toggleCaptionPending","Turn it on and your name carries Ready to play in player search and on your public profile, which anyone with the link can open, signed in or not.","Actívalo y tu nombre llevará Listo para jugar en la búsqueda de jugadores y en tu perfil público, que puede abrir cualquiera con el enlace, esté conectado o no.","","",""
"web-app","onboarding.rejected.headlineOne","{venue} wasn't added to the map","{venue} no se añadió al mapa","","{venue}",""
"web-app","onboarding.rejected.headlineMany","{count} of your clubs weren't added to the map","{count} de tus clubes no se añadieron al mapa","","{count}",""
"web-app","onboarding.rejected.body","It's still on your profile, but you're not on any club's list. Pick a club that's already on the map and you're on its list straight away.","Sigue en tu perfil, pero no estás en la lista de ningún club. Elige un club que ya esté en el mapa y estarás en su lista al momento.","","",""
"web-app","onboarding.rejected.bodyMany","They're still on your profile, but you're not on any club's list. Pick a club that's already on the map and you're on its list straight away.","Siguen en tu perfil, pero no estás en la lista de ningún club. Elige un club que ya esté en el mapa y estarás en su lista al momento.","","",""
"web-app","onboarding.rejected.reason","Reason: {reason}","Motivo: {reason}","","{reason}",""
"web-app","onboarding.rejected.removeConfirm","Remove {venue} from your clubs?","¿Eliminar {venue} de tus clubes?","","{venue}",""
"web-app","onboarding.rejected.removeExplain","This takes it off your profile. Nothing else changes.","Esto lo quita de tu perfil. Nada más cambia.","","",""
"web-app","onboarding.cuescore.title","Play on CueScore?","¿Juegas en CueScore?","","",""
"web-app","onboarding.cuescore.replaceNotice","Your CueScore name and photo become your 8nOut name and photo.","Tu nombre y foto de CueScore pasan a ser tu nombre y foto en 8nOut.","","",""
"web-app","onboarding.cuescore.linkedChip","CueScore linked","CueScore vinculado","","",""
"web-app","onboarding.cuescore.replacedName","You're {name} now","Ahora eres {name}","","{name}",""
"web-app","onboarding.cuescore.replacedBody","That's the name on your row, in player search, and on your profile.","Ese es a partir de ahora el nombre en tu fila, en la búsqueda de jugadores y en tu perfil.","","",""
"web-app","onboarding.playsAt.title","Where do you usually play?","¿Dónde sueles jugar?","","",""
"web-app","onboarding.playsAt.club","At a club","En un club","","",""
"web-app","onboarding.playsAt.home","At home","En casa","","",""
"web-app","onboarding.playsAt.both","Both","Ambos","","",""
"web-app","onboarding.playsAt.notice","Helps us decide whether to build a home-table feature. It's private, and skipping changes nothing else about your account. If you already have one, it stays visible to your connections only — never public.","Nos ayuda a decidir si construimos una función de mesa propia. Es privado, y omitirlo no cambia nada más en tu cuenta. Si ya tienes una, permanece visible solo para tus conexiones — nunca en público.","","",""
"web-app","onboarding.playsAt.save","Save","Guardar","","",""
"web-app","onboarding.playsAt.skip","Skip for now","Omitir por ahora","","",""
"web-app","onboarding.banner.title","Finish setting up","Terminar de configurar","","",""
"web-app","onboarding.banner.missing.name","Without a name, nobody can tell who you are in a club's list or in search.","Sin nombre, nadie puede saber quién eres en la lista de un club o en la búsqueda.","","",""
"web-app","onboarding.banner.missing.club","You're not on any club's list yet, so nobody finds you when they open a club on the map.","Aún no estás en la lista de ningún club, así que nadie te encuentra cuando alguien abre un club en el mapa.","","",""
"web-app","onboarding.banner.cta.name","Add your name","Añadir tu nombre","","",""
"web-app","onboarding.banner.cta.city","Add your town","Añadir tu ciudad","","",""
"web-app","onboarding.banner.notNow","Not now","Ahora no","","",""
"web-app","onboarding.banner.quiet","Setup unfinished","Configuración sin terminar","","",""
"web-app","onboarding.banner.quietCta","Finish","Terminar","","",""
"web-app","onboarding.banner.rejectedCta","Find your club","Buscar tu club","","",""
"web-app","help.title","Help","Ayuda","","",""
"web-app","help.search","Search help…","Buscar en la ayuda…","","",""
"web-app","help.noResults","No answers for ""{q}""","No hay respuestas para ""{q}""","","{q}",""
"web-app","help.noResultsSub","Try another word, or write to us.","Prueba otra palabra, o escríbenos.","","",""
"web-app","help.allHelp","All help","Toda la ayuda","","",""
"web-app","help.related","Related","Relacionado","","",""
"web-app","help.stillStuck","Still stuck?","¿Sigues sin encontrar lo que buscas?","","",""
"web-app","help.emailUs","Email us","Escríbenos","","",""
"web-app","help.heading","How can we help?","¿En qué podemos ayudarte?","","",""
"web-app","help.subline","Short answers to the questions players ask most.","Respuestas breves a las preguntas más frecuentes de los jugadores.","","",""
"web-app","help.empty","No answers are published yet.","Aún no hay ninguna respuesta publicada.","","",""
"web-app","account.signedInWith","Signed in with","Sesión iniciada con","","",""
"web-app","receipts.notice.title","Read receipts are here","Ya están aquí las confirmaciones de lectura","","",""
"web-app","receipts.notice.sectionA.kicker","How it works","Cómo funciona","","",""
"web-app","receipts.notice.sectionA.body","When you and a connection both have this on, you'll see when your message has been read — and they'll see the same about yours. Turn it off any time; nothing else about chat changes.","Cuando tú y una conexión tenéis esto activado los dos, verás cuándo se ha leído tu mensaje — y ella verá lo mismo del tuyo. Desactívalo cuando quieras; nada más del chat cambia.","","",""
"web-app","receipts.toggle.label","Read receipts","Confirmaciones de lectura","","",""
"web-app","receipts.toggle.sub","Only works when the other person has it on too.","Solo funciona si la otra persona también lo tiene activado.","","",""
"web-app","receipts.notice.sectionB.kicker","One quick question","Una pregunta rápida más","","",""
"web-app","receipts.notice.sectionB.body","Which age group are you in? We use this only to set your read-receipts default — nothing else changes.","¿En qué grupo de edad estás? Lo usamos solo para definir tu valor por defecto de confirmaciones de lectura — nada más cambia.","","",""
"web-app","receipts.ageband.1617","16 or 17","16 o 17","","",""
"web-app","receipts.ageband.18plus","18 or older","18 o más","","",""
"web-app","receipts.ageband.decline","Prefer not to say","Prefiero no decirlo","","",""
"web-app","receipts.ageband.reassure","You can skip this — read receipts just stay off for you either way.","Puedes omitir esto — las confirmaciones de lectura simplemente se quedan desactivadas para ti de todas formas.","","",""
"web-app","receipts.notice.continue","Continue","Continuar","","",""
"web-app","receipts.settings.upgradeRow.label","I'm 18 or older now","Ya tengo 18 años o más","","",""
"web-app","receipts.settings.upgradeRow.sub","Updates your age group on file.","Actualiza tu grupo de edad registrado.","","",""
"web-app","receipts.settings.upgradeRow.button","Update","Actualizar","","",""
"web-app","receipts.settings.footer","Read receipts only work when you and the other person both have them on. Turn yours off and it stops for both of you straight away.","Las confirmaciones de lectura solo funcionan cuando tú y la otra persona las tenéis activadas los dos. Desactiva la tuya y se detiene para los dos de inmediato.","","",""
"web-app","receipts.readMark","Read","Leído","","",""
"web-app","clubAlerts.toggle.label","Club alerts","Avisos de club","","",""
"web-app","clubAlerts.toggle.sub","Notified when someone at one of your clubs comes online.","Recibe un aviso cuando alguien de uno de tus clubes se conecta.","","",""
"web-app","ladder.pending.joinDisclosureArchive","When a season ends, the standings are saved exactly as they stood — with your name — and that stays true even if you leave the ladder later. You can ask to appear as “Former member” instead, any time.","Cuando termina una temporada, la clasificación se guarda exactamente como estaba — con tu nombre — y eso sigue siendo así aunque más tarde dejes la ladder. Puedes pedir que aparezcas como ""Antiguo miembro"" en su lugar, en cualquier momento.","","",""
"web-app","ladder.pending.joinDisclosurePrint","Any member can export the standings — including to put up on a noticeboard at a club.","Cualquier miembro puede exportar la clasificación — incluso para colgarla en el tablón de un club.","","",""
"web-app","ladder.pending.exportStamp","Standings as of {date} — current standings live in the 8nOut app. This sheet doesn't update.","Clasificación a fecha de {date} — la clasificación actual está en la app de 8nOut. Esta hoja no se actualiza.","","{date}",""
"web-app","ladder.pending.leaveArchivePermanence","This doesn't touch your past seasons. Leaving removes you from the current board, not your history. Saved standings from earlier seasons still show your name — unless you also switch on “Former member” below.","Esto no afecta a tus temporadas pasadas. Salir te quita de la tabla actual, no de tu historial. Las clasificaciones guardadas de temporadas anteriores siguen mostrando tu nombre — a menos que también actives ""Antiguo miembro"" abajo.","","",""
"web-app","ladder.heading","City Ladder","City Ladder","","",""
"web-app","ladder.card.loadError","Couldn't load your ladder standing.","No se ha podido cargar tu posición en la ladder.","","",""
"web-app","ladder.card.seeBoard","See the board","Ver la clasificación","","",""
"web-app","ladder.card.seeBoardCount","See the board · {n} ranked","Ver la clasificación · {n} clasificados","","{n}",""
"web-app","ladder.card.footer","Your rating moves when you and another {city} member log a match together.","Tu rating cambia cuando tú y otro miembro de {city} registráis una partida juntos.","","{city}",""
"web-app","ladder.card.eligible","The {city} Ladder is open to you","La {city} Ladder está abierta para ti","","{city}",""
"web-app","ladder.card.eligibleSub","You're in {city} and you play at a club here — that's all it takes.","Estás en {city} y juegas en un club de aquí — con eso basta.","","{city}",""
"web-app","ladder.card.join","Join the {city} Ladder","Unirte a la {city} Ladder","","{city}",""
"web-app","ladder.card.noClub","The {city} Ladder is for players with a club in the city","La {city} Ladder es para jugadores con un club en la ciudad","","{city}",""
"web-app","ladder.card.noClubSub","Add the room you play at and it opens up. Clubs are checked before they count.","Añade la sala donde juegas y se abrirá. Los clubes se comprueban antes de contar.","","",""
"web-app","ladder.card.noCity","Ladders are running in {list}. Nothing in {city} yet.","Hay ladders activas en {list}. Aún no en {city}.","","{city}; {list}",""
"web-app","ladder.card.forgetHeadline","Your name is on past season boards","Tu nombre está en clasificaciones de temporadas pasadas","","",""
"web-app","ladder.card.forgetSub","You've left the ladder, but those boards still carry your name. Change how you appear, any time.","Has dejado la ladder, pero esas clasificaciones aún llevan tu nombre. Cambia cómo apareces, cuando quieras.","","",""
"web-app","ladder.fig.rank","Rank","Puesto","","",""
"web-app","ladder.fig.rating","Rating","Rating","","",""
"web-app","ladder.fig.matches","Matches","Partidas","","",""
"web-app","ladder.fig.yourRating","Your rating","Tu rating","","",""
"web-app","ladder.fig.yourRatingKept","Your rating, kept","Tu rating, conservado","","",""
"web-app","ladder.fig.finished","Finished","Terminada","","",""
"web-app","ladder.fig.ratingThen","Rating then","Rating entonces","","",""
"web-app","ladder.state.notRankedChip","{city} · not ranked yet","{city} · aún sin clasificar","","{city}",""
"web-app","ladder.state.hiddenChip","{city} · off the board for now","{city} · fuera de la tabla por ahora","","{city}",""
"web-app","ladder.state.unranked","You're on the ladder — you're not on the board yet. Play a match with another {city} member and log it, and your name appears here.","Estás en la ladder — solo que aún no en la tabla. Juega una partida con otro miembro de {city} y regístrala, y tu nombre aparecerá aquí.","","{city}",""
"web-app","ladder.state.hidden","You're not on the board right now. It shows players who've played in the last 60 days — your last was {date}. Log one match and you're straight back in at {rating}.","Ahora mismo no estás en la tabla. Muestra a jugadores que han jugado en los últimos 60 días — tu última vez fue el {date}. Registra una partida y vuelves de inmediato con {rating}.","","{date}; {rating}",""
"web-app","ladder.state.hiddenNoDate","You're not on the board right now. It shows players who've played in the last 60 days. Log one match and you're straight back in at {rating}.","Ahora mismo no estás en la tabla. Muestra a jugadores que han jugado en los últimos 60 días. Registra una partida y vuelves de inmediato con {rating}.","","{rating}",""
"web-app","ladder.board.title","{city} Ladder","{city} Ladder","","{city}",""
"web-app","ladder.board.season","Season","Temporada","","",""
"web-app","ladder.board.currentSeason","Current season","Temporada actual","","",""
"web-app","ladder.board.finalStandings","Final standings · {label}","Clasificación final · {label}","","{label}",""
"web-app","ladder.board.closedOn","Closed {date}","Cerrada el {date}","","{date}",""
"web-app","ladder.board.loadError","Couldn't load the {city} board.","No se ha podido cargar la tabla de {city}.","","{city}",""
"web-app","ladder.board.empty","Nobody in {city} has logged a qualifying match yet. Play one with another member here and you'll both be on it.","Nadie en {city} ha registrado aún una partida válida. Juega una con otro miembro de aquí y los dos apareceréis en ella.","","{city}",""
"web-app","ladder.board.emptyArchive","Nothing was saved for your city in this season.","No se guardó nada para tu ciudad en esta temporada.","","",""
"web-app","ladder.board.showMore","Show more","Mostrar más","","",""
"web-app","ladder.board.footer","{n} players ranked. Players who haven't played in 60 days aren't shown.","{n} jugadores clasificados. No se muestran los jugadores que no han jugado en 60 días.","","{n}",""
"web-app","ladder.board.archiveFooter","A saved picture of the board on {date}. It doesn't change.","Una foto guardada de la tabla el {date}. No cambia.","","{date}",""
"web-app","ladder.col.player","Player","Jugador","","",""
"web-app","ladder.col.rating","Rating","Rating","","",""
"web-app","ladder.col.played","Played","Jugadas","","",""
"web-app","ladder.you","You","Tú","","",""
"web-app","ladder.plate.you","You","Tú","","",""
"web-app","ladder.plate.notInSeason","You weren't on this season's board.","No estabas en la tabla de esta temporada.","","",""
"web-app","ladder.join.title","Join the ladder","Unirte a la ladder","","",""
"web-app","ladder.join.fromProfile","From your profile","Desde tu perfil","","",""
"web-app","ladder.join.seeTitle","Other {city} members will see you","Otros miembros de {city} te verán","","{city}",""
"web-app","ladder.join.seeBody","Your name, your position and your rating — nobody else, no other city.","Tu nombre, tu posición y tu rating — nadie más, ninguna otra ciudad.","","",""
"web-app","ladder.join.archiveTitle","Season boards are saved permanently","Las clasificaciones de temporada se guardan de forma permanente","","",""
"web-app","ladder.join.printTitle","The board can be printed and pinned up","La clasificación se puede imprimir y colgar","","",""
"web-app","ladder.join.startingRating","Everyone starts at 1500. It moves with your results — quickly at first, then more slowly as it settles.","Todos empiezan en 1500. Cambia con tus resultados — rápido al principio, y luego más despacio a medida que se asienta.","","",""
"web-app","ladder.join.cta","Join the {city} Ladder","Unirte a la {city} Ladder","","{city}",""
"web-app","ladder.leave.cta","Leave the {city} Ladder","Dejar la {city} Ladder","","{city}",""
"web-app","ladder.leave.title","Leave the ladder","Dejar la ladder","","",""
"web-app","ladder.leave.what","You come off the {city} board and your rating stops moving.","Sales de la tabla de {city} y tu rating deja de cambiar.","","{city}",""
"web-app","ladder.leave.rating","Your rating isn't kept. If you join again later you'd start over at 1500, like everyone new.","Tu rating no se conserva. Si te unes de nuevo más adelante, empezarías otra vez en 1500, como cualquier miembro nuevo.","","",""
"web-app","ladder.leave.notDeletion","Your match record, your clubs and your account are untouched. This isn't account deletion.","Tu historial de partidas, tus clubes y tu cuenta no se ven afectados. Esto no es eliminar la cuenta.","","",""
"web-app","ladder.leave.pastSeasons","Past seasons","Temporadas pasadas","","",""
"web-app","ladder.leave.forget","Show me as “Former member”","Mostrarme como ""Antiguo miembro""","","",""
"web-app","ladder.leave.forgetSub","Your positions and ratings stay in place; your name doesn't appear next to them.","Tus posiciones y ratings se mantienen; tu nombre no aparece junto a ellos.","","",""
"web-app","ladder.leave.confirm","Leave the {city} Ladder","Dejar la {city} Ladder","","{city}",""
"web-app","ladder.forget.cta","How my name appears in past seasons","Cómo aparece mi nombre en temporadas pasadas","","",""
"web-app","ladder.forget.done","Done — past season boards now show you as “Former member”.","Hecho — las clasificaciones de temporadas pasadas ahora te muestran como ""Antiguo miembro"".","","",""
"web-app","ladder.forget.confirmTitle","Show me as “Former member” on past season boards","Mostrarme como ""Antiguo miembro"" en las clasificaciones de temporadas pasadas","","",""
"web-app","ladder.forget.confirmBody","Your positions and ratings stay in place; your name doesn't appear next to them. This doesn't take you off the ladder.","Tus posiciones y ratings se mantienen; tu nombre no aparece junto a ellos. Esto no te saca de la ladder.","","",""
"web-app","ladder.export.cta","Export board","Exportar clasificación","","",""
"web-app","ladder.export.title","Export the board","Exportar la clasificación","","",""
"web-app","ladder.export.snapshot","A dated picture of the board as it stands right now. It's a snapshot, not a link — whoever you give it to sees this moment only, and it won't update.","Una foto fechada de la clasificación tal como está ahora mismo. Es una instantánea, no un enlace — a quien se la des solo verá este momento, y no se actualizará.","","",""
"web-app","ladder.export.droppedColumn","Last-played dates are left off the printed board. Rank, name and rating only.","Las fechas de última partida no aparecen en la clasificación impresa. Solo puesto, nombre y rating.","","",""
"web-app","ladder.export.print","Save or print","Guardar o imprimir","","",""
"web-app","ladder.print.kicker","One Pocket · 8nOut","One Pocket · 8nOut","","",""
"web-app","ladder.print.title","{city} City Ladder","{city} City Ladder","","{city}",""
"web-app","ladder.print.current","Current standings","Clasificación actual","","",""
"web-app","ladder.print.finalStandings","Final standings · {label}","Clasificación final · {label}","","{label}",""
"web-app","ladder.print.twoDates","Final standings · closed {closed} — exported {exported}","Clasificación final · cerrada {closed} — exportada {exported}","","{closed}; {exported}",""
"web-app","ladder.rules.entry","How the rating works","Cómo funciona el rating","","",""
"web-app","ladder.rules.where","Everyone starts at 1500. When you and another member of your city's ladder log a match together, the winner's rating goes up and the loser's goes down.","Todos empiezan en 1500. Cuando tú y otro miembro de la ladder de tu ciudad registráis una partida juntos, el rating de quien gana sube y el de quien pierde baja.","","",""
"web-app","ladder.rules.gap","Beating someone rated well above you moves your rating more than beating someone close to you. Losing to someone well below you costs more than losing to someone close.","Ganar a alguien con un rating muy superior al tuyo mueve tu rating más que ganar a alguien parecido a ti. Perder contra alguien muy inferior cuesta más que perder contra alguien parecido.","","",""
"web-app","ladder.rules.speed","Your rating moves quickly over your first several matches, then settles down as it finds your level.","Tu rating se mueve rápido durante tus primeras partidas, y luego se estabiliza a medida que encuentra tu nivel.","","",""
"web-app","ladder.rules.recency","The board shows players who've played in the last 60 days. If you go quiet you come off it — your rating is kept exactly as it was, and one match puts you straight back.","La tabla muestra a jugadores que han jugado en los últimos 60 días. Si dejas de jugar, sales de ella — tu rating se conserva exactamente como estaba, y una partida te devuelve directamente.","","",""
"web-app","ladder.rules.counts","Any match you log with another member of the same city's ladder counts, however you log it: by hand, from the live scoreboard, or imported from CueScore. Matches against anyone else don't move your rating.","Cualquier partida que registres con otro miembro de la ladder de la misma ciudad cuenta, la registres como la registres: a mano, desde el marcador en directo, o importada de CueScore. Las partidas contra cualquier otra persona no mueven tu rating.","","",""
"web-app","ladder.error.wrongCity","That ladder is for players whose home town is that city.","Esa ladder es para jugadores cuya ciudad de origen es esa.","","",""
"web-app","ladder.error.noApprovedClub","You need a club in that city before you can join. Clubs are checked before they count.","Necesitas un club en esa ciudad antes de poder unirte. Los clubes se comprueban antes de contar.","","",""
"web-app","ladder.error.cityClosed","That ladder isn't taking new members right now.","Esa ladder no admite nuevos miembros ahora mismo.","","",""
"web-app","admin.nav.ladder","Ladder","Ladder","","",""
"web-app","admin.ladder.cities","Cities","Ciudades","","",""
"web-app","admin.ladder.addCity","Add a city","Añadir una ciudad","","",""
"web-app","admin.ladder.city","City","Ciudad","","",""
"web-app","admin.ladder.country","Country","País","","",""
"web-app","admin.ladder.members","Members","Miembros","","",""
"web-app","admin.ladder.ranked","Ranked","Clasificados","","",""
"web-app","admin.ladder.openToJoin","Open to join","Abierta a nuevos miembros","","",""
"web-app","admin.ladder.closedNote","Members stay enrolled when a city is closed to joining; their board keeps working.","Los miembros siguen inscritos cuando una ciudad se cierra a nuevas incorporaciones; su tabla sigue funcionando.","","",""
"web-app","admin.ladder.manualEnrol","Manual enrolment","Inscripción manual","","",""
"web-app","admin.ladder.manualEnrolSub","For when the city on a profile doesn't match. Skips the club and home-town checks. Use when a member is genuinely local and the data disagrees.","Para cuando la ciudad de un perfil no coincide. Se saltan las comprobaciones de club y ciudad de origen. Úsalo cuando un miembro es realmente local y los datos no coinciden.","","",""
"web-app","admin.ladder.searchMember","Member id","Id de miembro","","",""
"web-app","admin.ladder.enrol","Enrol","Inscribir","","",""
"web-app","admin.ladder.seasons","Seasons","Temporadas","","",""
"web-app","admin.ladder.closeSeason","Close season","Cerrar temporada","","",""
"web-app","admin.ladder.closeSeasonConfirm","Closing saves every city board as final standings, then opens the next season. Saved boards are permanent and there is no undo.","Cerrarla guarda cada tabla de ciudad como clasificación final, y luego abre la siguiente temporada. Las tablas guardadas son permanentes y no hay forma de deshacerlo.","","",""
"web-app","admin.ladder.typeToConfirm","Type {label} to confirm","Escribe {label} para confirmar","","{label}",""
"web-app","admin.ladder.done","Done.","Hecho.","","",""
"web-app","admin.ladder.legalGateBlocked","Can't open to new members yet — City Ladder requires Privacy 3.7 / Terms 1.8 to be live first.","Aún no se puede abrir a nuevos miembros — City Ladder requiere que Privacidad 3.7 / Términos 1.8 estén activos primero.","","",""
"ios-app","0","0","0","","",""
"ios-app","1","1","1","","",""
"ios-app","1500","1500","","","",""
"ios-app"," · last played %@"," · last played %@"," · última partida el %1$@","","%@",""
"ios-app","#","#","","","",""
"ios-app","%@ (You)","%@ (You)","%@ (Tú)","","%@",""
"ios-app","%@ City Ladder","%@ City Ladder","%1$@ City Ladder","","%@",""
"ios-app","%@ Ladder","%@ Ladder","%1$@ Ladder","","%@",""
"ios-app","%@ already started one.","%@ already started one.","%1$@ ya ha iniciado uno.","","%@",""
"ios-app","%@ asked to connect with you.","%@ asked to connect with you.","%1$@ te ha pedido conectar.","","%@",""
"ios-app","%@ broke","%@ broke","Salió %1$@","","%@",""
"ios-app","%@ invited you","%@ invited you","%1$@ te invitó","","%@",""
"ios-app","%@ is keeping score — watching live","%@ is keeping score — watching live","%1$@ está llevando el marcador — viendo en directo","","%@",""
"ios-app","%@ kept score for this match","%@ kept score for this match","","","%@",""
"ios-app","%@ ladder standings","%@ ladder standings","Clasificación de la ladder de %@","","%@",""
"ios-app","%@ leads %lld–%lld","%@ leads %lld–%lld","%1$@ va ganando %2$lld–%3$lld","","%@; %lld",""
"ios-app","%@ wasn't added to the map","%@ wasn't added to the map","%1$@ no se añadió al mapa","","%@",""
"ios-app","%@ wasn't added to the map. Pick a club that's already on the map instead.","%@ wasn't added to the map. Pick a club that's already on the map instead.","%1$@ no se añadió al mapa. Elige en su lugar un club que ya esté en el mapa.","","%@",""
"ios-app","%@ · not ranked yet","%@ · not ranked yet","%1$@ · aún sin clasificar","","%@",""
"ios-app","%@ · off the board for now","%@ · off the board for now","%1$@ · fuera de la tabla por ahora","","%@",""
"ios-app","%@ — pick a time","%@ — pick a time","%@ — elige una hora","","%@",""
"ios-app","%@%@","%@%@","%@%@","","%@",""
"ios-app","%@'s score","%@'s score","Marcador de %1$@","","%@",""
"ios-app","%@, %@","%@, %@","%@, %@","","%@",""
"ios-app","%lld","%lld","","","%lld",""
"ios-app","%lld days ago","%lld days ago","hace %lld días","","%lld",""
"ios-app","%lld of 3","%lld of 3","%lld de 3","","%lld",""
"ios-app","%lld of your clubs weren't added to the map","%lld of your clubs weren't added to the map","%1$lld de tus clubes no se añadieron al mapa","","%lld",""
"ios-app","%lld of your connections here now","%lld of your connections here now","%1$lld de tus conexiones aquí ahora","","%lld",""
"ios-app","%lld players ranked. Players who haven't played in 60 days aren't shown.","%lld players ranked. Players who haven't played in 60 days aren't shown.","%1$lld jugadores clasificados. No se muestran los jugadores que no han jugado en 60 días.","","%lld",""
"ios-app","%lld unread","%lld unread","%1$lld sin leer","","%lld",""
"ios-app","%lld%%","%lld%%","%lld%%","","%lld",""
"ios-app","%lld–%lld","%lld–%lld","%lld–%lld","","%lld",""
"ios-app","(%lld)","(%lld)","","","%lld",""
"ios-app","**Your rating isn't kept.** If you join again later you'd start over at 1500, like everyone new.","**Your rating isn't kept.** If you join again later you'd start over at 1500, like everyone new.","**Tu rating no se conserva.** Si te unes de nuevo más adelante, empezarías otra vez en 1500, como cualquier miembro nuevo.","","",""
"ios-app","+%lld","+%lld","","","%lld",""
"ios-app","+31 6 12 34 56 78","+31 6 12 34 56 78","+31 6 12 34 56 78","","",""
"ios-app",", ",", ","","","",""
"ios-app","1 hour","1 hour","1 hora","","",""
"ios-app","16 or 17","16 or 17","16 o 17","","",""
"ios-app","18 or older","18 or older","18 o más","","",""
"ios-app","1–200","1–200","1–200","","",""
"ios-app","3 hours","3 hours","3 horas","","",""
"ios-app","400+","400+","400+","","",""
"ios-app","500+","500+","500+","","",""
"ios-app","600+","600+","600+","","",""
"ios-app","700+","700+","700+","","",""
"ios-app","8 hours","8 hours","8 horas","","",""
"ios-app","8nOut","8nOut","8nOut","","",""
"ios-app","8nOut now shows other signed-in members when you're active — a simple ""online"" or ""recently active"" status next to your map pin, so people can see who's around for a game. It is never your location and is never shown to the public. It's on by default; you can turn it off for everyone, at any time, with Go invisible. See the Privacy Policy for details.","8nOut now shows other signed-in members when you're active — a simple ""online"" or ""recently active"" status next to your map pin, so people can see who's around for a game. It is never your location and is never shown to the public. It's on by default; you can turn it off for everyone, at any time, with Go invisible. See the Privacy Policy for details.","8nOut ahora muestra a otros miembros conectados cuándo estás activo — un simple estado ""en línea"" o ""activo recientemente"" junto a tu pin del mapa, para que la gente vea quién está disponible para una partida. Nunca es tu ubicación y nunca se muestra al público. Está activado por defecto; puedes desactivarlo para todos, en cualquier momento, con Hacerme invisible. Consulta la Política de Privacidad para más detalles.","","",""
"ios-app","8nout.com","8nout.com","8nout.com","","",""
"ios-app","A dated picture of the board as it stands right now. **It's a snapshot, not a link** — whoever you give it to sees this moment only, and it won't update.","A dated picture of the board as it stands right now. **It's a snapshot, not a link** — whoever you give it to sees this moment only, and it won't update.","Una foto fechada de la clasificación tal como está ahora mismo. **Es una instantánea, no un enlace** — a quien se la des solo verá este momento, y no se actualizará.","","",""
"ios-app","A hidden conversation comes back when a new message arrives.","A hidden conversation comes back when a new message arrives.","Una conversación oculta vuelve a aparecer cuando llega un mensaje nuevo.","","",""
"ios-app","A hidden invite disappears on its own after a few days.","A hidden invite disappears on its own after a few days.","Una invitación oculta desaparece por sí sola al cabo de unos días.","","",""
"ios-app","A saved picture of the board on %@. It doesn't change.","A saved picture of the board on %@. It doesn't change.","Una foto guardada de la tabla el %1$@. No cambia.","","%@",""
"ios-app","A website or Facebook page — either works.","A website or Facebook page — either works.","Una web o una página de Facebook — cualquiera de las dos sirve.","","",""
"ios-app","About","About","Acerca de","","",""
"ios-app","About you","About you","Sobre ti","","",""
"ios-app","About your report","About your report","Sobre tu denuncia","","",""
"ios-app","Accept","Accept","Aceptar","","",""
"ios-app","Accept: %@","Accept: %@","Aceptar: %1$@","","%@",""
"ios-app","Accepted","Accepted","Aceptado","","",""
"ios-app","Account","Account","Cuenta","","",""
"ios-app","Account removed","Account removed","Cuenta eliminada","","",""
"ios-app","Account suspended","Account suspended","Cuenta suspendida","","",""
"ios-app","Active earlier today","Active earlier today","Activo antes hoy","","",""
"ios-app","Active games","Active games","Partidas activas","","",""
"ios-app","Active now","Active now","Activo ahora","","",""
"ios-app","Add a club","Add a club","Añadir un club","","",""
"ios-app","Add a club to see players from your regular spots too","Add a club to see players from your regular spots too","Añade un club para ver también a los jugadores de tus lugares habituales","","",""
"ios-app","Add a public pool club — not a home or private address.","Add a public pool club — not a home or private address.","Añade un club de billar público — no una vivienda ni una dirección privada.","","",""
"ios-app","Add a second option","Add a second option","Añadir una segunda opción","","",""
"ios-app","Add a short bio","Add a short bio","Añade una bio breve","","",""
"ios-app","Add contact details","Add contact details","Añadir datos de contacto","","",""
"ios-app","Add from CueScore","Add from CueScore","Añadir desde CueScore","","",""
"ios-app","Add more detail","Add more detail","Añadir más detalle","","",""
"ios-app","Add the room you play at and it opens up. Clubs are checked before they count.","Add the room you play at and it opens up. Clubs are checked before they count.","Añade la sala donde juegas y se abrirá. Los clubes se comprueban antes de contar.","","",""
"ios-app","Add to calendar","Add to calendar","Añadir al calendario","","",""
"ios-app","Add to my clubs","Add to my clubs","Añadir a mis clubes","","",""
"ios-app","Add your Fargo Rating","Add your Fargo Rating","Añade tu Fargo Rating","","",""
"ios-app","Add your name","Add your name","Añadir tu nombre","","",""
"ios-app","Add your town","Add your town","Añadir tu ciudad","","",""
"ios-app","Agree and continue","Agree and continue","Aceptar y continuar","","",""
"ios-app","All cities","All cities","Todas las ciudades","","",""
"ios-app","All countries","All countries","Todos los países","","",""
"ios-app","All of your data is permanently erased. This can't be undone.","All of your data is permanently erased. This can't be undone.","Todos tus datos se eliminan de forma permanente. Esto no se puede deshacer.","","",""
"ios-app","All square, %lld–%lld","All square, %lld–%lld","Empate, %1$lld–%2$lld","","%lld",""
"ios-app","All three answered","All three answered","Las tres respondidas","","",""
"ios-app","Already on 8nOut","Already on 8nOut","Ya está en 8nOut","","",""
"ios-app","Already on 8nOut?","Already on 8nOut?","¿Ya está en 8nOut?","","",""
"ios-app","Already played? Log result","Already played? Log result","¿Ya habéis jugado? Registrar resultado","","",""
"ios-app","Also block this player","Also block this player","Bloquear también a este jugador","","",""
"ios-app","Alternate","Alternate","Alternar","","",""
"ios-app","Answered","Answered","Respondido","","",""
"ios-app","Any match you log with another member of the same city's ladder, however you log it: by hand, from the live scoreboard, or imported from CueScore. Matches against anyone else don't move your rating.","Any match you log with another member of the same city's ladder, however you log it: by hand, from the live scoreboard, or imported from CueScore. Matches against anyone else don't move your rating.","Cualquier partida que registres con otro miembro de la ladder de la misma ciudad, la registres como la registres: a mano, desde el marcador en directo, o importada de CueScore. Las partidas contra cualquier otra persona no mueven tu rating.","","",""
"ios-app","Any member can export the standings — including to put up on a noticeboard at a club.","Any member can export the standings — including to put up on a noticeboard at a club.","Cualquier miembro puede exportar la clasificación — incluso para colgarla en el tablón de un club.","","",""
"ios-app","Anything else we should know? (optional)","Anything else we should know? (optional)","¿Algo más que debamos saber? (opcional)","","",""
"ios-app","Appearance","Appearance","Apariencia","","",""
"ios-app","Asking to play for money","Asking to play for money","Proponer jugar por dinero","","",""
"ios-app","At %@ until %@","At %@ until %@","En %1$@ hasta las %2$@","","%@",""
"ios-app","At a club","At a club","En un club","","",""
"ios-app","At home","At home","En casa","","",""
"ios-app","Back","Back","Atrás","","",""
"ios-app","Back to camera","Back to camera","Volver a la cámara","","",""
"ios-app","Back to search","Back to search","Volver a la búsqueda","","",""
"ios-app","Beating someone rated well above you moves your rating more than beating someone close to you. Losing to someone well below you costs more than losing to someone close.","Beating someone rated well above you moves your rating more than beating someone close to you. Losing to someone well below you costs more than losing to someone close.","Ganar a alguien con un rating muy superior al tuyo mueve tu rating más que ganar a alguien parecido a ti. Perder contra alguien muy inferior cuesta más que perder contra alguien parecido.","","",""
"ios-app","Before you confirm you're playing","Before you confirm you're playing","Antes de confirmar que estás jugando","","",""
"ios-app","Before you join","Before you join","Antes de unirte","","",""
"ios-app","Before you show as ""in the club""","Before you show as ""in the club""","Antes de mostrarte como ""en el club""","","",""
"ios-app","Block","Block","Bloquear","","",""
"ios-app","Block %@?","Block %@?","¿Bloquear a %@?","","%@",""
"ios-app","Block player","Block player","Bloquear jugador","","",""
"ios-app","Blocked players","Blocked players","Jugadores bloqueados","","",""
"ios-app","Both","Both","Ambos","","",""
"ios-app","Break","Break","Salida","","",""
"ios-app","Breaking","Breaking","Sale","","",""
"ios-app","Call","Call","Llamar","","",""
"ios-app","Call %@","Call %@","Llamar a %1$@","","%@",""
"ios-app","Call to play!!","Call to play!!","¡Ganas de jugar!","","",""
"ios-app","Can't find it? Add a new venue","Can't find it? Add a new venue","¿No lo encuentras? Añade un local nuevo","","",""
"ios-app","Cancel","Cancel","Cancelar","","",""
"ios-app","Challenges","Challenges","Desafíos","","",""
"ios-app","Change photo","Change photo","Cambiar foto","","",""
"ios-app","Changing the language takes effect the next time you open 8nOut.","Changing the language takes effect the next time you open 8nOut.","El cambio de idioma se aplicará la próxima vez que abras 8nOut.","","",""
"ios-app","Chat","Chat","Chat","","",""
"ios-app","Chat is one-to-one, with your accepted connections only. Messages are deleted automatically 60 days after they're sent. We don't read your messages — if one is reported, a moderator can review it and the messages around it, and every such access is logged. Anything you type here — including an address — stays in the chat for up to 60 days, even if you later disconnect or block. See the Privacy Policy for details.","Chat is one-to-one, with your accepted connections only. Messages are deleted automatically 60 days after they're sent. We don't read your messages — if one is reported, a moderator can review it and the messages around it, and every such access is logged. Anything you type here — including an address — stays in the chat for up to 60 days, even if you later disconnect or block. See the Privacy Policy for details.","El chat es uno a uno, solo con tus conexiones aceptadas. Los mensajes se eliminan automáticamente 60 días después de enviarse. No leemos tus mensajes — si se denuncia uno, un moderador puede revisarlo junto con los mensajes de alrededor, y cada acceso de este tipo queda registrado. Todo lo que escribas aquí — incluida una dirección — permanece en el chat hasta 60 días, incluso si más tarde desconectas o bloqueas a la otra persona. Consulta la Política de Privacidad para más detalles.","","",""
"ios-app","Check back soon — players show up as they get to a table.","Check back soon — players show up as they get to a table.","Vuelve pronto — los jugadores aparecen en cuanto se ponen a una mesa.","","",""
"ios-app","Check the address above — street, city and country — then submit again.","Check the address above — street, city and country — then submit again.","Comprueba la dirección de arriba — calle, ciudad y país — y vuelve a enviarla.","","",""
"ios-app","Check the spelling, or invite them with your connect code.","Check the spelling, or invite them with your connect code.","Comprueba la ortografía, o invítalo con tu código de conexión.","","",""
"ios-app","Check your connection and try again.","Check your connection and try again.","Comprueba tu conexión e inténtalo de nuevo.","","",""
"ios-app","Checking the address…","Checking the address…","Comprobando la dirección…","","",""
"ios-app","Choose a different place","Choose a different place","Elegir otro lugar","","",""
"ios-app","Choose from library","Choose from library","Elegir de la biblioteca","","",""
"ios-app","City","City","Ciudad","","",""
"ios-app","City Ladder","City Ladder","City Ladder","","",""
"ios-app","Clear","Clear","Borrar","","",""
"ios-app","Close","Close","Cerrar","","",""
"ios-app","Closed %@","Closed %@","Cerrada el %1$@","","%@",""
"ios-app","Closed, or wrong details","Closed, or wrong details","Cerrado, o datos incorrectos","","",""
"ios-app","Club","Club","Club","","",""
"ios-app","Club alerts","Club alerts","Avisos de club","","",""
"ios-app","Clubs","Clubs","Clubes","","",""
"ios-app","Clubs are added by the community, so yours may not be here yet. Add it and we'll check it — it goes on the map once it's approved.","Clubs are added by the community, so yours may not be here yet. Add it and we'll check it — it goes on the map once it's approved.","Los clubes los añade la comunidad, así que el tuyo puede que aún no esté aquí. Añádelo y lo revisaremos — se publica en el mapa en cuanto se apruebe.","","",""
"ios-app","Confirm final result","Confirm final result","Confirmar resultado final","","",""
"ios-app","Confirm you're playing","Confirm you're playing","Confirmar que estás jugando","","",""
"ios-app","Connect","Connect","Conectar","","",""
"ios-app","Connect code","Connect code","Código de conexión","","",""
"ios-app","Connected","Connected","Conectado","","",""
"ios-app","Connecting is how you swap contact details.","Connecting is how you swap contact details.","Conectar es la forma de intercambiar datos de contacto.","","",""
"ios-app","Connections","Connections","Conexiones","","",""
"ios-app","Contact","Contact","Contacto","","",""
"ios-app","Continue","Continue","Continuar","","",""
"ios-app","Continue playing","Continue playing","Seguir jugando","","",""
"ios-app","Continue with Google","Continue with Google","Continuar con Google","","",""
"ios-app","Couldn't add that club just now. Try again.","Couldn't add that club just now. Try again.","No se ha podido añadir ese club ahora mismo. Inténtalo de nuevo.","","",""
"ios-app","Couldn't change that just now. Try again.","Couldn't change that just now. Try again.","No se ha podido cambiar eso ahora mismo. Inténtalo de nuevo.","","",""
"ios-app","Couldn't do that right now. Try again.","Couldn't do that right now. Try again.","Ahora mismo no se ha podido hacer. Inténtalo de nuevo.","","",""
"ios-app","Couldn't link right now. Try again.","Couldn't link right now. Try again.","No se ha podido vincular ahora mismo. Inténtalo de nuevo.","","",""
"ios-app","Couldn't load players","Couldn't load players","No se han podido cargar los jugadores","","",""
"ios-app","Couldn't load the %@ board.","Couldn't load the %@ board.","No se ha podido cargar la tabla de %1$@.","","%@",""
"ios-app","Couldn't load the club list just now.","Couldn't load the club list just now.","No se pudo cargar la lista de clubes en este momento.","","",""
"ios-app","Couldn't load the rest of the list.","Couldn't load the rest of the list.","No se ha podido cargar el resto de la lista.","","",""
"ios-app","Couldn't load your ladder standing.","Couldn't load your ladder standing.","No se ha podido cargar tu posición en la ladder.","","",""
"ios-app","Couldn't open the chat","Couldn't open the chat","No se pudo abrir el chat","","",""
"ios-app","Couldn't reach CueScore right now — try again shortly, or add it manually.","Couldn't reach CueScore right now — try again shortly, or add it manually.","No se ha podido contactar con CueScore ahora mismo — inténtalo de nuevo en breve, o añádelo a mano.","","",""
"ios-app","Couldn't save — check your connection and try again.","Couldn't save — check your connection and try again.","No se ha podido guardar — comprueba tu conexión e inténtalo de nuevo.","","",""
"ios-app","Couldn't send the request. Try again.","Couldn't send the request. Try again.","No se ha podido enviar la solicitud. Inténtalo de nuevo.","","",""
"ios-app","Couldn't submit that venue. Please try again.","Couldn't submit that venue. Please try again.","No se ha podido enviar ese local. Inténtalo de nuevo.","","",""
"ios-app","Couldn't unlink right now. Try again.","Couldn't unlink right now. Try again.","No se ha podido desvincular ahora mismo. Inténtalo de nuevo.","","",""
"ios-app","Country","Country","País","","",""
"ios-app","Create and add","Create and add","Crear y añadir","","",""
"ios-app","CueScore","CueScore","CueScore","","",""
"ios-app","CueScore linked","CueScore linked","CueScore vinculado","","",""
"ios-app","CueScore lookups are turned off right now — add the club manually below.","CueScore lookups are turned off right now — add the club manually below.","Las búsquedas en CueScore están desactivadas por ahora — añade el club a mano abajo.","","",""
"ios-app","CueScore match","CueScore match","Partida de CueScore","","",""
"ios-app","CueScore player ID or profile link","CueScore player ID or profile link","ID de jugador de CueScore o enlace de perfil","","",""
"ios-app","CueScore profile","CueScore profile","Perfil de CueScore","","",""
"ios-app","Current season","Current season","Temporada actual","","",""
"ios-app","Current standings","Current standings","Clasificación actual","","",""
"ios-app","Dark","Dark","Oscuro","","",""
"ios-app","Decide later","Decide later","Decidir más tarde","","",""
"ios-app","Decline","Decline","Rechazar","","",""
"ios-app","Declined","Declined","Rechazado","","",""
"ios-app","Delete account","Delete account","Eliminar cuenta","","",""
"ios-app","Delete everything","Delete everything","Eliminar todo","","",""
"ios-app","Delete for everyone","Delete for everyone","Eliminar para todos","","",""
"ios-app","Delete for everyone?","Delete for everyone?","¿Eliminar para todos?","","",""
"ios-app","Delete game","Delete game","Eliminar partida","","",""
"ios-app","Delete your account?","Delete your account?","¿Eliminar tu cuenta?","","",""
"ios-app","Deleted player","Deleted player","Jugador eliminado","","",""
"ios-app","Did this game happen?","Did this game happen?","¿Se jugó esta partida?","","",""
"ios-app","Did you mean?","Did you mean?","¿Quisiste decir?","","",""
"ios-app","Didn't happen","Didn't happen","No se jugó","","",""
"ios-app","Didn't happen?","Didn't happen?","¿No se jugó?","","",""
"ios-app","Discipline","Discipline","Disciplina","","",""
"ios-app","Dismiss rotate suggestion","Dismiss rotate suggestion","","","",""
"ios-app","Doesn't look right? Message %@","Doesn't look right? Message %@","¿No es correcto? Escribe a %@","","%@",""
"ios-app","Done","Done","Hecho","","",""
"ios-app","Edit","Edit","Editar","","",""
"ios-app","Edit bio","Edit bio","Editar bio","","",""
"ios-app","Edit bio & home town","Edit bio & home town","Editar bio y ciudad natal","","",""
"ios-app","Edit result","Edit result","Editar resultado","","",""
"ios-app","Email us","Email us","Escríbenos","","",""
"ios-app","End","End","","","",""
"ios-app","Ends %@ · %@","Ends %@ · %@","Termina %1$@ · %2$@","","%@",""
"ios-app","Everyone starts at","Everyone starts at","Todos empiezan en","","",""
"ios-app","Everyone starts at 1500. When you and another member of your city's ladder log a match together, the winner's rating goes up and the loser's goes down.","Everyone starts at 1500. When you and another member of your city's ladder log a match together, the winner's rating goes up and the loser's goes down.","Todos empiezan en 1500. Cuando tú y otro miembro de la ladder de tu ciudad registráis una partida juntos, el rating de quien gana sube y el de quien pierde baja.","","",""
"ios-app","Expired","Expired","Caducado","","",""
"ios-app","Export the board","Export the board","Exportar la clasificación","","",""
"ios-app","Facebook","Facebook","Facebook","","",""
"ios-app","FairMatch profile link (optional)","FairMatch profile link (optional)","Enlace de perfil de FairMatch (opcional)","","",""
"ios-app","Fake profile","Fake profile","Perfil falso","","",""
"ios-app","Fargo Rating","Fargo Rating","Fargo Rating","","",""
"ios-app","Fastest way: paste the club's CueScore venue link — the one that ends in a number. Or add it manually below.","Fastest way: paste the club's CueScore venue link — the one that ends in a number. Or add it manually below.","La forma más rápida: pega el enlace del local en CueScore — el que termina en un número. O añádelo a mano abajo.","","",""
"ios-app","Final standings · %@","Final standings · %@","Clasificación final · %1$@","","%@",""
"ios-app","Final standings · closed %@ — exported %@","Final standings · closed %@ — exported %@","Clasificación final · cerrada %1$@ — exportada %2$@","","%@",""
"ios-app","Find and challenge One Pocket players near you.","Find and challenge One Pocket players near you.","Encuentra jugadores de One Pocket cerca de ti y desafíalos.","","",""
"ios-app","Find players","Find players","Buscar jugadores","","",""
"ios-app","Find players by name","Find players by name","Busca jugadores por nombre","","",""
"ios-app","Find your club","Find your club","Buscar tu club","","",""
"ios-app","Finish","Finish","Terminar","","",""
"ios-app","Finish later","Finish later","Terminar más tarde","","",""
"ios-app","Finish match","Finish match","Terminar partida","","",""
"ios-app","Finish setting up","Finish setting up","Terminar de configurar","","",""
"ios-app","Finish your match on CueScore.","Finish your match on CueScore.","Termina tu partida en CueScore.","","",""
"ios-app","Flip a coin to decide who breaks, and start the match","Flip a coin to decide who breaks, and start the match","Lanzar una moneda para decidir quién sale, y empezar la partida","","",""
"ios-app","Flip for me — starts the match","Flip for me — starts the match","Lanzar la moneda — empieza la partida","","",""
"ios-app","Follow us","Follow us","Síguenos","","",""
"ios-app","For players who'd rather call or text. Shown only to accepted connections.","For players who'd rather call or text. Shown only to accepted connections.","Para jugadores que prefieren llamar o escribir. Solo se muestra a conexiones aceptadas.","","",""
"ios-app","Form","Form","Forma","","",""
"ios-app","From your profile","From your profile","Desde tu perfil","","",""
"ios-app","Go invisible","Go invisible","Hacerme invisible","","",""
"ios-app","Go to Connections","Go to Connections","Ir a Conexiones","","",""
"ios-app","Got it","Got it","Entendido","","",""
"ios-app","Harassment or abuse","Harassment or abuse","Acoso o abuso","","",""
"ios-app","Has a home table — private until connected","Has a home table — private until connected","Tiene mesa propia — privada hasta que conectéis.","","",""
"ios-app","Have another player scan this to connect with you on 8nOut.","Have another player scan this to connect with you on 8nOut.","Haz que otro jugador escanee esto para conectar contigo en 8nOut.","","",""
"ios-app","Head-to-head with you","Head-to-head with you","Enfrentamientos directos contigo","","",""
"ios-app","Heart","Heart","Corazón","","",""
"ios-app","Help","Help","Ayuda","","",""
"ios-app","Help isn't available","Help isn't available","La ayuda no está disponible","","",""
"ios-app","Helps us decide whether to build a home-table feature. It's private, and skipping changes nothing else about your account. If you already have one, it stays visible to your connections only — never public.","Helps us decide whether to build a home-table feature. It's private, and skipping changes nothing else about your account. If you already have one, it stays visible to your connections only — never public.","Nos ayuda a decidir si construimos una función de mesa propia. Es privado, y omitirlo no cambia nada más en tu cuenta. Si ya tienes una, permanece visible solo para tus conexiones — nunca en público.","","",""
"ios-app","Hidden (%lld)","Hidden (%lld)","Ocultas (%1$lld)","","%lld",""
"ios-app","Hide conversation","Hide conversation","Ocultar conversación","","",""
"ios-app","Hide invite","Hide invite","Ocultar invitación","","",""
"ios-app","Home","Home","Ciudad","","",""
"ios-app","Home table","Home table","Mesa propia","","",""
"ios-app","Home table — address stays private until shared","Home table — address stays private until shared","Mesa propia — la dirección permanece privada hasta que se comparta","","",""
"ios-app","Home town","Home town","Ciudad","","",""
"ios-app","How chat works","How chat works","Cómo funciona el chat","","",""
"ios-app","How fast it moves","How fast it moves","Con qué rapidez cambia","","",""
"ios-app","How importing works","How importing works","Cómo funciona la importación","","",""
"ios-app","How it works","How it works","Cómo funciona","","",""
"ios-app","How my name appears in past seasons","How my name appears in past seasons","Cómo aparece mi nombre en temporadas pasadas","","",""
"ios-app","How the rating works","How the rating works","Cómo funciona el rating","","",""
"ios-app","I confirm I am at least %lld years old.","I confirm I am at least %lld years old.","Confirmo que tengo al menos %1$lld años.","","%lld",""
"ios-app","I have read and agree to the [Terms of Service](%@) and [Privacy Policy](%@).","I have read and agree to the [Terms of Service](%@) and [Privacy Policy](%@).","He leído y acepto los [Términos del Servicio](%1$@) y la [Política de Privacidad](%2$@).","","%@",""
"ios-app","I'm 18 or older now","I'm 18 or older now","Ya tengo 18 años o más","","",""
"ios-app","I'm in the club","I'm in the club","Estoy en el club","","",""
"ios-app","I'm making this report in good faith and believe the information in it is accurate and complete.","I'm making this report in good faith and believe the information in it is accurate and complete.","Hago esta denuncia de buena fe y creo que la información que contiene es exacta y completa.","","",""
"ios-app","If you believe this decision was wrong, you can contact us at [privacy@8nout.com](mailto:privacy@8nout.com). Because the account and its data have been deleted we cannot restore them, but you can still contest this decision, including before a court. More on this is in our Terms of Service (section 13).","If you believe this decision was wrong, you can contact us at [privacy@8nout.com](mailto:privacy@8nout.com). Because the account and its data have been deleted we cannot restore them, but you can still contest this decision, including before a court. More on this is in our Terms of Service (section 13).","Si crees que esta decisión fue incorrecta, puedes escribirnos a [privacy@8nout.com](mailto:privacy@8nout.com). Como la cuenta y sus datos ya se han eliminado, no podemos restaurarlos, pero aun así puedes impugnar esta decisión, incluso ante un tribunal. Más información en nuestros Términos del Servicio (sección 13).","","",""
"ios-app","If you believe this was a mistake, you can contact us at [privacy@8nout.com](mailto:privacy@8nout.com) to ask us to review it. If you disagree with our decision, you also have the right to take the matter to court. More on this is in our Terms of Service (section 13).","If you believe this was a mistake, you can contact us at [privacy@8nout.com](mailto:privacy@8nout.com) to ask us to review it. If you disagree with our decision, you also have the right to take the matter to court. More on this is in our Terms of Service (section 13).","Si crees que esto ha sido un error, puedes escribirnos a [privacy@8nout.com](mailto:privacy@8nout.com) para pedirnos que lo revisemos. Si no estás de acuerdo con nuestra decisión, también tienes derecho a llevar el asunto a los tribunales. Más información en nuestros Términos del Servicio (sección 13).","","",""
"ios-app","If you think this is wrong, contact us at privacy@8nout.com. Your right to go to court is unaffected.","If you think this is wrong, contact us at privacy@8nout.com. Your right to go to court is unaffected.","Si crees que esto es un error, escríbenos a privacy@8nout.com. Tu derecho a acudir a los tribunales no se ve afectado.","","",""
"ios-app","Import a CueScore match","Import a CueScore match","Importar una partida de CueScore","","",""
"ios-app","Import a finished CueScore match — every game counts, win or lose.","Import a finished CueScore match — every game counts, win or lose.","Importa una partida terminada de CueScore — cada partida cuenta, ganes o pierdas.","","",""
"ios-app","Import match","Import match","Importar partida","","",""
"ios-app","Import this match","Import this match","Importar esta partida","","",""
"ios-app","Importing…","Importing…","Importando…","","",""
"ios-app","In %@","In %@","En %1$@","","%@",""
"ios-app","In the app now","In the app now","En la app ahora","","",""
"ios-app","In the club at %@ until %@","In the club at %@ until %@","En el club, en %1$@, hasta las %2$@","","%@",""
"ios-app","In the club until %@","In the club until %@","En el club hasta las %1$@","","%@",""
"ios-app","Inappropriate content","Inappropriate content","Contenido inapropiado","","",""
"ios-app","Inappropriate photo","Inappropriate photo","Foto inapropiada","","",""
"ios-app","Invitation expired","Invitation expired","Invitación caducada","","",""
"ios-app","Invitation to play","Invitation to play","Invitación a jugar","","",""
"ios-app","Invite a connection to play from the Connections tab.","Invite a connection to play from the Connections tab.","Invita a una conexión a jugar desde la pestaña Conexiones.","","",""
"ios-app","Invite a player","Invite a player","Invitar a un jugador","","",""
"ios-app","Invite link","Invite link","Enlace de invitación","","",""
"ios-app","Invite sent","Invite sent","Invitación enviada","","",""
"ios-app","Invite to play","Invite to play","Invitar a jugar","","",""
"ios-app","Is that close enough?","Is that close enough?","¿Es suficientemente exacto?","","",""
"ios-app","It moves with your results — quickly at first, then more slowly as it settles.","It moves with your results — quickly at first, then more slowly as it settles.","Cambia con tus resultados — rápido al principio, y luego más despacio a medida que se asienta.","","",""
"ios-app","It's on your clubs already. Once it's approved, the club goes on the map and your name is on its list. Until then, you're not on any club's list.","It's on your clubs already. Once it's approved, the club goes on the map and your name is on its list. Until then, you're not on any club's list.","Ya está en tus clubes. En cuanto se apruebe, el club se publica en el mapa y tu nombre aparece en su lista. Hasta entonces, no estás en la lista de ningún club.","","",""
"ios-app","It's still on your profile, but you're not on any club's list. Pick a club that's already on the map and you're on its list straight away.","It's still on your profile, but you're not on any club's list. Pick a club that's already on the map and you're on its list straight away.","Sigue en tu perfil, pero no estás en la lista de ningún club. Elige un club que ya esté en el mapa y estarás en su lista al momento.","","",""
"ios-app","Join","Join","Unirse","","",""
"ios-app","Join the %@ Ladder","Join the %@ Ladder","Unirte a la %1$@ Ladder","","%@",""
"ios-app","Join the ladder","Join the ladder","Unirte a la ladder","","",""
"ios-app","Language","Language","Idioma","","",""
"ios-app","Last 5","Last 5","Últimas 5","","",""
"ios-app","Last played","Last played","Última partida","","",""
"ios-app","Last played %@","Last played %@","Última partida el %1$@","","%@",""
"ios-app","Last-played dates are left off the printed board. Rank, name and rating only.","Last-played dates are left off the printed board. Rank, name and rating only.","Las fechas de última partida no aparecen en la clasificación impresa. Solo puesto, nombre y rating.","","",""
"ios-app","Laughing","Laughing","Risa","","",""
"ios-app","Learn more","Learn more","Más información","","",""
"ios-app","Leave","Leave","Salir","","",""
"ios-app","Leave the %@ Ladder","Leave the %@ Ladder","Dejar la %1$@ Ladder","","%@",""
"ios-app","Leave the ladder","Leave the ladder","Dejar la ladder","","",""
"ios-app","Legal","Legal","Legal","","",""
"ios-app","Legal contact points","Legal contact points","Puntos de contacto legal","","",""
"ios-app","Let's connect","Let's connect","Conectemos","","",""
"ios-app","Light","Light","Claro","","",""
"ios-app","Link CueScore","Link CueScore","Vincular CueScore","","",""
"ios-app","Link CueScore profile","Link CueScore profile","Vincular perfil de CueScore","","",""
"ios-app","Link CueScore to import results","Link CueScore to import results","Vincula CueScore para importar resultados","","",""
"ios-app","Link added · number hidden","Link added · number hidden","Enlace añadido · número oculto","","",""
"ios-app","Link your CueScore profile so other One Pocket players recognise you — your name and photo come straight from CueScore. You can always do this later in Profile.","Link your CueScore profile so other One Pocket players recognise you — your name and photo come straight from CueScore. You can always do this later in Profile.","Vincula tu perfil de CueScore para que otros jugadores de One Pocket te reconozcan — tu nombre y tu foto vienen directamente de CueScore. Siempre puedes hacerlo más tarde en Perfil.","","",""
"ios-app","Link your CueScore profile to import your match results — every game counts, win or lose.","Link your CueScore profile to import your match results — every game counts, win or lose.","Vincula tu perfil de CueScore para importar tus resultados — cada partida cuenta, ganes o pierdas.","","",""
"ios-app","Linked","Linked","Vinculado","","",""
"ios-app","Live","Live","En directo","","",""
"ios-app","Load more","Load more","Cargar más","","",""
"ios-app","Loading…","Loading…","Cargando…","","",""
"ios-app","Log result","Log result","Registrar resultado","","",""
"ios-app","Look up","Look up","Buscar","","",""
"ios-app","Look up another","Look up another","Buscar otro","","",""
"ios-app","Look up match","Look up match","Buscar partida","","",""
"ios-app","Looking up…","Looking up…","Buscando…","","",""
"ios-app","Lost","Lost","Perdida","","",""
"ios-app","Make sure this is right before finishing.","Make sure this is right before finishing.","Asegúrate de que esto es correcto antes de terminar.","","",""
"ios-app","Map","Map","Mapa","","",""
"ios-app","Map data","Map data","Datos del mapa","","",""
"ios-app","Map data © OpenStreetMap contributors","Map data © OpenStreetMap contributors","Datos del mapa © colaboradores de OpenStreetMap","","",""
"ios-app","Match","Match","Partida","","",""
"ios-app","Match finished","Match finished","","","",""
"ios-app","Match finished. %@, %@ against %@.","Match finished. %@, %@ against %@.","","","%@",""
"ios-app","Match imported","Match imported","Partida importada","","",""
"ios-app","Matches","Matches","Partidas","","",""
"ios-app","Messages are deleted automatically 60 days after they're sent.","Messages are deleted automatically 60 days after they're sent.","Los mensajes se eliminan automáticamente 60 días después de enviarse.","","",""
"ios-app","Messaging is unavailable right now — try again later.","Messaging is unavailable right now — try again later.","Los mensajes no están disponibles ahora mismo — inténtalo más tarde.","","",""
"ios-app","More options for %@","More options for %@","Más opciones para %@","","%@",""
"ios-app","More players","More players","Más jugadores","","",""
"ios-app","Mute notifications","Mute notifications","Silenciar notificaciones","","",""
"ios-app","Muted","Muted","Silenciado","","",""
"ios-app","My clubs","My clubs","Mis clubes","","",""
"ios-app","My connect code","My connect code","Mi código de conexión","","",""
"ios-app","My public profile","My public profile","Mi perfil público","","",""
"ios-app","Name","Name","Nombre","","",""
"ios-app","Navigate to %@","Navigate to %@","Navegar a %@","","%@",""
"ios-app","Nearby players","Nearby players","Jugadores cercanos","","",""
"ios-app","Needs your response","Needs your response","Necesita tu respuesta","","",""
"ios-app","New","New","Nuevo","","",""
"ios-app","New code ready","New code ready","Código nuevo listo","","",""
"ios-app","New scoreboard","New scoreboard","Nuevo marcador","","",""
"ios-app","New venue","New venue","Local nuevo","","",""
"ios-app","Next","Next","Siguiente","","",""
"ios-app","No CueScore player found with that ID or profile link.","No CueScore player found with that ID or profile link.","No se ha encontrado ningún jugador de CueScore con ese ID o enlace de perfil.","","",""
"ios-app","No active challenges yet.","No active challenges yet.","Aún no hay desafíos activos.","","",""
"ios-app","No answers are published yet.","No answers are published yet.","Aún no hay ninguna respuesta publicada.","","",""
"ios-app","No answers for ""%@""","No answers for ""%@""","No hay respuestas para ""%1$@""","","%@",""
"ios-app","No automated tools were used in this decision — a person reviewed it.","No automated tools were used in this decision — a person reviewed it.","En esta decisión no se ha usado ninguna herramienta automatizada — la ha revisado una persona.","","",""
"ios-app","No clubs saved yet — add one from your Profile","No clubs saved yet — add one from your Profile","Aún no has guardado ningún club — añade uno desde tu Perfil","","",""
"ios-app","No connections yet — find players on the map, or tap the invite button above to redeem a link a friend sent you.","No connections yet — find players on the map, or tap the invite button above to redeem a link a friend sent you.","Aún no tienes conexiones — busca jugadores en el mapa, o toca el botón de invitación arriba para canjear un enlace que te haya enviado un amigo.","","",""
"ios-app","No conversations yet.","No conversations yet.","Aún no hay conversaciones.","","",""
"ios-app","No end time","No end time","Sin hora de fin","","",""
"ios-app","No live scoreboard games in progress right now","No live scoreboard games in progress right now","Ninguna partida con marcador en directo en curso ahora mismo","","",""
"ios-app","No one's online in %@ right now","No one's online in %@ right now","Nadie está en línea en %1$@ ahora mismo","","%@",""
"ios-app","No one's online in your clubs or in %@ right now","No one's online in your clubs or in %@ right now","Nadie está en línea en tus clubes o en %1$@ ahora mismo","","%@",""
"ios-app","No players found.","No players found.","No se encontraron jugadores.","","",""
"ios-app","No players match ""%@""","No players match ""%@""","Ningún jugador coincide con ""%1$@""","","%@",""
"ios-app","No score was recorded before this session timed out. Nothing was saved to your record.","No score was recorded before this session timed out. Nothing was saved to your record.","No se registró ningún resultado antes de que expirara la sesión. No se ha guardado nada en tu historial.","","",""
"ios-app","No venue","No venue","Sin local","","",""
"ios-app","Nobody has your exact address right now.","Nobody has your exact address right now.","Ahora mismo nadie tiene tu dirección exacta.","","",""
"ios-app","Nobody in %@ has logged a qualifying match yet. Play one with another member here and you'll both be on it.","Nobody in %@ has logged a qualifying match yet. Play one with another member here and you'll both be on it.","Nadie en %1$@ ha registrado aún una partida válida. Juega una con otro miembro de aquí y los dos apareceréis en ella.","","%@",""
"ios-app","None of these — submit anyway","None of these — submit anyway","Ninguno de estos — enviar de todas formas","","",""
"ios-app","Not a real pool venue","Not a real pool venue","No es un club de billar real","","",""
"ios-app","Not approved","Not approved","No aprobado","","",""
"ios-app","Not approved — %@","Not approved — %@","No aprobado — %1$@","","%@",""
"ios-app","Not now","Not now","Ahora no","","",""
"ios-app","Not open","Not open","No disponible","","",""
"ios-app","Not open right now","Not open right now","No disponible ahora","","",""
"ios-app","Not sure yet? Finish later","Not sure yet? Finish later","¿Aún no lo sabes? Terminar más tarde","","",""
"ios-app","Nothing was saved for your city in this season.","Nothing was saved for your city in this season.","No se guardó nada para tu ciudad en esta temporada.","","",""
"ios-app","Nothing you typed is wrong — the problem is at our end.","Nothing you typed is wrong — the problem is at our end.","No hay nada mal en lo que has escrito — el problema está de nuestro lado.","","",""
"ios-app","Now","Now","Ahora","","",""
"ios-app","OK","OK","OK","","",""
"ios-app","ONE POCKET · 8NOUT","ONE POCKET · 8NOUT","ONE POCKET · 8NOUT","","",""
"ios-app","On the City list only, to connections of both of you. End it anytime.","On the City list only, to connections of both of you. End it anytime.","Solo en la lista de la ciudad, para conexiones de los dos. Termínalo cuando quieras.","","",""
"ios-app","On your club pin and the City list, to connections of both of you. End it anytime.","On your club pin and the City list, to connections of both of you. End it anytime.","En el pin de tu club y en la lista de la ciudad, para conexiones de los dos. Termínalo cuando quieras.","","",""
"ios-app","One Pocket","One Pocket","One Pocket","","",""
"ios-app","One Pocket only. Always up for a session.","One Pocket only. Always up for a session.","Solo One Pocket. Siempre listo para una sesión.","","",""
"ios-app","One more thing","One more thing","Una cosa más","","",""
"ios-app","One quick question","One quick question","Una pregunta rápida más","","",""
"ios-app","One word is fine — plenty of players here go by a handle.","One word is fine — plenty of players here go by a handle.","Una sola palabra está bien — muchos jugadores aquí usan un apodo.","","",""
"ios-app","Online in %@","Online in %@","En línea en %1$@","","%@",""
"ios-app","Online now","Online now","En línea ahora","","",""
"ios-app","Only the player who started this scoreboard can update it.","Only the player who started this scoreboard can update it.","Solo el jugador que inició este marcador puede actualizarlo.","","",""
"ios-app","Only works when the other person has it on too.","Only works when the other person has it on too.","Solo funciona si la otra persona también lo tiene activado.","","",""
"ios-app","Open 8nout.com/help","Open 8nout.com/help","Abrir 8nout.com/help","","",""
"ios-app","Open Settings","Open Settings","Abrir Ajustes","","",""
"ios-app","Open TestFlight","Open TestFlight","Abrir TestFlight","","",""
"ios-app","Open TestFlight and install the latest build.","Open TestFlight and install the latest build.","Abre TestFlight e instala la última versión.","","",""
"ios-app","Open the match and copy its link.","Open the match and copy its link.","Abre la partida y copia su enlace.","","",""
"ios-app","Open the match on CueScore and paste its link (…/match/?matchId=…).","Open the match on CueScore and paste its link (…/match/?matchId=…).","Abre la partida en CueScore y pega su enlace (…/match/?matchId=…).","","",""
"ios-app","Open to play","Open to play","Abierto a jugar","","",""
"ios-app","Open to play only","Open to play only","Solo abiertos a jugar","","",""
"ios-app","Opens the full list of players","Opens the full list of players","Abre la lista completa de jugadores","","",""
"ios-app","Opens this club's page","Opens this club's page","Abre la página de este club","","",""
"ios-app","Opponent","Opponent","Oponente","","",""
"ios-app","Option 1","Option 1","Opción 1","","",""
"ios-app","Option 2","Option 2","Opción 2","","",""
"ios-app","Overall","Overall","Total","","",""
"ios-app","PLAYER","PLAYER","JUGADOR","","",""
"ios-app","Past seasons","Past seasons","Temporadas pasadas","","",""
"ios-app","Paste CueScore match link","Paste CueScore match link","Pegar enlace de partida de CueScore","","",""
"ios-app","Paste a CueScore venue link","Paste a CueScore venue link","Pega un enlace de local de CueScore","","",""
"ios-app","Paste a link instead","Paste a link instead","Pegar un enlace en su lugar","","",""
"ios-app","Paste an 8nOut invite link","Paste an 8nOut invite link","Pega un enlace de invitación de 8nOut","","",""
"ios-app","Paste it here — 8nOut reads the final score and adds it to your record, win or lose.","Paste it here — 8nOut reads the final score and adds it to your record, win or lose.","Pégalo aquí — 8nOut lee el resultado final y lo añade a tu historial, ganes o pierdas.","","",""
"ios-app","Paste the 8nOut invite link a friend sent you — you'll be connected instantly.","Paste the 8nOut invite link a friend sent you — you'll be connected instantly.","Pega el enlace de invitación de 8nOut que te envió un amigo — quedarás conectado al instante.","","",""
"ios-app","Paste your invite link","Paste your invite link","Pega tu enlace de invitación","","",""
"ios-app","Pending","Pending","Pendiente","","",""
"ios-app","Pending review","Pending review","Pendiente de revisión","","",""
"ios-app","Pending review — it appears on the map once approved.","Pending review — it appears on the map once approved.","Pendiente de revisión — aparecerá en el mapa en cuanto se apruebe.","","",""
"ios-app","Permanently deletes your profile, locations, connections, challenges and match history. This can't be undone.","Permanently deletes your profile, locations, connections, challenges and match history. This can't be undone.","Elimina permanentemente tu perfil, ubicaciones, conexiones, desafíos e historial de partidas. Esto no se puede deshacer.","","",""
"ios-app","Phone","Phone","Teléfono","","",""
"ios-app","Phone number · optional","Phone number · optional","Número de teléfono · opcional","","",""
"ios-app","Pick an existing club above, or submit yours anyway.","Pick an existing club above, or submit yours anyway.","Elige un club existente arriba, o envía el tuyo de todos modos.","","",""
"ios-app","Pick your club and it's added straight away — only a new venue needs review.","Pick your club and it's added straight away — only a new venue needs review.","Elige tu club y se añade al momento — solo un local nuevo pasa por revisión.","","",""
"ios-app","Place","Place","Lugar","","",""
"ios-app","Placed in %@, %@","Placed in %@, %@","Ubicado en %1$@, %2$@","","%@",""
"ios-app","Play a match with another %@ member and log it — you'll be on the board straight away.","Play a match with another %@ member and log it — you'll be on the board straight away.","Juega una partida con otro miembro de %@ y regístrala — estarás en la tabla al instante.","","%@",""
"ios-app","Play now at %@?","Play now at %@?","¿Jugar ahora en %1$@?","","%@",""
"ios-app","Play on CueScore?","Play on CueScore?","¿Juegas en CueScore?","","",""
"ios-app","Play right now, no scheduled challenge needed.","Play right now, no scheduled challenge needed.","Jugad ahora mismo, sin necesidad de programar un desafío.","","",""
"ios-app","Played","Played","Jugadas","","",""
"ios-app","Player","Player","Jugador","","",""
"ios-app","Players filter the map by country and town. Without yours, you're hard to find.","Players filter the map by country and town. Without yours, you're hard to find.","Los jugadores filtran el mapa por país y ciudad. Sin los tuyos, es difícil encontrarte.","","",""
"ios-app","Players here","Players here","Jugadores aquí","","",""
"ios-app","Players who add this club appear here.","Players who add this club appear here.","Aquí aparecen los jugadores que añaden este club.","","",""
"ios-app","Players who frequent this club appear here once they add it to their profile.","Players who frequent this club appear here once they add it to their profile.","Aquí aparecen los jugadores que frecuentan este club, en cuanto lo añaden a su perfil.","","",""
"ios-app","Playing at %@ until %@","Playing at %@ until %@","Jugando en %1$@ hasta las %2$@","","%@",""
"ios-app","Playing until %@","Playing until %@","Jugando hasta las %1$@","","%@",""
"ios-app","Playing with %@ at %@ until %@","Playing with %@ at %@ until %@","Jugando con %1$@ en %2$@ hasta las %3$@","","%@",""
"ios-app","Playing with %@ until %@","Playing with %@ until %@","Jugando con %1$@ hasta las %2$@","","%@",""
"ios-app","Playing, at %@ until %@","Playing, at %@ until %@","Jugando, en %@ hasta %@","","%@",""
"ios-app","Plays at","Plays at","Juega en","","",""
"ios-app","Praying hands","Praying hands","Manos orando","","",""
"ios-app","Prefer not to say","Prefer not to say","Prefiero no decirlo","","",""
"ios-app","Preparing…","Preparing…","Preparando…","","",""
"ios-app","Presence","Presence","Presencia","","",""
"ios-app","Preview","Preview","Vista previa","","",""
"ios-app","Preview full size","Preview full size","Vista previa a tamaño completo","","",""
"ios-app","Preview of the printed board","Preview of the printed board","Vista previa de la clasificación impresa","","",""
"ios-app","Privacy","Privacy","Privacidad","","",""
"ios-app","Privacy Policy","Privacy Policy","Política de Privacidad","","",""
"ios-app","Profile","Profile","Perfil","","",""
"ios-app","Question %lld of 3","Question %lld of 3","Pregunta %lld de 3","","%lld",""
"ios-app","RATING","RATING","RATING","","",""
"ios-app","Race format","Race format","Formato de carrera","","",""
"ios-app","Race to","Race to","Carrera a","","",""
"ios-app","Race to %lld","Race to %lld","Carrera a %1$lld","","%lld",""
"ios-app","Rack %lld of race to %lld","Rack %lld of race to %lld","Rack %1$lld de la carrera a %2$lld","","%lld",""
"ios-app","Racks %lld","Racks %lld","Racks %1$lld","","%lld",""
"ios-app","Rating","Rating","Rating","","",""
"ios-app","Ratings & profiles","Ratings & profiles","Ratings y perfiles","","",""
"ios-app","React","React","Reaccionar","","",""
"ios-app","Read","Read","Leído","","",""
"ios-app","Read receipts","Read receipts","Confirmaciones de lectura","","",""
"ios-app","Read receipts are here","Read receipts are here","Ya están aquí las confirmaciones de lectura","","",""
"ios-app","Read receipts only work when you and the other person both have them on. Turn yours off and it stops for both of you straight away.","Read receipts only work when you and the other person both have them on. Turn yours off and it stops for both of you straight away.","Las confirmaciones de lectura solo funcionan cuando tú y la otra persona las tenéis activadas los dos. Desactiva la tuya y se detiene para los dos de inmediato.","","",""
"ios-app","Read this online","Read this online","Leer esto en línea","","",""
"ios-app","Reading…","Reading…","Leyendo…","","",""
"ios-app","Ready to play","Ready to play","Listo para jugar","","",""
"ios-app","Reason","Reason","Motivo","","",""
"ios-app","Reason: %@","Reason: %@","Motivo: %1$@","","%@",""
"ios-app","Recent matches","Recent matches","Partidas recientes","","",""
"ios-app","Record","Record","Historial","","",""
"ios-app","Recorded by %@","Recorded by %@","Registrado por %@","","%@",""
"ios-app","Recorded by you","Recorded by you","Registrado por ti","","",""
"ios-app","Redeem invite","Redeem invite","Canjear invitación","","",""
"ios-app","Redeem invite link","Redeem invite link","Canjear enlace de invitación","","",""
"ios-app","Rejoin scoreboard","Rejoin scoreboard","Volver al marcador","","",""
"ios-app","Rejoin the live scoreboard","Rejoin the live scoreboard","Volver al marcador en directo","","",""
"ios-app","Related","Related","Relacionado","","",""
"ios-app","Remove","Remove","Eliminar","","",""
"ios-app","Remove %@ from your clubs?","Remove %@ from your clubs?","¿Eliminar %1$@ de tus clubes?","","%@",""
"ios-app","Remove club","Remove club","Quitar club","","",""
"ios-app","Remove connection","Remove connection","Eliminar conexión","","",""
"ios-app","Remove contact details","Remove contact details","Quitar datos de contacto","","",""
"ios-app","Remove reaction","Remove reaction","Quitar reacción","","",""
"ios-app","Remove second option","Remove second option","Quitar segunda opción","","",""
"ios-app","Report","Report","Denuncia","","",""
"ios-app","Report message","Report message","Denunciar mensaje","","",""
"ios-app","Report player","Report player","Denunciar jugador","","",""
"ios-app","Report sent.","Report sent.","Denuncia enviada.","","",""
"ios-app","Report venue","Report venue","Denunciar local","","",""
"ios-app","Reported and blocked.","Reported and blocked.","Denunciado y bloqueado.","","",""
"ios-app","Request sent","Request sent","Solicitud enviada","","",""
"ios-app","Requested","Requested","Solicitado","","",""
"ios-app","Requests","Requests","Solicitudes","","",""
"ios-app","Reset code","Reset code","Restablecer código","","",""
"ios-app","Reset my code","Reset my code","Restablecer mi código","","",""
"ios-app","Reset your code?","Reset your code?","¿Restablecer tu código?","","",""
"ios-app","Respond","Respond","Responder","","",""
"ios-app","Restart 8nOut to apply","Restart 8nOut to apply","Reinicia 8nOut para aplicar","","",""
"ios-app","Result","Result","Resultado","","",""
"ios-app","Resume","Resume","Reanudar","","",""
"ios-app","Retry","Retry","Reintentar","","",""
"ios-app","Rotate for a bigger scoreboard","Rotate for a bigger scoreboard","","","",""
"ios-app","Save","Save","Guardar","","",""
"ios-app","Save and finish","Save and finish","Guardar y terminar","","",""
"ios-app","Save or print","Save or print","Guardar o imprimir","","",""
"ios-app","Say hi and arrange a game.","Say hi and arrange a game.","Saluda y organiza una partida.","","",""
"ios-app","Score (optional)","Score (optional)","Resultado (opcional)","","",""
"ios-app","Search address or venue name","Search address or venue name","Buscar dirección o nombre del local","","",""
"ios-app","Search help…","Search help…","Buscar en la ayuda…","","",""
"ios-app","Search pool rooms","Search pool rooms","Buscar salas de billar","","",""
"ios-app","See all","See all","Ver todos","","",""
"ios-app","See the board","See the board","Ver la clasificación","","",""
"ios-app","See the board · %lld ranked","See the board · %lld ranked","Ver la clasificación · %1$lld clasificados","","%lld",""
"ios-app","See yourself the way other players do, and share a link anyone can open — it shows only what's already public.","See yourself the way other players do, and share a link anyone can open — it shows only what's already public.","Mira tu perfil como lo hacen otros jugadores, y comparte un enlace que cualquiera puede abrir — solo muestra lo que ya es público.","","",""
"ios-app","Self-reported","Self-reported","Autodeclarado","","",""
"ios-app","Self-reported — other players can check it on FairMatch if you add your profile link.","Self-reported — other players can check it on FairMatch if you add your profile link.","Autodeclarado — otros jugadores pueden comprobarlo en FairMatch si añades tu enlace de perfil.","","",""
"ios-app","Send","Send","Enviar","","",""
"ios-app","Send invite","Send invite","Enviar invitación","","",""
"ios-app","Sent requests","Sent requests","Solicitudes enviadas","","",""
"ios-app","Set your city to see who's online near you","Set your city to see who's online near you","Define tu ciudad para ver quién está en línea cerca de ti","","",""
"ios-app","Settings","Settings","Ajustes","","",""
"ios-app","Setup unfinished","Setup unfinished","Configuración sin terminar","","",""
"ios-app","Share invite link","Share invite link","Compartir enlace de invitación","","",""
"ios-app","Share link","Share link","Compartir enlace","","",""
"ios-app","Share my profile link","Share my profile link","Compartir mi enlace de perfil","","",""
"ios-app","Show less","Show less","Mostrar menos","","",""
"ios-app","Show me as ""Former member""","Show me as ""Former member""","Mostrarme como ""Antiguo miembro""","","",""
"ios-app","Show me as ""Former member"" on past season boards","Show me as ""Former member"" on past season boards","Mostrarme como ""Antiguo miembro"" en las clasificaciones de temporadas pasadas","","",""
"ios-app","Show me as in the club","Show me as in the club","Mostrarme como en el club","","",""
"ios-app","Show more","Show more","Mostrar más","","",""
"ios-app","Show my connect code","Show my connect code","Mostrar mi código de conexión","","",""
"ios-app","Show your code — or scan another player's — to connect in person.","Show your code — or scan another player's — to connect in person.","Muestra tu código — o escanea el de otro jugador — para conectar en persona.","","",""
"ios-app","Sign out","Sign out","Cerrar sesión","","",""
"ios-app","Signed in with","Signed in with","Sesión iniciada con","","",""
"ios-app","Signing in with Apple","Signing in with Apple","","","",""
"ios-app","Signing in with Apple.","Signing in with Apple.","","","",""
"ios-app","Signing in with Google","Signing in with Google","","","",""
"ios-app","Signing in with Google.","Signing in with Google.","","","",""
"ios-app","Skip for now","Skip for now","Omitir por ahora","","",""
"ios-app","Something else","Something else","Otra cosa","","",""
"ios-app","Something went wrong loading the answers on this device. The full help centre is on the web, and it works without an account.","Something went wrong loading the answers on this device. The full help centre is on the web, and it works without an account.","Algo salió mal al cargar las respuestas en este dispositivo. El centro de ayuda completo está en la web, y funciona sin necesidad de una cuenta.","","",""
"ios-app","Sourced from CueScore","Sourced from CueScore","Obtenido de CueScore","","",""
"ios-app","Spam","Spam","Spam","","",""
"ios-app","Standings as of %@ — current standings live in the 8nOut app. This sheet doesn't update.","Standings as of %@ — current standings live in the 8nOut app. This sheet doesn't update.","Clasificación a fecha de %1$@ — la clasificación actual está en la app de 8nOut. Esta hoja no se actualiza.","","%@",""
"ios-app","Start a live scoreboard","Start a live scoreboard","Iniciar un marcador en directo","","",""
"ios-app","Start a new match against %@","Start a new match against %@","Iniciar una nueva partida contra %@","","%@",""
"ios-app","Start new match","Start new match","Iniciar nueva partida","","",""
"ios-app","Start one with a connection.","Start one with a connection.","Empieza una con una conexión.","","",""
"ios-app","Start scoreboard","Start scoreboard","Iniciar marcador","","",""
"ios-app","Staying on the board","Staying on the board","Cómo permanecer en la tabla","","",""
"ios-app","Still playing","Still playing","Seguimos jugando","","",""
"ios-app","Still stuck?","Still stuck?","¿Sigues sin encontrar lo que buscas?","","",""
"ios-app","Stop sharing","Stop sharing","Dejar de compartir","","",""
"ios-app","Submit for review","Submit for review","Enviar para revisión","","",""
"ios-app","Submit it as it is","Submit it as it is","Enviarlo tal cual","","",""
"ios-app","Submitted for review","Submitted for review","Enviado para revisión","","",""
"ios-app","Suggest another time","Suggest another time","Proponer otra hora","","",""
"ios-app","Suggestion: rotate for a bigger scoreboard","Suggestion: rotate for a bigger scoreboard","","","",""
"ios-app","Surprised","Surprised","Sorpresa","","",""
"ios-app","System","System","Sistema","","",""
"ios-app","Table","Table","Mesa","","",""
"ios-app","Table number (optional)","Table number (optional)","Número de mesa (opcional)","","",""
"ios-app","Tap a name to start the match.","Tap a name to start the match.","Toca un nombre para empezar la partida.","","",""
"ios-app","Terms of Service","Terms of Service","Términos del Servicio","","",""
"ios-app","Thanks — we'll check %@","Thanks — we'll check %@","Gracias — revisaremos %1$@","","%@",""
"ios-app","That CueScore profile is already linked to another 8nOut account.","That CueScore profile is already linked to another 8nOut account.","Ese perfil de CueScore ya está vinculado a otra cuenta de 8nOut.","","",""
"ios-app","That club can't be added from CueScore. Add it manually below.","That club can't be added from CueScore. Add it manually below.","Ese club no se puede añadir desde CueScore. Añádelo a mano abajo.","","",""
"ios-app","That doesn't look like a CueScore player ID or profile link.","That doesn't look like a CueScore player ID or profile link.","Eso no parece un ID de jugador ni un enlace de perfil de CueScore.","","",""
"ios-app","That doesn't look like a valid web address — check it and try again.","That doesn't look like a valid web address — check it and try again.","Eso no parece una dirección web válida — compruébala e inténtalo de nuevo.","","",""
"ios-app","That ladder is for players whose home town is that city.","That ladder is for players whose home town is that city.","Esa ladder es para jugadores cuya ciudad de origen es esa.","","",""
"ios-app","That ladder isn't taking new members right now.","That ladder isn't taking new members right now.","Esa ladder no admite nuevos miembros ahora mismo.","","",""
"ios-app","That link has no venue number in it. We need the club's CueScore venue page — the link ends in a number, like cuescore.com/venue/Club+Name/60451687. Or add it manually below.","That link has no venue number in it. We need the club's CueScore venue page — the link ends in a number, like cuescore.com/venue/Club+Name/60451687. Or add it manually below.","Ese enlace no tiene ningún número de local. Necesitamos la página del local en CueScore — el enlace termina en un número, como cuescore.com/venue/Club+Name/60451687. O añádelo a mano abajo.","","",""
"ios-app","That message is too long — the limit is 2,000 characters.","That message is too long — the limit is 2,000 characters.","Ese mensaje es demasiado largo — el límite es de 2000 caracteres.","","",""
"ios-app","That's the name on your row, in player search, and on your profile.","That's the name on your row, in player search, and on your profile.","Ese es a partir de ahora el nombre en tu fila, en la búsqueda de jugadores y en tu perfil.","","",""
"ios-app","The %@ Ladder is for players with a club in the city","The %@ Ladder is for players with a club in the city","La %1$@ Ladder es para jugadores con un club en la ciudad","","%@",""
"ios-app","The %@ Ladder is open to you","The %@ Ladder is open to you","La %1$@ Ladder está abierta para ti","","%@",""
"ios-app","The address is used to place the venue on the map — it's a public pool room, not a private address.","The address is used to place the venue on the map — it's a public pool room, not a private address.","La dirección se usa para ubicar el local en el mapa — es una sala de billar pública, no una dirección privada.","","",""
"ios-app","The address lookup is unavailable","The address lookup is unavailable","La búsqueda de direcciones no está disponible","","",""
"ios-app","The board shows players who've played in the last 60 days. If you go quiet you come off it — your rating is kept exactly as it was, and one match puts you straight back.","The board shows players who've played in the last 60 days. If you go quiet you come off it — your rating is kept exactly as it was, and one match puts you straight back.","La tabla muestra a jugadores que han jugado en los últimos 60 días. Si dejas de jugar, sales de ella — tu rating se conserva exactamente como estaba, y una partida te devuelve directamente.","","",""
"ios-app","The board shows players who've played in the last 60 days. Log one match and you're back at %lld — nothing was lost.","The board shows players who've played in the last 60 days. Log one match and you're back at %lld — nothing was lost.","Muestra a los jugadores que han jugado en los últimos 60 días. Registra una partida y vuelves directamente a %lld — no se perdió nada.","","%lld",""
"ios-app","The board starts with the first match","The board starts with the first match","La tabla empieza con la primera partida","","",""
"ios-app","The link may be old, or the answer may have moved. Everything we've written is on the help page.","The link may be old, or the answer may have moved. Everything we've written is on the help page.","El enlace puede estar desactualizado, o la respuesta puede haberse movido. Todo lo que hemos escrito está en la página de ayuda.","","",""
"ios-app","The opponent doesn't need to be on 8nOut. If they are, the match shows on their record too.","The opponent doesn't need to be on 8nOut. If they are, the match shows on their record too.","El rival no necesita estar en 8nOut. Si lo está, la partida también aparecerá en su historial.","","",""
"ios-app","These players can see your exact address. You share it for a set time, and can stop sooner.","These players can see your exact address. You share it for a set time, and can stop sooner.","Estos jugadores pueden ver tu dirección exacta. La compartes por un tiempo determinado, y puedes dejar de hacerlo antes.","","",""
"ios-app","They're still on your profile, but you're not on any club's list. Pick a club that's already on the map and you're on its list straight away.","They're still on your profile, but you're not on any club's list. Pick a club that's already on the map and you're on its list straight away.","Siguen en tu perfil, pero no estás en la lista de ningún club. Elige un club que ya esté en el mapa y estarás en su lista al momento.","","",""
"ios-app","This deletes the game for both of you. Nothing is logged.","This deletes the game for both of you. Nothing is logged.","Esto elimina la partida para los dos. No se registra nada.","","",""
"ios-app","This doesn't touch your past seasons. Leaving removes you from the current board, not your history. Saved standings from earlier seasons still show your name — unless you also switch on ""Former member"" below.","This doesn't touch your past seasons. Leaving removes you from the current board, not your history. Saved standings from earlier seasons still show your name — unless you also switch on ""Former member"" below.","Esto no afecta a tus temporadas pasadas. Salir te quita de la tabla actual, no de tu historial. Las clasificaciones guardadas de temporadas anteriores siguen mostrando tu nombre — a menos que también actives ""Antiguo miembro"" abajo.","","",""
"ios-app","This hides the conversation from your list — nothing is deleted, and %@ won't notice anything. It comes back if they message you again.","This hides the conversation from your list — nothing is deleted, and %@ won't notice anything. It comes back if they message you again.","Esto oculta la conversación de tu lista — no se elimina nada, y %1$@ no notará nada. Vuelve a aparecer si te escribe de nuevo.","","%@",""
"ios-app","This is a home or private address","This is a home or private address","Es una vivienda o dirección privada","","",""
"ios-app","This is my own phone number","This is my own phone number","Este es mi propio número de teléfono","","",""
"ios-app","This is the name on your row in a club's list, and the name other players search by.","This is the name on your row in a club's list, and the name other players search by.","Este es el nombre en tu fila de la lista de un club, y el nombre por el que otros jugadores buscan.","","",""
"ios-app","This is the name other players see — copied from CueScore when you linked. It doesn't change on its own.","This is the name other players see — copied from CueScore when you linked. It doesn't change on its own.","Este es el nombre que ven otros jugadores — copiado de CueScore cuando vinculaste tu perfil. No cambia por sí solo.","","",""
"ios-app","This match isn't finished yet — finish it on CueScore first.","This match isn't finished yet — finish it on CueScore first.","Esta partida aún no ha terminado — termínala primero en CueScore.","","",""
"ios-app","This match isn't linked to your CueScore profile, so you can't import it — you can only import your own matches.","This match isn't linked to your CueScore profile, so you can't import it — you can only import your own matches.","Esta partida no está vinculada a tu perfil de CueScore, así que no puedes importarla — solo puedes importar tus propias partidas.","","",""
"ios-app","This match wasn't finished","This match wasn't finished","Esta partida no se terminó","","",""
"ios-app","This message can't be sent — it contains language that isn't allowed on 8nOut. Edit it and try again.","This message can't be sent — it contains language that isn't allowed on 8nOut. Edit it and try again.","Este mensaje no se puede enviar — contiene lenguaje no permitido en 8nOut. Edítalo e inténtalo de nuevo.","","",""
"ios-app","This message was deleted","This message was deleted","Este mensaje se eliminó","","",""
"ios-app","This player's profile isn't available.","This player's profile isn't available.","El perfil de este jugador no está disponible.","","",""
"ios-app","This session timed out. Nothing was saved to your record.","This session timed out. Nothing was saved to your record.","Esta sesión ha expirado. No se ha guardado nada en tu historial.","","",""
"ios-app","This takes it off your profile. Nothing else changes.","This takes it off your profile. Nothing else changes.","Esto lo quita de tu perfil. Nada más cambia.","","",""
"ios-app","This version of 8nOut is too old to work properly. Some things will fail in confusing ways until you update, so we've paused here rather than let that happen.","This version of 8nOut is too old to work properly. Some things will fail in confusing ways until you update, so we've paused here rather than let that happen.","Esta versión de 8nOut es demasiado antigua para funcionar correctamente. Algunas cosas fallarán de forma confusa hasta que actualices, así que hemos pausado aquí en lugar de dejar que eso pase.","","",""
"ios-app","Threats or safety concern","Threats or safety concern","Amenazas o preocupación por la seguridad","","",""
"ios-app","Three clubs is the limit. Remove one first, then you can add this one.","Three clubs is the limit. Remove one first, then you can add this one.","Tres clubes es el límite. Elimina uno primero y podrás añadir este.","","",""
"ios-app","Thumbs down","Thumbs down","Pulgar abajo","","",""
"ios-app","Thumbs up","Thumbs up","Pulgar arriba","","",""
"ios-app","Time suggested","Time suggested","Hora sugerida","","",""
"ios-app","Timeout","Timeout","Tiempo","","",""
"ios-app","Timeout — %@ over","Timeout — %@ over","Tiempo — %1$@ de más","","%@",""
"ios-app","Timeout — %@ remaining","Timeout — %@ remaining","Tiempo — quedan %1$@","","%@",""
"ios-app","Today","Today","Hoy","","",""
"ios-app","Too many CueScore lookups just now — try again later, or add it manually.","Too many CueScore lookups just now — try again later, or add it manually.","Demasiadas búsquedas en CueScore por ahora — inténtalo más tarde, o añádelo a mano.","","",""
"ios-app","Try again","Try again","Inténtalo de nuevo","","",""
"ios-app","Try another word, or write to us.","Try another word, or write to us.","Prueba otra palabra, o escríbenos.","","",""
"ios-app","Turn it on and your name carries Ready to play in player search and on your public profile, which anyone with the link can open, signed in or not.","Turn it on and your name carries Ready to play in player search and on your public profile, which anyone with the link can open, signed in or not.","Actívalo y tu nombre llevará Listo para jugar en la búsqueda de jugadores y en tu perfil público, que puede abrir cualquiera con el enlace, esté conectado o no.","","",""
"ios-app","Turn it on and your row here reads Ready to play. So does your public profile, which anyone with the link can open, signed in or not. You're on the list either way.","Turn it on and your row here reads Ready to play. So does your public profile, which anyone with the link can open, signed in or not. You're on the list either way.","Actívalo y tu fila aquí mostrará Listo para jugar. También tu perfil público, que puede abrir cualquiera con el enlace, esté conectado o no. Estás en la lista de todas formas.","","",""
"ios-app","Turn off Go invisible to set this.","Turn off Go invisible to set this.","Desactiva Hacerme invisible para configurar esto.","","",""
"ios-app","Turn on camera","Turn on camera","Activar cámara","","",""
"ios-app","Unblock","Unblock","Desbloquear","","",""
"ios-app","Unhide","Unhide","Dejar de ocultar","","",""
"ios-app","Unknown player","Unknown player","Jugador desconocido","","",""
"ios-app","Unlink","Unlink","Desvincular","","",""
"ios-app","Unlink CueScore profile","Unlink CueScore profile","Desvincular perfil de CueScore","","",""
"ios-app","Unlink your CueScore profile?","Unlink your CueScore profile?","¿Desvincular tu perfil de CueScore?","","",""
"ios-app","Unmute","Unmute","Dejar de silenciar","","",""
"ios-app","Until","Until","Hasta","","",""
"ios-app","Up to 3 frequented clubs — remove one via its ⋯ menu","Up to 3 frequented clubs — remove one via its ⋯ menu","Hasta 3 clubes frecuentados — quita uno desde su menú ⋯","","",""
"ios-app","Update 8nOut to continue","Update 8nOut to continue","Actualiza 8nOut para continuar","","",""
"ios-app","Update rating","Update rating","Actualizar rating","","",""
"ios-app","Updates your age group on file.","Updates your age group on file.","Actualiza tu grupo de edad registrado.","","",""
"ios-app","Use CueScore photo","Use CueScore photo","Usar foto de CueScore","","",""
"ios-app","Venue","Venue","Local","","",""
"ios-app","Verify","Verify","Verificar","","",""
"ios-app","Verify on FairMatch","Verify on FairMatch","Verificar en FairMatch","","",""
"ios-app","View %@","View %@","Ver a %1$@","","%@",""
"ios-app","View CueScore profile","View CueScore profile","Ver perfil de CueScore","","",""
"ios-app","View in Challenges","View in Challenges","Ver en Desafíos","","",""
"ios-app","View profile","View profile","Ver perfil","","",""
"ios-app","Visible only to players whose connection you've accepted — never on your public profile or the website.","Visible only to players whose connection you've accepted — never on your public profile or the website.","Visible solo para jugadores cuya conexión hayas aceptado — nunca en tu perfil público ni en la web.","","",""
"ios-app","Visible to your connections only. Clear anytime.","Visible to your connections only. Clear anytime.","Visible solo para tus conexiones. Bórralo cuando quieras.","","",""
"ios-app","Waiting for %@ to reply","Waiting for %@ to reply","Esperando la respuesta de %1$@","","%@",""
"ios-app","Waiting for a reply","Waiting for a reply","Esperando respuesta","","",""
"ios-app","We could only find the general area — add more detail if you can, or submit it as it is.","We could only find the general area — add more detail if you can, or submit it as it is.","Solo hemos podido encontrar la zona general — añade más detalle si puedes, o envíalo tal cual.","","",""
"ios-app","We couldn't place this address on the map","We couldn't place this address on the map","No hemos podido ubicar esta dirección en el mapa","","",""
"ios-app","We don't have that answer","We don't have that answer","No tenemos esa respuesta","","",""
"ios-app","We filled this in from CueScore. Edit it above and submit again — change as much as you need.","We filled this in from CueScore. Edit it above and submit again — change as much as you need.","La hemos rellenado a partir de CueScore. Edítala arriba y vuelve a enviarla — cambia lo que necesites.","","",""
"ios-app","We reviewed your report and acted on it under our Terms of Service.","We reviewed your report and acted on it under our Terms of Service.","Hemos revisado tu denuncia y hemos actuado según nuestros Términos del Servicio.","","",""
"ios-app","We reviewed your report and didn't find a breach of our rules.","We reviewed your report and didn't find a breach of our rules.","Hemos revisado tu denuncia y no hemos encontrado ningún incumplimiento de nuestras normas.","","",""
"ios-app","We're done","We're done","Hemos terminado","","",""
"ios-app","We've updated our Terms of Service and Privacy Policy. Please review and agree to continue using 8nOut.","We've updated our Terms of Service and Privacy Policy. Please review and agree to continue using 8nOut.","Hemos actualizado nuestros Términos del Servicio y nuestra Política de Privacidad. Revísalos y acéptalos para seguir usando 8nOut.","","",""
"ios-app","Website (optional)","Website (optional)","Web (opcional)","","",""
"ios-app","Welcome to 8nOut","Welcome to 8nOut","Bienvenido a 8nOut","","",""
"ios-app","What counts","What counts","Qué cuenta","","",""
"ios-app","What happens","What happens","Qué ocurre","","",""
"ios-app","What name do you play under?","What name do you play under?","¿Con qué nombre juegas?","","",""
"ios-app","What we looked up","What we looked up","Lo que hemos buscado","","",""
"ios-app","What you're making","What you're making","Lo que estás creando","","",""
"ios-app","When","When","Cuándo","","",""
"ios-app","When a season ends, the standings are saved exactly as they stood — with your name — and that stays true even if you leave the ladder later. You can ask to appear as ""Former member"" instead, any time.","When a season ends, the standings are saved exactly as they stood — with your name — and that stays true even if you leave the ladder later. You can ask to appear as ""Former member"" instead, any time.","Cuando termina una temporada, la clasificación se guarda exactamente como estaba — con tu nombre — y eso sigue siendo así aunque más tarde dejes la ladder. Puedes pedir que aparezcas como ""Antiguo miembro"" en su lugar, en cualquier momento.","","",""
"ios-app","When you and a connection both have this on, you'll see when your message has been read — and they'll see the same about yours. Turn it off any time; nothing else about chat changes.","When you and a connection both have this on, you'll see when your message has been read — and they'll see the same about yours. Turn it off any time; nothing else about chat changes.","Cuando tú y una conexión tenéis esto activado los dos, verás cuándo se ha leído tu mensaje — y ella verá lo mismo del tuyo. Desactívalo cuando quieras; nada más del chat cambia.","","",""
"ios-app","Where","Where","Dónde","","",""
"ios-app","Where do you usually play?","Where do you usually play?","¿Dónde sueles jugar?","","",""
"ios-app","Where your rating comes from","Where your rating comes from","De dónde viene tu rating","","",""
"ios-app","Which age group are you in? We use this only to set your read-receipts default — nothing else changes.","Which age group are you in? We use this only to set your read-receipts default — nothing else changes.","¿En qué grupo de edad estás? Lo usamos solo para definir tu valor por defecto de confirmaciones de lectura — nada más cambia.","","",""
"ios-app","Which club do you play at?","Which club do you play at?","¿En qué club juegas?","","",""
"ios-app","Which club, and for how long?","Which club, and for how long?","¿Qué club, y por cuánto tiempo?","","",""
"ios-app","Which country and town do you play in?","Which country and town do you play in?","¿En qué país y ciudad juegas?","","",""
"ios-app","While you're invisible, no one sees you as online or open to play — not even your connections. Turn it off and your previous Open-to-play setting comes back. Your club pins and profile stay on the map.","While you're invisible, no one sees you as online or open to play — not even your connections. Turn it off and your previous Open-to-play setting comes back. Your club pins and profile stay on the map.","Mientras estás invisible, nadie te ve como conectado o abierto a jugar — ni siquiera tus conexiones. Desactívalo y tu anterior ajuste de Abierto a jugar vuelve. Tus pines de club y tu perfil siguen en el mapa.","","",""
"ios-app","While you're invisible: no one sees you as online, open to play, or in the club — not even your connections. Your club won't get a notification when you log on, either. It also clears any ""in the club"" status straight away. Turn invisibility off and your Open-to-play setting comes back as it was — but ""in the club"" doesn't return on its own. If you're still there, set it again. Your club pins and profile stay on the map the whole time.","While you're invisible: no one sees you as online, open to play, or in the club — not even your connections. Your club won't get a notification when you log on, either. It also clears any ""in the club"" status straight away. Turn invisibility off and your Open-to-play setting comes back as it was — but ""in the club"" doesn't return on its own. If you're still there, set it again. Your club pins and profile stay on the map the whole time.","Mientras eres invisible: nadie te ve en línea, abierto a jugar, o en el club — ni siquiera tus conexiones. Tu club tampoco recibirá un aviso cuando entres. Además borra de inmediato cualquier estado ""en el club"". Desactiva la invisibilidad y tu ajuste de Abierto a jugar vuelve tal como estaba — pero ""en el club"" no vuelve por sí solo. Si sigues allí, actívalo de nuevo. Los pines de tus clubes y tu perfil permanecen en el mapa todo el tiempo.","","",""
"ios-app","Who breaks first","Who breaks first","Quién sale primero","","",""
"ios-app","Who has my address","Who has my address","Quién tiene mi dirección","","",""
"ios-app","Who won?","Who won?","¿Quién ganó?","","",""
"ios-app","Who's online","Who's online","Quién está en línea","","",""
"ios-app","Who's online in %@","Who's online in %@","Quién está en línea en %1$@","","%@",""
"ios-app","Whoever joins 8nOut through your link is connected to you automatically.","Whoever joins 8nOut through your link is connected to you automatically.","Quien se una a 8nOut a través de tu enlace queda conectado contigo automáticamente.","","",""
"ios-app","Why are you reporting %@?","Why are you reporting %@?","¿Por qué estás denunciando a %@?","","%@",""
"ios-app","Win rate","Win rate","Porcentaje de victorias","","",""
"ios-app","Win rate %lld percent","Win rate %lld percent","Porcentaje de victorias: %1$lld por ciento","","%lld",""
"ios-app","Winner","Winner","Ganador","","",""
"ios-app","Winner breaks","Winner breaks","Sale el ganador","","",""
"ios-app","Wins / Losses","Wins / Losses","Victorias / Derrotas","","",""
"ios-app","Withdraw","Withdraw","Retirar","","",""
"ios-app","Withdraw invite","Withdraw invite","Retirar invitación","","",""
"ios-app","Without a name, nobody can tell who you are in a club's list or in search.","Without a name, nobody can tell who you are in a club's list or in search.","Sin nombre, nadie puede saber quién eres en la lista de un club o en la búsqueda.","","",""
"ios-app","Won","Won","Ganada","","",""
"ios-app","Won your last %lld","Won your last %lld","Ganaste tus últimas %1$lld","","%lld",""
"ios-app","Write a message…","Write a message…","Escribe un mensaje…","","",""
"ios-app","You","You","Tú","","",""
"ios-app","You agreed to these versions when you signed in.","You agreed to these versions when you signed in.","Aceptaste estas versiones al iniciar sesión.","","",""
"ios-app","You and %@ are already connected.","You and %@ are already connected.","Tú y %1$@ ya estáis conectados.","","%@",""
"ios-app","You and %@ are connected. Say hi and set up a game.","You and %@ are connected. Say hi and set up a game.","Tú y %1$@ estáis conectados. Saludaos y organizad una partida.","","%@",""
"ios-app","You can check on it any time under Clubs on your profile.","You can check on it any time under Clubs on your profile.","Puedes consultarlo en cualquier momento en Clubes, en tu perfil.","","",""
"ios-app","You can skip this — read receipts just stay off for you either way.","You can skip this — read receipts just stay off for you either way.","Puedes omitir esto — las confirmaciones de lectura simplemente se quedan desactivadas para ti de todas formas.","","",""
"ios-app","You can't add a club right now.","You can't add a club right now.","Ahora mismo no puedes añadir un club.","","",""
"ios-app","You come off the %@ board and your rating stops moving.","You come off the %@ board and your rating stops moving.","Sales de la tabla de %1$@ y tu rating deja de cambiar.","","%@",""
"ios-app","You deleted this message","You deleted this message","Eliminaste este mensaje","","",""
"ios-app","You haven't added a club yet — add one first, then you can show as in the club.","You haven't added a club yet — add one first, then you can show as in the club.","Aún no has añadido ningún club — añade uno primero, y luego podrás mostrarte como en el club.","","",""
"ios-app","You haven't blocked anyone.","You haven't blocked anyone.","No has bloqueado a nadie.","","",""
"ios-app","You invited %@","You invited %@","Invitaste a %1$@","","%@",""
"ios-app","You lead %lld–%lld","You lead %lld–%lld","Vas ganando %1$lld–%2$lld","","%lld",""
"ios-app","You lost","You lost","Perdiste","","",""
"ios-app","You need a club in that city before you can join. Clubs are checked before they count.","You need a club in that city before you can join. Clubs are checked before they count.","Necesitas un club en esa ciudad antes de poder unirte. Los clubes se comprueban antes de contar.","","",""
"ios-app","You stopped sharing your address.","You stopped sharing your address.","Has dejado de compartir tu dirección.","","",""
"ios-app","You weren't on this season's board.","You weren't on this season's board.","No estabas en la tabla de esta temporada.","","",""
"ios-app","You won","You won","Ganaste","","",""
"ios-app","You won't see each other on the map, any connection between you is removed, and any chat between you leaves your list. They won't be told they've been blocked.","You won't see each other on the map, any connection between you is removed, and any chat between you leaves your list. They won't be told they've been blocked.","No os veréis en el mapa, se elimina cualquier conexión entre vosotros, y cualquier chat entre vosotros desaparece de tu lista. No se le avisará de que ha sido bloqueado.","","",""
"ios-app","You · %@","You · %@","Tú · %@","","%@",""
"ios-app","You · invisible","You · invisible","Tú · invisible","","",""
"ios-app","You'll lose each other's contact details, and any address shared for a game.","You'll lose each other's contact details, and any address shared for a game.","Perderéis vuestros datos de contacto, y cualquier dirección compartida para una partida.","","",""
"ios-app","You'll show as at **%@** until **%@**. Your accepted connections will see this — no one else. Clear it in one tap any time, and it clears itself automatically once the time's up. It's entirely optional, and you can stop using it whenever you like.","You'll show as at **%@** until **%@**. Your accepted connections will see this — no one else. Clear it in one tap any time, and it clears itself automatically once the time's up. It's entirely optional, and you can stop using it whenever you like.","Aparecerás como en **%1$@** hasta las **%2$@**. Solo lo verán tus conexiones aceptadas — nadie más. Bórralo con un toque en cualquier momento, y se borra solo cuando pasa el tiempo. Es totalmente opcional, y puedes dejar de usarlo cuando quieras.","","%@",""
"ios-app","You're %@ now","You're %@ now","Ahora eres %1$@","","%@",""
"ios-app","You're already connected","You're already connected","Ya estáis conectados","","",""
"ios-app","You're connected!","You're connected!","¡Estáis conectados!","","",""
"ios-app","You're first on the list at %@","You're first on the list at %@","Eres el primero en la lista de %1$@","","%@",""
"ios-app","You're in %@ and you play at a club here — that's all it takes.","You're in %@ and you play at a club here — that's all it takes.","Estás en %1$@ y juegas en un club de aquí — con eso basta.","","%@",""
"ios-app","You're invisible right now — others don't see you as online or open to play.","You're invisible right now — others don't see you as online or open to play.","Ahora mismo eres invisible — otros no te ven en línea ni abierto a jugar.","","",""
"ios-app","You're no longer connected — new messages can't be sent.","You're no longer connected — new messages can't be sent.","Ya no estáis conectados — no se pueden enviar mensajes nuevos.","","",""
"ios-app","You're no longer connected — this scoreboard can't be used.","You're no longer connected — this scoreboard can't be used.","Ya no estáis conectados — este marcador no se puede usar.","","",""
"ios-app","You're not on any club's list yet, so nobody finds you when they open a club on the map.","You're not on any club's list yet, so nobody finds you when they open a club on the map.","Aún no estás en la lista de ningún club, así que nadie te encuentra cuando alguien abre un club en el mapa.","","",""
"ios-app","You're now visible as active","You're now visible as active","Ahora eres visible como activo","","",""
"ios-app","You're on the ladder — you're not on the board yet. Play a match with another %@ member and log it, and your name appears here.","You're on the ladder — you're not on the board yet. Play a match with another %@ member and log it, and your name appears here.","Estás en la ladder — solo que aún no en la tabla. Juega una partida con otro miembro de %1$@ y regístrala, y tu nombre aparecerá aquí.","","%@",""
"ios-app","You're on the list at %@","You're on the list at %@","Estás en la lista de %1$@","","%@",""
"ios-app","You're sending messages very quickly — give it a moment and try again.","You're sending messages very quickly — give it a moment and try again.","Estás enviando mensajes muy rápido — espera un momento e inténtalo de nuevo.","","",""
"ios-app","You've already got that club. Search for another one if you play somewhere else too.","You've already got that club. Search for another one if you play somewhere else too.","Ya tienes ese club. Busca otro si también juegas en otro sitio.","","",""
"ios-app","You've confirmed. Waiting for %@ to confirm too.","You've confirmed. Waiting for %@ to confirm too.","Has confirmado. Esperando a que %1$@ también confirme.","","%@",""
"ios-app","You've left the ladder, but those boards still carry your name. Change how you appear, any time.","You've left the ladder, but those boards still carry your name. Change how you appear, any time.","Has dejado la ladder, pero esas clasificaciones aún llevan tu nombre. Cambia cómo apareces, cuando quieras.","","",""
"ios-app","You: %@","You: %@","Tú: %1$@","","%@",""
"ios-app","YouTube","YouTube","YouTube","","",""
"ios-app","Your 8nOut account has been removed for a violation of our Terms of Service.","Your 8nOut account has been removed for a violation of our Terms of Service.","Tu cuenta de 8nOut ha sido eliminada por incumplir nuestros Términos del Servicio.","","",""
"ios-app","Your 8nOut account has been suspended for a violation of our Terms of Service.","Your 8nOut account has been suspended for a violation of our Terms of Service.","Tu cuenta de 8nOut ha sido suspendida por incumplir nuestros Términos del Servicio.","","",""
"ios-app","Your CueScore name and photo become your 8nOut name and photo.","Your CueScore name and photo become your 8nOut name and photo.","Tu nombre y foto de CueScore pasan a ser tu nombre y foto en 8nOut.","","",""
"ios-app","Your build: %@ · needed: %@","Your build: %@ · needed: %@","Tu versión: %@ · necesaria: %@","","%@",""
"ios-app","Your city","Your city","Tu ciudad","","",""
"ios-app","Your connect QR code","Your connect QR code","Tu código QR de conexión","","",""
"ios-app","Your current QR and link stop working right away. Anyone already connected with you stays connected.","Your current QR and link stop working right away. Anyone already connected with you stays connected.","Tu QR y enlace actuales dejan de funcionar de inmediato. Quien ya esté conectado contigo sigue estándolo.","","",""
"ios-app","Your current rating — leave empty to remove it from your profile.","Your current rating — leave empty to remove it from your profile.","Tu rating actual — déjalo vacío para quitarlo de tu perfil.","","",""
"ios-app","Your language change takes effect the next time you open 8nOut.","Your language change takes effect the next time you open 8nOut.","Tu cambio de idioma se aplicará la próxima vez que abras 8nOut.","","",""
"ios-app","Your match record, your clubs and your account are untouched. This isn't account deletion.","Your match record, your clubs and your account are untouched. This isn't account deletion.","Tu historial de partidas, tus clubes y tu cuenta no se ven afectados. Esto no es eliminar la cuenta.","","",""
"ios-app","Your name","Your name","Tu nombre","","",""
"ios-app","Your name goes on that club's list — the same list you see when you open a club on the map.","Your name goes on that club's list — the same list you see when you open a club on the map.","Tu nombre va en la lista de ese club — la misma lista que ves cuando abres un club en el mapa.","","",""
"ios-app","Your name is on past season boards","Your name is on past season boards","Tu nombre está en clasificaciones de temporadas pasadas","","",""
"ios-app","Your opponent can accept a time, or suggest another.","Your opponent can accept a time, or suggest another.","Tu oponente puede aceptar una hora, o sugerir otra.","","",""
"ios-app","Your positions and ratings stay in place; your name doesn't appear next to them.","Your positions and ratings stay in place; your name doesn't appear next to them.","Tus posiciones y ratings se mantienen; tu nombre no aparece junto a ellos.","","",""
"ios-app","Your positions and ratings stay in place; your name doesn't appear next to them. This doesn't take you off the ladder.","Your positions and ratings stay in place; your name doesn't appear next to them. This doesn't take you off the ladder.","Tus posiciones y ratings se mantienen; tu nombre no aparece junto a ellos. Esto no te saca de la ladder.","","",""
"ios-app","Your rating moves quickly over your first several matches, then settles down as it finds your level. Nothing you do speeds that up or slows it down.","Your rating moves quickly over your first several matches, then settles down as it finds your level. Nothing you do speeds that up or slows it down.","Tu rating se mueve rápido durante tus primeras partidas, y luego se estabiliza a medida que encuentra tu nivel. Nada de lo que hagas lo acelera ni lo frena.","","",""
"ios-app","Your rating moves when you and another %@ member log a match together.","Your rating moves when you and another %@ member log a match together.","Tu rating cambia cuando tú y otro miembro de %1$@ registráis una partida juntos.","","%@",""
"ios-app","Your record starts here","Your record starts here","Tu historial empieza aquí","","",""
"ios-app","Your score","Your score","Tu resultado","","",""
"ios-app","Your starting rating","Your starting rating","Tu rating inicial","","",""
"ios-app","Your town or city only — every member can see this, so skip the street address or postal code.","Your town or city only — every member can see this, so skip the street address or postal code.","Solo tu ciudad — cualquier miembro puede verlo, así que evita la dirección exacta o el código postal.","","",""
"ios-app","Zoom out for more clubs","Zoom out for more clubs","Aleja el mapa para ver más clubes","","",""
"ios-app","and %lld more","and %lld more","y %1$lld más","","%lld",""
"ios-app","e.g. 512","e.g. 512","p. ej. 512","","",""
"ios-app","e.g. Amsterdam","e.g. Amsterdam","p. ej. Ámsterdam","","",""
"ios-app","https://fairmatch.fargorate.com/…","https://fairmatch.fargorate.com/…","https://fairmatch.fargorate.com/…","","",""
"ios-app","https://wa.me/qr/…","https://wa.me/qr/…","https://wa.me/qr/…","","",""
"ios-app","including you","including you","incluido tú","","",""
"ios-app","less than 1 kilometer away","less than 1 kilometer away","a menos de 1 kilómetro","","",""
"ios-app","of %lld to win rack","of %lld to win rack","de %1$lld para ganar el rack","","%lld",""
"ios-app","on the table","on the table","en la mesa","","",""
"ios-app","today","today","hoy","","",""
"ios-app","via CueScore","via CueScore","vía CueScore","","",""
"ios-app","vs. %@","vs. %@","vs. %@","","%@",""
"ios-app","vs. %@ · One Pocket · race to %lld","vs. %@ · One Pocket · race to %lld","vs. %1$@ · One Pocket · carrera a %2$lld","","%@; %lld",""
"ios-app","yesterday","yesterday","ayer","","",""
"ios-app","~%@ km away","~%@ km away","~%@ km de distancia","","%@",""
"ios-app","~<1 km away","~<1 km away","~<1 km de distancia","","",""
"ios-app","—","—","","","",""
"help-centre","categories.getting-started.title","Getting started","","","",""
"help-centre","categories.getting-started.subtitle","What 8nOut is, and how to get it","","","",""
"help-centre","categories.setting-up.title","Setting up","","","",""
"help-centre","categories.setting-up.subtitle","The questions when you start","","","",""
"help-centre","categories.the-map.title","The map","","","",""
"help-centre","categories.the-map.subtitle","Finding players and clubs near you","","","",""
"help-centre","categories.connecting.title","Connecting","","","",""
"help-centre","categories.connecting.subtitle","Reaching another player on 8nOut","","","",""
"help-centre","categories.matches-cuescore.title","Matches & CueScore","","","",""
"help-centre","categories.matches-cuescore.subtitle","Your record, and CueScore matches","","","",""
"help-centre","categories.your-account.title","Your account","","","",""
"help-centre","categories.your-account.subtitle","Language, sign-in and settings","","","",""
"help-centre","categories.safety.title","Safety","","","",""
"help-centre","categories.safety.subtitle","Staying safe, and the policies","","","",""
"help-centre","categories.city-ladder.title","City Ladder","","","",""
"help-centre","categories.city-ladder.subtitle","Joining, ratings, your city's board, and past seasons","","","",""
"help-centre","entries.about-8nout.question","What is 8nOut?","¿Qué es 8nOut?","","",""
"help-centre","entries.about-8nout.summary","A map of One Pocket clubs and players across Europe. Find someone near you, connect, and arrange a game.","Un mapa de clubes y jugadores de One Pocket en toda Europa. Encuentra a alguien cerca de ti, conecta y organiza una partida.","","",""
"help-centre","entries.about-8nout.body[0]","8nOut is a map for the European One Pocket community. It shows pool clubs across Europe, and the players who play at them.","8nOut es un mapa para la comunidad europea de One Pocket. Muestra clubes de billar por toda Europa, y los jugadores que juegan en ellos.","","",""
"help-centre","entries.about-8nout.body[1]","You make a profile, add the clubs you play at, and look around the map. When you find someone you would like to play, you send them a connection request. If they accept, the two of you can swap contact details and arrange a game.","Creas un perfil, añades los clubes donde juegas, y echas un vistazo al mapa. Cuando encuentras a alguien con quien te gustaría jugar, le envías una solicitud de conexión. Si la acepta, los dos podéis intercambiar datos de contacto y organizar una partida.","","",""
"help-centre","entries.about-8nout.body[2]","You can keep your record here too. Finished matches you played on CueScore can be brought across, and games you arranged through 8nOut can be logged by hand.","Aquí también puedes llevar tu registro. Las partidas que hayas terminado en CueScore se pueden importar, y las que organices a través de 8nOut se pueden registrar a mano.","","",""
"help-centre","entries.about-8nout.body[3]","It is built by a One Pocket player, for One Pocket players. It is free to use, and there is nothing to buy inside it.","La ha creado un jugador de One Pocket, para jugadores de One Pocket. Es gratis, y no hay nada que comprar dentro de la aplicación.","","",""
"help-centre","entries.about-8nout.keywords[0]","about","acerca de","","",""
"help-centre","entries.about-8nout.keywords[1]","what is","qué es","","",""
"help-centre","entries.about-8nout.keywords[2]","one pocket","one pocket","","",""
"help-centre","entries.about-8nout.keywords[3]","map","mapa","","",""
"help-centre","entries.about-8nout.keywords[4]","europe","europa","","",""
"help-centre","entries.about-8nout.keywords[5]","community","comunidad","","",""
"help-centre","entries.about-8nout.links[0].label","How do I get 8nOut?","","","",""
"help-centre","entries.about-8nout.links[1].label","Why do I have to connect first?","","","",""
"help-centre","entries.getting-8nout.question","How do I get 8nOut?","¿Cómo consigo 8nOut?","","",""
"help-centre","entries.getting-8nout.summary","On iPhone and iPad, 8nOut is in beta through TestFlight. On Android and on a computer, use the web app at 8nout.com.","En iPhone y iPad, 8nOut está en fase beta a través de TestFlight. En Android y en el ordenador, usa la aplicación web en 8nout.com.","","",""
"help-centre","entries.getting-8nout.body[0]","8nOut is still in beta, so there are two ways in.","8nOut sigue en fase beta, así que hay dos formas de entrar.","","",""
"help-centre","entries.getting-8nout.body[1]","On iPhone or iPad: go to 8nout.com and use the TestFlight button. TestFlight is Apple's own app for trying apps that are still being tested — you install TestFlight first, then 8nOut through it.","En iPhone o iPad: entra en 8nout.com y usa el botón de TestFlight. TestFlight es la propia aplicación de Apple para probar apps que aún están en pruebas — primero instalas TestFlight, y luego 8nOut a través de ella.","","",""
"help-centre","entries.getting-8nout.body[2]","On Android, or on a computer: open 8nout.com and go to the web app. It does the same things. On a phone you can add it to your home screen, so it opens like any other app.","En Android, o en el ordenador: abre 8nout.com y ve a la aplicación web. Hace lo mismo. En el móvil puedes añadirla a la pantalla de inicio, para que se abra como cualquier otra app.","","",""
"help-centre","entries.getting-8nout.body[3]","Either way you sign in with Apple or with Google, and there is nothing to pay.","En ambos casos inicias sesión con Apple o con Google, y no hay nada que pagar.","","",""
"help-centre","entries.getting-8nout.body[4]","After you sign in, 8nOut asks three short questions so other players can find you. You can answer them then, or leave them for later.","Después de iniciar sesión, 8nOut te hace tres preguntas breves para que otros jugadores puedan encontrarte. Puedes responderlas entonces, o dejarlas para más adelante.","","",""
"help-centre","entries.getting-8nout.keywords[0]","download","descargar","","",""
"help-centre","entries.getting-8nout.keywords[1]","install","instalar","","",""
"help-centre","entries.getting-8nout.keywords[2]","testflight","testflight","","",""
"help-centre","entries.getting-8nout.keywords[3]","beta","beta","","",""
"help-centre","entries.getting-8nout.keywords[4]","android","android","","",""
"help-centre","entries.getting-8nout.keywords[5]","web app","aplicación web","","",""
"help-centre","entries.getting-8nout.keywords[6]","sign in","iniciar sesión","","",""
"help-centre","entries.getting-8nout.links[0].label","Is 8nOut free?","","","",""
"help-centre","entries.getting-8nout.links[1].label","The three questions when you start","","","",""
"help-centre","entries.cost.question","Is 8nOut free?","¿Es gratis 8nOut?","","",""
"help-centre","entries.cost.summary","Yes. Nothing to pay, and nothing to buy inside it.","Sí. No hay nada que pagar, ni nada que comprar dentro.","","",""
"help-centre","entries.cost.body[0]","Yes. 8nOut is free to use, and there is nothing to buy inside it.","Sí. 8nOut es gratis, y no hay nada que comprar dentro de la aplicación.","","",""
"help-centre","entries.cost.body[1]","It is a small community project. One player runs it, for the European One Pocket community.","Es un pequeño proyecto comunitario. Lo dirige un solo jugador, para la comunidad europea de One Pocket.","","",""
"help-centre","entries.cost.body[2]","What happens with your details is set out in the Privacy Policy. We link that document rather than summarise it here, because a summary drifts from the thing it summarises and then two versions of the same promise exist.","Lo que ocurre con tus datos está establecido en la Política de Privacidad. Enlazamos a ese documento en lugar de resumirlo aquí, porque un resumen acaba distanciándose de aquello que resume, y entonces existen dos versiones de la misma promesa.","","",""
"help-centre","entries.cost.keywords[0]","free","gratis","","",""
"help-centre","entries.cost.keywords[1]","cost","coste","","",""
"help-centre","entries.cost.keywords[2]","price","precio","","",""
"help-centre","entries.cost.keywords[3]","pay","pagar","","",""
"help-centre","entries.cost.keywords[4]","subscription","suscripción","","",""
"help-centre","entries.cost.links[0].label","Where the Terms and Privacy Policy are","","","",""
"help-centre","entries.skill-level.question","Do I need to be good at One Pocket?","¿Tengo que ser bueno jugando al One Pocket?","","",""
"help-centre","entries.skill-level.summary","No. It has a reputation as a connoisseur's game, but you only learn it by playing it — and most players here would rather teach than not play.","No. Tiene fama de ser un juego para entendidos, pero solo se aprende jugándolo — y la mayoría de los jugadores de aquí prefieren enseñarte antes que quedarse sin partida.","","",""
"help-centre","entries.skill-level.body[0]","No. One Pocket has a reputation as a game for experts, and it puts people off before they have played a single rack. It should not.","No. El One Pocket tiene fama de ser un juego para expertos, y eso echa para atrás a la gente antes de haber jugado siquiera una sola partida. No debería ser así.","","",""
"help-centre","entries.skill-level.body[1]","Almost everything that makes the game good — the patience, the safety battles, reading the table two shots ahead — you learn by playing someone better than you and losing a few. Every strong One Pocket player in Europe went through exactly that. There is no other route in.","Casi todo lo que hace bueno a este juego —la paciencia, las batallas de seguridad, leer la mesa dos tiradas por adelantado— se aprende jugando contra alguien mejor que tú y perdiendo unas cuantas veces. Todos los buenos jugadores de One Pocket en Europa han pasado exactamente por eso. No hay otra forma de entrar.","","",""
"help-centre","entries.skill-level.body[2]","If you are new to it, say so in your bio. It tends to make players more likely to invite you, not less. An evening spent showing someone the game is a good evening.","Si eres nuevo, dilo en tu biografía. Suele hacer que los jugadores te inviten más, no menos. Una tarde dedicada a enseñarle el juego a alguien es una buena tarde.","","",""
"help-centre","entries.skill-level.body[3]","There is a Fargo Rating on your profile and it is optional. Leave it empty if you do not have one, or would rather not show it. It is self-reported.","En tu perfil hay un Fargo Rating, y es opcional. Déjalo vacío si no tienes uno, o si prefieres no mostrarlo. Lo indicas tú mismo.","","",""
"help-centre","entries.skill-level.body[4]","One Pocket is a small world in Europe. Most people here would far rather play a keen beginner than nobody at all.","El One Pocket es un mundo pequeño en Europa. Aquí, la mayoría prefiere con diferencia jugar contra un principiante con ganas que no jugar contra nadie.","","",""
"help-centre","entries.skill-level.keywords[0]","beginner","principiante","","",""
"help-centre","entries.skill-level.keywords[1]","new","nuevo","","",""
"help-centre","entries.skill-level.keywords[2]","skill","nivel","","",""
"help-centre","entries.skill-level.keywords[3]","fargo","fargo","","",""
"help-centre","entries.skill-level.keywords[4]","rating","rating","","",""
"help-centre","entries.skill-level.keywords[5]","learn","aprender","","",""
"help-centre","entries.skill-level.links[0].label","Why do I have to connect first?","","","",""
"help-centre","entries.skill-level.links[1].label","How do I get on the map?","","","",""
"help-centre","entries.setup-questions.question","What are the three questions when I start?","¿Cuáles son las tres preguntas al empezar?","","",""
"help-centre","entries.setup-questions.summary","Your name, your country and town, and a club. Each one is about being findable — and you can leave at any point.","Tu nombre, tu país y ciudad, y un club. Cada una tiene que ver con que te puedan encontrar — y puedes dejarlo en cualquier momento.","","",""
"help-centre","entries.setup-questions.body[0]","The first time you open 8nOut it asks three short questions. They take about a minute, and you can leave at any point.","La primera vez que abres 8nOut, te hace tres preguntas breves. Llevan alrededor de un minuto, y puedes dejarlo en cualquier momento.","","",""
"help-centre","entries.setup-questions.body[1]","The first is the name you play under. This is the name on your row in a club's list, and the name other players search by. One word is fine — plenty of players here go by a handle.","La primera es el nombre con el que juegas. Es el nombre en tu fila dentro de la lista de un club, y el nombre por el que te buscan otros jugadores. Basta con una palabra — muchos jugadores aquí usan un apodo.","","",""
"help-centre","entries.setup-questions.body[2]","The second is your country and town. Players filter the map by country and town, so without yours you are hard to find.","La segunda es tu país y ciudad. Los jugadores filtran el mapa por país y ciudad, así que sin los tuyos es difícil que te encuentren.","","",""
"help-centre","entries.setup-questions.body[3]","The third is a club. Your name goes on that club's list — the same list you see when you open a club on the map. If your club is not on 8nOut yet, you can add it and we will check it.","La tercera es un club. Tu nombre aparece en la lista de ese club — la misma que ves al abrir un club en el mapa. Si tu club aún no está en 8nOut, puedes añadirlo y lo revisaremos.","","",""
"help-centre","entries.setup-questions.body[4]","After the three questions comes one optional extra: linking your CueScore profile. You can pass on it.","Después de las tres preguntas hay un extra opcional: vincular tu perfil de CueScore. Puedes saltártelo.","","",""
"help-centre","entries.setup-questions.body[5]","Every screen has a way out, labelled Finish later, including the first one. No part of 8nOut is locked behind these questions. The map, connecting, your record and everything else work the same whether you answer them or not.","Cada pantalla tiene una salida, con el botón Terminar más tarde, incluida la primera. Ninguna parte de 8nOut está bloqueada detrás de estas preguntas. El mapa, conectar con otros, tu registro y todo lo demás funcionan igual, las respondas o no.","","",""
"help-centre","entries.setup-questions.body[6]","What does change is how easy you are to find. Without a name, nobody can tell who you are in a club's list or in search. Without a club, you are not on any club's list, so nobody finds you when they open a club on the map. You can fill either one in whenever you like.","Lo que sí cambia es lo fácil que resulta encontrarte. Sin nombre, nadie puede saber quién eres en la lista de un club o en la búsqueda. Sin club, no apareces en ninguna lista de club, así que nadie te encuentra al abrir un club en el mapa. Puedes completar cualquiera de los dos cuando quieras.","","",""
"help-centre","entries.setup-questions.keywords[0]","setup","configuración","","",""
"help-centre","entries.setup-questions.keywords[1]","questions","preguntas","","",""
"help-centre","entries.setup-questions.keywords[2]","onboarding","onboarding","","",""
"help-centre","entries.setup-questions.keywords[3]","name","nombre","","",""
"help-centre","entries.setup-questions.keywords[4]","town","ciudad","","",""
"help-centre","entries.setup-questions.keywords[5]","club","club","","",""
"help-centre","entries.setup-questions.keywords[6]","start","empezar","","",""
"help-centre","entries.setup-questions.keywords[7]","finish later","terminar más tarde","","",""
"help-centre","entries.setup-questions.links[0].label","Can I finish setting up later?","","","",""
"help-centre","entries.setup-questions.links[1].label","How do I get on the map?","","","",""
"help-centre","entries.finishing-setup-later.question","Can I finish setting up later?","¿Puedo terminar de configurarlo más tarde?","","",""
"help-centre","entries.finishing-setup-later.summary","Yes. Every screen has Finish later, a card on your Profile brings it back, and dismissing that card three times stops it for good.","Sí. Cada pantalla tiene Terminar más tarde, una tarjeta en tu Perfil lo trae de vuelta, y descartar esa tarjeta tres veces lo detiene para siempre.","","",""
"help-centre","entries.finishing-setup-later.body[0]","Yes. Every screen has a way out, labelled Finish later, and taking it costs you nothing you cannot pick up again.","Sí. Cada pantalla tiene una salida, con el botón Terminar más tarde, y usarla no te cuesta nada que no puedas retomar después.","","",""
"help-centre","entries.finishing-setup-later.body[1]","If you leave partway, a card appears on your Profile showing what is still open, with a button back to where you stopped. You can use it whenever you feel like it.","Si lo dejas a medias, aparece una tarjeta en tu Perfil que muestra lo que aún falta, con un botón para volver a donde lo dejaste. Puedes usarla cuando te apetezca.","","",""
"help-centre","entries.finishing-setup-later.body[2]","If you would rather not be asked now, dismiss the card and it goes quiet for a week. Dismiss it a second time and it goes quiet for two weeks, a third time for a month — and after that third time the card does not come back at all.","Si prefieres que no te lo pregunten ahora, descarta la tarjeta y se quedará callada durante una semana. Descártala una segunda vez y se calla dos semanas, una tercera vez un mes — y después de esa tercera vez, la tarjeta no vuelve a aparecer.","","",""
"help-centre","entries.finishing-setup-later.body[3]","What is left after that is one quiet line on your Profile with a Finish link. It never interrupts you again, and it is there if you change your mind.","Lo que queda después es una línea discreta en tu Perfil con un enlace para Terminar. No vuelve a interrumpirte nunca más, y sigue ahí por si cambias de idea.","","",""
"help-centre","entries.finishing-setup-later.body[4]","Dismissing is remembered by 8nOut rather than by the device, so quieting the card on your phone also quiets it in the web app.","8nOut recuerda que la descartaste él mismo, no el dispositivo, así que silenciarla en tu móvil también la silencia en la aplicación web.","","",""
"help-centre","entries.finishing-setup-later.body[5]","None of this changes what you can do in 8nOut. The questions make you easier to find; they do not stand between you and anything.","Nada de esto cambia lo que puedes hacer en 8nOut. Las preguntas te hacen más fácil de encontrar; no se interponen entre tú y nada.","","",""
"help-centre","entries.finishing-setup-later.keywords[0]","later","más tarde","","",""
"help-centre","entries.finishing-setup-later.keywords[1]","skip","omitir","","",""
"help-centre","entries.finishing-setup-later.keywords[2]","finish later","terminar más tarde","","",""
"help-centre","entries.finishing-setup-later.keywords[3]","banner","banner","","",""
"help-centre","entries.finishing-setup-later.keywords[4]","dismiss","descartar","","",""
"help-centre","entries.finishing-setup-later.keywords[5]","reminder","recordatorio","","",""
"help-centre","entries.finishing-setup-later.keywords[6]","profile","perfil","","",""
"help-centre","entries.finishing-setup-later.links[0].label","What the three questions are","","","",""
"help-centre","entries.finishing-setup-later.links[1].label","My club is not on the map","","","",""
"help-centre","entries.club-not-added.question","My club is not on the map. What now?","Mi club no está en el mapa. ¿Y ahora qué?","","",""
"help-centre","entries.club-not-added.summary","Three different things can be going on — the club is waiting to be looked at, it was not added, or you have not picked one yet. Each has its own next step.","Puede haber tres situaciones distintas — el club está pendiente de revisión, no fue añadido, o aún no has elegido uno. Cada una tiene su propio siguiente paso.","","",""
"help-centre","entries.club-not-added.body[0]","Clubs are added by the community, so yours may not be on 8nOut yet. There are three situations, and your Clubs list on your profile tells you which one you are in.","Los clubes los añade la comunidad, así que puede que el tuyo aún no esté en 8nOut. Hay tres situaciones posibles, y tu lista de Clubes en el perfil te dice en cuál estás.","","",""
"help-centre","entries.club-not-added.body[1]","It is waiting to be looked at. You submitted a new venue and it is marked pending review. It is on your clubs already. Once it is approved, the club goes on the map and your name is on its list. Until then, you are not on any club's list. You can check on it any time under Clubs on your profile.","Está pendiente de revisión. Enviaste un nuevo local y está marcado como pendiente de revisión. Ya aparece entre tus clubes. En cuanto se apruebe, el club aparecerá en el mapa y tu nombre en su lista. Hasta entonces, no apareces en la lista de ningún club. Puedes comprobar el estado cuando quieras en Clubes, en tu perfil.","","",""
"help-centre","entries.club-not-added.body[2]","It was not added. Not every venue makes it onto the map. It is still on your profile, but you are not on any club's list. Pick a club that is already on the map and you are on its list straight away.","No fue añadido. No todos los locales llegan a aparecer en el mapa. Sigue en tu perfil, pero no apareces en la lista de ningún club. Elige un club que ya esté en el mapa y aparecerás en su lista al instante.","","",""
"help-centre","entries.club-not-added.body[3]","You have not picked one yet. Open Clubs on your profile and search for the club you play at. If it is there, choose it and you are on its list. If it is not there, you can submit it.","Aún no has elegido uno. Abre Clubes en tu perfil y busca el club donde juegas. Si aparece, elígelo y quedarás en su lista. Si no aparece, puedes enviarlo.","","",""
"help-centre","entries.club-not-added.body[4]","One thing worth knowing either way: the map is for public pool venues — a club, a hall, a bar with a table. A home or a private address is not added to it.","Algo que conviene saber en cualquier caso: el mapa es para locales de billar públicos — un club, una sala, un bar con mesa. Un domicilio o una dirección privada no se añade.","","",""
"help-centre","entries.club-not-added.body[5]","Whichever of the three you are in, nothing else about your account changes, and everything else in 8nOut carries on working.","Sea cual sea de las tres situaciones en la que te encuentres, nada más cambia en tu cuenta, y todo lo demás en 8nOut sigue funcionando igual.","","",""
"help-centre","entries.club-not-added.keywords[0]","club","club","","",""
"help-centre","entries.club-not-added.keywords[1]","missing","falta","","",""
"help-centre","entries.club-not-added.keywords[2]","not on the map","no está en el mapa","","",""
"help-centre","entries.club-not-added.keywords[3]","pending","pendiente","","",""
"help-centre","entries.club-not-added.keywords[4]","review","revisión","","",""
"help-centre","entries.club-not-added.keywords[5]","not approved","no aprobado","","",""
"help-centre","entries.club-not-added.keywords[6]","venue","local","","",""
"help-centre","entries.club-not-added.links[0].label","How do I add a club to the map?","","","",""
"help-centre","entries.club-not-added.links[1].label","How do I get on the map?","","","",""
"help-centre","entries.ready-to-play.question","What does Ready to play mean?","¿Qué significa Listo para jugar?","","",""
"help-centre","entries.ready-to-play.summary","A switch on your profile, called Open to play. Turn it on and your row on a club's list reads Ready to play.","Un interruptor en tu perfil llamado Abierto a jugar. Actívalo y tu fila en la lista de un club mostrará Listo para jugar.","","",""
"help-centre","entries.ready-to-play.body[0]","Open to play is a switch on your profile. It is the one thing on 8nOut that says you are up for a game at the moment, rather than in general.","Abierto a jugar es un interruptor en tu perfil. Es lo único en 8nOut que indica que te apetece jugar ahora mismo, en lugar de en general.","","",""
"help-centre","entries.ready-to-play.body[1]","Turn it on and your row on your club's list reads Ready to play. So does your public profile, which anyone with the link can open, signed in or not. You are on the list either way.","Actívalo y tu fila en la lista de tu club mostrará Listo para jugar. Lo mismo ocurre en tu perfil público, que puede abrir cualquiera con el enlace, con sesión iniciada o sin ella. Apareces en la lista de todos modos.","","",""
"help-centre","entries.ready-to-play.body[2]","If your club is still waiting to be looked at, there is no club list carrying your row yet. In that case your name carries Ready to play in player search and on your public profile.","Si tu club aún está pendiente de revisión, todavía no hay ninguna lista de club con tu fila. En ese caso, tu nombre lleva Listo para jugar en la búsqueda de jugadores y en tu perfil público.","","",""
"help-centre","entries.ready-to-play.body[3]","Turn it off and nothing else changes. You are on the list either way — the switch only says whether you are up for a game right now.","Desactívalo y nada más cambia. Apareces en la lista de todos modos — el interruptor solo indica si te apetece jugar en este momento.","","",""
"help-centre","entries.ready-to-play.body[4]","It is a switch, not a promise. Turn it on before a weekend and off again on Monday. Nobody is told either way.","Es un interruptor, no una promesa. Actívalo antes de un fin de semana y desactívalo el lunes. A nadie se le avisa, en ningún sentido.","","",""
"help-centre","entries.ready-to-play.keywords[0]","ready to play","listo para jugar","","",""
"help-centre","entries.ready-to-play.keywords[1]","open to play","abierto a jugar","","",""
"help-centre","entries.ready-to-play.keywords[2]","available","disponible","","",""
"help-centre","entries.ready-to-play.keywords[3]","switch","interruptor","","",""
"help-centre","entries.ready-to-play.keywords[4]","toggle","activar/desactivar","","",""
"help-centre","entries.ready-to-play.keywords[5]","up for a game","con ganas de jugar","","",""
"help-centre","entries.ready-to-play.links[0].label","How do I get on the map?","","","",""
"help-centre","entries.ready-to-play.links[1].label","Why do I have to connect first?","","","",""
"help-centre","entries.getting-on-the-map.question","How do I get on the map?","¿Cómo aparezco en el mapa?","","",""
"help-centre","entries.getting-on-the-map.summary","You do not get a pin of your own. Add the club you play at, and your name is on that club's list — which is what other players open.","No obtienes un pin propio. Añade el club donde juegas, y tu nombre aparecerá en la lista de ese club — que es lo que abren los demás jugadores.","","",""
"help-centre","entries.getting-on-the-map.body[0]","The pins on the map are clubs. You do not get a pin of your own, and you do not need one.","Los pines del mapa son clubes. No obtienes un pin propio, y tampoco lo necesitas.","","",""
"help-centre","entries.getting-on-the-map.body[1]","Add the club you play at, and your name goes on that club's list — the same list you see when you open a club on the map. That is how other players find you: they look at the clubs near them and see who plays there.","Añade el club donde juegas, y tu nombre pasará a la lista de ese club — la misma lista que ves al abrir un club en el mapa. Así te encuentran otros jugadores: miran los clubes cerca de ellos y ven quién juega allí.","","",""
"help-centre","entries.getting-on-the-map.body[2]","You can add up to three clubs, so if you play in more than one place, add them all.","Puedes añadir hasta tres clubes, así que si juegas en más de un sitio, añádelos todos.","","",""
"help-centre","entries.getting-on-the-map.body[3]","If your club is not on 8nOut yet, you can submit it. It goes on the map once it has been approved, and until then you are on no club's list.","Si tu club aún no está en 8nOut, puedes enviarlo. Aparecerá en el mapa en cuanto se apruebe, y hasta entonces no apareces en la lista de ningún club.","","",""
"help-centre","entries.getting-on-the-map.body[4]","The other thing worth filling in is your country and town. Players filter the map by country and town, so without yours you are hard to find.","Lo otro que merece la pena rellenar es tu país y ciudad. Los jugadores filtran el mapa por país y ciudad, así que sin los tuyos es difícil que te encuentren.","","",""
"help-centre","entries.getting-on-the-map.keywords[0]","map","mapa","","",""
"help-centre","entries.getting-on-the-map.keywords[1]","pin","pin","","",""
"help-centre","entries.getting-on-the-map.keywords[2]","visible","visible","","",""
"help-centre","entries.getting-on-the-map.keywords[3]","findable","localizable","","",""
"help-centre","entries.getting-on-the-map.keywords[4]","club list","lista de club","","",""
"help-centre","entries.getting-on-the-map.keywords[5]","roster","listado de jugadores","","",""
"help-centre","entries.getting-on-the-map.keywords[6]","town","ciudad","","",""
"help-centre","entries.getting-on-the-map.links[0].label","How do I add a club to the map?","","","",""
"help-centre","entries.getting-on-the-map.links[1].label","My club is not on the map","","","",""
"help-centre","entries.getting-on-the-map.links[2].label","How do I filter the map?","","","",""
"help-centre","entries.filtering-the-map.question","How do I filter the map?","¿Cómo filtro el mapa?","","",""
"help-centre","entries.filtering-the-map.summary","Narrow it by open to play, country and city. The filters stack, and clearing them brings everything back.","Fíltralo por abierto a jugar, país y ciudad. Los filtros se combinan, y borrarlos hace que vuelva a aparecer todo.","","",""
"help-centre","entries.filtering-the-map.body[0]","The map gets busy, so you can narrow it down.","El mapa se llena, así que puedes acotarlo.","","",""
"help-centre","entries.filtering-the-map.body[1]","In the iPhone app, tap the filter button at the top right of the Map tab. You get three things: an Open to play only switch, a country and a city.","En la aplicación de iPhone, toca el botón de filtro arriba a la derecha en la pestaña Mapa. Tienes tres opciones: un interruptor Solo abierto a jugar, un país y una ciudad.","","",""
"help-centre","entries.filtering-the-map.body[2]","In the web app the same three sit on the map itself, as controls you tap or choose from.","En la aplicación web, esos mismos tres controles están en el propio mapa, para tocar o elegir directamente.","","",""
"help-centre","entries.filtering-the-map.body[3]","The filters stack. Pick a country and then a city and the map narrows further and zooms to fit what is left. Clear them and everything comes back.","Los filtros se combinan. Elige un país y luego una ciudad, y el mapa se acota más y hace zoom sobre lo que queda. Bórralos y todo vuelve a aparecer.","","",""
"help-centre","entries.filtering-the-map.keywords[0]","filter","filtro","","",""
"help-centre","entries.filtering-the-map.keywords[1]","search","buscar","","",""
"help-centre","entries.filtering-the-map.keywords[2]","country","país","","",""
"help-centre","entries.filtering-the-map.keywords[3]","city","ciudad","","",""
"help-centre","entries.filtering-the-map.keywords[4]","narrow","acotar","","",""
"help-centre","entries.filtering-the-map.keywords[5]","map","mapa","","",""
"help-centre","entries.filtering-the-map.links[0].label","How do I get on the map?","","","",""
"help-centre","entries.adding-a-club.question","How do I add a club to the map?","¿Cómo añado un club al mapa?","","",""
"help-centre","entries.adding-a-club.summary","Search for it first. If it is not there, submit it — a person reads every new venue, and it goes on the map once it is approved.","Búscalo primero. Si no aparece, envíalo — una persona revisa cada local nuevo, y aparece en el mapa en cuanto se aprueba.","","",""
"help-centre","entries.adding-a-club.body[0]","Clubs get onto the map because players put them there, so if yours is missing you can add it yourself.","Los clubes llegan al mapa porque los jugadores los añaden, así que si falta el tuyo, puedes añadirlo tú mismo.","","",""
"help-centre","entries.adding-a-club.body[1]","Go to your profile, open Clubs and choose to add a club. Search first — it may already be on 8nOut under a slightly different name. If it is there, pick it and you are done.","Ve a tu perfil, abre Clubes y elige añadir un club. Busca primero — puede que ya esté en 8nOut con un nombre ligeramente distinto. Si está, elígelo y ya está.","","",""
"help-centre","entries.adding-a-club.body[2]","If it is not there, submit it as a new venue. While you type the name, 8nOut shows matching clubs it already has — if yours appears, pick it and you are done.","Si no está, envíalo como local nuevo. Mientras escribes el nombre, 8nOut muestra clubes similares que ya existen — si aparece el tuyo, elígelo y ya está.","","",""
"help-centre","entries.adding-a-club.body[3]","A person reads every new venue before it goes on the map, so give it a little time. In the meantime it sits in your own club list, marked pending review.","Una persona revisa cada local nuevo antes de que aparezca en el mapa, así que dale algo de tiempo. Mientras tanto, queda en tu propia lista de clubes, marcado como pendiente de revisión.","","",""
"help-centre","entries.adding-a-club.body[4]","Once it is approved, the club is on the map and your name is on its list. Until then, you are not on any club's list.","En cuanto se aprueba, el club está en el mapa y tu nombre en su lista. Hasta entonces, no apareces en la lista de ningún club.","","",""
"help-centre","entries.adding-a-club.body[5]","One rule: the map is for public pool venues — clubs, halls, bars with a table. Never a home or a private address.","Una regla: el mapa es para locales de billar públicos — clubes, salas, bares con mesa. Nunca un domicilio o una dirección privada.","","",""
"help-centre","entries.adding-a-club.keywords[0]","add club","añadir club","","",""
"help-centre","entries.adding-a-club.keywords[1]","new venue","local nuevo","","",""
"help-centre","entries.adding-a-club.keywords[2]","submit","enviar","","",""
"help-centre","entries.adding-a-club.keywords[3]","missing club","falta un club","","",""
"help-centre","entries.adding-a-club.keywords[4]","pool room","sala de billar","","",""
"help-centre","entries.adding-a-club.keywords[5]","approval","aprobación","","",""
"help-centre","entries.adding-a-club.links[0].label","My club is not on the map","","","",""
"help-centre","entries.adding-a-club.links[1].label","How do I get on the map?","","","",""
"help-centre","entries.map-numbers.question","What do the numbers above the map mean?","¿Qué significan los números encima del mapa?","","",""
"help-centre","entries.map-numbers.summary","Online now is how many members are active across 8nOut right now. Active games is how many live scoreboard games are in progress at the moment.","En línea ahora indica cuántos miembros están activos en toda la aplicación 8nOut en este momento. Partidas activas indica cuántos marcadores en directo están en curso ahora mismo.","","",""
"help-centre","entries.map-numbers.body[0]","Online now counts members active across the whole of 8nOut right now — not just the ones near you or at your club.","En línea ahora cuenta a los miembros activos en toda la aplicación 8nOut en este momento — no solo los que están cerca de ti o en tu club.","","",""
"help-centre","entries.map-numbers.body[1]","Active games counts live scoreboard games in progress right now. It is a live count, not a list, so tapping it does not open anything.","Partidas activas cuenta marcadores en directo en curso ahora mismo. Es un recuento en vivo, no una lista, así que tocarlo no abre nada.","","",""
"help-centre","entries.map-numbers.keywords[0]","online now","en línea ahora","","",""
"help-centre","entries.map-numbers.keywords[1]","active games","partidas activas","","",""
"help-centre","entries.map-numbers.keywords[2]","heartbeat","estadísticas del mapa","","",""
"help-centre","entries.map-numbers.keywords[3]","map stats","marcador en directo","","",""
"help-centre","entries.map-numbers.keywords[4]","live scoreboard","números sobre el mapa","","",""
"help-centre","entries.map-numbers.keywords[5]","numbers above the map","","","",""
"help-centre","entries.map-numbers.links[0].label","How do I get on the map?","","","",""
"help-centre","entries.map-numbers.links[1].label","How do I filter the map?","","","",""
"help-centre","entries.how-connecting-works.question","Why do I have to connect before I can contact someone?","¿Por qué tengo que conectar antes de poder contactar a alguien?","","",""
"help-centre","entries.how-connecting-works.summary","Because being on the map is not the same as agreeing to be contacted. Connecting is how the other player says yes.","Porque estar en el mapa no es lo mismo que aceptar que te contacten. Conectar es la forma en que el otro jugador dice que sí.","","",""
"help-centre","entries.how-connecting-works.body[0]","Because being on the map is not the same as agreeing to be contacted.","Porque estar en el mapa no es lo mismo que aceptar que te contacten.","","",""
"help-centre","entries.how-connecting-works.body[1]","So on 8nOut you find someone, and then you ask. You send a connection request; they accept, or they do not. Contact details are only visible to accepted connections, so until they have accepted there is nothing of theirs to see, and nothing of yours either.","Así que en 8nOut encuentras a alguien, y luego lo pides. Envías una solicitud de conexión; la otra persona la acepta, o no. Los datos de contacto solo son visibles para conexiones aceptadas, así que hasta que la acepten, no hay nada suyo que ver, ni nada tuyo tampoco.","","",""
"help-centre","entries.how-connecting-works.body[2]","It works in your favour in both directions. If a request does not appeal to you, you decline it and that is the end of it — no message is sent, and the other player cannot reach you.","Funciona a tu favor en ambos sentidos. Si una solicitud no te convence, la rechazas y ahí termina todo — no se envía ningún mensaje, y el otro jugador no puede contactarte.","","",""
"help-centre","entries.how-connecting-works.body[3]","This is the part of 8nOut people question most, so it is worth being plain about why. A map of players only works if players are willing to be on it, and knowing that a stranger cannot simply pick up your number is what makes that willingness possible. The small step of asking first is what buys it.","Esta es la parte de 8nOut que más se cuestiona, así que merece la pena explicar claramente el porqué. Un mapa de jugadores solo funciona si los jugadores están dispuestos a estar en él, y saber que un desconocido no puede simplemente coger tu número es lo que hace posible esa disposición. Ese pequeño paso de pedir permiso primero es lo que lo compra.","","",""
"help-centre","entries.how-connecting-works.body[4]","And it does not have to be slow. If you are standing next to the person, you do not need a request at all — show your connect code, they scan it, and you are connected on the spot.","Y no tiene por qué ser lento. Si estás justo al lado de la persona, ni siquiera necesitas una solicitud — muéstrale tu código de conexión, lo escanea, y quedáis conectados en el acto.","","",""
"help-centre","entries.how-connecting-works.keywords[0]","connect","conectar","","",""
"help-centre","entries.how-connecting-works.keywords[1]","request","solicitud","","",""
"help-centre","entries.how-connecting-works.keywords[2]","contact","contacto","","",""
"help-centre","entries.how-connecting-works.keywords[3]","accept","aceptar","","",""
"help-centre","entries.how-connecting-works.keywords[4]","decline","rechazar","","",""
"help-centre","entries.how-connecting-works.keywords[5]","privacy","privacidad","","",""
"help-centre","entries.how-connecting-works.keywords[6]","why","por qué","","",""
"help-centre","entries.how-connecting-works.links[0].label","What is my connect code?","","","",""
"help-centre","entries.how-connecting-works.links[1].label","How do I remove a connection?","","","",""
"help-centre","entries.connect-code.question","What is my connect code?","¿Qué es mi código de conexión?","","",""
"help-centre","entries.connect-code.summary","Your own QR code and link. Show it to a player in front of you, they scan it, and you are connected straight away — no request to accept.","Tu propio código QR y enlace. Muéstraselo a un jugador que tengas delante, lo escanea, y quedáis conectados al instante — sin ninguna solicitud que aceptar.","","",""
"help-centre","entries.connect-code.body[0]","Your connect code is the quick way to connect with somebody who is standing in front of you.","Tu código de conexión es la forma rápida de conectar con alguien que tienes delante.","","",""
"help-centre","entries.connect-code.body[1]","Open your profile, find the Open to play card and choose My connect code. It is in the same place on the iPhone app and in the web app. From there you can show your own QR code for someone to scan, scan theirs, or share your link by message or in a group.","Abre tu perfil, busca la tarjeta Abierto a jugar y elige Mi código de conexión. Está en el mismo sitio en la aplicación de iPhone y en la web. Desde ahí puedes mostrar tu propio código QR para que lo escaneen, escanear el de otra persona, o compartir tu enlace por mensaje o en un grupo.","","",""
"help-centre","entries.connect-code.body[2]","A scanned code, or an opened link, connects you both immediately. There is no request to send and nothing to accept — showing your code is the yes.","Un código escaneado, o un enlace abierto, os conecta a ambos al instante. No hay ninguna solicitud que enviar ni nada que aceptar — mostrar tu código es el sí.","","",""
"help-centre","entries.connect-code.body[3]","If your code ever ends up somewhere you did not intend, a screenshot in a group chat for instance, you can reset it. Your current QR and link stop working right away, and anyone already connected with you stays connected.","Si tu código acaba alguna vez donde no querías, por ejemplo una captura de pantalla en un chat de grupo, puedes restablecerlo. Tu QR y enlace actuales dejan de funcionar de inmediato, y quien ya esté conectado contigo sigue estándolo.","","",""
"help-centre","entries.connect-code.keywords[0]","connect code","código de conexión","","",""
"help-centre","entries.connect-code.keywords[1]","qr","qr","","",""
"help-centre","entries.connect-code.keywords[2]","scan","escanear","","",""
"help-centre","entries.connect-code.keywords[3]","link","enlace","","",""
"help-centre","entries.connect-code.keywords[4]","in person","en persona","","",""
"help-centre","entries.connect-code.keywords[5]","reset","restablecer","","",""
"help-centre","entries.connect-code.links[0].label","Why do I have to connect first?","","","",""
"help-centre","entries.removing-a-connection.question","How do I remove a connection?","¿Cómo elimino una conexión?","","",""
"help-centre","entries.removing-a-connection.summary","Open the Connections tab, find the player and choose Remove. Matches you already played against each other stay in both records.","Abre la pestaña Conexiones, busca al jugador y elige Eliminar. Las partidas que ya hayáis jugado entre vosotros se quedan en ambos registros.","","",""
"help-centre","entries.removing-a-connection.body[0]","A connection is not permanent. If you would rather not be connected to someone any more, you can undo it.","Una conexión no es permanente. Si prefieres dejar de estar conectado con alguien, puedes deshacerla.","","",""
"help-centre","entries.removing-a-connection.body[1]","Open the Connections tab, find the player and choose Remove.","Abre la pestaña Conexiones, busca al jugador y elige Eliminar.","","",""
"help-centre","entries.removing-a-connection.body[2]","After that you will lose each other's contact details, and any address shared for a game.","Después de eso perderéis los datos de contacto del otro, así como cualquier dirección compartida para una partida.","","",""
"help-centre","entries.removing-a-connection.body[3]","Matches you already played against each other stay in both records. They happened, and neither of you loses your own history.","Las partidas que ya hayáis jugado entre vosotros se quedan en ambos registros. Sucedieron, y ninguno de los dos pierde su propio historial.","","",""
"help-centre","entries.removing-a-connection.body[4]","You can connect again later if you both want to. Removing is not a door that locks behind you.","Podéis volver a conectar más adelante si los dos queréis. Eliminar no es una puerta que se cierra tras de ti.","","",""
"help-centre","entries.removing-a-connection.keywords[0]","remove","eliminar","","",""
"help-centre","entries.removing-a-connection.keywords[1]","disconnect","desconectar","","",""
"help-centre","entries.removing-a-connection.keywords[2]","undo","deshacer","","",""
"help-centre","entries.removing-a-connection.keywords[3]","connection","conexión","","",""
"help-centre","entries.removing-a-connection.keywords[4]","revoke","revocar","","",""
"help-centre","entries.removing-a-connection.links[0].label","Why do I have to connect first?","","","",""
"help-centre","entries.logging-a-match.question","How do I record a game I played in person?","¿Cómo registro una partida que jugué en persona?","","",""
"help-centre","entries.logging-a-match.summary","Once a game you arranged in 8nOut has been accepted, the Challenges tab lets you log the result by hand.","Una vez aceptada una partida que organizaste en 8nOut, la pestaña Desafíos te permite registrar el resultado a mano.","","",""
"help-centre","entries.logging-a-match.body[0]","Not every game happens on CueScore. If you arranged one through 8nOut, you can record the result yourself.","No todas las partidas se juegan en CueScore. Si organizaste una a través de 8nOut, puedes registrar tú mismo el resultado.","","",""
"help-centre","entries.logging-a-match.body[1]","Invite the player from their profile or from your Connections. Once they have accepted, the game shows in your Challenges tab with a Log result button.","Invita al jugador desde su perfil o desde tus Conexiones. En cuanto la acepte, la partida aparece en tu pestaña Desafíos con un botón Registrar resultado.","","",""
"help-centre","entries.logging-a-match.body[2]","Choose who won and, if you want, the score. That is the whole thing.","Elige quién ganó y, si quieres, el marcador. Eso es todo.","","",""
"help-centre","entries.logging-a-match.body[3]","The result then counts in your record, and in the head-to-head between the two of you.","El resultado cuenta entonces en tu registro, y en el historial entre vosotros dos.","","",""
"help-centre","entries.logging-a-match.body[4]","This route is for games arranged inside 8nOut. For a match you played on CueScore, you import it instead — that is a different answer.","Esta vía es para partidas organizadas dentro de 8nOut. Para una partida que jugaste en CueScore, la importas en su lugar — esa es otra respuesta.","","",""
"help-centre","entries.logging-a-match.keywords[0]","log","registrar","","",""
"help-centre","entries.logging-a-match.keywords[1]","record","resultado","","",""
"help-centre","entries.logging-a-match.keywords[2]","result","desafío","","",""
"help-centre","entries.logging-a-match.keywords[3]","challenge","en persona","","",""
"help-centre","entries.logging-a-match.keywords[4]","in person","marcador","","",""
"help-centre","entries.logging-a-match.keywords[5]","score","manual","","",""
"help-centre","entries.logging-a-match.keywords[6]","manual","","","",""
"help-centre","entries.logging-a-match.links[0].label","Importing a CueScore match","","","",""
"help-centre","entries.importing-a-match.question","How do I add a match I played on CueScore?","¿Cómo añado una partida que jugué en CueScore?","","",""
"help-centre","entries.importing-a-match.summary","Paste the link of a finished match you played. 8nOut reads the final score and puts it in your record.","Pega el enlace de una partida terminada que jugaste. 8nOut lee el marcador final y lo añade a tu registro.","","",""
"help-centre","entries.importing-a-match.body[0]","Matches are created, played and scored on CueScore. 8nOut does not create anything there — it reads a match you have already finished and keeps the result in your record.","Las partidas se crean, se juegan y se puntúan en CueScore. 8nOut no crea nada allí — lee una partida que ya has terminado y guarda el resultado en tu registro.","","",""
"help-centre","entries.importing-a-match.body[1]","You need your CueScore profile linked first. Then open your profile, go to Record and choose to import a CueScore match.","Primero necesitas tener tu perfil de CueScore vinculado. Después abre tu perfil, ve a Registro y elige importar una partida de CueScore.","","",""
"help-centre","entries.importing-a-match.body[2]","On CueScore, open the match you played and copy its link. Paste it into 8nOut and look the match up. You will see the result, your opponent and the venue, and then you confirm the import.","En CueScore, abre la partida que jugaste y copia su enlace. Pégalo en 8nOut y busca la partida. Verás el resultado, tu rival y el local, y luego confirmas la importación.","","",""
"help-centre","entries.importing-a-match.body[3]","Two limits are worth knowing. The match has to be finished on CueScore, so finish it there first. And it has to be a match you played — 8nOut checks it against your own linked CueScore profile, so you cannot import somebody else's.","Conviene conocer dos límites. La partida tiene que estar terminada en CueScore, así que termínala allí primero. Y tiene que ser una partida que hayas jugado tú — 8nOut lo comprueba contra tu propio perfil de CueScore vinculado, así que no puedes importar la partida de otra persona.","","",""
"help-centre","entries.importing-a-match.body[4]","Your opponent does not need to be on 8nOut. If they are, the match shows on their record too.","Tu rival no necesita tener 8nOut. Si lo tiene, la partida también aparece en su registro.","","",""
"help-centre","entries.importing-a-match.body[5]","For a game you arranged inside 8nOut there is a second route that has nothing to do with CueScore: you log the result by hand.","Para una partida que organizaste dentro de 8nOut, hay una segunda vía que no tiene nada que ver con CueScore: registras el resultado a mano.","","",""
"help-centre","entries.importing-a-match.keywords[0]","import","importar","","",""
"help-centre","entries.importing-a-match.keywords[1]","cuescore","cuescore","","",""
"help-centre","entries.importing-a-match.keywords[2]","match","partida","","",""
"help-centre","entries.importing-a-match.keywords[3]","record","registro","","",""
"help-centre","entries.importing-a-match.keywords[4]","result","resultado","","",""
"help-centre","entries.importing-a-match.keywords[5]","link","enlace","","",""
"help-centre","entries.importing-a-match.links[0].label","Recording a game you played in person","","","",""
"help-centre","entries.why-rotate-my-phone.question","Why is 8nOut suggesting I rotate my phone during a live match?","¿Por qué 8nOut sugiere que gire el móvil durante una partida en directo?","","",""
"help-centre","entries.why-rotate-my-phone.summary","It's a suggestion for a bigger scoreboard, not a requirement. Dismiss it with the small X, or just carry on playing in portrait.","Es una sugerencia para un marcador más grande, no un requisito. Ciérrala con la pequeña X, o simplemente sigue jugando en vertical.","","",""
"help-centre","entries.why-rotate-my-phone.body[0]","During a live or pending match, 8nOut shows a small banner on the scoreboard: Rotate for a bigger scoreboard. Turning your phone sideways gives the scoreboard more room — that is the whole reason for it.","Durante una partida en directo o pendiente, 8nOut muestra un pequeño aviso en el marcador: Gira para un marcador más grande. Poner el móvil de lado le da más espacio al marcador — esa es la única razón.","","",""
"help-centre","entries.why-rotate-my-phone.body[1]","It is a suggestion, not a requirement. 8nOut has never locked the scoreboard to one orientation. Every part of it works exactly the same in portrait, so leave your phone as it is if you would rather.","Es una sugerencia, no un requisito. 8nOut nunca ha bloqueado el marcador en una sola orientación. Todo funciona exactamente igual en vertical, así que deja el móvil como está si lo prefieres.","","",""
"help-centre","entries.why-rotate-my-phone.body[2]","Both the player keeping score and anyone watching see the same banner, for as long as the match is live or pending. Dismiss it with the small X in the corner and it is gone for that visit to the scoreboard. Close the screen and open it again later, and the banner is back — dismissing it is not remembered.","Tanto el jugador que lleva el marcador como cualquiera que esté mirando ven el mismo aviso, mientras la partida esté en directo o pendiente. Ciérralo con la pequeña X de la esquina y desaparece para esa visita al marcador. Cierra la pantalla y ábrela de nuevo más tarde, y el aviso vuelve a aparecer — cerrarlo no se recuerda.","","",""
"help-centre","entries.why-rotate-my-phone.body[3]","On the iPhone app the banner only appears in portrait, and never on an iPad. On the web app you will see the same banner on a phone-sized, portrait screen.","En la aplicación de iPhone el aviso solo aparece en vertical, y nunca en un iPad. En la aplicación web verás el mismo aviso en una pantalla de tamaño móvil, en vertical.","","",""
"help-centre","entries.why-rotate-my-phone.keywords[0]","rotate","girar","","",""
"help-centre","entries.why-rotate-my-phone.keywords[1]","rotate my phone","girar el móvil","","",""
"help-centre","entries.why-rotate-my-phone.keywords[2]","landscape","horizontal","","",""
"help-centre","entries.why-rotate-my-phone.keywords[3]","orientation","orientación","","",""
"help-centre","entries.why-rotate-my-phone.keywords[4]","scoreboard","marcador","","",""
"help-centre","entries.why-rotate-my-phone.keywords[5]","live match","partida en directo","","",""
"help-centre","entries.why-rotate-my-phone.keywords[6]","banner","aviso","","",""
"help-centre","entries.why-rotate-my-phone.keywords[7]","portrait","vertical","","",""
"help-centre","entries.why-rotate-my-phone.links[0].label","Recording a game you played in person","","","",""
"help-centre","entries.why-rotate-my-phone.links[1].label","Importing a CueScore match","","","",""
"help-centre","entries.why-did-my-match-end-automatically.question","Why did my live match end without me tapping Finish match?","","","",""
"help-centre","entries.why-did-my-match-end-automatically.summary","Once a player reaches the race-to target, 8nOut ends the match automatically — nothing to tap or confirm. The same pop-up appears whether the match finished on its own or you ended it early.","","","",""
"help-centre","entries.why-did-my-match-end-automatically.body[0]","Every live match on 8nOut has a race to set for it — the number of racks a player needs to win. Reach that number and the match is over there and then. You do not need to tap Finish match to end it — 8nOut ends it for you, the moment the winning rack closes.","","","",""
"help-centre","entries.why-did-my-match-end-automatically.body[1]","Finish match is still there too, unchanged, for ending a match early — if you need to stop before the race is decided.","","","",""
"help-centre","entries.why-did-my-match-end-automatically.body[2]","Either way, the same pop-up appears with the final score. If you are the one keeping score, you get two choices: End, or Start new match. If you are only watching, you get End — only the player keeping score can start a rematch.","","","",""
"help-centre","entries.why-did-my-match-end-automatically.body[3]","Start new match copies over the race to, the alternate-break setting, and the venue and table from the match you just finished, so there is nothing to set up again. The one thing it always asks fresh is who breaks first — that is never decided for you.","","","",""
"help-centre","entries.why-did-my-match-end-automatically.body[4]","One thing worth knowing: once you tap Start new match, you can no longer go back and correct the match you just finished. The Edit result link only lives on that match's own summary screen, and starting a new match replaces it with the new one. If a result needs fixing, do that first — before you start again.","","","",""
"help-centre","entries.why-did-my-match-end-automatically.keywords[0]","race to","","","",""
"help-centre","entries.why-did-my-match-end-automatically.keywords[1]","auto finish","","","",""
"help-centre","entries.why-did-my-match-end-automatically.keywords[2]","automatically","","","",""
"help-centre","entries.why-did-my-match-end-automatically.keywords[3]","match finished","","","",""
"help-centre","entries.why-did-my-match-end-automatically.keywords[4]","finish match","","","",""
"help-centre","entries.why-did-my-match-end-automatically.keywords[5]","start new match","","","",""
"help-centre","entries.why-did-my-match-end-automatically.keywords[6]","rematch","","","",""
"help-centre","entries.why-did-my-match-end-automatically.keywords[7]","who breaks first","","","",""
"help-centre","entries.why-did-my-match-end-automatically.keywords[8]","edit result","","","",""
"help-centre","entries.why-did-my-match-end-automatically.keywords[9]","correct a result","","","",""
"help-centre","entries.why-did-my-match-end-automatically.keywords[10]","post-match pop-up","","","",""
"help-centre","entries.why-did-my-match-end-automatically.links[0].label","Rotating your phone during a live match","","","",""
"help-centre","entries.changing-your-language.question","How do I change the language?","¿Cómo cambio el idioma?","","",""
"help-centre","entries.changing-your-language.summary","In the iPhone app it is Settings, then Language. In the web app it is the Profile tab, then Language.","En la aplicación de iPhone está en Ajustes, luego Idioma. En la aplicación web está en la pestaña Perfil, luego Idioma.","","",""
"help-centre","entries.changing-your-language.body[0]","8nOut comes in several languages — pick the one that suits you.","8nOut está disponible en varios idiomas — elige el que mejor te venga.","","",""
"help-centre","entries.changing-your-language.body[1]","In the iPhone app, open the Settings tab and find the Language section. You can choose System, which follows your iPhone's own language, or pick English (UK), Nederlands, Deutsch, Norsk (Bokmål), Español or Italiano directly.","En la aplicación de iPhone, abre la pestaña Ajustes y busca la sección Idioma. Puedes elegir Sistema, que sigue el idioma de tu iPhone, o elegir directamente English (UK), Nederlands, Deutsch, Norsk (Bokmål), Español o Italiano.","","",""
"help-centre","entries.changing-your-language.body[2]","On iPhone the change takes effect the next time you open 8nOut. That is how iOS handles app languages, so the app asks you to close it and open it again. Nothing has gone wrong.","En iPhone, el cambio se aplica la próxima vez que abras 8nOut. Así es como iOS gestiona los idiomas de las aplicaciones, así que la app te pide cerrarla y volver a abrirla. No ha pasado nada malo.","","",""
"help-centre","entries.changing-your-language.body[3]","In the web app, open the Profile tab and find the Language card. The same choices are there, and the change is immediate — nothing to reload and nothing to confirm.","En la aplicación web, abre la pestaña Perfil y busca la tarjeta Idioma. Las mismas opciones están ahí, y el cambio es inmediato — nada que recargar ni que confirmar.","","",""
"help-centre","entries.changing-your-language.body[4]","Your choice is kept where you made it. The iPhone app remembers it on that device, and the web app remembers it in that browser. They are separate settings, so changing one does not change the other.","Tu elección se guarda donde la hiciste. La aplicación de iPhone la recuerda en ese dispositivo, y la aplicación web la recuerda en ese navegador. Son ajustes independientes, así que cambiar uno no cambia el otro.","","",""
"help-centre","entries.changing-your-language.body[5]","These Help answers are translated too, though — like some of 8nOut's other translations — the wording isn't always checked by a native speaker yet.","Estas respuestas de Ayuda también están traducidas, aunque el texto — como otras traducciones de 8nOut — no siempre ha sido revisado todavía por un hablante nativo.","","",""
"help-centre","entries.changing-your-language.keywords[0]","language","idioma","","",""
"help-centre","entries.changing-your-language.keywords[1]","dutch","neerlandés","","",""
"help-centre","entries.changing-your-language.keywords[2]","german","alemán","","",""
"help-centre","entries.changing-your-language.keywords[3]","norwegian","noruego","","",""
"help-centre","entries.changing-your-language.keywords[4]","english","inglés","","",""
"help-centre","entries.changing-your-language.keywords[5]","settings","ajustes","","",""
"help-centre","entries.changing-your-language.keywords[6]","translate","traducir","","",""
"help-centre","entries.changing-your-language.links[0].label","The text looks garbled or half-translated","","","",""
"help-centre","entries.changing-your-language.links[1].label","Why does some of the translated text sound a bit off?","","","",""
"help-centre","entries.browser-translation.question","Why does the text look garbled or half-translated?","¿Por qué el texto se ve raro o a medio traducir?","","",""
"help-centre","entries.browser-translation.summary","The app is already translated. If the text looks garbled, your browser is re-translating it — turn off auto-translate for 8nout.com in the address bar, and pick your language inside 8nOut instead.","La aplicación ya está traducida. Si el texto se ve raro, tu navegador lo está volviendo a traducir — desactiva la traducción automática de 8nout.com en la barra de direcciones, y elige tu idioma dentro de 8nOut.","","",""
"help-centre","entries.browser-translation.body[0]","8nOut already speaks several languages. You don't need your browser to translate it.","8nOut ya habla varios idiomas. No necesitas que tu navegador lo traduzca.","","",""
"help-centre","entries.browser-translation.body[1]","If the words look wrong or garbled — say a Dutch page turned into broken English — it's almost always your browser's built-in translation switched on. It's re-translating a page that's already in the right language, and that's what mangles it.","Si las palabras se ven mal o raras —por ejemplo, una página en neerlandés que se convierte en un inglés incomprensible— casi siempre es la traducción integrada de tu navegador, que está activada. Está volviendo a traducir una página que ya está en el idioma correcto, y eso es lo que la estropea.","","",""
"help-centre","entries.browser-translation.body[2]","To fix it, turn off auto-translate for 8nout.com. Look for the translate icon in your browser's address bar and choose ""Show original"", or ""Never translate this site"". (You'll find this in Chrome, Edge and Safari.)","Para solucionarlo, desactiva la traducción automática para 8nout.com. Busca el icono de traducción en la barra de direcciones de tu navegador y elige ""Mostrar original"", o ""No traducir nunca este sitio"". (Lo encontrarás en Chrome, Edge y Safari.)","","",""
"help-centre","entries.browser-translation.body[3]","Want a different language? Choose it in 8nOut's own settings — the app stays correctly translated, whichever one you pick.","¿Quieres otro idioma? Elígelo en los propios ajustes de 8nOut — la aplicación se mantiene correctamente traducida, elijas el que elijas.","","",""
"help-centre","entries.browser-translation.keywords[0]","translate","traducir","","",""
"help-centre","entries.browser-translation.keywords[1]","translation","traducción","","",""
"help-centre","entries.browser-translation.keywords[2]","garbled","raro","","",""
"help-centre","entries.browser-translation.keywords[3]","language","idioma","","",""
"help-centre","entries.browser-translation.keywords[4]","browser","navegador","","",""
"help-centre","entries.browser-translation.keywords[5]","auto-translate","traducción automática","","",""
"help-centre","entries.browser-translation.links[0].label","How do I change the language?","","","",""
"help-centre","entries.browser-translation.links[1].label","Why does some of the translated text sound a bit off?","","","",""
"help-centre","entries.translation-quality.question","Why does some of the translated text sound a bit off?","¿Por qué parte del texto traducido suena un poco raro?","","",""
"help-centre","entries.translation-quality.summary","Most non-English text — in the app and in this Help Centre — is AI-assisted or volunteer-drafted, not checked word for word by a native speaker. Occasional rough phrasing is expected. Native speakers who'd like to help improve it are welcome to get in touch.","La mayor parte del texto no inglés —en la aplicación y en este Centro de ayuda— se redacta con ayuda de IA o por voluntarios, sin revisión palabra por palabra de un hablante nativo. Alguna frase un poco forzada es de esperar. Los hablantes nativos que quieran ayudar a mejorarlo son bienvenidos a ponerse en contacto.","","",""
"help-centre","entries.translation-quality.body[0]","Most of 8nOut's non-English text — in the app itself and in this Help Centre — is drafted with AI help or by volunteers, not checked word for word by a native speaker. So once in a while a sentence might read a bit stiff, or a word might land slightly wrong. That's expected, not a bug — we'd rather ship it imperfect than not translate it at all.","La mayor parte del texto no inglés de 8nOut —en la propia aplicación y en este Centro de ayuda— se redacta con ayuda de IA o por voluntarios, sin una revisión palabra por palabra de un hablante nativo. Así que, de vez en cuando, una frase puede sonar algo forzada, o una palabra puede no encajar del todo. Eso es lo esperado, no un fallo — preferimos publicarlo imperfecto antes que no traducirlo.","","",""
"help-centre","entries.translation-quality.body[1]","This is about app and Help Centre text only. The Terms of Service and the Privacy Policy are handled separately, with their own review — what they say has to be exact, so they don't get the same rough-and-ready treatment.","Esto se refiere solo al texto de la aplicación y del Centro de ayuda. Los Términos de Servicio y la Política de Privacidad se gestionan por separado, con su propia revisión — lo que dicen tiene que ser exacto, así que no reciben ese mismo trato provisional.","","",""
"help-centre","entries.translation-quality.body[2]","If a sentence reads badly enough to bother you, that's useful to know. And if you're a native speaker of one of 8nOut's languages and would like to help make it better, get in touch — we'd welcome the help.","Si una frase te resulta lo bastante molesta como para mencionarlo, es útil saberlo. Y si eres hablante nativo de uno de los idiomas de 8nOut y te gustaría ayudar a mejorarlo, ponte en contacto — agradeceríamos la ayuda.","","",""
"help-centre","entries.translation-quality.keywords[0]","translation","traducción","","",""
"help-centre","entries.translation-quality.keywords[1]","translate","traducir","","",""
"help-centre","entries.translation-quality.keywords[2]","language","idioma","","",""
"help-centre","entries.translation-quality.keywords[3]","native speaker","hablante nativo","","",""
"help-centre","entries.translation-quality.keywords[4]","volunteer","voluntario","","",""
"help-centre","entries.translation-quality.keywords[5]","quality","calidad","","",""
"help-centre","entries.translation-quality.keywords[6]","help translate","ayudar a traducir","","",""
"help-centre","entries.translation-quality.keywords[7]","ai","ia","","",""
"help-centre","entries.translation-quality.links[0].label","How do I change the language?","","","",""
"help-centre","entries.translation-quality.links[1].label","Why does the text look garbled or half-translated?","","","",""
"help-centre","entries.signed-in-account.question","Which account am I signed in with?","¿Con qué cuenta he iniciado sesión?","","",""
"help-centre","entries.signed-in-account.summary","In the iPhone app, Settings shows Signed in with. In the web app it is on the Profile tab. Worth checking if your details look empty.","En la aplicación de iPhone, Ajustes muestra Sesión iniciada con. En la aplicación web está en la pestaña Perfil. Merece la pena comprobarlo si tus datos parecen vacíos.","","",""
"help-centre","entries.signed-in-account.body[0]","You sign in to 8nOut with Apple or with Google. These are two different accounts, even when both are attached to the same email address.","Inicias sesión en 8nOut con Apple o con Google. Son dos cuentas distintas, incluso si ambas están vinculadas a la misma dirección de correo.","","",""
"help-centre","entries.signed-in-account.body[1]","In the iPhone app, open the Settings tab and look under Account. Signed in with tells you which one you are using. In the web app it is on the Profile tab.","En la aplicación de iPhone, abre la pestaña Ajustes y mira en Cuenta. Sesión iniciada con te dice cuál estás usando. En la aplicación web está en la pestaña Perfil.","","",""
"help-centre","entries.signed-in-account.body[2]","This is worth knowing because of one confusing thing. If you signed in with Google one day and with Apple the next, you are looking at a second, empty account — and right after answering the setup questions that looks as though your name, your town and your club have vanished.","Merece la pena saberlo por un motivo que puede confundir. Si un día iniciaste sesión con Google y al siguiente con Apple, estás viendo una segunda cuenta vacía — y justo después de responder a las preguntas iniciales, parece que tu nombre, tu ciudad y tu club han desaparecido.","","",""
"help-centre","entries.signed-in-account.body[3]","Nothing is lost. Sign out, sign back in with the one you used the first time, and everything is where you left it.","No se ha perdido nada. Cierra sesión, vuelve a iniciarla con la que usaste la primera vez, y todo está donde lo dejaste.","","",""
"help-centre","entries.signed-in-account.body[4]","If you are not sure which one you started with, check Signed in with on the device where your details still look right.","Si no estás seguro de con cuál empezaste, comprueba Sesión iniciada con en el dispositivo donde tus datos todavía se ven bien.","","",""
"help-centre","entries.signed-in-account.keywords[0]","sign in","iniciar sesión","","",""
"help-centre","entries.signed-in-account.keywords[1]","account","cuenta","","",""
"help-centre","entries.signed-in-account.keywords[2]","apple","apple","","",""
"help-centre","entries.signed-in-account.keywords[3]","google","google","","",""
"help-centre","entries.signed-in-account.keywords[4]","empty","vacío","","",""
"help-centre","entries.signed-in-account.keywords[5]","missing","desaparecido","","",""
"help-centre","entries.signed-in-account.keywords[6]","provider","proveedor","","",""
"help-centre","entries.signed-in-account.keywords[7]","two accounts","dos cuentas","","",""
"help-centre","entries.where-the-policies-live.question","Where are the Terms and the Privacy Policy?","¿Dónde están los Términos y la Política de Privacidad?","","",""
"help-centre","entries.where-the-policies-live.summary","Both are on 8nout.com, and both are linked at the bottom of this answer. In the iPhone app they are in Settings.","Ambos están en 8nout.com, y ambos están enlazados al final de esta respuesta. En la aplicación de iPhone están en Ajustes.","","",""
"help-centre","entries.where-the-policies-live.body[0]","The Terms of Service and the Privacy Policy are the documents that actually bind us, so we link them rather than summarise them here. A summary can drift from the document it summarises, and then there are two versions of the same promise.","Los Términos de Servicio y la Política de Privacidad son los documentos que realmente nos obligan, así que los enlazamos en lugar de resumirlos aquí. Un resumen puede distanciarse del documento que resume, y entonces existen dos versiones de la misma promesa.","","",""
"help-centre","entries.where-the-policies-live.body[1]","In the iPhone app, open the Settings tab and look under Legal. Both are there, each with its version number.","En la aplicación de iPhone, abre la pestaña Ajustes y mira en Legal. Ambos están ahí, cada uno con su número de versión.","","",""
"help-centre","entries.where-the-policies-live.body[2]","On the web, both are on 8nout.com, and the links under this answer go straight to them.","En la web, ambos están en 8nout.com, y los enlaces al final de esta respuesta van directamente a ellos.","","",""
"help-centre","entries.where-the-policies-live.body[3]","If you have a question about your own data, the Privacy Policy names the address to write to. It is a different address from general help, so a request about your data does not get lost behind a question about the map.","Si tienes una pregunta sobre tus propios datos, la Política de Privacidad indica la dirección a la que escribir. Es una dirección distinta a la de ayuda general, para que una solicitud sobre tus datos no se pierda detrás de una pregunta sobre el mapa.","","",""
"help-centre","entries.where-the-policies-live.keywords[0]","terms","términos","","",""
"help-centre","entries.where-the-policies-live.keywords[1]","privacy","privacidad","","",""
"help-centre","entries.where-the-policies-live.keywords[2]","policy","política","","",""
"help-centre","entries.where-the-policies-live.keywords[3]","legal","legal","","",""
"help-centre","entries.where-the-policies-live.keywords[4]","data","datos","","",""
"help-centre","entries.where-the-policies-live.keywords[5]","gdpr","rgpd","","",""
"help-centre","entries.where-the-policies-live.keywords[6]","rights","derechos","","",""
"help-centre","entries.where-the-policies-live.links[0].label","Privacy Policy","","","",""
"help-centre","entries.where-the-policies-live.links[1].label","Terms of Service","","","",""
"help-centre","entries.appearing-as-former-member.question","I left a City Ladder — can I still change how my name appears on past boards?","Salí de una City Ladder — ¿puedo cambiar cómo aparece mi nombre en los tableros anteriores?","","",""
"help-centre","entries.appearing-as-former-member.summary","Yes, any time. From your Profile, choose to appear as Former member instead of your name on past-season City Ladder boards. Your position and rating for that season aren't touched — only the name next to them changes.","Sí, en cualquier momento. Desde tu Perfil, elige aparecer como Antiguo miembro en lugar de tu nombre en los tableros de City Ladder de temporadas pasadas. Tu posición y tu rating de esa temporada no se tocan — solo cambia el nombre junto a ellos.","","",""
"help-centre","entries.appearing-as-former-member.body[0]","A City Ladder season is saved once it closes, and if you were ranked in it your name stays on that saved board. Leaving the ladder doesn't take your name off a season that has already been recorded.","Una temporada de City Ladder se guarda en cuanto termina, y si estuviste clasificado en ella, tu nombre permanece en ese tablero guardado. Salir de la escalera no quita tu nombre de una temporada que ya ha quedado registrada.","","",""
"help-centre","entries.appearing-as-former-member.body[1]","You can change that from your Profile. If you have a season saved under your name, you'll see a line telling you so, with a button: How my name appears in past seasons. It's there whether or not you're still on the ladder.","Puedes cambiar eso desde tu Perfil. Si tienes una temporada guardada con tu nombre, verás una línea que te lo indica, con un botón: Cómo aparece mi nombre en temporadas pasadas. Está ahí tanto si sigues en la escalera como si no.","","",""
"help-centre","entries.appearing-as-former-member.body[2]","Choose it, and those saved boards show you as Former member instead of your name from then on. Your position and rating for that season aren't touched — only the name next to them changes.","Elígelo, y esos tableros guardados te mostrarán a partir de entonces como Antiguo miembro en lugar de tu nombre. Tu posición y tu rating de esa temporada no se tocan — solo cambia el nombre junto a ellos.","","",""
"help-centre","entries.appearing-as-former-member.body[3]","You can do this whenever suits you, right when you leave or long afterwards. It's a separate choice from leaving itself: a member still on the ladder who wants an older season de-identified can use the same control from the board screen, without quitting.","Puedes hacerlo cuando te convenga, justo al salir o mucho después. Es una decisión aparte de salir en sí: un miembro que sigue en la escalera y quiere que se elimine la identificación de una temporada anterior puede usar el mismo control desde la pantalla del tablero, sin darse de baja.","","",""
"help-centre","entries.appearing-as-former-member.keywords[0]","city ladder","city ladder","","",""
"help-centre","entries.appearing-as-former-member.keywords[1]","former member","antiguo miembro","","",""
"help-centre","entries.appearing-as-former-member.keywords[2]","past season","temporada anterior","","",""
"help-centre","entries.appearing-as-former-member.keywords[3]","archive","archivo","","",""
"help-centre","entries.appearing-as-former-member.keywords[4]","name","nombre","","",""
"help-centre","entries.appearing-as-former-member.keywords[5]","leaving the ladder","salir de la escalera","","",""
"help-centre","entries.appearing-as-former-member.keywords[6]","de-identify","eliminar identificación","","",""
"help-centre","entries.appearing-as-former-member.links[0].label","What happens to old seasons, and can I leave the ladder?","","","",""
"help-centre","entries.joining-the-ladder.question","What is the City Ladder, and how do I join one?","","","",""
"help-centre","entries.joining-the-ladder.summary","A rating that moves with your results, shared with everyone playing in your own city. Join if you're in that city and have an approved club there.","","","",""
"help-centre","entries.joining-the-ladder.body[0]","The City Ladder is a running rating for everyone playing in your city. Play a match against another member and it moves — win and you climb, lose and you drop — and there's a shared board showing where everyone in your city currently stands.","","","",""
"help-centre","entries.joining-the-ladder.body[1]","Joining is opt-in, and you can only be on one city's ladder at a time — the city on your own profile. You'll also need an approved club there; a club still waiting on review doesn't count yet, so if joining isn't showing as an option, that's the first thing worth checking.","","","",""
"help-centre","entries.joining-the-ladder.body[2]","Not every city has a ladder running yet. Open the ladder card on your profile and 8nOut tells you which cities do — if yours isn't one of them yet, that's all it will say for now.","","","",""
"help-centre","entries.joining-the-ladder.body[3]","You join, and leave, from your own profile, whenever you like. None of it touches your match record, your clubs or your account — it's the ladder itself that changes, nothing else.","","","",""
"help-centre","entries.joining-the-ladder.keywords[0]","city ladder","","","",""
"help-centre","entries.joining-the-ladder.keywords[1]","ladder","","","",""
"help-centre","entries.joining-the-ladder.keywords[2]","join","","","",""
"help-centre","entries.joining-the-ladder.keywords[3]","rating","","","",""
"help-centre","entries.joining-the-ladder.keywords[4]","standings","","","",""
"help-centre","entries.joining-the-ladder.keywords[5]","board","","","",""
"help-centre","entries.joining-the-ladder.keywords[6]","approved club","","","",""
"help-centre","entries.joining-the-ladder.keywords[7]","opt-in","","","",""
"help-centre","entries.joining-the-ladder.keywords[8]","rank","","","",""
"help-centre","entries.joining-the-ladder.links[0].label","How does my ladder rating work?","","","",""
"help-centre","entries.joining-the-ladder.links[1].label","Who can see the ladder standings?","","","",""
"help-centre","entries.joining-the-ladder.links[2].label","My club is not on the map","","","",""
"help-centre","entries.ladder-rating.question","How does my ladder rating work?","","","",""
"help-centre","entries.ladder-rating.summary","It's a rating that moves with your results, not a running score. Win and it climbs, lose and it drops — more for a bigger upset.","","","",""
"help-centre","entries.ladder-rating.body[0]","Everyone starts at the same rating: 1500. From there, it moves with your results against other members of your own city's ladder — up when you win, down when you lose. It's a rating rather than a points total, so there's nothing to build up and nothing that resets partway through.","","","",""
"help-centre","entries.ladder-rating.body[1]","The size of the move depends on who you're playing. Beating someone rated well above you moves your rating more than beating someone close to your own level, and losing to someone rated well below you costs more than losing to someone near you.","","","",""
"help-centre","entries.ladder-rating.body[2]","It also settles down the more you play. Your rating moves quickly across your first several matches while it finds your level, then more gently once it has.","","","",""
"help-centre","entries.ladder-rating.body[3]","Any match you log with another member of your own city's ladder counts — logged by hand, from a live scoreboard, or imported from CueScore, it makes no difference which. A match against someone not on your city's ladder doesn't move your rating either way.","","","",""
"help-centre","entries.ladder-rating.keywords[0]","rating","","","",""
"help-centre","entries.ladder-rating.keywords[1]","ladder rating","","","",""
"help-centre","entries.ladder-rating.keywords[2]","elo","","","",""
"help-centre","entries.ladder-rating.keywords[3]","how it works","","","",""
"help-centre","entries.ladder-rating.keywords[4]","climb","","","",""
"help-centre","entries.ladder-rating.keywords[5]","1500","","","",""
"help-centre","entries.ladder-rating.keywords[6]","starting rating","","","",""
"help-centre","entries.ladder-rating.links[0].label","What is the City Ladder, and how do I join one?","","","",""
"help-centre","entries.ladder-rating.links[1].label","Recording a game you played in person","","","",""
"help-centre","entries.ladder-rating.links[2].label","Adding a match I played on CueScore","","","",""
"help-centre","entries.ladder-standings.question","Who can see the ladder standings, and what happens if I stop playing?","","","",""
"help-centre","entries.ladder-standings.summary","Only members of your own city's ladder — rank, name, rating and when you last played — nothing more than that, and no way to challenge or message anyone from the board itself.","","","",""
"help-centre","entries.ladder-standings.body[0]","The standings board is visible to members of your own city's ladder — nobody outside it, and no other city's board. What it shows is rank, name, rating and when you last played — nothing more than that.","","","",""
"help-centre","entries.ladder-standings.body[1]","You can't challenge or message anyone from the board itself — tapping a row does nothing, on purpose. That's also why blocking someone doesn't take them off your city's board: the board doesn't check blocks, because there's no way to reach anyone from it in the first place. Everywhere else in 8nOut — messaging, connecting, challenges — blocking works exactly as you'd expect.","","","",""
"help-centre","entries.ladder-standings.body[2]","You'll be in one of three positions. Ranked and on the board, if you've played recently. Joined but not yet ranked, if you haven't logged your first match yet — play one with another member here and you'll appear. Or off the board for now, if it's been a while: 60 days without a logged match is what moves you off it.","","","",""
"help-centre","entries.ladder-standings.body[3]","Going quiet doesn't cost you anything. Your rating stays exactly where it was for as long as you're off the board, and one logged match puts you straight back at that same rating. Either way, you can always see your own current rating on your own profile, even while you're hidden from everyone else's view of the board.","","","",""
"help-centre","entries.ladder-standings.keywords[0]","standings","","","",""
"help-centre","entries.ladder-standings.keywords[1]","board","","","",""
"help-centre","entries.ladder-standings.keywords[2]","who can see","","","",""
"help-centre","entries.ladder-standings.keywords[3]","ranked","","","",""
"help-centre","entries.ladder-standings.keywords[4]","not ranked yet","","","",""
"help-centre","entries.ladder-standings.keywords[5]","off the board","","","",""
"help-centre","entries.ladder-standings.keywords[6]","60 days","","","",""
"help-centre","entries.ladder-standings.keywords[7]","avatar","","","",""
"help-centre","entries.ladder-standings.keywords[8]","block","","","",""
"help-centre","entries.ladder-standings.keywords[9]","challenge from board","","","",""
"help-centre","entries.ladder-standings.links[0].label","What is the City Ladder, and how do I join one?","","","",""
"help-centre","entries.ladder-standings.links[1].label","Why do I have to connect first?","","","",""
"help-centre","entries.ladder-seasons.question","What happens to old seasons, and can I leave the ladder?","","","",""
"help-centre","entries.ladder-seasons.summary","Season boards are saved permanently, with your name on them — even after you leave. There's a Former member option if you'd rather your name wasn't there.","","","",""
"help-centre","entries.ladder-seasons.body[0]","A season is a stretch of time on the ladder. When one ends, that moment's standings are saved as a permanent record — a picture of exactly how the board stood. Your rating itself doesn't reset: it keeps moving straight into the next season, uninterrupted.","","","",""
"help-centre","entries.ladder-seasons.body[1]","Season archives are kept for good. There's no cut-off where old boards disappear, and that stays true even after you leave the ladder yourself. If someone is removed from a season's record, their spot is left empty rather than closed up, so nobody else's placing quietly shifts.","","","",""
"help-centre","entries.ladder-seasons.body[2]","If you'd rather your name wasn't attached to those old boards going forward, you can switch on Show me as ""Former member"" — either on the leave screen when you leave, or any time before that from the board screen. It replaces your name on every past season's standings without touching the ranks or ratings themselves, and it's off by default. The switch only works while you're still on the ladder, though — once you've left, it's no longer there to tap. Already left? Email privacy@8nout.com and we'll switch it on for you, free, without you needing to rejoin the ladder or delete your account.","","","",""
"help-centre","entries.ladder-seasons.body[3]","Leaving the ladder itself is simple, and separate from all of that. Come off it from your profile and your rating stops moving — it isn't kept, so if you join again later you start over at 1500, the same as any new member. None of this touches your match record, your clubs or your account.","","","",""
"help-centre","entries.ladder-seasons.keywords[0]","season","","","",""
"help-centre","entries.ladder-seasons.keywords[1]","archive","","","",""
"help-centre","entries.ladder-seasons.keywords[2]","leave","","","",""
"help-centre","entries.ladder-seasons.keywords[3]","leaving ladder","","","",""
"help-centre","entries.ladder-seasons.keywords[4]","former member","","","",""
"help-centre","entries.ladder-seasons.keywords[5]","rating reset","","","",""
"help-centre","entries.ladder-seasons.keywords[6]","1500","","","",""
"help-centre","entries.ladder-seasons.keywords[7]","history","","","",""
"help-centre","entries.ladder-seasons.keywords[8]","permanent","","","",""
"help-centre","entries.ladder-seasons.links[0].label","What is the City Ladder, and how do I join one?","","","",""
"help-centre","entries.ladder-seasons.links[1].label","How does my ladder rating work?","","","",""
"help-centre","entries.ladder-seasons.links[2].label","I left a City Ladder — can I still change how my name appears on past boards?","","","",""
"help-centre","entries.exporting-the-board.question","Can I print or share the ladder board?","","","",""
"help-centre","entries.exporting-the-board.summary","You can export a dated snapshot to print or put up at your club. It's not a live link — it's a picture of the board at that moment, and it won't update.","","","",""
"help-centre","entries.exporting-the-board.body[0]","Any member of the ladder can export the standings board — including to print and put up on a noticeboard at a club. It's worth knowing that before you join: your name and position could end up on a printed sheet somewhere, the same as they're already on the board itself.","","","",""
"help-centre","entries.exporting-the-board.body[1]","What you get is called Export the board, not Share, because there isn't a link. It's a dated snapshot: rank, name and rating, exactly as the board stood when you exported it. Last-played dates are left off, and so is anything you hadn't loaded on screen yet — if you want the whole board on the sheet, tap Show more until you reach the bottom, then export. Once it's exported it doesn't update — a stamp on it says as of when, and points back to the app for the current standings.","","","",""
"help-centre","entries.exporting-the-board.body[2]","There's no shareable link on it. On the iPhone app it opens the normal share sheet as an image; on the web app it uses your browser's own print dialog. Either way, whoever you hand it to sees that one moment, nothing more.","","","",""
"help-centre","entries.exporting-the-board.keywords[0]","export","","","",""
"help-centre","entries.exporting-the-board.keywords[1]","print","","","",""
"help-centre","entries.exporting-the-board.keywords[2]","share board","","","",""
"help-centre","entries.exporting-the-board.keywords[3]","printable","","","",""
"help-centre","entries.exporting-the-board.keywords[4]","noticeboard","","","",""
"help-centre","entries.exporting-the-board.keywords[5]","snapshot","","","",""
"help-centre","entries.exporting-the-board.keywords[6]","qr code","","","",""
"help-centre","entries.exporting-the-board.keywords[7]","link","","","",""
"help-centre","entries.exporting-the-board.links[0].label","What is the City Ladder, and how do I join one?","","","",""
"help-centre","entries.exporting-the-board.links[1].label","Who can see the ladder standings?","","","",""
"help-centre","entries.live-scoreboard.question","What is the live scoreboard?","","","",""
"help-centre","entries.live-scoreboard.summary","A real-time, rack-by-rack score tracker for a match between two connected players. Start one from an accepted challenge, a connection's profile, or their pin on the map — tap who breaks first and you're straight into it.","","","",""
"help-centre","entries.live-scoreboard.body[0]","The live scoreboard tracks a One Pocket match rack by rack, in real time, between two connected players. One of you keeps score as you play; you both watch the same board update on your own phone.","","","",""
"help-centre","entries.live-scoreboard.body[1]","You can start one from an accepted challenge in the Challenges tab, from a connection's own profile, or from their pin on the map — the same button in all three places. Either way you need to already be connected, the same rule as everywhere else in 8nOut.","","","",""
"help-centre","entries.live-scoreboard.body[2]","Setting one up takes a few quick taps: how many racks you're racing to, how the break works, and where you're playing if you want to note it. The last step is who breaks first — tap your name, tap theirs, or ask 8nOut to flip for you. There's no separate Start button: picking who breaks first is what starts the match, straight away.","","","",""
"help-centre","entries.live-scoreboard.body[3]","While you're playing, Point adds a rack to whoever's turn it currently shows, and Opp. pt adds one to the other player. Foul takes a point away from whoever's turn it is, and it can carry on below zero if they're already on none. If the turn is ever showing the wrong player, Switch corrects it — Point and Opp. pt immediately follow whichever name is highlighted after that. Undo takes back your last tap.","","","",""
"help-centre","entries.live-scoreboard.body[4]","Timeout pauses the match without ending it — for a real break in play, not something you need to remember to use. Tap it and the board shows paused for both of you; tap Resume when you're ready to carry on.","","","",""
"help-centre","entries.live-scoreboard.body[5]","Nothing lives only on your phone. Every point is saved the moment it's tapped in, so backgrounding the app, or being interrupted mid-game, loses nothing — open 8nOut again and the board is exactly where you left it. If you close the scoreboard screen itself rather than just switching apps, the match keeps running: go back to the same challenge, connection or map pin and you'll see Rejoin the live scoreboard instead of Start.","","","",""
"help-centre","entries.live-scoreboard.body[6]","Whoever's keeping score finishes the match and confirms the winner. It then sits in both your records, with the rack-by-rack detail behind it — visible only to the two of you, never anyone else. Nothing is added to either record unless the match is actually finished; a scoreboard that's started but never played, or drifts stale, doesn't hang around forever — see the Privacy Policy for exactly how long.","","","",""
"help-centre","entries.live-scoreboard.keywords[0]","live scoreboard","","","",""
"help-centre","entries.live-scoreboard.keywords[1]","scoreboard","","","",""
"help-centre","entries.live-scoreboard.keywords[2]","score","","","",""
"help-centre","entries.live-scoreboard.keywords[3]","live","","","",""
"help-centre","entries.live-scoreboard.keywords[4]","timeout","","","",""
"help-centre","entries.live-scoreboard.keywords[5]","rack","","","",""
"help-centre","entries.live-scoreboard.keywords[6]","race to","","","",""
"help-centre","entries.live-scoreboard.keywords[7]","who breaks first","","","",""
"help-centre","entries.live-scoreboard.keywords[8]","point","","","",""
"help-centre","entries.live-scoreboard.keywords[9]","opp pt","","","",""
"help-centre","entries.live-scoreboard.keywords[10]","foul","","","",""
"help-centre","entries.live-scoreboard.keywords[11]","switch turn","","","",""
"help-centre","entries.live-scoreboard.keywords[12]","undo","","","",""
"help-centre","entries.live-scoreboard.keywords[13]","challenge","","","",""
"help-centre","entries.live-scoreboard.keywords[14]","connection profile","","","",""
"help-centre","entries.live-scoreboard.keywords[15]","map pin","","","",""
"help-centre","entries.live-scoreboard.links[0].label","Why do I have to connect first?","","","",""
"help-centre","entries.live-scoreboard.links[1].label","Recording a game you played in person","","","",""
"help-centre","entries.live-scoreboard.links[2].label","Privacy Policy","","","",""
