"surface","key","english_source","current_translation","suggested_translation","placeholders","notes"
"web-app","common.loading","Loading…","Caricamento…","","",""
"web-app","common.cancel","Cancel","Annulla","","",""
"web-app","common.save","Save","Salva","","",""
"web-app","common.close","Close","Chiudi","","",""
"web-app","common.done","Done","Fatto","","",""
"web-app","common.connect","Connect","Connetti","","",""
"web-app","common.edit","Edit","Modifica","","",""
"web-app","common.remove","Remove","Rimuovi","","",""
"web-app","common.tryAgain","Try again","Riprova","","",""
"web-app","common.actionFailed","Couldn't do that right now. Try again.","Non è stato possibile farlo proprio ora. Riprova.","","",""
"web-app","common.retry","Retry","Ritenta","","",""
"web-app","common.sending","Sending…","Invio…","","",""
"web-app","common.opening","Opening…","Apertura…","","",""
"web-app","common.working","Working…","Elaborazione…","","",""
"web-app","common.signOut","Sign out","Esci","","",""
"web-app","common.decline","Decline","Rifiuta","","",""
"web-app","common.accept","Accept","Accetta","","",""
"web-app","common.navigate","Navigate →","Naviga →","","",""
"web-app","common.player","Player","Giocatore","","",""
"web-app","common.club","Club","Club","","",""
"web-app","common.unknownPlayer","Unknown player","Giocatore sconosciuto","","",""
"web-app","common.homeTable","Home table","Tavolo di casa","","",""
"web-app","common.new","New","Nuovo","","",""
"web-app","common.you"," (You)"," (Tu)","","",""
"web-app","common.matchesNoun.one","match","partita","","",""
"web-app","common.matchesNoun.other","matches","partite","","",""
"web-app","common.matchLabel.one","Match","Partita","","",""
"web-app","common.matchLabel.other","Matches","Partite","","",""
"web-app","status.readyToPlay","Ready to play","Pronto a giocare","","",""
"web-app","status.openToPlay","Open to play","Disponibile a giocare","","",""
"web-app","status.won","Won","Vinta","","",""
"web-app","status.lost","Lost","Persa","","",""
"web-app","legal.terms","Terms of Service","Termini di Servizio","","",""
"web-app","legal.privacy","Privacy Policy","Informativa sulla Privacy","","",""
"web-app","legal.heading","Legal","Legale","","",""
"web-app","legal.agreedVersions","You agreed to these versions when you signed in.","Hai accettato queste versioni quando hai effettuato l'accesso.","","",""
"web-app","consent.agree","I have read and agree to the","Ho letto e accetto:","","",""
"web-app","consent.and","and","e","","",""
"web-app","consent.age","I confirm I am at least {age} years old.","Confermo di avere almeno {age} anni.","","{age}",""
"web-app","tabs.map","Map","Mappa","","",""
"web-app","tabs.connections","Connections","Connessioni","","",""
"web-app","tabs.challenges","Challenges","Sfide","","",""
"web-app","tabs.profile","Profile","Profilo","","",""
"web-app","home.tagline","Find and challenge One Pocket players near you.","Trova giocatori di One Pocket vicino a te e sfidali.","","",""
"web-app","home.pitch","The map shows One Pocket clubs across Europe. Players connect, get invited, and arrange games in the app — see you at the table.","La mappa mostra i circoli di One Pocket in tutta Europa. I giocatori si connettono, ricevono inviti e organizzano partite nell'app — ci vediamo al tavolo.","","",""
"web-app","home.getAppSub","Connect with players near you, set up a game, and track your record.","Connettiti con giocatori vicino a te, organizza una partita e tieni traccia del tuo bilancio.","","",""
"web-app","home.privacy","Privacy","Privacy","","",""
"web-app","home.legalContact","Legal contact","Contatto legale","","",""
"web-app","home.blog","Blog","Blog","","",""
"web-app","legal.contactPoints","Legal contact points","Punti di contatto legale","","",""
"web-app","home.mapData","Map data ©","Dati mappa ©","","",""
"web-app","home.osm","OpenStreetMap","OpenStreetMap","","",""
"web-app","home.contributors","contributors","collaboratori","","",""
"web-app","home.followFacebook","8nOut on Facebook","8nOut su Facebook","","",""
"web-app","home.followYouTube","8nOut on YouTube","8nOut su YouTube","","",""
"web-app","venueMap.loading","Loading clubs…","Caricamento club…","","",""
"web-app","venueMap.error","Couldn't load the club map right now — try again in a bit.","Non è stato possibile caricare la mappa dei club in questo momento — riprova tra poco.","","",""
"web-app","venueMap.poolClub","Pool club","Circolo di biliardo","","",""
"web-app","venueMap.resetView","Reset map view","Reimposta la vista della mappa","","",""
"web-app","signin.heading","Find and challenge One Pocket players near you.","Trova giocatori di One Pocket vicino a te e sfidali.","","",""
"web-app","signin.google","Continue with Google","Continua con Google","","",""
"web-app","signin.apple","Continue with Apple","Continua con Apple","","",""
"web-app","legalGate.title","One more thing","Un'ultima cosa","","",""
"web-app","legalGate.body","We've updated our Terms of Service and Privacy Policy. Please review and agree to continue using 8nOut.","Abbiamo aggiornato i nostri Termini di Servizio e l'Informativa sulla Privacy. Consultali e accettali per continuare a usare 8nOut.","","",""
"web-app","legalGate.saving","Saving…","Salvataggio…","","",""
"web-app","legalGate.agree","Agree and continue","Accetta e continua","","",""
"web-app","legalGate.errSave","Couldn't save your agreement. Please try again.","Non è stato possibile salvare la tua accettazione. Riprova.","","",""
"web-app","legalGate.errVerify","Couldn't verify your agreement. Please try again.","Non è stato possibile verificare la tua accettazione. Riprova.","","",""
"web-app","legalGate.errGeneric","Something went wrong recording your agreement. Please try again.","Si è verificato un problema nel registrare la tua accettazione. Riprova.","","",""
"web-app","onboarding.title","Welcome — link your CueScore profile","Benvenuto — collega il tuo profilo CueScore","","",""
"web-app","onboarding.body","Pull in your name and photo so other One Pocket players recognise you. You can always do this later in Profile.","Importa il tuo nome e la tua foto così gli altri giocatori di One Pocket ti riconoscono. Puoi farlo anche più tardi dal Profilo.","","",""
"web-app","onboarding.field","CueScore player ID or profile link","ID giocatore CueScore o link al profilo","","",""
"web-app","onboarding.placeholder","1161837 or cuescore.com/player/…","1161837 o cuescore.com/player/…","","",""
"web-app","onboarding.skip","Skip for now","Salta per ora","","",""
"web-app","onboarding.linking","Linking…","Collegamento…","","",""
"web-app","onboarding.link","Link CueScore","Collega CueScore","","",""
"web-app","install.cta","Install 8nOut for one-tap access","Installa 8nOut per un accesso rapido","","",""
"web-app","install.add","Add to Home Screen","Aggiungi alla schermata Home","","",""
"web-app","install.dismiss","Dismiss","Ignora","","",""
"web-app","install.iosHint","Install: tap the Share icon, then “Add to Home Screen.”","Installa: tocca l'icona Condividi, poi “Aggiungi alla schermata Home”.","","",""
"web-app","getApp.betaLineTop","Try the beta on","Prova la beta su","","",""
"web-app","getApp.betaBrand","TestFlight","TestFlight","","",""
"web-app","getApp.betaAria","Join the 8nOut beta on TestFlight","Unisciti alla beta di 8nOut su TestFlight","","",""
"web-app","getApp.appStoreAria","Download 8nOut on the App Store","Scarica 8nOut sull'App Store","","",""
"web-app","getApp.openWebApp","Open the web app","Apri la web app","","",""
"web-app","getApp.installPwa","Install 8nOut","Installa 8nOut","","",""
"web-app","getApp.qrHint","Scan to get it on your phone","Scansiona per averla sul telefono","","",""
"web-app","getApp.chipTitle","Get 8nOut on iPhone","Scarica 8nOut su iPhone","","",""
"web-app","getApp.chipSubBeta","One-tap invites & game alerts","Inviti e avvisi di partita con un tocco","","",""
"web-app","getApp.chipSubLaunch","Free on the App Store","Gratis sull'App Store","","",""
"web-app","getApp.chipCta","Get","Scarica","","",""
"web-app","getApp.chipDismiss","Dismiss","Ignora","","",""
"web-app","map.allCountries","All countries","Tutti i paesi","","",""
"web-app","map.allCities","All cities","Tutte le città","","",""
"web-app","map.viewClub","{name} — view club","{name} — vedi club","","{name}",""
"web-app","map.letsConnect","Let's connect","Connettiamoci","","",""
"web-app","map.playersHere","Players here","Giocatori qui","","",""
"web-app","map.rosterEmpty","Players who add this club appear here.","Qui compaiono i giocatori che aggiungono questo club.","","",""
"web-app","map.rosterFailed","Couldn't load who's here.","Non è stato possibile caricare chi c'è.","","",""
"web-app","map.reportVenue","Report venue","Segnala il locale","","",""
"web-app","map.venueReported","Thanks — we'll review this venue.","Grazie — esamineremo questo locale.","","",""
"web-app","connections.title","Connections","Connessioni","","",""
"web-app","connections.searchPlaceholder","Find players by name","Cerca giocatori per nome","","",""
"web-app","connections.connected","Connected","Connesso","","",""
"web-app","connections.requested","Requested","Richiesto","","",""
"web-app","connections.respond","Respond","Rispondi","","",""
"web-app","connections.requests","Requests","Richieste","","",""
"web-app","connections.connectedHeading","Connected","Connessi","","",""
"web-app","connections.empty","No connections yet. Find players on the map.","Ancora nessuna connessione. Trova giocatori sulla mappa.","","",""
"web-app","connections.invite","Invite to play","Invita a giocare","","",""
"web-app","connections.inviteTitle","Invite {name} to play","Invita {name} a giocare","","{name}",""
"web-app","connections.sendInvite","Send invite","Invia invito","","",""
"web-app","connections.inviteSent","Invite sent.","Invito inviato.","","",""
"web-app","connections.requestSent","Request sent.","Richiesta inviata.","","",""
"web-app","connections.requestFailed","Couldn't send the request. Try again.","Non è stato possibile inviare la richiesta. Riprova.","","",""
"web-app","connections.recordLabel","Record:","Bilancio:","","",""
"web-app","connections.h2h","Head-to-head with you","Testa a testa con te","","",""
"web-app","connections.h2hSub","{count} {noun} · last played {date}","{count} {noun} · ultima il {date}","","{count}; {date}; {noun}",""
"web-app","connections.fargoLabel","Fargo Rating:","Fargo Rating:","","",""
"web-app","connections.verify","Verify","Verifica","","",""
"web-app","search.title","Find players","Trova giocatori","","",""
"web-app","search.morePlayers","More players","Altri giocatori","","",""
"web-app","search.noMatch","No players match ""{q}""","Nessun giocatore corrisponde a ""{q}""","","{q}",""
"web-app","search.noMatchSub","Check the spelling, or invite them with your connect code.","Controlla l'ortografia, oppure invitalo con il tuo codice di connessione.","","",""
"web-app","search.loadError","Couldn't load players","Non è stato possibile caricare i giocatori","","",""
"web-app","search.loadErrorSub","Check your connection and try again.","Controlla la tua connessione e riprova.","","",""
"web-app","search.showMyCode","Show my connect code","Mostra il mio codice di connessione","","",""
"web-app","h2h.youLead","You lead {a}–{b}","Sei in vantaggio {a}–{b}","","{a}; {b}",""
"web-app","h2h.theyLead","{name} leads {a}–{b}","{name} è in vantaggio {a}–{b}","","{a}; {b}; {name}",""
"web-app","h2h.allSquare","All square, {a}–{b}","Pari, {a}–{b}","","{a}; {b}",""
"web-app","cuescore.viewProfile","View CueScore profile","Vedi profilo CueScore","","",""
"web-app","cuescore.heading","CueScore","CueScore","","",""
"web-app","cuescore.linkedCaption","Your CueScore profile is linked.","Il tuo profilo CueScore è collegato.","","",""
"web-app","cuescore.linkCaption","Link your CueScore profile to bring across your name and photo.","Collega il tuo profilo CueScore per importare il tuo nome e la tua foto.","","",""
"web-app","cuescore.unlink","Unlink CueScore profile","Scollega profilo CueScore","","",""
"web-app","cuescore.unlinkTitle","Unlink your CueScore profile?","Scollegare il tuo profilo CueScore?","","",""
"web-app","cuescore.unlinkConfirm","Unlink","Scollega","","",""
"web-app","cuescore.unlinkError","Couldn't unlink right now. Try again.","Non è stato possibile scollegare in questo momento. Riprova.","","",""
"web-app","cuescore.errorInvalidInput","That doesn't look like a CueScore player ID or profile link.","Non sembra un ID giocatore o un link al profilo CueScore.","","",""
"web-app","cuescore.errorNotFound","No CueScore player found with that ID or profile link.","Non è stato trovato nessun giocatore CueScore con quell'ID o link al profilo.","","",""
"web-app","cuescore.errorAlreadyLinked","That CueScore profile is already linked to another 8nOut account.","Quel profilo CueScore è già collegato a un altro account 8nOut.","","",""
"web-app","cuescore.errorFailed","Couldn't link right now. Try again.","Non è stato possibile collegare in questo momento. Riprova.","","",""
"web-app","plays.at","Plays at","Gioca al","","",""
"web-app","contact.heading","Contact","Contatto","","",""
"web-app","contact.call","Call {phone}","Chiama {phone}","","{phone}",""
"web-app","contact.onlyConnections","Only visible to accepted connections.","Visibile solo alle connessioni accettate.","","",""
"web-app","contact.phoneLabel","Phone","Telefono","","",""
"web-app","contact.phoneHelp","For players who'd rather call or text. Shown only to accepted connections.","Per i giocatori che preferiscono chiamare o scrivere. Visibile solo alle connessioni accettate.","","",""
"web-app","contact.ownNumber","This is my own phone number","Questo è il mio numero di telefono","","",""
"web-app","contact.visibilityHelp","Visible only to players whose connection you've accepted — never on your public profile or the website.","Visibile solo ai giocatori la cui connessione hai accettato — mai sul tuo profilo pubblico o sul sito.","","",""
"web-app","contact.errSave","Couldn't save contact.","Non è stato possibile salvare il contatto.","","",""
"web-app","schedule.today","Today","Oggi","","",""
"web-app","schedule.now","Now","Ora","","",""
"web-app","schedule.option1","Option 1","Opzione 1","","",""
"web-app","schedule.option2","Option 2","Opzione 2","","",""
"web-app","schedule.addSecond","+ Add a second option","+ Aggiungi una seconda opzione","","",""
"web-app","schedule.place","Place","Luogo","","",""
"web-app","schedule.decideLater","Decide later","Decidere più tardi","","",""
"web-app","schedule.errPickTime","Pick at least one time.","Scegli almeno un orario.","","",""
"web-app","challenges.title","Challenges","Sfide","","",""
"web-app","challenges.needsResponse","Needs your response","Richiede una tua risposta","","",""
"web-app","challenges.pickTimeSuffix","— pick a time","— scegli un orario","","",""
"web-app","challenges.acceptAt","Accept: {time}","Accetta: {time}","","{time}",""
"web-app","challenges.suggestAnother","Suggest another time","Proponi un altro orario","","",""
"web-app","challenges.waitingReply","Waiting for a reply","In attesa di risposta","","",""
"web-app","challenges.waitingFor","Waiting for {name} to reply","In attesa che {name} risponda","","{name}",""
"web-app","challenges.answered","Answered","Risposto","","",""
"web-app","challenges.resultPrompt","Did this game happen?","Questa partita si è giocata?","","",""
"web-app","challenges.didntHappen","Didn't happen","Non si è giocata","","",""
"web-app","challenges.dismissBody","This deletes the game for both of you. Nothing is logged.","Questo elimina la partita per entrambi. Non viene registrato nulla.","","",""
"web-app","challenges.dismissConfirm","Delete game","Elimina partita","","",""
"web-app","challenges.withdraw","Withdraw invite","Ritira invito","","",""
"web-app","challenges.status.accepted","Accepted","Accettato","","",""
"web-app","challenges.status.declined","Declined","Rifiutato","","",""
"web-app","challenges.status.expired","Expired","Scaduto","","",""
"web-app","challenges.empty","No active challenges yet. Invite a connection to play.","Ancora nessuna sfida attiva. Invita una connessione a giocare.","","",""
"web-app","challenges.lastPlayed","Last played","Ultima partita","","",""
"web-app","challenges.addCalendar","Add to calendar","Aggiungi al calendario","","",""
"web-app","challenges.googleCalendar","Google Calendar","Google Calendar","","",""
"web-app","challenges.counterTitle","Suggest another time to {name}","Proponi un altro orario a {name}","","{name}",""
"web-app","challenges.send","Send","Invia","","",""
"web-app","challenges.hide","Hide invite","Nascondi invito","","",""
"web-app","challenges.unhide","Unhide","Mostra di nuovo","","",""
"web-app","challenges.hiddenCount","Hidden ({count})","Nascosti ({count})","","{count}",""
"web-app","challenges.hiddenNote","A hidden invite disappears on its own after a few days.","Un invito nascosto scompare da solo dopo qualche giorno.","","",""
"web-app","record.heading","Record","Bilancio","","",""
"web-app","record.recordLabel","Record","Bilancio","","",""
"web-app","record.showLess","Show less","Mostra meno","","",""
"web-app","record.seeAll","See all →","Vedi tutto →","","",""
"web-app","record.form","Form","Forma","","",""
"web-app","record.last5","Last 5","Ultime 5","","",""
"web-app","record.winRate","Win rate","Percentuale di vittorie","","",""
"web-app","record.winRateAria","Win rate {pct} percent","Percentuale di vittorie: {pct} per cento","","{pct}",""
"web-app","record.formAria","Last {count}, oldest to newest: {list}","Ultime {count}, dalla più vecchia alla più recente: {list}","","{count}; {list}",""
"web-app","record.matchCountFull.one","1 match","1 partita","","",""
"web-app","record.matchCountFull.other","{count} matches","{count} partite","","{count}",""
"web-app","record.wonLast","Won your last {count}","Hai vinto le tue ultime {count}","","{count}",""
"web-app","record.lastPlayed","Last played {date}","Ultima partita il {date}","","{date}",""
"web-app","record.lastPlayedSep"," · last played {date}"," · ultima partita il {date}","","{date}",""
"web-app","record.viaCueScore","via CueScore","via CueScore","","",""
"web-app","record.youWon","You won","Hai vinto","","",""
"web-app","record.youLost","You lost","Hai perso","","",""
"web-app","record.oppWon","{name} won","{name} ha vinto","","{name}",""
"web-app","record.logResult","Log result","Registra risultato","","",""
"web-app","record.whoWon","Who won?","Chi ha vinto?","","",""
"web-app","record.yourScore","Your score (optional)","Il tuo punteggio (facoltativo)","","",""
"web-app","record.oppScore","{name}'s score","Punteggio di {name}","","{name}",""
"web-app","record.importTitle","Import a CueScore match","Importa una partita da CueScore","","",""
"web-app","record.matchImported","Match imported","Partita importata","","",""
"web-app","record.matchLinkLabel","CueScore match link","Link della partita CueScore","","",""
"web-app","record.matchLinkPlaceholder","…/match/?matchId=…","…/match/?matchId=…","","",""
"web-app","record.lookingUp","Looking up…","Ricerca…","","",""
"web-app","record.lookUp","Look up match","Cerca partita","","",""
"web-app","record.notYourMatch","This match isn't linked to your CueScore profile — you can only import your own matches.","Questa partita non è collegata al tuo profilo CueScore — puoi importare solo le tue partite.","","",""
"web-app","record.vsPrefix","vs","vs","","",""
"web-app","record.tableLabel","Table","Tavolo","","",""
"web-app","record.notFinished","This match isn't finished yet — finish it on CueScore first.","Questa partita non è ancora finita — concludila prima su CueScore.","","",""
"web-app","record.importing","Importing…","Importazione…","","",""
"web-app","record.importThis","Import this match","Importa questa partita","","",""
"web-app","record.errNotFound","Couldn't find that match.","Non è stata trovata quella partita.","","",""
"web-app","record.errImport","Couldn't import that match.","Non è stato possibile importare quella partita.","","",""
"web-app","record.startsHere","Your record starts here","Il tuo bilancio inizia qui","","",""
"web-app","record.emptyLinked","Import a finished CueScore match — every game counts, win or lose.","Importa una partita conclusa da CueScore — ogni partita conta, che tu vinca o perda.","","",""
"web-app","record.emptyUnlinked","Link your CueScore profile to import your match results — every game counts, win or lose.","Collega il tuo profilo CueScore per importare i risultati delle tue partite — ogni partita conta, che tu vinca o perda.","","",""
"web-app","record.importCta","Import a CueScore match","Importa una partita di CueScore","","",""
"web-app","record.linkCta","Link CueScore to import results","Collega CueScore per importare i risultati","","",""
"web-app","record.howItWorks","How importing works","Come funziona l'importazione","","",""
"web-app","record.howTitle","How importing works","Come funziona l'importazione","","",""
"web-app","record.howStep1","Finish your match on CueScore.","Concludi la tua partita su CueScore.","","",""
"web-app","record.howStep2","Open the match and copy its link.","Apri la partita e copia il link.","","",""
"web-app","record.howStep3","Paste it here — 8nOut reads the final score and adds it to your record, win or lose.","Incollalo qui — 8nOut legge il punteggio finale e lo aggiunge al tuo bilancio, che tu vinca o perda.","","",""
"web-app","record.howFootnote","The opponent doesn't need to be on 8nOut. If they are, the match shows on their record too.","L'avversario non deve necessariamente essere su 8nOut. Se lo è, la partita compare anche nel suo bilancio.","","",""
"web-app","discipline.onePocket","One Pocket","One Pocket","","",""
"web-app","scoreboard.entry.challenge","Start scoreboard","Avvia tabellone","","",""
"web-app","scoreboard.entry.logAlt","Already played? Log result","Avete già giocato? Registra il risultato","","",""
"web-app","scoreboard.entry.connection","Start a live scoreboard","Avvia un tabellone dal vivo","","",""
"web-app","scoreboard.entry.connectionNote","Play right now, no scheduled challenge needed.","Giocate subito, senza bisogno di programmare una sfida.","","",""
"web-app","scoreboard.entry.rejoinChallenge","Rejoin scoreboard","Torna al tabellone","","",""
"web-app","scoreboard.entry.rejoinConnection","Rejoin the live scoreboard","Torna al tabellone dal vivo","","",""
"web-app","scoreboard.entry.rejoinNote","{name} already started one.","{name} ne ha già avviato uno.","","{name}",""
"web-app","scoreboard.create.title","New scoreboard","Nuovo tabellone","","",""
"web-app","scoreboard.create.raceTo","Race to {n}","Race al {n}","","{n}",""
"web-app","scoreboard.create.raceTo.hint","1–200","1–200","","",""
"web-app","scoreboard.create.break","Break","Rottura","","",""
"web-app","scoreboard.create.alternate","Alternate","Alternata","","",""
"web-app","scoreboard.create.winnerBreaks","Winner breaks","Vince chi rompe","","",""
"web-app","scoreboard.create.firstBreaker","Who breaks first","Chi rompe per primo","","",""
"web-app","scoreboard.create.whoBreaks.hint","Tap a name to start the match.","Tocca un nome per iniziare la partita.","","",""
"web-app","scoreboard.create.you","You","Tu","","",""
"web-app","scoreboard.create.venue","Venue","Locale","","",""
"web-app","scoreboard.create.venue.none","No venue","Nessun locale","","",""
"web-app","scoreboard.create.venue.emptyHint","No clubs saved yet — add one from your Profile","Non hai ancora salvato nessun club — aggiungine uno dal tuo Profilo","","",""
"web-app","scoreboard.create.table","Table number (optional)","Numero del tavolo (facoltativo)","","",""
"web-app","scoreboard.create.start","Start","Inizia","","",""
"web-app","scoreboard.flip","Flip for me","Lancia la monetina","","",""
"web-app","scoreboard.create.flip","Flip for me — starts the match","Lancia la monetina — avvia la partita","","",""
"web-app","scoreboard.create.breaker.a11y.self","Start the match with you breaking first","Avvia la partita con te alla rottura","","",""
"web-app","scoreboard.create.breaker.a11y.opponent","Start the match with {name} breaking first","Avvia la partita con {name} alla rottura","","{name}",""
"web-app","scoreboard.create.breaker.a11y.flip","Flip a coin to decide who breaks, and start the match","Lancia una monetina per decidere chi rompe, e avvia la partita","","",""
"web-app","scoreboard.status.pending","Pending","In attesa","","",""
"web-app","scoreboard.status.live","Live","Dal vivo","","",""
"web-app","scoreboard.rackOf","Rack {n} of race to {raceTo}","Rack {n} della race al {raceTo}","","{n}; {raceTo}",""
"web-app","scoreboard.setScore.a11y.lead","You lead {mine} to {theirs} in racks. {balls} balls on the table.","","","{balls}; {mine}; {theirs}",""
"web-app","scoreboard.setScore.a11y.trail","You trail {mine} to {theirs} in racks. {balls} balls on the table.","","","{balls}; {mine}; {theirs}",""
"web-app","scoreboard.setScore.a11y.tie","You're tied {mine} to {theirs} in racks. {balls} balls on the table.","","","{balls}; {mine}; {theirs}",""
"web-app","scoreboard.rotatePrompt","Rotate for a bigger scoreboard","Ruota lo schermo per un tabellone più grande","","",""
"web-app","scoreboard.rotatePrompt.dismiss","Dismiss rotate suggestion","Ignora il suggerimento di rotazione","","",""
"web-app","scoreboard.racksChip","Racks {n}","Rack {n}","","{n}",""
"web-app","scoreboard.onTable","on the table","sul tavolo","","",""
"web-app","scoreboard.toWinRack","of {target} to win rack","su {target} per vincere il rack","","{target}",""
"web-app","scoreboard.breaking","Breaking","Rottura","","",""
"web-app","scoreboard.action.undo","Undo","Annulla","","",""
"web-app","scoreboard.action.switch","Switch","Cambia","","",""
"web-app","scoreboard.action.point","Point","Punto","","",""
"web-app","scoreboard.action.oppPoint","Opp. pt","Punto avv.","","",""
"web-app","scoreboard.action.foul","Foul","Fallo","","",""
"web-app","scoreboard.timeout","Timeout","Time-out","","",""
"web-app","scoreboard.timeout.remaining","Timeout — {time} remaining","Time-out — mancano {time}","","{time}",""
"web-app","scoreboard.timeout.over","Timeout — {time} over","Time-out — {time} in più","","{time}",""
"web-app","scoreboard.resume","Resume","Riprendi","","",""
"web-app","scoreboard.finishMatch","Finish match","Termina partita","","",""
"web-app","scoreboard.watching","{name} is keeping score — watching live","{name} sta segnando il punteggio — in visione dal vivo","","{name}",""
"web-app","scoreboard.finish.title","Confirm final result","Conferma il risultato finale","","",""
"web-app","scoreboard.finish.confirm","Make sure this is right before finishing.","Assicurati che sia corretto prima di concludere.","","",""
"web-app","scoreboard.finish.continuePlaying","Continue playing","Continua a giocare","","",""
"web-app","scoreboard.recorded.self","Recorded by you","Registrato da te","","",""
"web-app","scoreboard.recorded.other","Recorded by {name}","Registrato da {name}","","{name}",""
"web-app","scoreboard.correct.self","Edit result","Modifica risultato","","",""
"web-app","scoreboard.correct.other","Doesn't look right? Message {name}","Non ti sembra corretto? Scrivi a {name}","","{name}",""
"web-app","scoreboard.expired.title","This match wasn't finished","Questa partita non è stata conclusa","","",""
"web-app","scoreboard.expired.body","No score was recorded before this session timed out. Nothing was saved to your record.","Non è stato registrato nessun punteggio prima che la sessione scadesse. Non è stato salvato nulla nel tuo bilancio.","","",""
"web-app","scoreboard.expired.startNew","Start a new scoreboard","Avvia un nuovo tabellone","","",""
"web-app","scoreboard.expired.logManually","Log the result manually","Registra il risultato manualmente","","",""
"web-app","scoreboard.stat.racksWon","Racks won","Rack vinti","","",""
"web-app","scoreboard.stat.winPct","Win %","% vittorie","","",""
"web-app","scoreboard.stat.avgRack","Avg rack time","Tempo medio a rack","","",""
"web-app","scoreboard.stat.breakWins","Break-and-wins","Vittorie di rottura","","",""
"web-app","scoreboard.stat.racksStolen","Racks stolen","Rack rubati","","",""
"web-app","scoreboard.stat.timeouts","Timeouts","Time-out","","",""
"web-app","scoreboard.won","Won","Vinta","","",""
"web-app","scoreboard.lost","Lost","Persa","","",""
"web-app","scoreboard.vsRaceTo","vs. {name} · One Pocket · race to {raceTo}","vs. {name} · One Pocket · race al {raceTo}","","{name}; {raceTo}",""
"web-app","scoreboard.brokeRack","{name} broke","Rottura di {name}","","{name}",""
"web-app","scoreboard.close","Close","Chiudi","","",""
"web-app","scoreboard.errorGeneric","Couldn't do that right now. Try again.","Non è stato possibile farlo in questo momento. Riprova.","","",""
"web-app","scoreboard.messageThreadReady","Opened your conversation — check the Chat tab to continue it.","La tua conversazione è stata aperta — controlla la scheda Chat per continuarla.","","",""
"web-app","scoreboard.postMatch.kicker","Match finished","","","",""
"web-app","scoreboard.postMatch.end","End","","","",""
"web-app","scoreboard.postMatch.startNewMatch","Start new match","","","",""
"web-app","scoreboard.postMatch.startNewMatch.a11y","Start a new match against {name}","","","{name}",""
"web-app","scoreboard.postMatch.spectatorNote","{name} kept score for this match","","","{name}",""
"web-app","scoreboard.postMatch.back","Back","","","",""
"web-app","profile.title","Profile","Profilo","","",""
"web-app","profile.loading","Loading profile…","Caricamento profilo…","","",""
"web-app","profile.changePhoto","Change photo","Cambia foto","","",""
"web-app","profile.openToPlay","Open to play","Disponibile a giocare","","",""
"web-app","profile.notOpenNow","Not open right now","Non disponibile ora","","",""
"web-app","profile.connectNote","Connecting is how you swap contact details.","Connettersi è il modo per scambiarsi i contatti.","","",""
"web-app","profile.respondNote","{name} asked to connect with you.","{name} ti ha chiesto di connettersi.","","{name}",""
"web-app","profile.bio","Bio","Bio","","",""
"web-app","profile.bioEmpty","Add a short bio and your home town.","Aggiungi una breve bio e la tua città.","","",""
"web-app","profile.fargoRating","Fargo Rating","Fargo Rating","","",""
"web-app","profile.ratingSelfReported","{rating} · self-reported","{rating} · autodichiarato","","{rating}",""
"web-app","profile.notSet","Not set","Non impostato","","",""
"web-app","profile.clubsUpTo3","Up to 3 clubs.","Fino a 3 club.","","",""
"web-app","profile.miniUnavailable","This player's profile isn't available.","Il profilo di questo giocatore non è disponibile.","","",""
"web-app","clubs.heading","Clubs","Club","","",""
"web-app","clubs.none","No clubs yet.","Ancora nessun club.","","",""
"web-app","clubs.add","+ Add a club","+ Aggiungi un club","","",""
"web-app","clubs.addTitle","Add a club","Aggiungi un club","","",""
"web-app","clubs.searchLabel","Search pool rooms","Cerca sale biliardo","","",""
"web-app","clubs.searchPlaceholder","Club name","Nome del club","","",""
"web-app","clubs.noMatch","No matching clubs.","Nessun club corrispondente.","","",""
"web-app","clubs.cantFind","Can't find it? Add a new venue","Non lo trovi? Aggiungi un nuovo locale","","",""
"web-app","clubs.newTitle","New venue","Nuovo locale","","",""
"web-app","clubs.nameLabel","Name","Nome","","",""
"web-app","clubs.addressLabel","Address","Indirizzo","","",""
"web-app","clubs.addressPlaceholder","Street, city, country","Via, città, paese","","",""
"web-app","clubs.submitForReview","Submit for review","Invia per la revisione","","",""
"web-app","clubs.submitting","Checking the address…","Verifica dell'indirizzo…","","",""
"web-app","clubs.submitAnyway","None of these — submit anyway","Nessuno di questi — invia comunque","","",""
"web-app","clubs.didYouMean","Did you mean?","Forse intendevi?","","",""
"web-app","clubs.suggest.title","Already on 8nOut?","Già su 8nOut?","","",""
"web-app","clubs.suggest.hint","Pick your club and it's added straight away — only a new venue needs review.","Scegli il tuo club e viene aggiunto subito — solo un nuovo locale va in revisione.","","",""
"web-app","clubs.backToSearch","Back to search","Torna alla ricerca","","",""
"web-app","clubs.submittedPending","Submitted for review — it appears on the map once approved.","Inviato per la revisione — appare sulla mappa una volta approvato.","","",""
"web-app","clubs.placedIn","Placed in {city}, {country}","Collocato a {city}, {country}","","{city}; {country}",""
"web-app","clubs.pendingReview","Pending review","In revisione","","",""
"web-app","clubs.rejected","Not approved","Non approvato","","",""
"web-app","clubs.rejectedReason","Not approved — {reason}","Non approvato — {reason}","","{reason}",""
"web-app","clubs.err.geocoderUnavailable","Couldn't reach the address lookup right now — try again shortly.","Non è stato possibile raggiungere la ricerca dell'indirizzo in questo momento — riprova tra poco.","","",""
"web-app","clubs.err.submitFailed","Couldn't submit that venue. Please try again.","Non è stato possibile inviare quel locale. Riprova.","","",""
"web-app","clubs.geo.typed.title","We couldn't place this address on the map","Non siamo riusciti a collocare questo indirizzo sulla mappa","","",""
"web-app","clubs.geo.typed.body","Check the address above — street, city and country — then submit again.","Controlla l'indirizzo qui sopra — via, città e paese — poi invia di nuovo.","","",""
"web-app","clubs.geo.sourced.title","We couldn't place this address on the map","Non siamo riusciti a collocare questo indirizzo sulla mappa","","",""
"web-app","clubs.geo.sourced.body","We filled this in from CueScore. Edit it above and submit again — change as much as you need.","L'abbiamo compilato a partire da CueScore. Modificalo qui sopra e invia di nuovo — cambia quanto serve.","","",""
"web-app","clubs.geo.tried","What we looked up","Cosa abbiamo cercato","","",""
"web-app","clubs.geo.down.title","The address lookup is unavailable","La ricerca dell'indirizzo non è disponibile","","",""
"web-app","clubs.geo.down.body","Nothing you typed is wrong — the problem is at our end.","Non c'è nulla di sbagliato in ciò che hai scritto — il problema è dalla nostra parte.","","",""
"web-app","clubs.confirm.title","Is that close enough?","Va bene comunque?","","",""
"web-app","clubs.confirm.body","We could only find the general area — add more detail if you can, or submit it as it is.","Siamo riusciti a trovare solo la zona generale — aggiungi più dettagli se puoi, oppure invialo così com'è.","","",""
"web-app","clubs.confirm.yes","Submit it as it is","Invialo così com'è","","",""
"web-app","clubs.confirm.no","Add more detail","Aggiungi più dettagli","","",""
"web-app","clubs.cuescore.lead","Fastest way: paste the club's CueScore venue link — the one that ends in a number. Or add it manually below.","Il modo più veloce: incolla il link del locale su CueScore — quello che finisce con un numero. Oppure aggiungilo a mano qui sotto.","","",""
"web-app","clubs.cuescore.urlPlaceholder","https://cuescore.com/venue/…","https://cuescore.com/venue/…","","",""
"web-app","clubs.cuescore.urlLabel","CueScore venue link","Link del locale su CueScore","","",""
"web-app","clubs.cuescore.lookup","Look up","Cerca","","",""
"web-app","clubs.cuescore.looking","Reading…","Lettura…","","",""
"web-app","clubs.cuescore.sourced","Sourced from CueScore","Ottenuto da CueScore","","",""
"web-app","clubs.cuescore.matched","This club is already on 8nOut.","Questo club è già su 8nOut.","","",""
"web-app","clubs.cuescore.addToClubs","Add to my clubs","Aggiungi ai miei club","","",""
"web-app","clubs.cuescore.lookAnother","Look up another","Cercane un altro","","",""
"web-app","clubs.cuescore.unavailable","That club can't be added from CueScore. Add it manually below.","Quel club non può essere aggiunto da CueScore. Aggiungilo a mano qui sotto.","","",""
"web-app","clubs.cuescore.err.rate_limited","Too many CueScore lookups just now — try again later, or add it manually.","Troppe ricerche su CueScore in questo momento — riprova più tardi, oppure aggiungilo a mano.","","",""
"web-app","clubs.cuescore.err.bad_url","That link has no venue number in it. We need the club's CueScore venue page — the link ends in a number, like cuescore.com/venue/Club+Name/60451687. Or add it manually below.","Quel link non contiene un numero di locale. Serve la pagina del locale su CueScore — il link finisce con un numero, come cuescore.com/venue/Club+Name/60451687. Oppure aggiungilo a mano qui sotto.","","",""
"web-app","clubs.cuescore.err.unreachable","Couldn't reach CueScore right now — try again shortly, or add it manually.","Non è stato possibile raggiungere CueScore in questo momento — riprova tra poco, oppure aggiungilo a mano.","","",""
"web-app","clubs.cuescore.err.forbidden","You can't add a club right now.","Non puoi aggiungere un club in questo momento.","","",""
"web-app","clubs.websiteLabel","Website (optional)","Sito web (facoltativo)","","",""
"web-app","clubs.websitePlaceholder","https://mokumpool.nl","https://mokumpool.nl","","",""
"web-app","clubs.websiteHint","A website or Facebook page — either works.","Un sito web o una pagina Facebook — vanno bene entrambi.","","",""
"web-app","clubs.websiteInvalid","That doesn't look like a valid web address — check it and try again.","Non sembra un indirizzo web valido — controllalo e riprova.","","",""
"web-app","report.reasonLabel","Reason","Motivo","","",""
"web-app","report.detailPlaceholder","Anything else we should know? (optional)","Qualcos'altro che dovremmo sapere? (facoltativo)","","",""
"web-app","report.send","Send","Invia","","",""
"web-app","report.venue.privateResidence","This is a home or private address","È un'abitazione o un indirizzo privato","","",""
"web-app","report.venue.notAVenue","Not a real pool venue","Non è un vero circolo di biliardo","","",""
"web-app","report.venue.closedOrWrong","Closed, or wrong details","Chiuso, o dati errati","","",""
"web-app","report.venue.other","Something else","Altro","","",""
"web-app","report.reportPlayer","Report player","Segnala giocatore","","",""
"web-app","report.blockPlayer","Block player","Blocca giocatore","","",""
"web-app","report.alsoBlock","Also block this player","Blocca anche questo giocatore","","",""
"web-app","report.blockConfirm","Block {name}? You won't see each other on the map, any connection between you is removed, and any chat between you leaves your list. They won't be told they've been blocked.","Bloccare {name}? Non vi vedrete più sulla mappa, ogni connessione tra voi viene rimossa, e ogni chat tra voi scompare dalla tua lista. Non riceverà alcuna notifica del blocco.","","{name}",""
"web-app","report.playerReported","Report sent.","Segnalazione inviata.","","",""
"web-app","report.playerReportedBlocked","Reported and blocked.","Segnalato e bloccato.","","",""
"web-app","report.player.harassment","Harassment or abuse","Molestie o abusi","","",""
"web-app","report.player.spam","Spam","Spam","","",""
"web-app","report.player.inappropriatePhoto","Inappropriate photo","Foto inappropriata","","",""
"web-app","report.player.fakeProfile","Fake profile","Profilo falso","","",""
"web-app","report.player.other","Something else","Altro","","",""
"web-app","report.reportMessage","Report message","Segnala messaggio","","",""
"web-app","report.message.harassment","Harassment or abuse","Molestie o abusi","","",""
"web-app","report.message.spam","Spam","Spam","","",""
"web-app","report.message.moneyPlaySolicitation","Asking to play for money","Proposta di giocare per soldi","","",""
"web-app","report.message.other","Something else","Altro","","",""
"web-app","report.goodFaith","I'm making this report in good faith and believe the information in it is accurate and complete.","Presento questa segnalazione in buona fede e ritengo che le informazioni contenute siano accurate e complete.","","",""
"web-app","reportDecision.title","About your report","La tua segnalazione","","",""
"web-app","reportDecision.actioned","We reviewed your report and acted on it under our Terms of Service.","Abbiamo esaminato la tua segnalazione e abbiamo agito in base ai nostri Termini di Servizio.","","",""
"web-app","reportDecision.dismissed","We reviewed your report and didn't find a breach of our rules.","Abbiamo esaminato la tua segnalazione e non abbiamo riscontrato una violazione delle nostre regole.","","",""
"web-app","moderation.noAutomation","No automated tools were used in this decision — a person reviewed it.","Per questa decisione non è stato usato nessuno strumento automatizzato — è stata esaminata da una persona.","","",""
"web-app","moderation.redress","If you think this is wrong, contact us at privacy@8nout.com. Your right to go to court is unaffected.","Se pensi che sia sbagliato, scrivici a privacy@8nout.com. Il tuo diritto di rivolgerti a un tribunale resta impregiudicato.","","",""
"web-app","tabs.chat","Chat","Chat","","",""
"web-app","chat.title","Chat","Chat","","",""
"web-app","chat.emptyTitle","No conversations yet.","Ancora nessuna conversazione.","","",""
"web-app","chat.emptySteer","Start one with a connection.","Iniziane una con una connessione.","","",""
"web-app","chat.emptyCta","Go to Connections","Vai a Connessioni","","",""
"web-app","chat.previewYou","You: {text}","Tu: {text}","","{text}",""
"web-app","chat.unreadA11y","{count} unread","{count} non letti","","{count}",""
"web-app","chat.mutedA11y","Muted","Silenziata","","",""
"web-app","chat.hiddenCount","Hidden ({count})","Nascoste ({count})","","{count}",""
"web-app","chat.unhide","Unhide","Mostra di nuovo","","",""
"web-app","chat.hiddenNote","A hidden conversation comes back when a new message arrives.","Una conversazione nascosta riappare quando arriva un nuovo messaggio.","","",""
"web-app","chat.retentionFootnote","Messages are deleted automatically 60 days after they're sent.","I messaggi vengono eliminati automaticamente 60 giorni dopo l'invio.","","",""
"web-app","chat.threadEmpty","Say hi and arrange a game.","Saluta e organizza una partita.","","",""
"web-app","chat.challengeCard","Invitation to play","Invito a giocare","","",""
"web-app","chat.challengeExpired","Invitation expired","Invito scaduto","","",""
"web-app","chat.cardYouInvited","You invited {name}","Hai invitato {name}","","{name}",""
"web-app","chat.cardInvitedYou","{name} invited you","{name} ti ha invitato","","{name}",""
"web-app","chat.cardView","View in Challenges","Vedi in Sfide","","",""
"web-app","chat.deletedPlayer","Deleted player","Giocatore eliminato","","",""
"web-app","chat.composePlaceholder","Write a message…","Scrivi un messaggio…","","",""
"web-app","chat.errNotConnected","You're no longer connected — new messages can't be sent.","Non siete più connessi — non è possibile inviare nuovi messaggi.","","",""
"web-app","chat.errTooLong","That message is too long — the limit is 2,000 characters.","Quel messaggio è troppo lungo — il limite è di 2.000 caratteri.","","",""
"web-app","chat.errTooFast","You're sending messages very quickly — give it a moment and try again.","Stai inviando messaggi molto rapidamente — aspetta un momento e riprova.","","",""
"web-app","chat.errUnavailable","Messaging is unavailable right now — try again later.","I messaggi non sono disponibili in questo momento — riprova più tardi.","","",""
"web-app","chat.filterBlocked","This message can't be sent — it contains language that isn't allowed on 8nOut. Edit it and try again.","Questo messaggio non può essere inviato — contiene un linguaggio non consentito su 8nOut. Modificalo e riprova.","","",""
"web-app","chat.deleteForEveryone","Delete for everyone","Elimina per tutti","","",""
"web-app","chat.deleteConfirmTitle","Delete for everyone?","Eliminare per tutti?","","",""
"web-app","chat.learnMore","Learn more","Scopri di più","","",""
"web-app","chat.deletedByYou","You deleted this message","Hai eliminato questo messaggio","","",""
"web-app","chat.deletedMessage","This message was deleted","Questo messaggio è stato eliminato","","",""
"web-app","chat.hide","Hide conversation","Nascondi conversazione","","",""
"web-app","chat.hideBody","This hides the conversation from your list — nothing is deleted, and {name} won't notice anything. It comes back if they message you again.","Questo nasconde la conversazione dalla tua lista — non viene eliminato nulla, e {name} non se ne accorgerà. Riappare se ti scrive di nuovo.","","{name}",""
"web-app","chat.mute","Mute notifications","Silenzia notifiche","","",""
"web-app","chat.unmute","Unmute","Riattiva notifiche","","",""
"web-app","chat.firstNotice.heading","How chat works","Come funziona la chat","","",""
"web-app","chat.firstNotice.body","Chat is one-to-one, with your accepted connections only. Messages are deleted automatically 60 days after they're sent. We don't read your messages — if one is reported, a moderator can review it and the messages around it, and every such access is logged. Anything you type here — including an address — stays in the chat for up to 60 days, even if you later disconnect or block. See the Privacy Policy for details.","La chat è uno a uno, solo con le tue connessioni accettate. I messaggi vengono eliminati automaticamente 60 giorni dopo l'invio. Non leggiamo i tuoi messaggi — se uno viene segnalato, un moderatore può esaminarlo insieme ai messaggi intorno ad esso, e ogni accesso di questo tipo viene registrato. Tutto ciò che scrivi qui — incluso un indirizzo — resta nella chat fino a 60 giorni, anche se in seguito disconnetti o blocchi l'altra persona. Consulta l'Informativa sulla Privacy per i dettagli.","","",""
"web-app","chat.reaction.trigger","React","Reagisci","","",""
"web-app","chat.reaction.thumbsUp","Thumbs up","Pollice in su","","",""
"web-app","chat.reaction.thumbsDown","Thumbs down","Pollice in giù","","",""
"web-app","chat.reaction.heart","Heart","Cuore","","",""
"web-app","chat.reaction.laugh","Laughing","Risata","","",""
"web-app","chat.reaction.surprised","Surprised","Sorpreso","","",""
"web-app","chat.reaction.pray","Praying hands","Mani giunte","","",""
"web-app","chat.reaction.remove","Remove reaction","Rimuovi reazione","","",""
"web-app","chat.reaction.includingYou","including you","te incluso","","",""
"web-app","appearance.heading","Appearance","Aspetto","","",""
"web-app","appearance.system","System","Sistema","","",""
"web-app","appearance.light","Light","Chiaro","","",""
"web-app","appearance.dark","Dark","Scuro","","",""
"web-app","language.heading","Language","Lingua","","",""
"web-app","invite.heading","Invite a player","Invita un giocatore","","",""
"web-app","invite.body","Share your link — whoever joins is connected to you automatically.","Condividi il tuo link — chi lo usa per iscriversi viene connesso a te automaticamente.","","",""
"web-app","invite.linkCopied","Link copied!","Link copiato!","","",""
"web-app","invite.share","Share invite link","Condividi link di invito","","",""
"web-app","invite.shareTitle","8nOut invite","Invito 8nOut","","",""
"web-app","invite.shareText","Join me on 8nOut — find and connect with One Pocket players.","Unisciti a me su 8nOut — trova giocatori di One Pocket e connettiti con loro.","","",""
"web-app","bio.about","About you","Su di te","","",""
"web-app","bio.aboutPlaceholder","One Pocket only. Always up for a session.","Solo One Pocket. Sempre pronto per una sessione.","","",""
"web-app","bio.homeTown","Home town","Città","","",""
"web-app","bio.homeTownPlaceholder","e.g. Amsterdam","es. Amsterdam","","",""
"web-app","bio.homeTownHint","Your town or city only — every member can see this, so skip the street address or postal code.","Solo la tua città — ogni membro può vederla, quindi ometti l'indirizzo esatto o il CAP.","","",""
"web-app","bio.country","Country","Paese","","",""
"web-app","bio.countryPlaceholder","Netherlands","Paesi Bassi","","",""
"web-app","rating.label","Rating (self-reported)","Rating (autodichiarato)","","",""
"web-app","rating.placeholder","e.g. 550","es. 550","","",""
"web-app","rating.fairmatchLabel","FairMatch profile URL (optional)","URL del profilo FairMatch (facoltativo)","","",""
"web-app","rating.fairmatchPlaceholder","https://fairmatch.fargorate.com/…","https://fairmatch.fargorate.com/…","","",""
"web-app","rating.errRange","Enter a rating between 0 and 900.","Inserisci un rating tra 0 e 900.","","",""
"web-app","rating.errHttps","Include https:// in the link.","Includi https:// nel link.","","",""
"web-app","connectCode.aria","My connect code","Il mio codice di connessione","","",""
"web-app","connectCode.entrySub","Show or scan to connect in person","Mostralo o scansionalo per connetterti di persona","","",""
"web-app","connectCode.title","Connect code","Codice di connessione","","",""
"web-app","connectCode.myCode","My code","Il mio codice","","",""
"web-app","connectCode.scan","Scan","Scansiona","","",""
"web-app","connectCode.qrAlt","Your connect QR code","Il tuo codice QR di connessione","","",""
"web-app","connectCode.caption","Have another player scan this to connect with you on 8nOut.","Fai scansionare questo a un altro giocatore per connetterti con lui su 8nOut.","","",""
"web-app","connectCode.shareLink","Share link","Condividi link","","",""
"web-app","connectCode.resetTitle","Reset your code?","Reimpostare il tuo codice?","","",""
"web-app","connectCode.resetBody","Your current QR and link stop working right away. Anyone already connected with you stays connected.","Il tuo QR e link attuali smettono subito di funzionare. Chi è già connesso con te resta connesso.","","",""
"web-app","connectCode.resetCode","Reset code","Reimposta codice","","",""
"web-app","connectCode.resetMyCode","Reset my code","Reimposta il mio codice","","",""
"web-app","connectCode.newReady","New code ready","Nuovo codice pronto","","",""
"web-app","connectCode.errReset","Couldn't reset your code.","Non è stato possibile reimpostare il tuo codice.","","",""
"web-app","connectCode.alreadyConnected","You're already connected","Siete già connessi","","",""
"web-app","connectCode.connected","You're connected!","Siete connessi!","","",""
"web-app","connectCode.alreadyBody","You and {name} are already connected.","Tu e {name} siete già connessi.","","{name}",""
"web-app","connectCode.connectedBody","You and {name} are connected. Say hi and set up a game.","Tu e {name} siete connessi. Saluta e organizza una partita.","","{name}",""
"web-app","connectCode.view","View {name}","Vedi {name}","","{name}",""
"web-app","connectCode.pasteLabel","Paste a link instead","Incolla un link invece","","",""
"web-app","connectCode.pastePlaceholder","Paste an 8nOut invite link","Incolla un link di invito 8nOut","","",""
"web-app","connectCode.backToCamera","Back to camera","Torna alla fotocamera","","",""
"web-app","connectCode.cameraOff","Camera access is off","L'accesso alla fotocamera è disattivato","","",""
"web-app","connectCode.cameraOffBody","Your browser is blocking the camera. You can paste the player's link instead, or allow the camera in your browser and try again.","Il tuo browser sta bloccando la fotocamera. Puoi incollare il link del giocatore invece, oppure consentire la fotocamera nel browser e riprovare.","","",""
"web-app","connectCode.scanHelp","Point at another player's 8nOut code","Inquadra il codice 8nOut di un altro giocatore","","",""
"web-app","connectCode.notCode","That's not an 8nOut code — keep pointing at their code.","Questo non è un codice 8nOut — continua a inquadrare il suo codice.","","",""
"web-app","connectCode.ownCode","That's your own code. Have the other player scan it instead.","Questo è il tuo codice. Fallo scansionare all'altro giocatore.","","",""
"web-app","connectCode.codeInactive","This code isn't active anymore. Ask them to show a fresh one.","Questo codice non è più attivo. Chiedigli di mostrartene uno nuovo.","","",""
"web-app","inviteLanding.invalidTitle","This invite link is no longer valid","Questo link di invito non è più valido","","",""
"web-app","inviteLanding.invalidBody","Ask your friend for a fresh link, or open the app and find players near you.","Chiedi al tuo amico un link nuovo, oppure apri l'app e trova giocatori vicino a te.","","",""
"web-app","inviteLanding.open8nOut","Open 8nOut","Apri 8nOut","","",""
"web-app","inviteLanding.invitedYou","{name} invited you to 8nOut","{name} ti ha invitato su 8nOut","","{name}",""
"web-app","inviteLanding.body","8nOut is the map of the European One Pocket community — find players and clubs near you, connect, and arrange a game. Join and you'll be connected with {name} straight away.","8nOut è la mappa della comunità europea di One Pocket — trova giocatori e club vicino a te, connettiti e organizza una partita. Iscriviti e sarai subito connesso con {name}.","","{name}",""
"web-app","inviteLanding.openWebApp","Open the web app","Apri la web app","","",""
"web-app","inviteLanding.getAppPrimary","Get 8nOut","Scarica 8nOut","","",""
"web-app","inviteLanding.openWebAppSecondary","Open the web app instead","Apri la web app invece","","",""
"web-app","inviteLanding.installedHint","Already have 8nOut? Open this link on your phone, or paste it into the app — you'll be connected with {name}.","Hai già 8nOut? Apri questo link sul telefono, oppure incollalo nell'app — sarai connesso con {name}.","","{name}",""
"web-app","publicProfile.errorLoad","Couldn't load this profile right now — try again in a bit.","Non è stato possibile caricare questo profilo in questo momento — riprova tra poco.","","",""
"web-app","publicProfile.notFound","Profile not found","Profilo non trovato","","",""
"web-app","publicProfile.notFoundBody","This link doesn't point to an 8nOut player.","Questo link non corrisponde a nessun giocatore 8nOut.","","",""
"web-app","publicProfile.photoAlt","{name}'s photo","Foto di {name}","","{name}",""
"web-app","publicProfile.verifyFairmatch","verify on FairMatch","verifica su FairMatch","","",""
"web-app","publicProfile.selfReported","(self-reported)","(autodichiarato)","","",""
"web-app","publicProfile.cuescore","CueScore","CueScore","","",""
"web-app","publicProfile.viewProfile","View profile","Vedi profilo","","",""
"web-app","publicProfile.homeTablePrivate","Home table — address stays private until shared","Tavolo di casa — l'indirizzo resta privato finché non viene condiviso","","",""
"web-app","admin.consoleLink","Moderator console","Console di moderazione","","",""
"web-app","admin.notFound","Page not found","Pagina non trovata","","",""
"web-app","admin.notFoundBody","The page you're looking for doesn't exist.","La pagina che cerchi non esiste.","","",""
"web-app","admin.brand","8nOut","8nOut","","",""
"web-app","admin.pill","Admin","Admin","","",""
"web-app","admin.role.moderator","Moderator","Moderatore","","",""
"web-app","admin.nav.section","Moderation","Moderazione","","",""
"web-app","admin.nav.overview","Overview","Panoramica","","",""
"web-app","admin.nav.venues","Venue queue","Coda locali","","",""
"web-app","admin.nav.reports","Reports","Segnalazioni","","",""
"web-app","admin.back","Back to 8nOut","Torna a 8nOut","","",""
"web-app","admin.refresh","Refresh","Aggiorna","","",""
"web-app","admin.loading","Loading…","Caricamento…","","",""
"web-app","admin.error","Couldn't load this right now — try refresh.","Non è stato possibile caricare questo in questo momento — prova ad aggiornare.","","",""
"web-app","admin.overview.title","Overview","Panoramica","","",""
"web-app","admin.overview.subtitle","The map at a glance","La mappa a colpo d'occhio","","",""
"web-app","admin.stat.players","Players","Giocatori","","",""
"web-app","admin.stat.venuesLive","Venues live","Locali attivi","","",""
"web-app","admin.stat.signups","Sign-ups","Iscrizioni","","",""
"web-app","admin.stat.openReports","Open reports","Segnalazioni aperte","","",""
"web-app","admin.stat.per7days","/ 7 days","/ 7 giorni","","",""
"web-app","admin.stat.newThisWeek","{count} this week","{count} questa settimana","","{count}",""
"web-app","admin.stat.pendingReview.one","1 pending review","1 in attesa di revisione","","",""
"web-app","admin.stat.pendingReview.other","{count} pending review","{count} in attesa di revisione","","{count}",""
"web-app","admin.stat.noPending","None pending","Nessuno in attesa","","",""
"web-app","admin.stat.needsReview","needs review","richiede revisione","","",""
"web-app","admin.stat.allClear","All clear","Tutto a posto","","",""
"web-app","admin.stat.goToVenues","Go to the venue queue","Vai alla coda locali","","",""
"web-app","admin.stat.goToReports","Go to reports","Vai alle segnalazioni","","",""
"web-app","admin.stat.onlineNow","Online now","Online ora","","",""
"web-app","admin.stat.active24h","Active 24h","Attivi nelle 24h","","",""
"web-app","admin.stat.onlineNowSub","In the last 10 min","Negli ultimi 10 min","","",""
"web-app","admin.stat.active24hSub","In the last 24 hours","Nelle ultime 24 ore","","",""
"web-app","admin.overview.attnVenues.one","1 venue awaiting review","1 locale in attesa di revisione","","",""
"web-app","admin.overview.attnVenues.other","{count} venues awaiting review","{count} locali in attesa di revisione","","{count}",""
"web-app","admin.overview.attnReports.one","1 open report","1 segnalazione aperta","","",""
"web-app","admin.overview.attnReports.other","{count} open reports","{count} segnalazioni aperte","","{count}",""
"web-app","admin.overview.attnSub","Pending your review","In attesa della tua revisione","","",""
"web-app","admin.overview.review","Review →","Rivedi →","","",""
"web-app","admin.overview.recent","Recent activity","Attività recente","","",""
"web-app","admin.overview.recentNote","Latest first","Più recente per prima","","",""
"web-app","admin.overview.recentEmpty","No recent activity.","Nessuna attività recente.","","",""
"web-app","admin.overview.recentPlayers","Players","Giocatori","","",""
"web-app","admin.overview.recentVenues","Venues","Locali","","",""
"web-app","admin.overview.recentPlayersEmpty","No recent player activity.","Nessuna attività recente dei giocatori.","","",""
"web-app","admin.overview.recentVenuesEmpty","No recent venue activity.","Nessuna attività recente dei locali.","","",""
"web-app","admin.overview.recentError","Couldn't load activity.","Non è stato possibile caricare l'attività.","","",""
"web-app","admin.overview.loadMore","Load more","Carica altro","","",""
"web-app","admin.overview.kindAll","All","Tutto","","",""
"web-app","admin.overview.kindPlayer","Player","Giocatore","","",""
"web-app","admin.overview.kindVenue","Venue","Locale","","",""
"web-app","admin.overview.kindReport","Report","Segnalazione","","",""
"web-app","admin.overview.allClearTitle","You're all caught up","Sei aggiornato","","",""
"web-app","admin.overview.allClearSub","Nothing waiting for review and no open reports.","Niente in attesa di revisione e nessuna segnalazione aperta.","","",""
"web-app","admin.overview.funnel.title","Onboarding funnel","Funnel di onboarding","","",""
"web-app","admin.overview.funnel.note","Read-only","Sola lettura","","",""
"web-app","admin.overview.funnel.windowAll","All time","Da sempre","","",""
"web-app","admin.overview.funnel.window90","Last 90 days","Ultimi 90 giorni","","",""
"web-app","admin.overview.funnel.window30","Last 30 days","Ultimi 30 giorni","","",""
"web-app","admin.overview.funnel.cohort","{total} signed up in this window · {mature} old enough to count (7+ days) · {completed} completed onboarding","{total} iscritti in questo periodo · {mature} abbastanza vecchi da contare (7+ giorni) · {completed} hanno completato l'onboarding","","{completed}; {mature}; {total}",""
"web-app","admin.overview.funnel.cohortEmpty","{total} signed up in this window","{total} iscritti in questo periodo","","{total}",""
"web-app","admin.overview.funnel.timeTitle","Time to complete","Tempo per completare","","",""
"web-app","admin.overview.funnel.timeMeta","based on {completed} completions","basato su {completed} completamenti","","{completed}",""
"web-app","admin.overview.funnel.avgLabel","Average","Media","","",""
"web-app","admin.overview.funnel.medianLabel","Median","Mediana","","",""
"web-app","admin.overview.funnel.bucketUnder5m","<5m","<5m","","",""
"web-app","admin.overview.funnel.bucket5to30m","5–30m","5–30m","","",""
"web-app","admin.overview.funnel.bucket30mTo2h","30m–2h","30m–2h","","",""
"web-app","admin.overview.funnel.bucket2hTo24h","2h–24h","2h–24h","","",""
"web-app","admin.overview.funnel.bucket1to7d","1–7d","1–7g","","",""
"web-app","admin.overview.funnel.bucketOver7d","7d+","7g+","","",""
"web-app","admin.overview.funnel.fillTitle","Per-step fill rate","Tasso di completamento per passaggio","","",""
"web-app","admin.overview.funnel.fillMeta","of {mature} mature members","su {mature} membri abbastanza vecchi","","{mature}",""
"web-app","admin.overview.funnel.fillEmpty","No members in this window yet.","Ancora nessun membro in questo periodo.","","",""
"web-app","admin.overview.funnel.stepName","Name","Nome","","",""
"web-app","admin.overview.funnel.stepCity","City","Città","","",""
"web-app","admin.overview.funnel.stepClub","Club","Club","","",""
"web-app","admin.overview.funnel.stepCuescore","CueScore","CueScore","","",""
"web-app","admin.overview.funnel.avoidTitle","Prompt avoidance","Elusione del prompt","","",""
"web-app","admin.overview.funnel.avoidMeta","of {mature} mature members","su {mature} membri abbastanza vecchi","","{mature}",""
"web-app","admin.overview.funnel.dismiss0","Never dismissed","Mai ignorato","","",""
"web-app","admin.overview.funnel.dismiss1","Dismissed once","Ignorato una volta","","",""
"web-app","admin.overview.funnel.dismiss2","Dismissed twice","Ignorato due volte","","",""
"web-app","admin.overview.funnel.dismiss3plus","Dismissed 3+ times","Ignorato 3 o più volte","","",""
"web-app","admin.overview.funnel.avoidSub","avg {n} dismissals per member · {snoozed} currently snoozed","media di {n} rifiuti per membro · {snoozed} rimandati al momento","","{n}; {snoozed}",""
"web-app","admin.overview.funnel.suppressedTag","Hidden — sample too small","Nascosto — campione troppo piccolo","","",""
"web-app","admin.overview.funnel.suppressedTitle","Not enough data yet","Non ci sono ancora abbastanza dati","","",""
"web-app","admin.overview.funnel.suppressedTime.one","Only 1 member completed onboarding in this window — showing an exact time here could point to a specific person, so it stays hidden until there's more data.","Solo 1 membro ha completato l'onboarding in questo periodo — mostrare un tempo esatto qui potrebbe indicare una persona specifica, quindi resta nascosto finché non ci sono più dati.","","",""
"web-app","admin.overview.funnel.suppressedTime.other","Only {count} members completed onboarding in this window — showing an exact time here could point to a specific person, so it stays hidden until there's more data.","Solo {count} membri hanno completato l'onboarding in questo periodo — mostrare un tempo esatto qui potrebbe indicare una persona specifica, quindi resta nascosto finché non ci sono più dati.","","{count}",""
"web-app","admin.overview.funnel.suppressedAvoid.one","Only 1 member in this window is old enough to count — not enough to show dismissal patterns without pointing at someone specific.","Solo 1 membro in questo periodo è abbastanza vecchio da contare — non basta per mostrare gli schemi di rifiuto senza indicare qualcuno in particolare.","","",""
"web-app","admin.overview.funnel.suppressedAvoid.other","Only {count} members in this window are old enough to count — not enough to show dismissal patterns without pointing at someone specific.","Solo {count} membri in questo periodo sono abbastanza vecchi da contare — non basta per mostrare gli schemi di rifiuto senza indicare qualcuno in particolare.","","{count}",""
"web-app","admin.overview.funnel.error","Couldn't load the onboarding funnel.","Non è stato possibile caricare il funnel di onboarding.","","",""
"web-app","admin.activity.venueApproved","{name} approved — live on the map","{name} approvato — attivo sulla mappa","","{name}",""
"web-app","admin.activity.venueRejected","{name} rejected","{name} rifiutato","","{name}",""
"web-app","admin.activity.venueModerated","{name} moderated","{name} moderato","","{name}",""
"web-app","admin.activity.venueSubmitted","New venue submitted: {name}","Nuovo locale inviato: {name}","","{name}",""
"web-app","admin.activity.playerJoined","New player: {name}","Nuovo giocatore: {name}","","{name}",""
"web-app","admin.activity.reportFiled","Report filed — {reason}","Segnalazione presentata — {reason}","","{reason}",""
"web-app","admin.activity.by","by {name}","da {name}","","{name}",""
"web-app","admin.venues.title","Venue queue","Coda locali","","",""
"web-app","admin.venues.subtitle.one","1 awaiting review · newest first","1 in attesa di revisione · più recente per primo","","",""
"web-app","admin.venues.subtitle.other","{count} awaiting review · newest first","{count} in attesa di revisione · più recente per primo","","{count}",""
"web-app","admin.venues.subtitleEmpty","0 awaiting review","0 in attesa di revisione","","",""
"web-app","admin.venues.emptyTitle","Nothing to review — nice.","Niente da revisionare — ottimo.","","",""
"web-app","admin.venues.emptySub","New venue submissions land here the moment a player adds one. You're all caught up.","I nuovi locali inviati arrivano qui non appena un giocatore ne aggiunge uno. Sei aggiornato.","","",""
"web-app","admin.venues.loadError","Couldn't load the venue queue — try refresh.","Non è stato possibile caricare la coda locali — prova ad aggiornare.","","",""
"web-app","admin.venue.pendingReview","Pending review","In attesa di revisione","","",""
"web-app","admin.venue.geocodedAddress","Geocoded address","Indirizzo geocodificato","","",""
"web-app","admin.venue.submittedAs","Submitted as: {text}","Inviato come: {text}","","{text}",""
"web-app","admin.venue.submittedBy","by {name}","da {name}","","{name}",""
"web-app","admin.venue.submittedAgo","Submitted {ago}","Inviato {ago}","","{ago}",""
"web-app","admin.venue.cuescore","Imported from CueScore","Importato da CueScore","","",""
"web-app","admin.venue.approve","Approve & publish","Approva e pubblica","","",""
"web-app","admin.venue.reject","Reject…","Rifiuta…","","",""
"web-app","admin.venue.editName","Edit","Modifica","","",""
"web-app","admin.venue.editNameAria","Edit venue name","Modifica nome del locale","","",""
"web-app","admin.venue.nameInputLabel","Venue name","Nome del locale","","",""
"web-app","admin.venue.saveName","Save","Salva","","",""
"web-app","admin.venue.cancelEdit","Cancel","Annulla","","",""
"web-app","admin.venue.safety.residential","Looks residential","Sembra residenziale","","",""
"web-app","admin.venue.safety.residentialSub","This reads like a private home. A home table belongs on a profile (connections-only), not the public venue map.","Questo sembra un'abitazione privata. Un tavolo di casa va in un profilo (solo connessioni), non sulla mappa pubblica dei locali.","","",""
"web-app","admin.venue.safety.business","Reads as a business","Sembra un'attività commerciale","","",""
"web-app","admin.venue.safety.businessSub","This reads like a public venue. Approving publishes it to the map right away.","Questo sembra un locale pubblico. Approvarlo lo pubblica subito sulla mappa.","","",""
"web-app","admin.venue.safety.neutral","No strong signal","Nessun indizio chiaro","","",""
"web-app","admin.venue.safety.neutralSub","The place-class isn't conclusive — check the map and address before deciding.","Il tipo di luogo non è chiaro — controlla la mappa e l'indirizzo prima di decidere.","","",""
"web-app","admin.venue.viewOsm","View on OpenStreetMap","Vedi su OpenStreetMap","","",""
"web-app","admin.venue.osmShort","OSM ↗","OSM ↗","","",""
"web-app","admin.venue.mapUnavailable","Map unavailable","Mappa non disponibile","","",""
"web-app","admin.venue.websiteLabel","Website","Sito web","","",""
"web-app","admin.venue.openWebsite","Open ↗","Apri ↗","","",""
"web-app","admin.venue.websiteReviewNote","We haven't checked where this leads — including whether it promotes money games. Open it and judge for yourself before you approve.","Non abbiamo controllato dove porta questo link — nemmeno se promuove partite a soldi. Aprilo e valuta tu stesso prima di approvare.","","",""
"web-app","admin.venue.websiteReviewNoteShort","We haven't checked where this leads — open it before you approve.","Non abbiamo controllato dove porta questo link — aprilo prima di approvare.","","",""
"web-app","admin.venue.edit.websiteLabel","Website URL","URL del sito web","","",""
"web-app","admin.venue.edit.websiteHint","Paste the club's website or Facebook page, or leave blank to clear it.","Incolla il sito del club o la sua pagina Facebook, oppure lascia vuoto per rimuoverlo.","","",""
"web-app","admin.venue.completenessTitle","Completeness","Completezza","","",""
"web-app","admin.venue.completeness.address","Address","Indirizzo","","",""
"web-app","admin.venue.completeness.city","City","Città","","",""
"web-app","admin.venue.completeness.country","Country","Paese","","",""
"web-app","admin.venue.completeness.logo","Logo","Logo","","",""
"web-app","admin.venue.completeness.website","Website","Sito web","","",""
"web-app","admin.reject.title","Reason for rejection","Motivo del rifiuto","","",""
"web-app","admin.reject.dsa","shown to submitter · DSA Art. 17","visibile a chi ha inviato · Art. 17 DSA","","",""
"web-app","admin.reject.sub","The submitter will see this on their submission. Keep it factual and kind.","Chi ha effettuato l'invio vedrà questa nota. Resta oggettivo e cortese.","","",""
"web-app","admin.reject.placeholder","Explain why this can't go on the map…","Spiega perché questo non può andare sulla mappa…","","",""
"web-app","admin.reject.chip.privateResidence","Private residence","Residenza privata","","",""
"web-app","admin.reject.chip.notAVenue","Not a public venue","Non è un locale pubblico","","",""
"web-app","admin.reject.chip.closedOrWrong","Closed / wrong details","Chiuso / dati errati","","",""
"web-app","admin.reject.chip.duplicate","Duplicate","Duplicato","","",""
"web-app","admin.reject.chip.other","Other…","Altro…","","",""
"web-app","admin.reject.cancel","Cancel","Annulla","","",""
"web-app","admin.reject.send","Send rejection","Invia rifiuto","","",""
"web-app","admin.reject.prefill.privateResidence","This looks like a private home. 8nOut only maps public pool venues — you can add your home table on your profile instead, where it stays visible to your connections only.","Questo sembra un'abitazione privata. 8nOut mappa solo locali pubblici di biliardo — puoi aggiungere il tuo tavolo di casa nel tuo profilo, dove resta visibile solo alle tue connessioni.","","",""
"web-app","admin.reject.prefill.notAVenue","This doesn't look like a public pool venue, so it can't go on the map.","Questo non sembra un locale pubblico di biliardo, quindi non può andare sulla mappa.","","",""
"web-app","admin.reject.prefill.closedOrWrong","These details look closed or incorrect, so this can't go on the map right now.","Questi dati sembrano indicare che è chiuso o sono errati, quindi questo non può andare sulla mappa ora.","","",""
"web-app","admin.reject.prefill.duplicate","This venue is already on the map, so this submission is a duplicate.","Questo locale è già sulla mappa, quindi questo invio è un duplicato.","","",""
"web-app","admin.reports.title","Reports","Segnalazioni","","",""
"web-app","admin.reports.subtitle.one","1 open · oldest first","1 aperta · più vecchia per prima","","",""
"web-app","admin.reports.subtitle.other","{count} open · oldest first","{count} aperte · più vecchia per prima","","{count}",""
"web-app","admin.reports.subtitleEmpty","0 open","0 aperte","","",""
"web-app","admin.reports.emptyTitle","No open reports.","Nessuna segnalazione aperta.","","",""
"web-app","admin.reports.emptySub","The community's behaving. New reports show up here.","La comunità si sta comportando bene. Le nuove segnalazioni compaiono qui.","","",""
"web-app","admin.reports.loadError","Couldn't load reports — try refresh.","Non è stato possibile caricare le segnalazioni — prova ad aggiornare.","","",""
"web-app","admin.report.kind.venue","Venue","Locale","","",""
"web-app","admin.report.kind.player","Player","Giocatore","","",""
"web-app","admin.report.kind.photo","Photo","Foto","","",""
"web-app","admin.report.kind.report","Report","Segnalazione","","",""
"web-app","admin.report.reportedBy","reported by {name} · {ago}","segnalato da {name} · {ago}","","{ago}; {name}",""
"web-app","admin.report.liveOnMap","Live on map","Attivo sulla mappa","","",""
"web-app","admin.report.venuePending","Pending","In attesa","","",""
"web-app","admin.report.venueRejected","Already rejected","Già rifiutato","","",""
"web-app","admin.report.photoBy","Photo by {name}","Foto di {name}","","{name}",""
"web-app","admin.report.takedown","Take down venue…","Rimuovi locale…","","",""
"web-app","admin.report.dismiss","Dismiss","Ignora","","",""
"web-app","admin.report.markActioned","Mark actioned","Segna come risolto","","",""
"web-app","admin.report.actionedNote","Marks the report resolved. It does not delete the photo.","Segna la segnalazione come risolta. Non elimina la foto.","","",""
"web-app","admin.report.noDetail","No note added.","Nessuna nota aggiunta.","","",""
"web-app","admin.reason.harassment","Harassment","Molestie","","",""
"web-app","admin.reason.spam","Spam","Spam","","",""
"web-app","admin.reason.inappropriatePhoto","Inappropriate photo","Foto inappropriata","","",""
"web-app","admin.reason.fakeProfile","Fake profile","Profilo falso","","",""
"web-app","admin.reason.privateResidence","Private residence","Residenza privata","","",""
"web-app","admin.reason.notAVenue","Not a public venue","Non è un locale pubblico","","",""
"web-app","admin.reason.closedOrWrong","Closed / wrong details","Chiuso / dati errati","","",""
"web-app","admin.reason.other","Other","Altro","","",""
"web-app","admin.reason.moneyPlaySolicitation","Money-play solicitation","Proposta di gioco a soldi","","",""
"web-app","admin.report.kind.message","Message","Messaggio","","",""
"web-app","admin.report.openWindow","Open message window…","Apri finestra messaggi…","","",""
"web-app","admin.report.noBody","The message text is never shown here. Open the logged window to read it.","Il testo del messaggio non viene mai mostrato qui. Apri la finestra registrata per leggerlo.","","",""
"web-app","admin.report.target24","24h target","Obiettivo 24h","","",""
"web-app","admin.report.target48","48h target","Obiettivo 48h","","",""
"web-app","admin.report.overdue","Past target","Oltre il termine","","",""
"web-app","admin.window.title","Message window","Finestra messaggi","","",""
"web-app","admin.window.readOnly","Read-only","Sola lettura","","",""
"web-app","admin.window.loggedNote","Opening this window is recorded — who, when, and which messages were returned — so message access stays accountable.","L'apertura di questa finestra viene registrata — chi, quando e quali messaggi sono stati restituiti — così l'accesso ai messaggi resta tracciabile.","","",""
"web-app","admin.window.bounds","Shows the reported message and up to 5 messages either side, within 24 hours of it — this conversation only.","Mostra il messaggio segnalato e fino a 5 messaggi per lato, entro 24 ore da esso — solo questa conversazione.","","",""
"web-app","admin.window.reported","Reported message","Messaggio segnalato","","",""
"web-app","admin.window.deletedTag","Deleted by sender","Eliminato dal mittente","","",""
"web-app","admin.window.cardRow","Challenge card","Scheda sfida","","",""
"web-app","admin.window.deletedMember","Deleted member","Membro eliminato","","",""
"web-app","admin.window.closedReport","This report is decided. Re-open it to view the window — re-opening is recorded.","Questa segnalazione è già stata decisa. Riaprila per vedere la finestra — la riapertura viene registrata.","","",""
"web-app","admin.window.purgedAnchor","This message no longer exists — the attempt was still logged.","Questo messaggio non esiste più — il tentativo è stato comunque registrato.","","",""
"web-app","admin.hold.place","Place hold…","Metti in sospeso…","","",""
"web-app","admin.hold.reasonLabel","Reason (recorded)","Motivo (registrato)","","",""
"web-app","admin.hold.confirm","Place hold","Metti in sospeso","","",""
"web-app","admin.hold.held","On hold","In sospeso","","",""
"web-app","admin.hold.heldUntil","On hold · expires {date}","In sospeso · scade il {date}","","{date}",""
"web-app","admin.hold.extend","Extend as H2…","Estendi come H2…","","",""
"web-app","admin.hold.autoPlaced","H1 hold — automatic","Sospensione H1 — automatica","","",""
"web-app","admin.hold.release","Release hold…","Rimuovi sospensione…","","",""
"web-app","admin.hold.releaseReasonLabel","Reason for release (recorded)","Motivo della rimozione (registrato)","","",""
"web-app","admin.hold.releaseConfirm","Release hold","Rimuovi sospensione","","",""
"web-app","admin.toast.holdPlaced","Hold placed","Sospensione applicata","","",""
"web-app","admin.toast.holdReleased","Hold released","Sospensione rimossa","","",""
"web-app","admin.toast.published","Published to the map","Pubblicato sulla mappa","","",""
"web-app","admin.toast.rejected","Rejection sent","Rifiuto inviato","","",""
"web-app","admin.toast.takendown","Taken down","Rimosso","","",""
"web-app","admin.toast.dismissed","Report dismissed","Segnalazione ignorata","","",""
"web-app","admin.toast.actioned","Report marked actioned","Segnalazione segnata come risolta","","",""
"web-app","admin.toast.error","Something went wrong — try again.","Qualcosa è andato storto — riprova.","","",""
"web-app","admin.time.justNow","just now","proprio ora","","",""
"web-app","admin.time.minutesAgo","{count}m ago","{count}m fa","","{count}",""
"web-app","admin.time.hoursAgo","{count}h ago","{count}h fa","","{count}",""
"web-app","admin.time.daysAgo","{count}d ago","{count}g fa","","{count}",""
"web-app","admin.nav.members","Members","Membri","","",""
"web-app","admin.roles.title","Members","Membri","","",""
"web-app","admin.roles.subtitle","Search members and manage roles","Cerca membri e gestisci i ruoli","","",""
"web-app","admin.roles.searchPlaceholder","Search by name…","Cerca per nome…","","",""
"web-app","admin.roles.you","You","Tu","","",""
"web-app","admin.roles.changeRoleFor","Change role for {name}","Cambia ruolo per {name}","","{name}",""
"web-app","admin.roles.role.owner","Owner","Proprietario","","",""
"web-app","admin.roles.role.moderator_1","Moderator 1","Moderatore 1","","",""
"web-app","admin.roles.role.moderator_2","Moderator 2","Moderatore 2","","",""
"web-app","admin.roles.role.player","Player","Giocatore","","",""
"web-app","admin.roles.save","Save","Salva","","",""
"web-app","admin.roles.toast.saved","Role updated","Ruolo aggiornato","","",""
"web-app","admin.roles.err.lastOwner","You can't change the last owner — promote another owner first.","Non puoi cambiare l'ultimo proprietario — promuovi prima un altro proprietario.","","",""
"web-app","admin.roles.emptyTitle","No members found","Nessun membro trovato","","",""
"web-app","admin.roles.emptySub","No one matches that search. Try a different name.","Nessuno corrisponde a quella ricerca. Prova un nome diverso.","","",""
"web-app","admin.nav.venuesManage","Venues","Locali","","",""
"web-app","admin.venuesManage.title","All venues","Tutti i locali","","",""
"web-app","admin.venuesManage.subtitle","Search, edit, merge and remove venues — every status","Cerca, modifica, unisci e rimuovi locali — qualsiasi stato","","",""
"web-app","admin.venuesManage.searchPlaceholder","Search name, address or city…","Cerca nome, indirizzo o città…","","",""
"web-app","admin.venuesManage.filter.all","All","Tutti","","",""
"web-app","admin.venuesManage.filter.pending","Pending","In attesa","","",""
"web-app","admin.venuesManage.filter.approved","Live","Attivi","","",""
"web-app","admin.venuesManage.filter.rejected","Rejected","Rifiutati","","",""
"web-app","admin.venuesManage.status.pending","Pending","In attesa","","",""
"web-app","admin.venuesManage.status.approved","Live","Attivo","","",""
"web-app","admin.venuesManage.status.rejected","Rejected","Rifiutato","","",""
"web-app","admin.venuesManage.showing.one","1 venue","1 locale","","",""
"web-app","admin.venuesManage.showing.other","{count} venues","{count} locali","","{count}",""
"web-app","admin.venuesManage.loadMore","Load more","Carica altro","","",""
"web-app","admin.venuesManage.emptyTitle","No venues here","Nessun locale qui","","",""
"web-app","admin.venuesManage.emptySub","Nothing matches that filter or search. Try a different one.","Niente corrisponde a quel filtro o ricerca. Provane uno diverso.","","",""
"web-app","admin.venuesManage.loadError","Couldn't load venues — try refresh.","Non è stato possibile caricare i locali — prova ad aggiornare.","","",""
"web-app","admin.venuesManage.view","View","Vedi","","",""
"web-app","admin.venuesManage.hide","Hide","Nascondi","","",""
"web-app","admin.venuesManage.edit","Edit","Modifica","","",""
"web-app","admin.venuesManage.merge","Merge…","Unisci…","","",""
"web-app","admin.venuesManage.remove","Remove…","Rimuovi…","","",""
"web-app","admin.venuesManage.toast.saved","Venue updated","Locale aggiornato","","",""
"web-app","admin.venuesManage.toast.removed","Venue removed","Locale rimosso","","",""
"web-app","admin.venuesManage.toast.merged","Venues merged","Locali uniti","","",""
"web-app","admin.venue.sourcedCuescore","Sourced from CueScore","Ottenuto da CueScore","","",""
"web-app","admin.venue.cuescoreLinked","CueScore","CueScore","","",""
"web-app","admin.venue.clubCount.one","1 club","1 club","","",""
"web-app","admin.venue.clubCount.other","{count} clubs","{count} club","","{count}",""
"web-app","admin.venue.edit.title","Edit venue","Modifica locale","","",""
"web-app","admin.venue.edit.nameLabel","Name","Nome","","",""
"web-app","admin.venue.edit.logoLabel","Logo URL","URL del logo","","",""
"web-app","admin.venue.edit.logoPlaceholder","https://…","https://…","","",""
"web-app","admin.venue.edit.logoHint","Paste an image URL, or leave blank for no logo.","Incolla l'URL di un'immagine, oppure lascia vuoto per nessun logo.","","",""
"web-app","admin.venue.edit.save","Save","Salva","","",""
"web-app","admin.venue.edit.cancel","Cancel","Annulla","","",""
"web-app","admin.venue.merge.title","Merge into another venue","Unisci a un altro locale","","",""
"web-app","admin.venue.merge.intro","Pick the canonical venue to fold “{name}” into. Its clubs move over and “{name}” is retired.","Scegli il locale canonico in cui far confluire “{name}”. I suoi club vengono spostati e “{name}” viene ritirato.","","{name}",""
"web-app","admin.venue.merge.searchPlaceholder","Search live venues…","Cerca locali attivi…","","",""
"web-app","admin.venue.merge.noTarget","No live venues match — try another search.","Nessun locale attivo corrisponde — prova un'altra ricerca.","","",""
"web-app","admin.venue.merge.confirmSub","Every club on “{from}” moves to “{into}”, and “{from}” becomes rejected. This can't be undone.","Ogni club su “{from}” viene spostato su “{into}”, e “{from}” diventa rifiutato. Non si può annullare.","","{from}; {into}",""
"web-app","admin.venue.merge.button","Merge venues","Unisci locali","","",""
"web-app","admin.venue.merge.back","Back","Indietro","","",""
"web-app","admin.venue.merge.cancel","Cancel","Annulla","","",""
"web-app","admin.cuescore.addButton","Add via CueScore","Aggiungi via CueScore","","",""
"web-app","admin.cuescore.title","Add a venue from CueScore","Aggiungi un locale da CueScore","","",""
"web-app","admin.cuescore.intro","Paste a CueScore venue link. We read it once and prefill a submission for you to review — it still goes through moderation.","Incolla un link di un locale CueScore. Lo leggiamo una volta e precompiliamo un invio da revisionare — passa comunque per la moderazione.","","",""
"web-app","admin.cuescore.urlPlaceholder","https://cuescore.com/venue/…","https://cuescore.com/venue/…","","",""
"web-app","admin.cuescore.urlLabel","CueScore venue link","Link del locale su CueScore","","",""
"web-app","admin.cuescore.lookup","Look up","Cerca","","",""
"web-app","admin.cuescore.looking","Reading…","Lettura…","","",""
"web-app","admin.cuescore.close","Close","Chiudi","","",""
"web-app","admin.cuescore.back","Back","Indietro","","",""
"web-app","admin.cuescore.matched","Already on 8nOut","Già su 8nOut","","",""
"web-app","admin.cuescore.lookAnother","Look up another","Cercane un altro","","",""
"web-app","admin.cuescore.findIt","Find it","Trovalo","","",""
"web-app","admin.cuescore.nameLabel","Name","Nome","","",""
"web-app","admin.cuescore.addressLabel","Address","Indirizzo","","",""
"web-app","admin.cuescore.addressHint","This becomes the club's map pin, so keep it complete and accurate.","Questo diventa il pin del club sulla mappa, quindi mantienilo completo e accurato.","","",""
"web-app","admin.cuescore.add","Add for review","Aggiungi per la revisione","","",""
"web-app","admin.cuescore.adding","Adding…","Aggiunta in corso…","","",""
"web-app","admin.cuescore.addAnyway","Add anyway","Aggiungi comunque","","",""
"web-app","admin.cuescore.candidatesTitle","Similar venues are already on the map:","Locali simili sono già sulla mappa:","","",""
"web-app","admin.cuescore.switchOn","CueScore reads: On","Letture CueScore: Attive","","",""
"web-app","admin.cuescore.switchOff","CueScore reads: Off","Letture CueScore: Disattive","","",""
"web-app","admin.cuescore.switchHint","Turn all CueScore reads (venue add + match import) on or off","Attiva o disattiva tutte le letture CueScore (aggiunta locale + importazione partite)","","",""
"web-app","admin.cuescore.toast.on","CueScore reads enabled","Letture CueScore attivate","","",""
"web-app","admin.cuescore.toast.off","CueScore reads disabled","Letture CueScore disattivate","","",""
"web-app","admin.cuescore.toast.added","Sent for review","Inviato per la revisione","","",""
"web-app","admin.cuescore.err.disabled","CueScore reads are turned off right now.","Le letture CueScore sono disattivate in questo momento.","","",""
"web-app","admin.cuescore.err.rate_limited","Too many CueScore reads just now — try again later.","Troppe letture CueScore in questo momento — riprova più tardi.","","",""
"web-app","admin.cuescore.err.bad_url","No venue id in that link. Use the venue page URL — cuescore.com/venue/Club+Name/60451687 — or paste the numeric venue id on its own.","Quel link non contiene un id di locale. Usa l'URL della pagina del locale — cuescore.com/venue/Club+Name/60451687 — oppure incolla solo l'id numerico del locale.","","",""
"web-app","admin.cuescore.err.unreachable","Couldn't reach CueScore right now — try again shortly.","Non è stato possibile raggiungere CueScore in questo momento — riprova tra poco.","","",""
"web-app","admin.cuescore.err.forbidden","You don't have permission to do that.","Non hai il permesso di farlo.","","",""
"web-app","admin.cuescore.err.geocode","That address didn't match the map. Edit it above, then add again.","Quell'indirizzo non corrisponde alla mappa. Modificalo qui sopra, poi aggiungilo di nuovo.","","",""
"web-app","admin.cuescore.err.geocoder_unavailable","The address lookup is unavailable right now. Try again shortly.","La ricerca dell'indirizzo non è disponibile in questo momento. Riprova tra poco.","","",""
"web-app","suspended.title","Account suspended","Account sospeso","","",""
"web-app","suspended.body","Your 8nOut account has been suspended for a violation of our Terms of Service.","Il tuo account 8nOut è stato sospeso per una violazione dei nostri Termini di Servizio.","","",""
"web-app","suspended.redress","If you believe this was a mistake, you can contact us at privacy@8nout.com to ask us to review it. If you disagree with our decision, you also have the right to take the matter to court. More on this is in our Terms of Service (section 13).","Se ritieni che sia stato un errore, puoi scriverci a privacy@8nout.com per chiederci di rivederlo. Se non sei d'accordo con la nostra decisione, hai anche il diritto di portare la questione davanti a un tribunale. Maggiori informazioni nei nostri Termini di Servizio (sezione 13).","","",""
"web-app","removed.title","Account removed","Account rimosso","","",""
"web-app","removed.body","Your 8nOut account has been removed for a violation of our Terms of Service.","Il tuo account 8nOut è stato rimosso per una violazione dei nostri Termini di Servizio.","","",""
"web-app","removed.redress","If you believe this decision was wrong, you can contact us at privacy@8nout.com. Because the account and its data have been deleted we cannot restore them, but you can still contest this decision, including before a court. More on this is in our Terms of Service (section 13).","Se ritieni che questa decisione sia sbagliata, puoi scriverci a privacy@8nout.com. Poiché l'account e i suoi dati sono stati cancellati non possiamo ripristinarli, ma puoi comunque contestare questa decisione, anche davanti a un tribunale. Maggiori informazioni nei nostri Termini di Servizio (sezione 13).","","",""
"web-app","moderation.reasonLine","Reason: {reason}","Motivo: {reason}","","{reason}",""
"web-app","moderation.reason.harassment","Harassment or abuse","Molestie o abusi","","",""
"web-app","moderation.reason.spam","Spam","Spam","","",""
"web-app","moderation.reason.fakeProfile","Fake profile","Profilo falso","","",""
"web-app","moderation.reason.inappropriateContent","Inappropriate content","Contenuto inappropriato","","",""
"web-app","moderation.reason.safetyThreat","Threats or safety concern","Minacce o problemi di sicurezza","","",""
"web-app","moderation.reason.termsViolation","Terms of Service violation","Violazione dei Termini di Servizio","","",""
"web-app","moderation.reason.other","Other","Altro","","",""
"web-app","admin.nav.lookup","Member lookup","Cerca membro","","",""
"web-app","admin.report.removeMember","Remove member…","Rimuovi membro…","","",""
"web-app","admin.lookup.title","Member lookup","Cerca membro","","",""
"web-app","admin.lookup.subtitle","Find a member to review or remove","Trova un membro da revisionare o rimuovere","","",""
"web-app","admin.lookup.searchPlaceholder","Search by name or paste a member id…","Cerca per nome o incolla un id membro…","","",""
"web-app","admin.lookup.startTitle","Search for a member","Cerca un membro","","",""
"web-app","admin.lookup.startSub","Type a name or paste a member id to look them up.","Digita un nome o incolla un id membro per cercarlo.","","",""
"web-app","admin.lookup.openReports","{count} open reports","{count} segnalazioni aperte","","{count}",""
"web-app","admin.lookup.manage","Manage…","Gestisci…","","",""
"web-app","admin.detail.viewButton","View detail","Vedi dettaglio","","",""
"web-app","admin.detail.close","Close","Chiudi","","",""
"web-app","admin.detail.cancel","Cancel","Annulla","","",""
"web-app","admin.detail.open","Open detail","Apri dettaglio","","",""
"web-app","admin.detail.done","Done","Fatto","","",""
"web-app","admin.detail.reasonLead","Opening this member's details is recorded — who, when, and why — so moderator access stays accountable. Give a short reason or link an open report.","L'apertura dei dettagli di questo membro viene registrata — chi, quando e perché — così l'accesso dei moderatori resta tracciabile. Indica un breve motivo o collega una segnalazione aperta.","","",""
"web-app","admin.detail.reasonLabel","Reason for viewing","Motivo della consultazione","","",""
"web-app","admin.detail.reasonPlaceholder","e.g. reviewing a harassment report…","es. revisione di una segnalazione di molestie…","","",""
"web-app","admin.detail.linkReportLabel","Link an open report (optional)","Collega una segnalazione aperta (facoltativo)","","",""
"web-app","admin.detail.noReport","No linked report","Nessuna segnalazione collegata","","",""
"web-app","admin.detail.suspendedBanner","This member is suspended. Contact, precise address, photos and bio were purged on suspension.","Questo membro è sospeso. Contatto, indirizzo esatto, foto e bio sono stati rimossi al momento della sospensione.","","",""
"web-app","admin.detail.removedOnSuspension","Removed on suspension.","Rimosso alla sospensione.","","",""
"web-app","admin.detail.sec.completeness","Completeness","Completezza","","",""
"web-app","admin.detail.sec.identity","Identity","Identità","","",""
"web-app","admin.detail.sec.bio","Bio","Bio","","",""
"web-app","admin.detail.sec.rating","Rating & CueScore","Rating e CueScore","","",""
"web-app","admin.detail.sec.photos","Photos","Foto","","",""
"web-app","admin.detail.sec.clubs","Clubs","Club","","",""
"web-app","admin.detail.sec.record","Record","Bilancio","","",""
"web-app","admin.detail.sec.modActions","Moderation history","Storico moderazione","","",""
"web-app","admin.detail.sec.reportsAbout","Reports about this member","Segnalazioni su questo membro","","",""
"web-app","admin.detail.sec.reportsFiled","Reports this member filed","Segnalazioni presentate da questo membro","","",""
"web-app","admin.detail.completeness.name","Name","Nome","","",""
"web-app","admin.detail.completeness.city","City","Città","","",""
"web-app","admin.detail.completeness.club","Club","Club","","",""
"web-app","admin.detail.completeness.cuescore","CueScore","CueScore","","",""
"web-app","admin.completeness.summary","{filled} of {total} filled in","{filled} di {total} completati","","{filled}; {total}",""
"web-app","admin.completeness.filled","Filled in","Completato","","",""
"web-app","admin.completeness.open","Open","In sospeso","","",""
"web-app","admin.completeness.clubBreakdown","{approved} approved · {pending} pending · {rejected} rejected","{approved} approvati · {pending} in attesa · {rejected} rifiutati","","{approved}; {pending}; {rejected}",""
"web-app","admin.detail.memberSince","Member since","Membro dal","","",""
"web-app","admin.detail.home","Home","Città","","",""
"web-app","admin.detail.noBio","No bio.","Nessuna bio.","","",""
"web-app","admin.detail.fargo","Fargo rating","Fargo rating","","",""
"web-app","admin.detail.notSet","Not set","Non impostato","","",""
"web-app","admin.detail.cuescore","CueScore","CueScore","","",""
"web-app","admin.detail.cuescoreOpen","Open profile #{id}","Apri profilo #{id}","","{id}",""
"web-app","admin.detail.notLinked","Not linked","Non collegato","","",""
"web-app","admin.detail.noPhotos","No photos.","Nessuna foto.","","",""
"web-app","admin.detail.unnamedClub","Unnamed club","Club senza nome","","",""
"web-app","admin.detail.noClubs","No clubs listed.","Nessun club indicato.","","",""
"web-app","admin.detail.wins"," wins"," vittorie","","",""
"web-app","admin.detail.losses"," losses"," sconfitte","","",""
"web-app","admin.detail.connections"," connections"," connessioni","","",""
"web-app","admin.detail.lastPlayed","Last played {when}","Ultima partita {when}","","{when}",""
"web-app","admin.detail.noGames","No recorded games.","Nessuna partita registrata.","","",""
"web-app","admin.detail.noModActions","No moderation actions on file.","Nessuna azione di moderazione registrata.","","",""
"web-app","admin.detail.noReportsAbout","No reports about this member.","Nessuna segnalazione su questo membro.","","",""
"web-app","admin.detail.noReportsFiled","This member hasn't filed any reports.","Questo membro non ha presentato nessuna segnalazione.","","",""
"web-app","admin.remove.close","Close","Chiudi","","",""
"web-app","admin.remove.loading","Loading member…","Caricamento membro…","","",""
"web-app","admin.remove.notFound","Member not found.","Membro non trovato.","","",""
"web-app","admin.remove.cantAct","You can only remove a member below your role.","Puoi rimuovere solo un membro con un ruolo inferiore al tuo.","","",""
"web-app","admin.remove.status.active","Active","Attivo","","",""
"web-app","admin.remove.status.suspended","Suspended","Sospeso","","",""
"web-app","admin.remove.reasonLabel","Reason category","Categoria del motivo","","",""
"web-app","admin.remove.cat.harassment","Harassment or abuse","Molestie o abusi","","",""
"web-app","admin.remove.cat.spam","Spam","Spam","","",""
"web-app","admin.remove.cat.fakeProfile","Fake or impersonating profile","Profilo falso o impersonificazione","","",""
"web-app","admin.remove.cat.inappropriateContent","Inappropriate content","Contenuto inappropriato","","",""
"web-app","admin.remove.cat.safetyThreat","Safety threat","Minaccia alla sicurezza","","",""
"web-app","admin.remove.cat.termsViolation","Terms of Service violation","Violazione dei Termini di Servizio","","",""
"web-app","admin.remove.cat.other","Something else","Qualcos'altro","","",""
"web-app","admin.remove.detailLabel","Internal note (optional)","Nota interna (facoltativo)","","",""
"web-app","admin.remove.detailPlaceholder","Context for the record — not shown to the member…","Contesto per l'archivio — non mostrato al membro…","","",""
"web-app","admin.remove.withhold","Withhold the reason from the member (act first)","Non comunicare il motivo al membro (agisci prima)","","",""
"web-app","admin.remove.evidenceLabel","Evidence (reports on file)","Prove (segnalazioni registrate)","","",""
"web-app","admin.remove.noEvidence","No reports on file for this member.","Nessuna segnalazione registrata per questo membro.","","",""
"web-app","admin.remove.suspendHint","Reversible. Purges the home address, contact, photos and bio; keeps the audit trail.","Reversibile. Elimina l'indirizzo di casa, il contatto, le foto e la bio; conserva la tracciabilità.","","",""
"web-app","admin.remove.suspend","Suspend member","Sospendi membro","","",""
"web-app","admin.remove.reinstateHint","This member is suspended. Reinstating clears it — but purged data is not restored.","Questo membro è sospeso. Riattivarlo annulla la sospensione — ma i dati eliminati non vengono ripristinati.","","",""
"web-app","admin.remove.reinstate","Reinstate member","Riattiva membro","","",""
"web-app","admin.remove.deleteHint","Irreversible. Erases the account; keeps de-identified match & report evidence.","Irreversibile. Cancella l'account; conserva le prove di partite e segnalazioni in forma anonima.","","",""
"web-app","admin.remove.eraseDisabled","Permanent erase is disabled for now. Use Suspend above.","La cancellazione permanente è disattivata per ora. Usa Sospendi qui sopra.","","",""
"web-app","admin.remove.tombstone","Block re-registration (abuse only)","Blocca una nuova registrazione (solo in caso di abuso)","","",""
"web-app","admin.remove.confirmLabel","Type {name} to confirm deletion","Digita {name} per confermare l'eliminazione","","{name}",""
"web-app","admin.remove.delete","Permanently delete","Elimina permanentemente","","",""
"web-app","admin.remove.cancel","Cancel","Annulla","","",""
"web-app","admin.remove.manageShort","Remove…","Rimuovi…","","",""
"web-app","admin.remove.toast.suspended","Member suspended","Membro sospeso","","",""
"web-app","admin.remove.toast.reinstated","Member reinstated","Membro riattivato","","",""
"web-app","admin.remove.toast.deleted","Member removed","Membro rimosso","","",""
"web-app","admin.remove.err.lastOwner","You can't remove the last owner — promote another owner first.","Non puoi rimuovere l'ultimo proprietario — promuovi prima un altro proprietario.","","",""
"web-app","admin.remove.err.forbidden","You don't have permission to remove this member.","Non hai il permesso di rimuovere questo membro.","","",""
"web-app","admin.nav.blog","Blog","Blog","","",""
"web-app","admin.blog.title","Blog","Blog","","",""
"web-app","admin.blog.subtitle","Draft, review and publish moderator stories","Scrivi, rivedi e pubblica gli articoli dei moderatori","","",""
"web-app","admin.blog.loadError","Couldn't load posts — try refresh.","Non è stato possibile caricare gli articoli — prova ad aggiornare.","","",""
"web-app","admin.blog.helpAria","About authorship & review","Informazioni su autore e revisione","","",""
"web-app","admin.blog.help.title","Who can see this","Chi può vedere questo","","",""
"web-app","admin.blog.help.body","Every draft, edit and review action is recorded — who wrote the post, who reviewed it, and when. Other moderators can see this record. Members and the public never do.","Ogni bozza, modifica e azione di revisione viene registrata — chi ha scritto l'articolo, chi lo ha revisionato e quando. Gli altri moderatori possono vedere questo registro. I membri e il pubblico non lo vedono mai.","","",""
"web-app","admin.blog.help.close","Close","Chiudi","","",""
"web-app","admin.blog.status.draft","Draft","Bozza","","",""
"web-app","admin.blog.status.pendingReview","Pending review","In attesa di revisione","","",""
"web-app","admin.blog.status.published","Published","Pubblicato","","",""
"web-app","admin.blog.status.rejected","Rejected","Rifiutato","","",""
"web-app","admin.blog.status.archived","Archived","Archiviato","","",""
"web-app","admin.blog.filter.myDrafts","My drafts","Le mie bozze","","",""
"web-app","admin.blog.filter.pendingReview","Pending review","In attesa di revisione","","",""
"web-app","admin.blog.filter.published","Published","Pubblicati","","",""
"web-app","admin.blog.filter.archived","Archived","Archiviati","","",""
"web-app","admin.blog.empty.drafts.title","No drafts yet","Ancora nessuna bozza","","",""
"web-app","admin.blog.empty.drafts.sub","Start a new post and it lands here.","Inizia un nuovo articolo e comparirà qui.","","",""
"web-app","admin.blog.empty.pendingReview.title","Nothing waiting for review","Niente in attesa di revisione","","",""
"web-app","admin.blog.empty.pendingReview.sub","Submitted drafts show up here for a second moderator to check.","Le bozze inviate compaiono qui perché un secondo moderatore le controlli.","","",""
"web-app","admin.blog.empty.published.title","Nothing published yet","Ancora nulla di pubblicato","","",""
"web-app","admin.blog.empty.published.sub","Published posts appear here, newest first.","Gli articoli pubblicati compaiono qui, dal più recente.","","",""
"web-app","admin.blog.empty.archived.title","Nothing archived","Niente archiviato","","",""
"web-app","admin.blog.empty.archived.sub","Posts you take down move here.","Gli articoli che ritiri si spostano qui.","","",""
"web-app","admin.blog.action.new","New post","Nuovo articolo","","",""
"web-app","admin.blog.action.saveDraft","Save draft","Salva bozza","","",""
"web-app","admin.blog.action.submitForReview","Submit for review","Invia per la revisione","","",""
"web-app","admin.blog.action.approveAndPublish","Approve & publish","Approva e pubblica","","",""
"web-app","admin.blog.action.reject","Reject…","Rifiuta…","","",""
"web-app","admin.blog.action.reopenDraft","Reopen draft","Riapri bozza","","",""
"web-app","admin.blog.action.archive","Archive","Archivia","","",""
"web-app","admin.blog.action.hardDelete","Delete permanently","Elimina definitivamente","","",""
"web-app","admin.blog.archiveHint","Reversible. Takes the post off the public blog immediately; reopen it as a draft any time.","Reversibile. Toglie subito l'articolo dal blog pubblico; puoi riaprirlo come bozza in qualsiasi momento.","","",""
"web-app","admin.blog.hardDeleteHint","Irreversible. Erases the post and its full revision history.","Irreversibile. Cancella l'articolo e tutta la sua cronologia delle revisioni.","","",""
"web-app","admin.blog.hardDeleteConfirmLabel","Type “{title}” to confirm deletion","Digita “{title}” per confermare l'eliminazione","","{title}",""
"web-app","admin.blog.compliance.check","Check for issues","Controlla eventuali problemi","","",""
"web-app","admin.blog.compliance.checking","Checking…","Controllo in corso…","","",""
"web-app","admin.blog.compliance.cleanTitle","No issues found","Nessun problema trovato","","",""
"web-app","admin.blog.compliance.cleanSub","Nothing flagged — this post is clear.","Niente segnalato — questo articolo è a posto.","","",""
"web-app","admin.blog.compliance.flaggedTitle","Wording needs review","Il testo richiede una revisione","","",""
"web-app","admin.blog.compliance.flaggedSub","This post contains wording that needs review. Check the list below, then edit before you submit or publish.","Questo articolo contiene un testo che richiede una revisione. Controlla l'elenco qui sotto, poi modificalo prima di inviarlo o pubblicarlo.","","",""
"web-app","admin.blog.compliance.flaggedListLabel","Flagged:","Segnalato:","","",""
"web-app","admin.blog.compliance.hint","Runs automatically before you submit or publish — use this button to check anytime while you're writing.","Si esegue automaticamente prima di inviare o pubblicare — usa questo pulsante per controllare in qualsiasi momento mentre scrivi.","","",""
"web-app","admin.blog.compliance.errorTitle","Couldn't check","Non è stato possibile controllare","","",""
"web-app","admin.blog.compliance.errorSub","The compliance check didn't run — try again before approving.","Il controllo di conformità non è stato eseguito — riprova prima di approvare.","","",""
"web-app","admin.blog.compliance.retry","Try again","Riprova","","",""
"web-app","admin.blog.reject.title","Reason for rejection","Motivo del rifiuto","","",""
"web-app","admin.blog.reject.sub","The author sees this note when they reopen the draft. Keep it factual and useful.","L'autore vedrà questa nota quando riaprirà la bozza. Resta oggettivo e utile.","","",""
"web-app","admin.blog.reject.placeholder","Explain what needs to change before this can be approved…","Spiega cosa deve cambiare prima che questo possa essere approvato…","","",""
"web-app","admin.blog.reject.cancel","Cancel","Annulla","","",""
"web-app","admin.blog.reject.send","Send rejection","Invia rifiuto","","",""
"web-app","admin.blog.rejectedNotice","This draft was rejected. See the reviewer's note below, make your changes, then resubmit.","Questa bozza è stata rifiutata. Guarda la nota del revisore qui sotto, apporta le modifiche, poi reinviala.","","",""
"web-app","admin.blog.rejectedReasonLabel","Reviewer's note","Nota del revisore","","",""
"web-app","admin.blog.selfReview.notice","You can't approve or publish your own post — ask another moderator to review it.","Non puoi approvare o pubblicare un tuo articolo — chiedi a un altro moderatore di revisionarlo.","","",""
"web-app","admin.blog.err.notFound","Couldn't find this post — it may have been deleted or moved. Refresh the list and try again.","Non è stato possibile trovare questo articolo — potrebbe essere stato eliminato o spostato. Aggiorna l'elenco e riprova.","","",""
"web-app","admin.blog.err.invalidTransition","This action isn't available for the post's current status — refresh the list to see where it stands.","Questa azione non è disponibile per lo stato attuale dell'articolo — aggiorna l'elenco per vedere a che punto è.","","",""
"web-app","admin.blog.err.selfReview","You can't review your own post — ask another moderator to approve, publish, or reject it.","Non puoi revisionare un tuo articolo — chiedi a un altro moderatore di approvarlo, pubblicarlo o rifiutarlo.","","",""
"web-app","admin.blog.err.notModerator","You don't have permission to do that.","Non hai il permesso di farlo.","","",""
"web-app","admin.blog.err.badSlug","That URL isn't available — use lowercase letters, numbers and hyphens only.","Quell'URL non è disponibile — usa solo lettere minuscole, numeri e trattini.","","",""
"web-app","admin.blog.err.incomplete","Add a title and some body text before you submit this for review.","Aggiungi un titolo e del testo nel corpo prima di inviarlo per la revisione.","","",""
"web-app","admin.blog.err.flagged","This post contains wording that needs review — run the compliance check to see what to fix.","Questo articolo contiene un testo che richiede revisione — esegui il controllo di conformità per vedere cosa correggere.","","",""
"web-app","admin.blog.err.notOwner","Only an owner can delete a post permanently.","Solo un proprietario può eliminare definitivamente un articolo.","","",""
"web-app","admin.blog.err.failed","Couldn't do that right now. Try again.","Non è stato possibile farlo proprio ora. Riprova.","","",""
"web-app","admin.blog.toast.draftSaved","Draft saved","Bozza salvata","","",""
"web-app","admin.blog.toast.submitted","Sent for review","Inviato per la revisione","","",""
"web-app","admin.blog.toast.published","Published","Pubblicato","","",""
"web-app","admin.blog.toast.rejected","Rejection sent","Rifiuto inviato","","",""
"web-app","admin.blog.toast.reopened","Draft reopened","Bozza riaperta","","",""
"web-app","admin.blog.toast.archived","Archived","Archiviato","","",""
"web-app","admin.blog.toast.deleted","Post deleted","Articolo eliminato","","",""
"web-app","admin.blog.editor.field.title","Title","Titolo","","",""
"web-app","admin.blog.editor.field.summary","Summary","Riepilogo","","",""
"web-app","admin.blog.editor.field.summaryHint","Shown as the preview snippet on the blog index and in link previews.","Mostrato come anteprima nell'indice del blog e nelle anteprime dei link.","","",""
"web-app","admin.blog.editor.field.category","Category","Categoria","","",""
"web-app","admin.blog.editor.field.subcategory","Subcategory (optional)","Sottocategoria (facoltativo)","","",""
"web-app","admin.blog.editor.field.categoryHint","Free text for now — click a suggestion to fill it in, or type your own if none fit yet.","Testo libero per ora — clicca un suggerimento per compilarlo, o scrivi il tuo se nessuno è adatto ancora.","","",""
"web-app","admin.blog.editor.field.suggestedLabel","Suggested:","Suggerito:","","",""
"web-app","admin.blog.editor.field.links","Links (optional)","Link (facoltativo)","","",""
"web-app","admin.blog.editor.field.addLink","+ Add link","+ Aggiungi link","","",""
"web-app","admin.blog.editor.field.linkHrefInvalid","Enter a link starting with https:// or mailto:","Inserisci un link che inizi con https:// o mailto:","","",""
"web-app","admin.blog.editor.field.body","Body","Corpo del testo","","",""
"web-app","admin.blog.editor.previewLabel","Preview","Anteprima","","",""
"web-app","admin.blog.editor.toolbar.bold","Bold","Grassetto","","",""
"web-app","admin.blog.editor.toolbar.italic","Italic","Corsivo","","",""
"web-app","admin.blog.editor.toolbar.link","Link","Link","","",""
"web-app","admin.blog.editor.toolbar.h2","Heading 2","Titolo 2","","",""
"web-app","admin.blog.editor.toolbar.h3","Heading 3","Titolo 3","","",""
"web-app","admin.blog.editor.toolbar.bulletList","Bullet list","Elenco puntato","","",""
"web-app","admin.blog.editor.toolbar.numberedList","Numbered list","Elenco numerato","","",""
"web-app","admin.blog.editor.toolbar.quote","Quote","Citazione","","",""
"web-app","admin.blog.editor.linkUrlLabel","Link URL","URL del link","","",""
"web-app","admin.blog.editor.linkUrlPlaceholder","https://…","https://…","","",""
"web-app","admin.blog.editor.lockedBanner","This post is live, so editing is locked here. To change it: archive the post, reopen the archived copy as a draft, edit it, then send it back through review. There's no quick-fix shortcut for small edits yet — every live change goes through the same two-moderator check as a first publish.","Questo articolo è pubblicato, quindi qui la modifica è bloccata. Per cambiarlo: archivialo, riapri la copia archiviata come bozza, modificala, poi rimandala in revisione. Non c'è ancora una scorciatoia per piccole modifiche — ogni cambiamento a un articolo pubblicato passa dallo stesso controllo a due moderatori di una prima pubblicazione.","","",""
"web-app","admin.blog.editor.reopenDraftHint","Optional — editing and resubmitting already work without it. This just clears the Rejected status back to Draft.","Facoltativo — modificare e reinviare funziona già senza questo. Riporta solo lo stato da Rifiutato a Bozza.","","",""
"web-app","admin.blog.editor.conflict.title","This post has changed","Questo articolo è cambiato","","",""
"web-app","admin.blog.editor.conflict.body","Another moderator saved a change to this draft after you opened it. Reload to see their version, or save anyway to overwrite it with yours.","Un altro moderatore ha salvato una modifica a questa bozza dopo che l'hai aperta. Ricarica per vedere la sua versione, oppure salva comunque per sovrascriverla con la tua.","","",""
"web-app","admin.blog.editor.conflict.reload","Reload latest","Ricarica l'ultima versione","","",""
"web-app","admin.blog.editor.conflict.saveAnyway","Save anyway","Salva comunque","","",""
"web-app","admin.blog.editor.toolbar.image","Inline image","Immagine in linea","","",""
"web-app","admin.blog.editor.image.formTitle","Inline image details","Dettagli dell'immagine in linea","","",""
"web-app","admin.blog.editor.image.inlineHint","Appears exactly where you insert it in the post — there's no separate cover or featured image.","Appare esattamente dove la inserisci nell'articolo — non c'è una copertina o un'immagine in evidenza separata.","","",""
"web-app","admin.blog.editor.image.dropPrompt","Drag a photo here, or click to choose one from your device","Trascina qui una foto, oppure clicca per sceglierne una dal tuo dispositivo","","",""
"web-app","admin.blog.editor.image.dropActive","Drop to upload","Rilascia per caricare","","",""
"web-app","admin.blog.editor.image.hint","JPEG only, up to 4 MB. Uploaded photos are checked and cleaned up automatically.","Solo JPEG, fino a 4 MB. Le foto caricate vengono controllate e ripulite automaticamente.","","",""
"web-app","admin.blog.editor.image.uploading","Uploading…","Caricamento…","","",""
"web-app","admin.blog.editor.image.uploaded","Photo added — fill in the details below, then insert it.","Foto aggiunta — compila i dettagli qui sotto, poi inseriscila.","","",""
"web-app","admin.blog.editor.image.uploadError","Couldn't upload that photo — try again.","Non è stato possibile caricare quella foto — riprova.","","",""
"web-app","admin.blog.editor.image.tooLarge","That photo's too big. The editor accepts JPEGs up to 4 MB — try a smaller file.","Quella foto è troppo grande. L'editor accetta JPEG fino a 4 MB — prova un file più piccolo.","","",""
"web-app","admin.blog.editor.image.wrongType","Only JPEG photos are supported here. Save it as a .jpg and try again.","Qui sono supportate solo foto JPEG. Salvala come .jpg e riprova.","","",""
"web-app","admin.blog.editor.image.externalUrlNotSupported","Links to photos elsewhere aren't supported — upload the file itself. That's what checks it and strips its location data before it goes live.","I link a foto ospitate altrove non sono supportati — carica il file stesso. È questo che permette di controllarlo e rimuovere i dati di posizione prima che vada online.","","",""
"web-app","admin.blog.editor.image.altLabel","Alt text","Testo alternativo","","",""
"web-app","admin.blog.editor.image.altPlaceholder","Describe what's in the photo, for people using a screen reader","Descrivi cosa mostra la foto, per chi usa uno screen reader","","",""
"web-app","admin.blog.editor.image.captionLabel","Caption (optional)","Didascalia (facoltativo)","","",""
"web-app","admin.blog.editor.image.captionPlaceholder","A short caption shown under the photo","Una breve didascalia mostrata sotto la foto","","",""
"web-app","admin.blog.editor.image.size.label","Size","Dimensione","","",""
"web-app","admin.blog.editor.image.size.hint","How large this photo appears in the finished post.","Quanto grande appare questa foto nell'articolo finito.","","",""
"web-app","admin.blog.editor.image.size.option.small","Small","Piccola","","",""
"web-app","admin.blog.editor.image.size.option.medium","Medium","Media","","",""
"web-app","admin.blog.editor.image.size.option.large","Large","Grande","","",""
"web-app","admin.blog.editor.image.size.option.full","Full width","Larghezza piena","","",""
"web-app","admin.blog.editor.image.insert","Insert image","Inserisci immagine","","",""
"web-app","admin.blog.editor.image.cancel","Cancel","Annulla","","",""
"web-app","admin.blog.consent.question","Can you recognise a specific person in this photo?","Si riconosce una persona specifica in questa foto?","","",""
"web-app","admin.blog.consent.questionHint","A clear face or close-up counts. A wide venue shot, a scoreboard, hands on a cue, or a crowd with no one person as the focus doesn't. Not sure? Choose Yes.","Conta un volto chiaro o un primo piano. Non contano una ripresa generale del locale, un tabellone, delle mani su una stecca, o una folla senza una persona in particolare al centro. Non sei sicuro? Scegli Sì.","","",""
"web-app","admin.blog.consent.yes","Yes","Sì","","",""
"web-app","admin.blog.consent.no","No","No","","",""
"web-app","admin.blog.consent.basisLabel","How do you have their permission?","Come hai il suo permesso?","","",""
"web-app","admin.blog.consent.option.directConsent","They gave their OK for this photo","Ha dato il suo via libera per questa foto","","",""
"web-app","admin.blog.consent.option.directConsentHint","The strongest option — use it when the person themself agreed to this specific use.","L'opzione più solida — usala quando la persona stessa ha acconsentito a questo uso specifico.","","",""
"web-app","admin.blog.consent.option.self","It's a photo of me","È una foto mia","","",""
"web-app","admin.blog.consent.option.selfHint","You're the person in the photo — no extra details needed.","Sei tu la persona nella foto — non serve nessun altro dettaglio.","","",""
"web-app","admin.blog.consent.option.eventPolicy","The event's photo policy covers this","La politica sulle foto dell'evento lo copre","","",""
"web-app","admin.blog.consent.option.eventPolicyHint","Only choose this if the event has a written policy that specifically allows reuse by outside organisations like 8nOut — not standard ""photography may occur"" signage. This is the weakest option, and reviewers check it closely.","Scegli questa opzione solo se l'evento ha una politica scritta che consente espressamente il riutilizzo da parte di organizzazioni esterne come 8nOut — non un semplice cartello ""si possono scattare foto"". È l'opzione più debole, e i revisori la controllano a fondo.","","",""
"web-app","admin.blog.consent.noteLabel","Details","Dettagli","","",""
"web-app","admin.blog.consent.notePlaceholder.directConsent","Who gave the OK, how (in person, message, email) and roughly when","Chi ha dato il via libera, come (di persona, messaggio, email) e più o meno quando","","",""
"web-app","admin.blog.consent.notePlaceholder.eventPolicy","Name the event, and describe or link the actual policy","Indica l'evento, e descrivi o allega un link alla politica effettiva","","",""
"web-app","admin.blog.rights.label","Where does this photo come from?","Da dove viene questa foto?","","",""
"web-app","admin.blog.rights.option.ownPhoto","I took this photo myself","L'ho scattata io","","",""
"web-app","admin.blog.rights.option.licensed","It's licensed for this use","Ha una licenza per questo uso","","",""
"web-app","admin.blog.rights.option.publicDomainCc","It's public domain or Creative Commons","È di pubblico dominio o Creative Commons","","",""
"web-app","admin.blog.rights.option.tournamentPermission","Official tournament photography, used with permission","Fotografia ufficiale del torneo, usata con permesso","","",""
"web-app","admin.blog.rights.noteLabel","Details","Dettagli","","",""
"web-app","admin.blog.rights.notePlaceholder.licensed","Name the licence and where the photo is from","Indica la licenza e da dove proviene la foto","","",""
"web-app","admin.blog.rights.notePlaceholder.publicDomainCc","Which one, if you know it (e.g. CC BY 4.0, public domain)","Quale, se lo sai (es. CC BY 4.0, pubblico dominio)","","",""
"web-app","admin.blog.rights.notePlaceholder.tournamentPermission","Who gave permission to use it (name the person or organiser)","Chi ha dato il permesso di usarla (indica la persona o l'organizzatore)","","",""
"web-app","admin.blog.rights.attest.ownPhoto","I confirm I took this photo myself.","Confermo di aver scattato io stesso questa foto.","","",""
"web-app","admin.blog.rights.attest.licensed","I confirm this photo is licensed for this use, as described above.","Confermo che questa foto ha una licenza per questo uso, come descritto sopra.","","",""
"web-app","admin.blog.rights.attest.publicDomainCc","I confirm this photo is public domain or Creative Commons licensed, as described above.","Confermo che questa foto è di pubblico dominio o con licenza Creative Commons, come descritto sopra.","","",""
"web-app","admin.blog.rights.attest.tournamentPermission","I confirm the organiser named above gave permission for 8nOut to use this photo.","Confermo che l'organizzatore indicato sopra ha dato il permesso a 8nOut di usare questa foto.","","",""
"web-app","admin.blog.err.imageIncomplete","Every image needs alt text and a rights source, plus a consent basis if it shows someone recognisable — check the image details before you save.","Ogni immagine richiede un testo alternativo e una fonte dei diritti, oltre a una base di consenso se mostra qualcuno di riconoscibile — controlla i dettagli dell'immagine prima di salvare.","","",""
"web-app","admin.blog.err.imageNotUploaded","This image wasn't uploaded through the editor, so it can't be saved. Only photos added with Insert image get checked for size, type and location data — remove it and upload the photo again.","Questa immagine non è stata caricata tramite l'editor, quindi non può essere salvata. Solo le foto aggiunte con Inserisci immagine vengono controllate per dimensione, tipo e dati di posizione — rimuovila e carica di nuovo la foto.","","",""
"web-app","admin.blog.review.image.sectionTitle","Images","Immagini","","",""
"web-app","admin.blog.review.image.personLabel","Identifiable person","Persona identificabile","","",""
"web-app","admin.blog.review.image.consentLabel","Consent basis","Base di consenso","","",""
"web-app","admin.blog.review.image.rightsLabel","Rights","Diritti","","",""
"web-app","admin.blog.review.image.eventPolicyFlag","Weakest basis — check the details closely","Base più debole — controlla bene i dettagli","","",""
"web-app","admin.blog.review.image.checkHint","Check the photo itself, and whether the consent and rights details given actually hold up — not just that they're filled in.","Controlla la foto stessa, e se i dettagli di consenso e diritti forniti reggono davvero — non solo che siano compilati.","","",""
"web-app","admin.blog.review.linksLabel","Links","Link","","",""
"web-app","admin.blog.help.imagesTitle","Photos, consent and rights","Foto, consenso e diritti","","",""
"web-app","admin.blog.help.imagesBody","Every inset image needs alt text, and is recorded the same way as authorship and review — other moderators can see who added it, when, and what they attested.","Ogni immagine inserita richiede un testo alternativo, ed è registrata allo stesso modo di autore e revisione — gli altri moderatori possono vedere chi l'ha aggiunta, quando e cosa ha dichiarato.","","",""
"web-app","admin.blog.help.imagesPlacementBody","Posts don't have a separate cover or featured image. Every photo you add here is an inline image — it appears exactly where you insert it in the post body.","Gli articoli non hanno una copertina o un'immagine in evidenza separata. Ogni foto che aggiungi qui è un'immagine in linea — appare esattamente dove la inserisci nel corpo dell'articolo.","","",""
"web-app","admin.blog.help.imagesConsentBody","If a photo shows someone recognisable, the moderator adding it records how they have that person's permission. ""The event's photo policy covers this"" is the weakest basis — it needs the actual policy named, not general photography signage — so reviewers check it hardest.","Se una foto mostra qualcuno di riconoscibile, il moderatore che la aggiunge registra come ha il permesso di quella persona. ""La politica sulle foto dell'evento lo copre"" è la base più debole — richiede che venga indicata la politica effettiva, non un cartello generico sulla fotografia — quindi i revisori la controllano con più attenzione.","","",""
"web-app","admin.blog.help.imagesRightsBody","Every image also records where it comes from — the moderator's own photo, a licence, public domain or Creative Commons, or tournament photography used with permission — so there's a real record of the right to use it, not just a checkbox.","Ogni immagine registra anche da dove viene — una foto propria del moderatore, una licenza, pubblico dominio o Creative Commons, oppure fotografia di torneo usata con permesso — così esiste un registro reale del diritto di usarla, non solo una casella spuntata.","","",""
"web-app","admin.blog.help.imagesReviewBody","When you review a post with images, check the photo itself and whether the consent and rights details given actually hold up — not just that the fields are filled in.","Quando revisioni un articolo con immagini, controlla la foto stessa e se i dettagli di consenso e diritti forniti reggono davvero — non solo che i campi siano compilati.","","",""
"web-app","admin.blog.help.imagesRevocationBody","If someone asks for a photo of them to come down, removing it from 8nOut is guaranteed same-day. Anything already cached or archived elsewhere — search engines, browser caches — is best-effort, not something we can promise.","Se qualcuno chiede di rimuovere una sua foto, la rimozione da 8nOut è garantita in giornata. Ciò che è già in cache o archiviato altrove — motori di ricerca, cache del browser — è un impegno a fare il possibile, non qualcosa che possiamo garantire.","","",""
"web-app","admin.blog.meta.submittedBy","Submitted by {name}","Inviato da {name}","","{name}",""
"web-app","admin.blog.meta.submittedAgo","Submitted {ago}","Inviato {ago}","","{ago}",""
"web-app","admin.blog.meta.editedAgo","Edited {ago}","Modificato {ago}","","{ago}",""
"web-app","admin.blog.meta.publishedOn","Published {date}","Pubblicato il {date}","","{date}",""
"web-app","admin.blog.meta.liveSince","Live since {date}","Online dal {date}","","{date}",""
"web-app","admin.blog.meta.rejectedByAgo","Rejected by {name}, {ago}","Rifiutato da {name}, {ago}","","{ago}; {name}",""
"web-app","admin.blog.meta.sentBackAgo","Sent back by {name}, {ago}","Rimandato indietro da {name}, {ago}","","{ago}; {name}",""
"web-app","admin.blog.meta.autosaved","Autosaved {ago}","Salvato automaticamente {ago}","","{ago}",""
"web-app","admin.blog.meta.deletedAccount","a deleted account","un account eliminato","","",""
"web-app","admin.blog.searchPlaceholder","Search by title…","Cerca per titolo…","","",""
"web-app","admin.blog.backToPosts","Back to posts","Torna agli articoli","","",""
"web-app","admin.blog.image.loading","Loading photo…","Caricamento foto…","","",""
"web-app","admin.blog.image.expired","Preview timed out — reload to see it again.","L'anteprima è scaduta — ricarica per vederla di nuovo.","","",""
"web-app","admin.blog.image.reload","Reload photo","Ricarica foto","","",""
"web-app","admin.blog.err.publishing","This post's photos are still being made public — click Approve & publish again in a moment.","Le foto di questo articolo sono ancora in fase di pubblicazione — clicca di nuovo su Approva e pubblica tra un momento.","","",""
"web-app","admin.blog.help.imagesPublishingBody","If Approve & publish says the photos are still being made public, wait a moment and click it again — this finishes on its own, nothing is lost.","Se Approva e pubblica indica che le foto sono ancora in fase di pubblicazione, aspetta un momento e clicca di nuovo — il processo si conclude da solo, non si perde nulla.","","",""
"web-app","admin.blog.soloPublish.ackHeading","No second reviewer for this post","Nessun secondo revisore per questo articolo","","",""
"web-app","admin.blog.soloPublish.ackBody","This post shows someone recognisable or names a member, and you're currently the only moderator on 8nOut. Normally a second moderator checks whether that person would be comfortable appearing here before it publishes — right now, there isn't one to do that.","Questo articolo mostra qualcuno di riconoscibile o nomina un membro, e al momento sei l'unico moderatore su 8nOut. Normalmente un secondo moderatore verifica se quella persona sarebbe a suo agio nell'apparire qui prima della pubblicazione — al momento non c'è nessun altro a farlo.","","",""
"web-app","admin.blog.soloPublish.ackLabel","I understand I'm the only one making that judgment, and I'm personally accepting responsibility for it — not just on 8nOut's behalf.","Capisco di essere l'unico a prendere questa decisione, e me ne assumo personalmente la responsabilità — non solo a nome di 8nOut.","","",""
"web-app","admin.blog.soloPublish.ackLabelStandalone","I'm the only moderator reviewing this post, and I'm personally accepting responsibility for deciding whether the person it shows or names would be comfortable with that.","Sono l'unico moderatore che revisiona questo articolo, e mi assumo personalmente la responsabilità di decidere se la persona che mostra o nomina sarebbe a suo agio con questo.","","",""
"web-app","admin.blog.soloPublish.waitingNotice","Cooling-off period: {time} left before you can publish this alone. Come back then, or ask another moderator to review it now.","Periodo di attesa: mancano {time} prima che tu possa pubblicarlo da solo. Torna allora, oppure chiedi a un altro moderatore di revisionarlo ora.","","{time}",""
"web-app","admin.blog.soloPublish.pillWaiting","Solo review · {time} left","Revisione singola · mancano {time}","","{time}",""
"web-app","admin.blog.soloPublish.pillReady","Solo review · ready to publish","Revisione singola · pronta per la pubblicazione","","",""
"web-app","admin.blog.soloPublish.soleModeratorNote","You're currently the only moderator on 8nOut.","Al momento sei l'unico moderatore su 8nOut.","","",""
"web-app","admin.blog.err.soloNotReady","This can't be published solo yet — check the acknowledgment and cooling-off status above, or ask another moderator to review it.","Questo non può ancora essere pubblicato da solo — controlla sopra la conferma e lo stato del periodo di attesa, oppure chiedi a un altro moderatore di revisionarlo.","","",""
"web-app","admin.blog.err.soloCoolingOff","The cooling-off period for solo publishing hasn't finished yet — try again once the timer above reaches zero, or ask another moderator to review it now.","Il periodo di attesa per la pubblicazione singola non è ancora terminato — riprova quando il timer qui sopra arriva a zero, oppure chiedi a un altro moderatore di revisionarlo ora.","","",""
"web-app","admin.blog.err.soloSecondModeratorJoined","Another moderator joined since you started this review, so solo publishing isn't available for this post anymore — ask them to review it instead.","Un altro moderatore si è unito da quando hai iniziato questa revisione, quindi la pubblicazione singola non è più disponibile per questo articolo — chiedigli di revisionarlo al posto tuo.","","",""
"web-app","admin.blog.err.selfReviewStale","This post still shows you as its last reviewer — refresh the page and try again, or ask another moderator to pick it up.","Questo articolo ti mostra ancora come ultimo revisore — aggiorna la pagina e riprova, oppure chiedi a un altro moderatore di riprenderlo.","","",""
"web-app","admin.blog.help.soloPublishBody","If you're the only moderator, you can publish a post that shows someone recognisable or names a member — on your own, after a short cooling-off period and a personal acknowledgment that you're the only one checking it. This is recorded the same way as everything else here, and stops being available the moment a second moderator joins.","Se sei l'unico moderatore, puoi pubblicare un articolo che mostra qualcuno di riconoscibile o nomina un membro — da solo, dopo un breve periodo di attesa e una conferma personale di essere l'unico a controllarlo. Questo viene registrato come tutto il resto qui, e smette di essere disponibile non appena si unisce un secondo moderatore.","","",""
"web-app","admin.blog.classify.title","Before you submit","Prima di inviare","","",""
"web-app","admin.blog.classify.question","Does this post name, quote, describe the result of, or otherwise let a reader identify a specific real member — beyond general references to the community?","Questo articolo nomina, cita, descrive il risultato di, o in qualche altro modo permette di identificare un membro reale specifico — oltre a riferimenti generali alla comunità?","","",""
"web-app","admin.blog.classify.questionHint","Naming someone, quoting them, giving their match result, or describing them clearly enough that a reader would know who it is — all count, even without a photo. A general mention of the community, or an unnamed player, doesn't. Not sure? Choose Yes.","Nominare qualcuno, citarlo, indicare il risultato della sua partita, o descriverlo in modo abbastanza chiaro da far capire a un lettore chi sia — tutto questo conta, anche senza foto. Una menzione generale della comunità, o un giocatore senza nome, non conta. Non sei sicuro? Scegli Sì.","","",""
"web-app","admin.blog.classify.confirm","Submit for review","Invia per la revisione","","",""
"web-app","admin.blog.classify.cancel","Cancel","Annulla","","",""
"web-app","presence.activeNow","Who's online","Chi è online","","",""
"web-app","presence.seeAll","See all","Vedi tutti","","",""
"web-app","presence.cityListTitle","Online in {city}","Online a {city}","","{city}",""
"web-app","presence.loadMore","Load more","Carica altro","","",""
"web-app","presence.noneActiveSub","Check back soon — players show up as they get to a table.","Torna a controllare presto — i giocatori compaiono non appena arrivano a un tavolo.","","",""
"web-app","presence.online","In the app now","Nell'app ora","","",""
"web-app","presence.recentlyActive","Active earlier today","Attivo prima oggi","","",""
"web-app","presence.you","You","Tu","","",""
"web-app","presence.youInvisible","You · invisible","Tu · invisibile","","",""
"web-app","presence.goInvisible","Go invisible","Diventa invisibile","","",""
"web-app","presence.goInvisibleSub","Hides your online status, your Open-to-play badge, and ""in the club"" from everyone — including your connections.","Nasconde il tuo stato online, il badge Disponibile a giocare, e ""in club"" a tutti — comprese le tue connessioni.","","",""
"web-app","presence.goInvisibleFooter","While you're invisible: no one sees you as online, open to play, or in the club — not even your connections. Your club won't get a notification when you log on, either. It also clears any ""in the club"" status straight away. Turn invisibility off and your Open-to-play setting comes back as it was — but ""in the club"" doesn't return on its own. If you're still there, set it again. Your club pins and profile stay on the map the whole time.","Finché sei invisibile: nessuno ti vede online, disponibile a giocare, o in club — nemmeno le tue connessioni. Nemmeno il tuo club riceverà una notifica quando accedi. Inoltre azzera subito qualsiasi stato ""in club"". Disattiva l'invisibilità e la tua impostazione Disponibile a giocare torna com'era — ma ""in club"" non torna da solo. Se sei ancora lì, impostalo di nuovo. I pin dei tuoi club e il tuo profilo restano sulla mappa per tutto il tempo.","","",""
"web-app","presence.invisibleOwnerNote","You're invisible right now — others don't see you as online or open to play.","Ora sei invisibile — gli altri non ti vedono online o disponibile a giocare.","","",""
"web-app","presence.firstNoticeHeading","You're now visible as active","Ora sei visibile come attivo","","",""
"web-app","presence.firstNoticeBody","8nOut now shows other signed-in members when you're active — a simple ""online"" or ""recently active"" status next to your map pin, so people can see who's around for a game. It is never your location and is never shown to the public. It's on by default; you can turn it off for everyone, at any time, with Go invisible. See the Privacy Policy for details.","8nOut ora mostra agli altri membri connessi quando sei attivo — un semplice stato ""online"" o ""attivo di recente"" accanto al tuo pin sulla mappa, così le persone possono vedere chi è disponibile per una partita. Non è mai la tua posizione e non viene mai mostrato al pubblico. È attivo per impostazione predefinita; puoi disattivarlo per tutti, in qualsiasi momento, con Diventa invisibile. Consulta l'Informativa sulla Privacy per i dettagli.","","",""
"web-app","presence.firstNoticeDismiss","Got it","Ho capito","","",""
"web-app","presence.gotIt","Got it","Ho capito","","",""
"web-app","presence.globalOnlineLabel","Online now","Online ora","","",""
"web-app","presence.globalCountA11y.one","1 player online across 8nOut right now","1 giocatore online su 8nOut in questo momento","","",""
"web-app","presence.globalCountA11y.other","{count} players online across 8nOut right now","{count} giocatori online su 8nOut in questo momento","","{count}",""
"web-app","presence.activeGamesLabel","Active games","Partite attive","","",""
"web-app","presence.activeGamesCountA11y.one","{count} live scoreboard game in progress right now","{count} partita con tabellone dal vivo in corso in questo momento","","{count}",""
"web-app","presence.activeGamesCountA11y.other","{count} live scoreboard games in progress right now","{count} partite con tabellone dal vivo in corso in questo momento","","{count}",""
"web-app","presence.activeGamesCountA11yZero","No live scoreboard games in progress right now","Nessuna partita con tabellone dal vivo in corso in questo momento","","",""
"web-app","presence.cityOnlineHeader","Who's online in {city}","Chi è online a {city}","","{city}",""
"web-app","presence.cityUnsetPrompt","Set your city to see who's online near you","Imposta la tua città per vedere chi è online vicino a te","","",""
"web-app","presence.cityEmpty","No one's online in {city} right now","Nessuno è online a {city} in questo momento","","{city}",""
"web-app","presence.zoomOutHint","Zoom out for more clubs","Rimpicciolisci la mappa per altri club","","",""
"web-app","presence.nearMeClubHeader","My clubs","I miei club","","",""
"web-app","presence.nearMeCityHeader","In {city}","A {city}","","{city}",""
"web-app","presence.nearMeEmpty","No one's online in your clubs or in {city} right now","Nessuno è online nei tuoi club o a {city} in questo momento","","{city}",""
"web-app","presence.nearMeDistanceA11yBelowOne","less than 1 kilometer away","a meno di 1 chilometro","","",""
"web-app","presence.nearMeDistanceA11y.one","approximately 1 kilometer away","a circa 1 chilometro","","",""
"web-app","presence.nearMeDistanceA11y.other","approximately {count} kilometers away","a circa {count} chilometri","","{count}",""
"web-app","presence.nearMeAddClubNudge","Add a club to see players from your regular spots too","Aggiungi un club per vedere anche i giocatori dei tuoi posti abituali","","",""
"web-app","availability.setButton","I'm in the club","Sono al club","","",""
"web-app","availability.pickerTitle","Which club, and for how long?","Quale club, e per quanto tempo?","","",""
"web-app","availability.pickerVenueLabel","Club","Club","","",""
"web-app","availability.pickerVenueEmpty","You haven't added a club yet — add one first, then you can show as in the club.","Non hai ancora aggiunto un club — aggiungine uno prima, poi potrai mostrarti come al club.","","",""
"web-app","availability.pickerDurationLabel","Until","Fino a","","",""
"web-app","availability.duration.1h","1 hour","1 ora","","",""
"web-app","availability.duration.3h","3 hours","3 ore","","",""
"web-app","availability.duration.8h","8 hours","8 ore","","",""
"web-app","availability.firstNoticeHeading","Before you show as ""in the club""","Prima di mostrarti come ""al club""","","",""
"web-app","availability.firstNoticeBody","You'll show as at **{venue}** until **{time}**. Your accepted connections will see this — no one else. Clear it in one tap any time, and it clears itself automatically once the time's up. It's entirely optional, and you can stop using it whenever you like.","Comparirai come al **{venue}** fino alle **{time}**. Lo vedranno le tue connessioni accettate — nessun altro. Cancellalo con un tocco in qualsiasi momento, e si cancella da solo una volta scaduto il tempo. È del tutto facoltativo, e puoi smettere di usarlo quando vuoi.","","{time}; {venue}",""
"web-app","availability.confirmButton","Show me as in the club","Mostrami come al club","","",""
"web-app","availability.statusLabel","At {venue} until {time}","Al {venue} fino alle {time}","","{time}; {venue}",""
"web-app","availability.statusLabelA11y","In the club at {venue} until {time}","Al club, al {venue}, fino alle {time}","","{time}; {venue}",""
"web-app","availability.clear","Clear","Cancella","","",""
"web-app","availability.invisibleDisabled","Turn off Go invisible to set this.","Disattiva Diventa invisibile per impostare questo.","","",""
"web-app","availability.repeatNotice","Visible to your connections only. Clear anytime.","Visibile solo alle tue connessioni. Cancellalo quando vuoi.","","",""
"web-app","availability.saveError","Couldn't save — check your connection and try again.","Non è stato possibile salvare — controlla la tua connessione e riprova.","","",""
"web-app","venue.inClubUntil","In the club until {time}","Al club fino alle {time}","","{time}",""
"web-app","venue.connectionsHereA11y","{count} of your connections here now","{count} delle tue connessioni qui ora","","{count}",""
"web-app","availability.playingNoticeHeading","Before you confirm you're playing","Prima di confermare che stai giocando","","",""
"web-app","availability.playingNoticeBodyOwner","Confirming shows you and **{name}** playing together, at **{venue}** until **{time}** — on your own club pin, that club's list, and the City list. Only members connected to **both of you** can see it, a smaller group than who sees you're in the club. {name} confirms separately, and nothing shows until they have too. End it in one tap, any time. It's optional — skip it and your own ""in the club"" status (if you have one) stays exactly as it is. One more thing: confirming replaces any ""in the club"" status you currently have — it ends the moment you confirm here. You can only be in one place at a time.","Confermare mostra te e **{name}** che giocate insieme, al **{venue}** fino alle **{time}** — sul pin del tuo club, nella lista di quel club e nella lista della città. Lo vedono solo i membri connessi a **entrambi** — un gruppo più piccolo di chi vede che sei al club. {name} conferma separatamente, e non viene mostrato nulla finché non lo fa anche lui. Terminalo con un tocco, in qualsiasi momento. È facoltativo — saltalo e il tuo stato ""al club"" (se ne hai uno) resta esattamente com'è. Un'altra cosa: confermare sostituisce qualsiasi stato ""al club"" che hai al momento — termina nell'istante in cui confermi qui. Puoi essere in un solo posto alla volta.","","{name}; {time}; {venue}",""
"web-app","availability.playingNoticeBodyGuest","Confirming shows you and **{name}** playing together, at **{venue}** until **{time}** — on the City list, to members connected to **both of you**. You won't get a pin at {venue} — that's {name}'s club, not yours. {name} confirms separately, and nothing shows until they have too. End it in one tap, any time. It's optional — skip it and your own ""in the club"" status (if you have one) stays exactly as it is. One more thing: confirming replaces any ""in the club"" status you currently have — it ends the moment you confirm here. You can only be in one place at a time.","Confermare mostra te e **{name}** che giocate insieme, al **{venue}** fino alle **{time}** — nella lista della città, ai membri connessi a **entrambi**. Non avrai un pin al {venue} — quel club è di {name}, non tuo. {name} conferma separatamente, e non viene mostrato nulla finché non lo fa anche lui. Terminalo con un tocco, in qualsiasi momento. È facoltativo — saltalo e il tuo stato ""al club"" (se ne hai uno) resta esattamente com'è. Un'altra cosa: confermare sostituisce qualsiasi stato ""al club"" che hai al momento — termina nell'istante in cui confermi qui. Puoi essere in un solo posto alla volta.","","{name}; {time}; {venue}",""
"web-app","availability.playingReminderOwner","On your club pin and the City list, to connections of both of you. End it anytime.","Sul pin del tuo club e nella lista della città, per le connessioni di entrambi. Terminalo quando vuoi.","","",""
"web-app","availability.playingReminderGuest","On the City list only, to connections of both of you. End it anytime.","Solo nella lista della città, per le connessioni di entrambi. Terminalo quando vuoi.","","",""
"web-app","availability.confirmPlayingButton","Confirm you're playing","Conferma che stai giocando","","",""
"web-app","availability.playingStatusLabel","Playing with {name} at {venue} until {time}","Sta giocando con {name} al {venue} fino alle {time}","","{name}; {time}; {venue}",""
"web-app","availability.playingStatusLabelA11y","Playing with {name} at {venue} until {time}","Sta giocando con {name} al {venue} fino alle {time}","","{name}; {time}; {venue}",""
"web-app","availability.waitingForPartner","You've confirmed. Waiting for {name} to confirm too.","Hai confermato. In attesa che anche {name} confermi.","","{name}",""
"web-app","availability.endPlayingButton","We're done","Abbiamo finito","","",""
"web-app","availability.stillPlayingButton","Still playing","Stiamo ancora giocando","","",""
"web-app","venue.playingUntil","Playing with {name} until {time}","Sta giocando con {name} fino alle {time}","","{name}; {time}",""
"web-app","availability.playingFallback","Playing at {venue} until {time}","Sta giocando al {venue} fino alle {time}","","{time}; {venue}",""
"web-app","venue.playingFallback","Playing until {time}","Sta giocando fino alle {time}","","{time}",""
"web-app","connections.sentHeading","Sent requests","Richieste inviate","","",""
"web-app","connections.awaitingReply","Waiting for a reply","In attesa di risposta","","",""
"web-app","connections.withdraw","Withdraw","Ritira","","",""
"web-app","connections.remove","Remove","Rimuovi","","",""
"web-app","connections.removeConfirm","Remove connection","Rimuovi connessione","","",""
"web-app","connections.removeExplain","You'll lose each other's contact details, and any address shared for a game.","Perderete i reciproci dati di contatto, e ogni indirizzo condiviso per una partita.","","",""
"web-app","connections.playNowConfirmTitle","Play now at {place}?","Giocare ora al {place}?","","{place}",""
"web-app","connections.playNowChangePlace","Choose a different place","Scegli un altro posto","","",""
"web-app","blocked.title","Blocked players","Giocatori bloccati","","",""
"web-app","blocked.unblock","Unblock","Sblocca","","",""
"web-app","blocked.explain","Blocked players can't see you on the map and can't contact you. They aren't told.","I giocatori bloccati non possono vederti sulla mappa né contattarti. Non vengono avvisati.","","",""
"web-app","locationShares.title","Who has my address","Chi ha il mio indirizzo","","",""
"web-app","locationShares.empty","Nobody has your exact address right now.","Al momento nessuno ha il tuo indirizzo esatto.","","",""
"web-app","locationShares.footer","These players can see your exact address. You share it for a set time, and can stop sooner.","Questi giocatori possono vedere il tuo indirizzo esatto. Lo condividi per un tempo definito, e puoi smettere prima.","","",""
"web-app","locationShares.ends","Ends {relative} · {absolute}","Termina {relative} · {absolute}","","{absolute}; {relative}",""
"web-app","locationShares.noExpiry","No end time","Nessuna scadenza","","",""
"web-app","locationShares.stopSharing","Stop sharing","Smetti di condividere","","",""
"web-app","locationShares.stopped","You stopped sharing your address.","Hai smesso di condividere il tuo indirizzo.","","",""
"web-app","clubs.venueWarning","Add a public pool club — not a home or private address.","Aggiungi un circolo di biliardo pubblico — non un'abitazione o un indirizzo privato.","","",""
"web-app","onboarding.finishLater","Finish later","Finisci più tardi","","",""
"web-app","onboarding.next","Next","Avanti","","",""
"web-app","onboarding.stepCount","{current} of {total}","{current} di {total}","","{current}; {total}",""
"web-app","onboarding.stepCountA11y","Question {current} of {total}","Domanda {current} di {total}","","{current}; {total}",""
"web-app","onboarding.rackDoneA11y","All three answered","Tutte e tre risposte","","",""
"web-app","onboarding.name.q","What name do you play under?","Con quale nome giochi?","","",""
"web-app","onboarding.name.why","This is the name on your row in a club's list, and the name other players search by.","Questo è il nome sulla tua riga nella lista di un club, e il nome con cui gli altri giocatori ti cercano.","","",""
"web-app","onboarding.name.label","Your name","Il tuo nome","","",""
"web-app","onboarding.name.hint","One word is fine — plenty of players here go by a handle.","Una sola parola va bene — molti qui usano un soprannome.","","",""
"web-app","onboarding.city.q","Which country and town do you play in?","In quale paese e città giochi?","","",""
"web-app","onboarding.city.why","Players filter the map by country and town. Without yours, you're hard to find.","I giocatori filtrano la mappa per paese e città. Senza i tuoi, sei difficile da trovare.","","",""
"web-app","onboarding.club.q","Which club do you play at?","In quale club giochi?","","",""
"web-app","onboarding.club.why","Your name goes on that club's list — the same list you see when you open a club on the map.","Il tuo nome finisce nella lista di quel club — la stessa lista che vedi quando apri un club sulla mappa.","","",""
"web-app","onboarding.club.notListedBody","Clubs are added by the community, so yours may not be here yet. Add it and we'll check it — it goes on the map once it's approved.","I club vengono aggiunti dalla comunità, quindi il tuo potrebbe non esserci ancora. Aggiungilo e lo controlleremo — va sulla mappa una volta approvato.","","",""
"web-app","onboarding.club.exitHint","Not sure yet? Finish later","Non ancora sicuro? Finisci più tardi","","",""
"web-app","clubs.errorFailed","Couldn't add that club just now. Try again.","Non è stato possibile aggiungere quel club in questo momento. Riprova.","","",""
"web-app","clubs.errorRejected","{venue} wasn't added to the map. Pick a club that's already on the map instead.","{venue} non è stato aggiunto alla mappa. Scegli invece un club già presente sulla mappa.","","{venue}",""
"web-app","clubs.errorCap","Three clubs is the limit. Remove one first, then you can add this one.","Tre club è il limite. Rimuovine uno prima, poi potrai aggiungere questo.","","",""
"web-app","clubs.errorDuplicate","You've already got that club. Search for another one if you play somewhere else too.","Hai già quel club. Cercane un altro se giochi anche altrove.","","",""
"web-app","onboarding.payoff.headline","You're on the list at {venue}","Sei nella lista al {venue}","","{venue}",""
"web-app","onboarding.payoff.headlineFirst","You're first on the list at {venue}","Sei il primo nella lista al {venue}","","{venue}",""
"web-app","onboarding.payoff.seat","Players who add this club appear here.","Qui compaiono i giocatori che aggiungono questo club.","","",""
"web-app","onboarding.payoff.toggleCaption","Turn it on and your row here reads Ready to play. So does your public profile, which anyone with the link can open, signed in or not. You're on the list either way.","Attivalo e la tua riga qui mostrerà Pronto a giocare. Anche il tuo profilo pubblico, che chiunque abbia il link può aprire, connesso o no. Sei nella lista comunque.","","",""
"web-app","onboarding.payoff.andMore","and {count} more","e altri {count}","","{count}",""
"web-app","onboarding.payoff.rosterFailed","Couldn't load the rest of the list.","Non è stato possibile caricare il resto della lista.","","",""
"web-app","onboarding.payoff.toggleFailed","Couldn't change that just now. Try again.","Non è stato possibile cambiarlo in questo momento. Riprova.","","",""
"web-app","onboarding.pending.headline","Thanks — we'll check {venue}","Grazie — esamineremo {venue}","","{venue}",""
"web-app","onboarding.pending.body","It's on your clubs already. Once it's approved, the club goes on the map and your name is on its list. Until then, you're not on any club's list.","È già tra i tuoi club. Una volta approvato, il club va sulla mappa e il tuo nome è nella sua lista. Fino ad allora, non sei nella lista di nessun club.","","",""
"web-app","onboarding.pending.whereToCheck","You can check on it any time under Clubs on your profile.","Puoi controllare in qualsiasi momento sotto Club, nel tuo profilo.","","",""
"web-app","onboarding.payoff.toggleCaptionPending","Turn it on and your name carries Ready to play in player search and on your public profile, which anyone with the link can open, signed in or not.","Attivalo e il tuo nome porterà Pronto a giocare nella ricerca giocatori e sul tuo profilo pubblico, che chiunque abbia il link può aprire, connesso o no.","","",""
"web-app","onboarding.rejected.headlineOne","{venue} wasn't added to the map","{venue} non è stato aggiunto alla mappa","","{venue}",""
"web-app","onboarding.rejected.headlineMany","{count} of your clubs weren't added to the map","{count} dei tuoi club non sono stati aggiunti alla mappa","","{count}",""
"web-app","onboarding.rejected.body","It's still on your profile, but you're not on any club's list. Pick a club that's already on the map and you're on its list straight away.","È ancora sul tuo profilo, ma non sei nella lista di nessun club. Scegli un club già presente sulla mappa e sarai subito nella sua lista.","","",""
"web-app","onboarding.rejected.bodyMany","They're still on your profile, but you're not on any club's list. Pick a club that's already on the map and you're on its list straight away.","Sono ancora sul tuo profilo, ma non sei nella lista di nessun club. Scegli un club già presente sulla mappa e sarai subito nella sua lista.","","",""
"web-app","onboarding.rejected.reason","Reason: {reason}","Motivo: {reason}","","{reason}",""
"web-app","onboarding.rejected.removeConfirm","Remove {venue} from your clubs?","Rimuovere {venue} dai tuoi club?","","{venue}",""
"web-app","onboarding.rejected.removeExplain","This takes it off your profile. Nothing else changes.","Questo lo toglie dal tuo profilo. Nient'altro cambia.","","",""
"web-app","onboarding.cuescore.title","Play on CueScore?","Giochi su CueScore?","","",""
"web-app","onboarding.cuescore.replaceNotice","Your CueScore name and photo become your 8nOut name and photo.","Il tuo nome e la tua foto di CueScore diventano il tuo nome e la tua foto su 8nOut.","","",""
"web-app","onboarding.cuescore.linkedChip","CueScore linked","CueScore collegato","","",""
"web-app","onboarding.cuescore.replacedName","You're {name} now","Ora sei {name}","","{name}",""
"web-app","onboarding.cuescore.replacedBody","That's the name on your row, in player search, and on your profile.","Questo è d'ora in poi il nome sulla tua riga, nella ricerca giocatori e sul tuo profilo.","","",""
"web-app","onboarding.playsAt.title","Where do you usually play?","Dove giochi di solito?","","",""
"web-app","onboarding.playsAt.club","At a club","In un club","","",""
"web-app","onboarding.playsAt.home","At home","A casa","","",""
"web-app","onboarding.playsAt.both","Both","Entrambi","","",""
"web-app","onboarding.playsAt.notice","Helps us decide whether to build a home-table feature. It's private, and skipping changes nothing else about your account. If you already have one, it stays visible to your connections only — never public.","Ci aiuta a decidere se sviluppare una funzione per il tavolo di casa. Resta privato, e saltarlo non cambia nient'altro nel tuo account. Se ne hai già uno, resta visibile solo alle tue connessioni — mai in pubblico.","","",""
"web-app","onboarding.playsAt.save","Save","Salva","","",""
"web-app","onboarding.playsAt.skip","Skip for now","Salta per ora","","",""
"web-app","onboarding.banner.title","Finish setting up","Completa la configurazione","","",""
"web-app","onboarding.banner.missing.name","Without a name, nobody can tell who you are in a club's list or in search.","Senza un nome, nessuno può capire chi sei nella lista di un club o nella ricerca.","","",""
"web-app","onboarding.banner.missing.club","You're not on any club's list yet, so nobody finds you when they open a club on the map.","Non sei ancora nella lista di nessun club, quindi nessuno ti trova quando apre un club sulla mappa.","","",""
"web-app","onboarding.banner.cta.name","Add your name","Aggiungi il tuo nome","","",""
"web-app","onboarding.banner.cta.city","Add your town","Aggiungi la tua città","","",""
"web-app","onboarding.banner.notNow","Not now","Non ora","","",""
"web-app","onboarding.banner.quiet","Setup unfinished","Configurazione incompleta","","",""
"web-app","onboarding.banner.quietCta","Finish","Completa","","",""
"web-app","onboarding.banner.rejectedCta","Find your club","Trova il tuo club","","",""
"web-app","help.title","Help","Aiuto","","",""
"web-app","help.search","Search help…","Cerca nell'aiuto…","","",""
"web-app","help.noResults","No answers for ""{q}""","Nessuna risposta per ""{q}""","","{q}",""
"web-app","help.noResultsSub","Try another word, or write to us.","Prova un'altra parola, oppure scrivici.","","",""
"web-app","help.allHelp","All help","Tutto l'aiuto","","",""
"web-app","help.related","Related","Correlati","","",""
"web-app","help.stillStuck","Still stuck?","Ancora bloccato?","","",""
"web-app","help.emailUs","Email us","Scrivici","","",""
"web-app","help.heading","How can we help?","Come possiamo aiutarti?","","",""
"web-app","help.subline","Short answers to the questions players ask most.","Risposte brevi alle domande più frequenti dei giocatori.","","",""
"web-app","help.empty","No answers are published yet.","Non è ancora stata pubblicata nessuna risposta.","","",""
"web-app","account.signedInWith","Signed in with","Accesso effettuato con","","",""
"web-app","receipts.notice.title","Read receipts are here","Le conferme di lettura sono arrivate","","",""
"web-app","receipts.notice.sectionA.kicker","How it works","Come funziona","","",""
"web-app","receipts.notice.sectionA.body","When you and a connection both have this on, you'll see when your message has been read — and they'll see the same about yours. Turn it off any time; nothing else about chat changes.","Quando tu e una connessione avete entrambi questa opzione attiva, vedrai quando il tuo messaggio è stato letto — e lei vedrà lo stesso per i tuoi. Disattivala quando vuoi; nient'altro nella chat cambia.","","",""
"web-app","receipts.toggle.label","Read receipts","Conferme di lettura","","",""
"web-app","receipts.toggle.sub","Only works when the other person has it on too.","Funziona solo se anche l'altra persona ce l'ha attiva.","","",""
"web-app","receipts.notice.sectionB.kicker","One quick question","Un'ultima domanda veloce","","",""
"web-app","receipts.notice.sectionB.body","Which age group are you in? We use this only to set your read-receipts default — nothing else changes.","A quale fascia d'età appartieni? La usiamo solo per impostare il tuo valore predefinito delle conferme di lettura — nient'altro cambia.","","",""
"web-app","receipts.ageband.1617","16 or 17","16 o 17","","",""
"web-app","receipts.ageband.18plus","18 or older","18 o più","","",""
"web-app","receipts.ageband.decline","Prefer not to say","Preferisco non dirlo","","",""
"web-app","receipts.ageband.reassure","You can skip this — read receipts just stay off for you either way.","Puoi saltare questo passaggio — le conferme di lettura restano comunque disattivate per te.","","",""
"web-app","receipts.notice.continue","Continue","Continua","","",""
"web-app","receipts.settings.upgradeRow.label","I'm 18 or older now","Ora ho 18 anni o più","","",""
"web-app","receipts.settings.upgradeRow.sub","Updates your age group on file.","Aggiorna la tua fascia d'età registrata.","","",""
"web-app","receipts.settings.upgradeRow.button","Update","Aggiorna","","",""
"web-app","receipts.settings.footer","Read receipts only work when you and the other person both have them on. Turn yours off and it stops for both of you straight away.","Le conferme di lettura funzionano solo quando tu e l'altra persona le avete entrambi attive. Disattiva la tua e si ferma subito per entrambi.","","",""
"web-app","receipts.readMark","Read","Letto","","",""
"web-app","clubAlerts.toggle.label","Club alerts","Avvisi di club","","",""
"web-app","clubAlerts.toggle.sub","Notified when someone at one of your clubs comes online.","Ricevi un avviso quando qualcuno di un tuo club si connette.","","",""
"web-app","ladder.pending.joinDisclosureArchive","When a season ends, the standings are saved exactly as they stood — with your name — and that stays true even if you leave the ladder later. You can ask to appear as “Former member” instead, any time.","Quando una stagione finisce, la classifica viene salvata esattamente come si trovava — con il tuo nome — e questo resta vero anche se in seguito lasci la ladder. Puoi chiedere di comparire come ""Ex membro"" invece, in qualsiasi momento.","","",""
"web-app","ladder.pending.joinDisclosurePrint","Any member can export the standings — including to put up on a noticeboard at a club.","Ogni membro può esportare la classifica — anche per affiggerla in bacheca in un club.","","",""
"web-app","ladder.pending.exportStamp","Standings as of {date} — current standings live in the 8nOut app. This sheet doesn't update.","Classifica aggiornata al {date} — la classifica attuale è nell'app 8nOut. Questo foglio non si aggiorna.","","{date}",""
"web-app","ladder.pending.leaveArchivePermanence","This doesn't touch your past seasons. Leaving removes you from the current board, not your history. Saved standings from earlier seasons still show your name — unless you also switch on “Former member” below.","Questo non riguarda le tue stagioni passate. Uscire ti toglie dalla classifica attuale, non dalla tua storia. Le classifiche salvate delle stagioni precedenti mostrano ancora il tuo nome — a meno che tu non attivi anche ""Ex membro"" qui sotto.","","",""
"web-app","ladder.heading","City Ladder","City Ladder","","",""
"web-app","ladder.card.loadError","Couldn't load your ladder standing.","Non è stato possibile caricare la tua posizione in classifica.","","",""
"web-app","ladder.card.seeBoard","See the board","Vedi la classifica","","",""
"web-app","ladder.card.seeBoardCount","See the board · {n} ranked","Vedi la classifica · {n} classificati","","{n}",""
"web-app","ladder.card.footer","Your rating moves when you and another {city} member log a match together.","Il tuo rating cambia quando tu e un altro membro di {city} registrate una partita insieme.","","{city}",""
"web-app","ladder.card.eligible","The {city} Ladder is open to you","La {city} Ladder è aperta per te","","{city}",""
"web-app","ladder.card.eligibleSub","You're in {city} and you play at a club here — that's all it takes.","Sei a {city} e giochi in un club qui — basta questo.","","{city}",""
"web-app","ladder.card.join","Join the {city} Ladder","Unisciti alla {city} Ladder","","{city}",""
"web-app","ladder.card.noClub","The {city} Ladder is for players with a club in the city","La {city} Ladder è per i giocatori con un club in città","","{city}",""
"web-app","ladder.card.noClubSub","Add the room you play at and it opens up. Clubs are checked before they count.","Aggiungi la sala in cui giochi e si sblocca. I club vengono verificati prima di contare.","","",""
"web-app","ladder.card.noCity","Ladders are running in {list}. Nothing in {city} yet.","Ci sono ladder attive a {list}. Non ancora a {city}.","","{city}; {list}",""
"web-app","ladder.card.forgetHeadline","Your name is on past season boards","Il tuo nome è su classifiche di stagioni passate","","",""
"web-app","ladder.card.forgetSub","You've left the ladder, but those boards still carry your name. Change how you appear, any time.","Hai lasciato la ladder, ma quelle classifiche portano ancora il tuo nome. Cambia come appari, in qualsiasi momento.","","",""
"web-app","ladder.fig.rank","Rank","Posizione","","",""
"web-app","ladder.fig.rating","Rating","Rating","","",""
"web-app","ladder.fig.matches","Matches","Partite","","",""
"web-app","ladder.fig.yourRating","Your rating","Il tuo rating","","",""
"web-app","ladder.fig.yourRatingKept","Your rating, kept","Il tuo rating, conservato","","",""
"web-app","ladder.fig.finished","Finished","Conclusa","","",""
"web-app","ladder.fig.ratingThen","Rating then","Rating di allora","","",""
"web-app","ladder.state.notRankedChip","{city} · not ranked yet","{city} · non ancora classificato","","{city}",""
"web-app","ladder.state.hiddenChip","{city} · off the board for now","{city} · fuori classifica per ora","","{city}",""
"web-app","ladder.state.unranked","You're on the ladder — you're not on the board yet. Play a match with another {city} member and log it, and your name appears here.","Sei nella ladder — solo che non sei ancora in classifica. Gioca una partita con un altro membro di {city} e registrala, e il tuo nome comparirà qui.","","{city}",""
"web-app","ladder.state.hidden","You're not on the board right now. It shows players who've played in the last 60 days — your last was {date}. Log one match and you're straight back in at {rating}.","Al momento non sei in classifica. Mostra i giocatori che hanno giocato negli ultimi 60 giorni — la tua ultima volta è stata il {date}. Registra una partita e torni subito a {rating}.","","{date}; {rating}",""
"web-app","ladder.state.hiddenNoDate","You're not on the board right now. It shows players who've played in the last 60 days. Log one match and you're straight back in at {rating}.","Al momento non sei in classifica. Mostra i giocatori che hanno giocato negli ultimi 60 giorni. Registra una partita e torni subito a {rating}.","","{rating}",""
"web-app","ladder.board.title","{city} Ladder","{city} Ladder","","{city}",""
"web-app","ladder.board.season","Season","Stagione","","",""
"web-app","ladder.board.currentSeason","Current season","Stagione attuale","","",""
"web-app","ladder.board.finalStandings","Final standings · {label}","Classifica finale · {label}","","{label}",""
"web-app","ladder.board.closedOn","Closed {date}","Chiusa il {date}","","{date}",""
"web-app","ladder.board.loadError","Couldn't load the {city} board.","Non è stato possibile caricare la classifica di {city}.","","{city}",""
"web-app","ladder.board.empty","Nobody in {city} has logged a qualifying match yet. Play one with another member here and you'll both be on it.","Nessuno a {city} ha ancora registrato una partita valida. Giocane una con un altro membro qui e sarete entrambi in classifica.","","{city}",""
"web-app","ladder.board.emptyArchive","Nothing was saved for your city in this season.","Non è stato salvato nulla per la tua città in questa stagione.","","",""
"web-app","ladder.board.showMore","Show more","Mostra altro","","",""
"web-app","ladder.board.footer","{n} players ranked. Players who haven't played in 60 days aren't shown.","{n} giocatori classificati. I giocatori che non hanno giocato negli ultimi 60 giorni non sono mostrati.","","{n}",""
"web-app","ladder.board.archiveFooter","A saved picture of the board on {date}. It doesn't change.","Un'istantanea salvata della classifica al {date}. Non cambia.","","{date}",""
"web-app","ladder.col.player","Player","Giocatore","","",""
"web-app","ladder.col.rating","Rating","Rating","","",""
"web-app","ladder.col.played","Played","Giocate","","",""
"web-app","ladder.you","You","Tu","","",""
"web-app","ladder.plate.you","You","Tu","","",""
"web-app","ladder.plate.notInSeason","You weren't on this season's board.","Non eri nella classifica di questa stagione.","","",""
"web-app","ladder.join.title","Join the ladder","Unisciti alla ladder","","",""
"web-app","ladder.join.fromProfile","From your profile","Dal tuo profilo","","",""
"web-app","ladder.join.seeTitle","Other {city} members will see you","Gli altri membri di {city} ti vedranno","","{city}",""
"web-app","ladder.join.seeBody","Your name, your position and your rating — nobody else, no other city.","Il tuo nome, la tua posizione e il tuo rating — nessun altro, nessun'altra città.","","",""
"web-app","ladder.join.archiveTitle","Season boards are saved permanently","Le classifiche di stagione vengono salvate permanentemente","","",""
"web-app","ladder.join.printTitle","The board can be printed and pinned up","La classifica può essere stampata e affissa","","",""
"web-app","ladder.join.startingRating","Everyone starts at 1500. It moves with your results — quickly at first, then more slowly as it settles.","Tutti iniziano a 1500. Cambia con i tuoi risultati — velocemente all'inizio, poi più lentamente man mano che si stabilizza.","","",""
"web-app","ladder.join.cta","Join the {city} Ladder","Unisciti alla {city} Ladder","","{city}",""
"web-app","ladder.leave.cta","Leave the {city} Ladder","Lascia la {city} Ladder","","{city}",""
"web-app","ladder.leave.title","Leave the ladder","Lascia la ladder","","",""
"web-app","ladder.leave.what","You come off the {city} board and your rating stops moving.","Esci dalla classifica di {city} e il tuo rating smette di cambiare.","","{city}",""
"web-app","ladder.leave.rating","Your rating isn't kept. If you join again later you'd start over at 1500, like everyone new.","Il tuo rating non viene conservato. Se ti unisci di nuovo più avanti ripartiresti da 1500, come ogni nuovo membro.","","",""
"web-app","ladder.leave.notDeletion","Your match record, your clubs and your account are untouched. This isn't account deletion.","Il tuo bilancio partite, i tuoi club e il tuo account non vengono toccati. Questo non è l'eliminazione dell'account.","","",""
"web-app","ladder.leave.pastSeasons","Past seasons","Stagioni passate","","",""
"web-app","ladder.leave.forget","Show me as “Former member”","Mostrami come ""Ex membro""","","",""
"web-app","ladder.leave.forgetSub","Your positions and ratings stay in place; your name doesn't appear next to them.","Le tue posizioni e i tuoi rating restano al loro posto; il tuo nome non compare più accanto ad essi.","","",""
"web-app","ladder.leave.confirm","Leave the {city} Ladder","Lascia la {city} Ladder","","{city}",""
"web-app","ladder.forget.cta","How my name appears in past seasons","Come appare il mio nome nelle stagioni passate","","",""
"web-app","ladder.forget.done","Done — past season boards now show you as “Former member”.","Fatto — le classifiche delle stagioni passate ora ti mostrano come ""Ex membro"".","","",""
"web-app","ladder.forget.confirmTitle","Show me as “Former member” on past season boards","Mostrami come ""Ex membro"" nelle classifiche delle stagioni passate","","",""
"web-app","ladder.forget.confirmBody","Your positions and ratings stay in place; your name doesn't appear next to them. This doesn't take you off the ladder.","Le tue posizioni e i tuoi rating restano al loro posto; il tuo nome non compare più accanto ad essi. Questo non ti toglie dalla ladder.","","",""
"web-app","ladder.export.cta","Export board","Esporta classifica","","",""
"web-app","ladder.export.title","Export the board","Esporta la classifica","","",""
"web-app","ladder.export.snapshot","A dated picture of the board as it stands right now. It's a snapshot, not a link — whoever you give it to sees this moment only, and it won't update.","Un'istantanea datata della classifica così com'è in questo momento. È uno scatto, non un link — a chiunque la dai vedrà solo questo momento, e non si aggiornerà.","","",""
"web-app","ladder.export.droppedColumn","Last-played dates are left off the printed board. Rank, name and rating only.","Le date dell'ultima partita non compaiono nella classifica stampata. Solo posizione, nome e rating.","","",""
"web-app","ladder.export.print","Save or print","Salva o stampa","","",""
"web-app","ladder.print.kicker","One Pocket · 8nOut","One Pocket · 8nOut","","",""
"web-app","ladder.print.title","{city} City Ladder","{city} City Ladder","","{city}",""
"web-app","ladder.print.current","Current standings","Classifica attuale","","",""
"web-app","ladder.print.finalStandings","Final standings · {label}","Classifica finale · {label}","","{label}",""
"web-app","ladder.print.twoDates","Final standings · closed {closed} — exported {exported}","Classifica finale · chiusa {closed} — esportata {exported}","","{closed}; {exported}",""
"web-app","ladder.rules.entry","How the rating works","Come funziona il rating","","",""
"web-app","ladder.rules.where","Everyone starts at 1500. When you and another member of your city's ladder log a match together, the winner's rating goes up and the loser's goes down.","Tutti iniziano a 1500. Quando tu e un altro membro della ladder della tua città registrate una partita insieme, il rating di chi vince sale e quello di chi perde scende.","","",""
"web-app","ladder.rules.gap","Beating someone rated well above you moves your rating more than beating someone close to you. Losing to someone well below you costs more than losing to someone close.","Battere qualcuno con un rating molto più alto del tuo muove il tuo rating più che battere qualcuno vicino al tuo livello. Perdere contro qualcuno molto più basso costa di più che perdere contro qualcuno vicino al tuo livello.","","",""
"web-app","ladder.rules.speed","Your rating moves quickly over your first several matches, then settles down as it finds your level.","Il tuo rating si muove velocemente nelle prime partite, poi si stabilizza man mano che trova il tuo livello.","","",""
"web-app","ladder.rules.recency","The board shows players who've played in the last 60 days. If you go quiet you come off it — your rating is kept exactly as it was, and one match puts you straight back.","La classifica mostra i giocatori che hanno giocato negli ultimi 60 giorni. Se resti fermo esci dalla classifica — il tuo rating viene conservato esattamente com'era, e una partita ti riporta subito dentro.","","",""
"web-app","ladder.rules.counts","Any match you log with another member of the same city's ladder counts, however you log it: by hand, from the live scoreboard, or imported from CueScore. Matches against anyone else don't move your rating.","Ogni partita che registri con un altro membro della ladder della stessa città conta, comunque tu la registri: a mano, dal tabellone dal vivo, o importata da CueScore. Le partite contro chiunque altro non muovono il tuo rating.","","",""
"web-app","ladder.error.wrongCity","That ladder is for players whose home town is that city.","Quella ladder è per i giocatori la cui città di residenza è quella.","","",""
"web-app","ladder.error.noApprovedClub","You need a club in that city before you can join. Clubs are checked before they count.","Devi avere un club in quella città prima di poterti unire. I club vengono verificati prima di contare.","","",""
"web-app","ladder.error.cityClosed","That ladder isn't taking new members right now.","Quella ladder non accetta nuovi membri in questo momento.","","",""
"web-app","admin.nav.ladder","Ladder","Ladder","","",""
"web-app","admin.ladder.cities","Cities","Città","","",""
"web-app","admin.ladder.addCity","Add a city","Aggiungi una città","","",""
"web-app","admin.ladder.city","City","Città","","",""
"web-app","admin.ladder.country","Country","Paese","","",""
"web-app","admin.ladder.members","Members","Membri","","",""
"web-app","admin.ladder.ranked","Ranked","Classificati","","",""
"web-app","admin.ladder.openToJoin","Open to join","Aperta alle iscrizioni","","",""
"web-app","admin.ladder.closedNote","Members stay enrolled when a city is closed to joining; their board keeps working.","I membri restano iscritti quando una città viene chiusa alle nuove iscrizioni; la loro classifica continua a funzionare.","","",""
"web-app","admin.ladder.manualEnrol","Manual enrolment","Iscrizione manuale","","",""
"web-app","admin.ladder.manualEnrolSub","For when the city on a profile doesn't match. Skips the club and home-town checks. Use when a member is genuinely local and the data disagrees.","Per quando la città su un profilo non corrisponde. Salta i controlli su club e città di residenza. Usala quando un membro è genuinamente locale e i dati non coincidono.","","",""
"web-app","admin.ladder.searchMember","Member id","Id membro","","",""
"web-app","admin.ladder.enrol","Enrol","Iscrivi","","",""
"web-app","admin.ladder.seasons","Seasons","Stagioni","","",""
"web-app","admin.ladder.closeSeason","Close season","Chiudi stagione","","",""
"web-app","admin.ladder.closeSeasonConfirm","Closing saves every city board as final standings, then opens the next season. Saved boards are permanent and there is no undo.","Chiuderla salva ogni classifica cittadina come classifica finale, poi apre la stagione successiva. Le classifiche salvate sono permanenti e non c'è modo di annullare.","","",""
"web-app","admin.ladder.typeToConfirm","Type {label} to confirm","Digita {label} per confermare","","{label}",""
"web-app","admin.ladder.done","Done.","Fatto.","","",""
"web-app","admin.ladder.legalGateBlocked","Can't open to new members yet — City Ladder requires Privacy 3.7 / Terms 1.8 to be live first.","Non si può ancora aprire a nuovi membri — City Ladder richiede che Privacy 3.7 / Termini 1.8 siano prima attivi.","","",""
"ios-app","0","0","0","","",""
"ios-app","1","1","1","","",""
"ios-app","1500","1500","","","",""
"ios-app"," · last played %@"," · last played %@"," · ultima partita il %1$@","","%@",""
"ios-app","#","#","","","",""
"ios-app","%@ (You)","%@ (You)","%@ (Tu)","","%@",""
"ios-app","%@ City Ladder","%@ City Ladder","%1$@ City Ladder","","%@",""
"ios-app","%@ Ladder","%@ Ladder","%1$@ Ladder","","%@",""
"ios-app","%@ already started one.","%@ already started one.","%1$@ ne ha già avviato uno.","","%@",""
"ios-app","%@ asked to connect with you.","%@ asked to connect with you.","%1$@ ti ha chiesto di connettersi.","","%@",""
"ios-app","%@ broke","%@ broke","Rottura di %1$@","","%@",""
"ios-app","%@ invited you","%@ invited you","%1$@ ti ha invitato","","%@",""
"ios-app","%@ is keeping score — watching live","%@ is keeping score — watching live","%1$@ sta segnando il punteggio — in visione dal vivo","","%@",""
"ios-app","%@ kept score for this match","%@ kept score for this match","","","%@",""
"ios-app","%@ ladder standings","%@ ladder standings","Classifica della ladder di %@","","%@",""
"ios-app","%@ leads %lld–%lld","%@ leads %lld–%lld","%1$@ è in vantaggio %2$lld–%3$lld","","%@; %lld",""
"ios-app","%@ wasn't added to the map","%@ wasn't added to the map","%1$@ non è stato aggiunto alla mappa","","%@",""
"ios-app","%@ wasn't added to the map. Pick a club that's already on the map instead.","%@ wasn't added to the map. Pick a club that's already on the map instead.","%1$@ non è stato aggiunto alla mappa. Scegli invece un club già presente sulla mappa.","","%@",""
"ios-app","%@ · not ranked yet","%@ · not ranked yet","%1$@ · non ancora classificato","","%@",""
"ios-app","%@ · off the board for now","%@ · off the board for now","%1$@ · fuori classifica per ora","","%@",""
"ios-app","%@ — pick a time","%@ — pick a time","%@ — scegli un orario","","%@",""
"ios-app","%@%@","%@%@","%@%@","","%@",""
"ios-app","%@'s score","%@'s score","Punteggio di %1$@","","%@",""
"ios-app","%@, %@","%@, %@","%@, %@","","%@",""
"ios-app","%lld","%lld","","","%lld",""
"ios-app","%lld days ago","%lld days ago","%lld giorni fa","","%lld",""
"ios-app","%lld of 3","%lld of 3","%lld di 3","","%lld",""
"ios-app","%lld of your clubs weren't added to the map","%lld of your clubs weren't added to the map","%1$lld dei tuoi club non sono stati aggiunti alla mappa","","%lld",""
"ios-app","%lld of your connections here now","%lld of your connections here now","%1$lld delle tue connessioni qui ora","","%lld",""
"ios-app","%lld players ranked. Players who haven't played in 60 days aren't shown.","%lld players ranked. Players who haven't played in 60 days aren't shown.","%1$lld giocatori classificati. I giocatori che non hanno giocato negli ultimi 60 giorni non sono mostrati.","","%lld",""
"ios-app","%lld unread","%lld unread","%1$lld non letti","","%lld",""
"ios-app","%lld%%","%lld%%","%lld%%","","%lld",""
"ios-app","%lld–%lld","%lld–%lld","%lld–%lld","","%lld",""
"ios-app","(%lld)","(%lld)","","","%lld",""
"ios-app","**Your rating isn't kept.** If you join again later you'd start over at 1500, like everyone new.","**Your rating isn't kept.** If you join again later you'd start over at 1500, like everyone new.","**Il tuo rating non viene conservato.** Se ti unisci di nuovo più avanti ripartiresti da 1500, come ogni nuovo membro.","","",""
"ios-app","+%lld","+%lld","","","%lld",""
"ios-app","+31 6 12 34 56 78","+31 6 12 34 56 78","+31 6 12 34 56 78","","",""
"ios-app",", ",", ","","","",""
"ios-app","1 hour","1 hour","1 ora","","",""
"ios-app","16 or 17","16 or 17","16 o 17","","",""
"ios-app","18 or older","18 or older","18 o più","","",""
"ios-app","1–200","1–200","1–200","","",""
"ios-app","3 hours","3 hours","3 ore","","",""
"ios-app","400+","400+","400+","","",""
"ios-app","500+","500+","500+","","",""
"ios-app","600+","600+","600+","","",""
"ios-app","700+","700+","700+","","",""
"ios-app","8 hours","8 hours","8 ore","","",""
"ios-app","8nOut","8nOut","8nOut","","",""
"ios-app","8nOut now shows other signed-in members when you're active — a simple ""online"" or ""recently active"" status next to your map pin, so people can see who's around for a game. It is never your location and is never shown to the public. It's on by default; you can turn it off for everyone, at any time, with Go invisible. See the Privacy Policy for details.","8nOut now shows other signed-in members when you're active — a simple ""online"" or ""recently active"" status next to your map pin, so people can see who's around for a game. It is never your location and is never shown to the public. It's on by default; you can turn it off for everyone, at any time, with Go invisible. See the Privacy Policy for details.","8nOut ora mostra agli altri membri connessi quando sei attivo — un semplice stato ""online"" o ""attivo di recente"" accanto al tuo pin sulla mappa, così le persone possono vedere chi è disponibile per una partita. Non è mai la tua posizione e non viene mai mostrato al pubblico. È attivo per impostazione predefinita; puoi disattivarlo per tutti, in qualsiasi momento, con Diventa invisibile. Consulta l'Informativa sulla Privacy per i dettagli.","","",""
"ios-app","8nout.com","8nout.com","8nout.com","","",""
"ios-app","A dated picture of the board as it stands right now. **It's a snapshot, not a link** — whoever you give it to sees this moment only, and it won't update.","A dated picture of the board as it stands right now. **It's a snapshot, not a link** — whoever you give it to sees this moment only, and it won't update.","Un'istantanea datata della classifica così com'è in questo momento. **È uno scatto, non un link** — a chiunque la dai vedrà solo questo momento, e non si aggiornerà.","","",""
"ios-app","A hidden conversation comes back when a new message arrives.","A hidden conversation comes back when a new message arrives.","Una conversazione nascosta riappare quando arriva un nuovo messaggio.","","",""
"ios-app","A hidden invite disappears on its own after a few days.","A hidden invite disappears on its own after a few days.","Un invito nascosto scompare da solo dopo qualche giorno.","","",""
"ios-app","A saved picture of the board on %@. It doesn't change.","A saved picture of the board on %@. It doesn't change.","Un'istantanea salvata della classifica al %1$@. Non cambia.","","%@",""
"ios-app","A website or Facebook page — either works.","A website or Facebook page — either works.","Un sito web o una pagina Facebook — vanno bene entrambi.","","",""
"ios-app","About","About","Info","","",""
"ios-app","About you","About you","Su di te","","",""
"ios-app","About your report","About your report","La tua segnalazione","","",""
"ios-app","Accept","Accept","Accetta","","",""
"ios-app","Accept: %@","Accept: %@","Accetta: %1$@","","%@",""
"ios-app","Accepted","Accepted","Accettato","","",""
"ios-app","Account","Account","Account","","",""
"ios-app","Account removed","Account removed","Account rimosso","","",""
"ios-app","Account suspended","Account suspended","Account sospeso","","",""
"ios-app","Active earlier today","Active earlier today","Attivo prima oggi","","",""
"ios-app","Active games","Active games","Partite attive","","",""
"ios-app","Active now","Active now","Attivo ora","","",""
"ios-app","Add a club","Add a club","Aggiungi un club","","",""
"ios-app","Add a club to see players from your regular spots too","Add a club to see players from your regular spots too","Aggiungi un club per vedere anche i giocatori dei tuoi posti abituali","","",""
"ios-app","Add a public pool club — not a home or private address.","Add a public pool club — not a home or private address.","Aggiungi un circolo di biliardo pubblico — non un'abitazione o un indirizzo privato.","","",""
"ios-app","Add a second option","Add a second option","Aggiungi una seconda opzione","","",""
"ios-app","Add a short bio","Add a short bio","Aggiungi una breve bio","","",""
"ios-app","Add contact details","Add contact details","Aggiungi i dati di contatto","","",""
"ios-app","Add from CueScore","Add from CueScore","Aggiungi da CueScore","","",""
"ios-app","Add more detail","Add more detail","Aggiungi più dettagli","","",""
"ios-app","Add the room you play at and it opens up. Clubs are checked before they count.","Add the room you play at and it opens up. Clubs are checked before they count.","Aggiungi la sala in cui giochi e si sblocca. I club vengono verificati prima di contare.","","",""
"ios-app","Add to calendar","Add to calendar","Aggiungi al calendario","","",""
"ios-app","Add to my clubs","Add to my clubs","Aggiungi ai miei club","","",""
"ios-app","Add your Fargo Rating","Add your Fargo Rating","Aggiungi il tuo Fargo Rating","","",""
"ios-app","Add your name","Add your name","Aggiungi il tuo nome","","",""
"ios-app","Add your town","Add your town","Aggiungi la tua città","","",""
"ios-app","Agree and continue","Agree and continue","Accetta e continua","","",""
"ios-app","All cities","All cities","Tutte le città","","",""
"ios-app","All countries","All countries","Tutti i paesi","","",""
"ios-app","All of your data is permanently erased. This can't be undone.","All of your data is permanently erased. This can't be undone.","Tutti i tuoi dati vengono cancellati definitivamente. Questa azione non può essere annullata.","","",""
"ios-app","All square, %lld–%lld","All square, %lld–%lld","Pari, %1$lld–%2$lld","","%lld",""
"ios-app","All three answered","All three answered","Tutte e tre risposte","","",""
"ios-app","Already on 8nOut","Already on 8nOut","Già su 8nOut","","",""
"ios-app","Already on 8nOut?","Already on 8nOut?","Già su 8nOut?","","",""
"ios-app","Already played? Log result","Already played? Log result","Avete già giocato? Registra il risultato","","",""
"ios-app","Also block this player","Also block this player","Blocca anche questo giocatore","","",""
"ios-app","Alternate","Alternate","Alternata","","",""
"ios-app","Answered","Answered","Risposto","","",""
"ios-app","Any match you log with another member of the same city's ladder, however you log it: by hand, from the live scoreboard, or imported from CueScore. Matches against anyone else don't move your rating.","Any match you log with another member of the same city's ladder, however you log it: by hand, from the live scoreboard, or imported from CueScore. Matches against anyone else don't move your rating.","Ogni partita che registri con un altro membro della ladder della stessa città, comunque tu la registri: a mano, dal tabellone dal vivo, o importata da CueScore. Le partite contro chiunque altro non muovono il tuo rating.","","",""
"ios-app","Any member can export the standings — including to put up on a noticeboard at a club.","Any member can export the standings — including to put up on a noticeboard at a club.","Ogni membro può esportare la classifica — anche per affiggerla in bacheca in un club.","","",""
"ios-app","Anything else we should know? (optional)","Anything else we should know? (optional)","Qualcos'altro che dovremmo sapere? (facoltativo)","","",""
"ios-app","Appearance","Appearance","Aspetto","","",""
"ios-app","Asking to play for money","Asking to play for money","Proposta di giocare per soldi","","",""
"ios-app","At %@ until %@","At %@ until %@","Al %1$@ fino alle %2$@","","%@",""
"ios-app","At a club","At a club","In un club","","",""
"ios-app","At home","At home","A casa","","",""
"ios-app","Back","Back","Indietro","","",""
"ios-app","Back to camera","Back to camera","Torna alla fotocamera","","",""
"ios-app","Back to search","Back to search","Torna alla ricerca","","",""
"ios-app","Beating someone rated well above you moves your rating more than beating someone close to you. Losing to someone well below you costs more than losing to someone close.","Beating someone rated well above you moves your rating more than beating someone close to you. Losing to someone well below you costs more than losing to someone close.","Battere qualcuno con un rating molto più alto del tuo muove il tuo rating più che battere qualcuno vicino al tuo livello. Perdere contro qualcuno molto più basso costa di più che perdere contro qualcuno vicino al tuo livello.","","",""
"ios-app","Before you confirm you're playing","Before you confirm you're playing","Prima di confermare che stai giocando","","",""
"ios-app","Before you join","Before you join","Prima di iscriverti","","",""
"ios-app","Before you show as ""in the club""","Before you show as ""in the club""","Prima di mostrarti come ""al club""","","",""
"ios-app","Block","Block","Blocca","","",""
"ios-app","Block %@?","Block %@?","Bloccare %@?","","%@",""
"ios-app","Block player","Block player","Blocca giocatore","","",""
"ios-app","Blocked players","Blocked players","Giocatori bloccati","","",""
"ios-app","Both","Both","Entrambi","","",""
"ios-app","Break","Break","Rottura","","",""
"ios-app","Breaking","Breaking","Rottura","","",""
"ios-app","Call","Call","Chiama","","",""
"ios-app","Call %@","Call %@","Chiama %1$@","","%@",""
"ios-app","Call to play!!","Call to play!!","Voglia di giocare!","","",""
"ios-app","Can't find it? Add a new venue","Can't find it? Add a new venue","Non lo trovi? Aggiungi un nuovo locale","","",""
"ios-app","Cancel","Cancel","Annulla","","",""
"ios-app","Challenges","Challenges","Sfide","","",""
"ios-app","Change photo","Change photo","Cambia foto","","",""
"ios-app","Changing the language takes effect the next time you open 8nOut.","Changing the language takes effect the next time you open 8nOut.","La modifica della lingua avrà effetto la prossima volta che apri 8nOut.","","",""
"ios-app","Chat","Chat","Chat","","",""
"ios-app","Chat is one-to-one, with your accepted connections only. Messages are deleted automatically 60 days after they're sent. We don't read your messages — if one is reported, a moderator can review it and the messages around it, and every such access is logged. Anything you type here — including an address — stays in the chat for up to 60 days, even if you later disconnect or block. See the Privacy Policy for details.","Chat is one-to-one, with your accepted connections only. Messages are deleted automatically 60 days after they're sent. We don't read your messages — if one is reported, a moderator can review it and the messages around it, and every such access is logged. Anything you type here — including an address — stays in the chat for up to 60 days, even if you later disconnect or block. See the Privacy Policy for details.","La chat è uno a uno, solo con le tue connessioni accettate. I messaggi vengono eliminati automaticamente 60 giorni dopo l'invio. Non leggiamo i tuoi messaggi — se uno viene segnalato, un moderatore può esaminarlo insieme ai messaggi intorno ad esso, e ogni accesso di questo tipo viene registrato. Tutto ciò che scrivi qui — incluso un indirizzo — resta nella chat fino a 60 giorni, anche se in seguito disconnetti o blocchi l'altra persona. Consulta l'Informativa sulla Privacy per i dettagli.","","",""
"ios-app","Check back soon — players show up as they get to a table.","Check back soon — players show up as they get to a table.","Torna a controllare presto — i giocatori compaiono non appena arrivano a un tavolo.","","",""
"ios-app","Check the address above — street, city and country — then submit again.","Check the address above — street, city and country — then submit again.","Controlla l'indirizzo qui sopra — via, città e paese — poi invia di nuovo.","","",""
"ios-app","Check the spelling, or invite them with your connect code.","Check the spelling, or invite them with your connect code.","Controlla l'ortografia, oppure invitalo con il tuo codice di connessione.","","",""
"ios-app","Check your connection and try again.","Check your connection and try again.","Controlla la tua connessione e riprova.","","",""
"ios-app","Checking the address…","Checking the address…","Verifica dell'indirizzo…","","",""
"ios-app","Choose a different place","Choose a different place","Scegli un altro posto","","",""
"ios-app","Choose from library","Choose from library","Scegli dalla libreria","","",""
"ios-app","City","City","Città","","",""
"ios-app","City Ladder","City Ladder","City Ladder","","",""
"ios-app","Clear","Clear","Cancella","","",""
"ios-app","Close","Close","Chiudi","","",""
"ios-app","Closed %@","Closed %@","Chiusa il %1$@","","%@",""
"ios-app","Closed, or wrong details","Closed, or wrong details","Chiuso, o dati errati","","",""
"ios-app","Club","Club","Club","","",""
"ios-app","Club alerts","Club alerts","Avvisi di club","","",""
"ios-app","Clubs","Clubs","Club","","",""
"ios-app","Clubs are added by the community, so yours may not be here yet. Add it and we'll check it — it goes on the map once it's approved.","Clubs are added by the community, so yours may not be here yet. Add it and we'll check it — it goes on the map once it's approved.","I club vengono aggiunti dalla comunità, quindi il tuo potrebbe non esserci ancora. Aggiungilo e lo controlleremo — va sulla mappa una volta approvato.","","",""
"ios-app","Confirm final result","Confirm final result","Conferma il risultato finale","","",""
"ios-app","Confirm you're playing","Confirm you're playing","Conferma che stai giocando","","",""
"ios-app","Connect","Connect","Connetti","","",""
"ios-app","Connect code","Connect code","Codice di connessione","","",""
"ios-app","Connected","Connected","Connesso","","",""
"ios-app","Connecting is how you swap contact details.","Connecting is how you swap contact details.","Connettersi è il modo per scambiarsi i contatti.","","",""
"ios-app","Connections","Connections","Connessioni","","",""
"ios-app","Contact","Contact","Contatto","","",""
"ios-app","Continue","Continue","Continua","","",""
"ios-app","Continue playing","Continue playing","Continua a giocare","","",""
"ios-app","Continue with Google","Continue with Google","Continua con Google","","",""
"ios-app","Couldn't add that club just now. Try again.","Couldn't add that club just now. Try again.","Non è stato possibile aggiungere quel club in questo momento. Riprova.","","",""
"ios-app","Couldn't change that just now. Try again.","Couldn't change that just now. Try again.","Non è stato possibile cambiarlo in questo momento. Riprova.","","",""
"ios-app","Couldn't do that right now. Try again.","Couldn't do that right now. Try again.","Non è stato possibile farlo proprio ora. Riprova.","","",""
"ios-app","Couldn't link right now. Try again.","Couldn't link right now. Try again.","Non è stato possibile collegare in questo momento. Riprova.","","",""
"ios-app","Couldn't load players","Couldn't load players","Non è stato possibile caricare i giocatori","","",""
"ios-app","Couldn't load the %@ board.","Couldn't load the %@ board.","Non è stato possibile caricare la classifica di %1$@.","","%@",""
"ios-app","Couldn't load the club list just now.","Couldn't load the club list just now.","Non è stato possibile caricare l'elenco dei club in questo momento.","","",""
"ios-app","Couldn't load the rest of the list.","Couldn't load the rest of the list.","Non è stato possibile caricare il resto della lista.","","",""
"ios-app","Couldn't load your ladder standing.","Couldn't load your ladder standing.","Non è stato possibile caricare la tua posizione in classifica.","","",""
"ios-app","Couldn't open the chat","Couldn't open the chat","Non è stato possibile aprire la chat","","",""
"ios-app","Couldn't reach CueScore right now — try again shortly, or add it manually.","Couldn't reach CueScore right now — try again shortly, or add it manually.","Non è stato possibile raggiungere CueScore in questo momento — riprova tra poco, oppure aggiungilo a mano.","","",""
"ios-app","Couldn't save — check your connection and try again.","Couldn't save — check your connection and try again.","Non è stato possibile salvare — controlla la tua connessione e riprova.","","",""
"ios-app","Couldn't send the request. Try again.","Couldn't send the request. Try again.","Non è stato possibile inviare la richiesta. Riprova.","","",""
"ios-app","Couldn't submit that venue. Please try again.","Couldn't submit that venue. Please try again.","Non è stato possibile inviare quel locale. Riprova.","","",""
"ios-app","Couldn't unlink right now. Try again.","Couldn't unlink right now. Try again.","Non è stato possibile scollegare in questo momento. Riprova.","","",""
"ios-app","Country","Country","Paese","","",""
"ios-app","Create and add","Create and add","Crea e aggiungi","","",""
"ios-app","CueScore","CueScore","CueScore","","",""
"ios-app","CueScore linked","CueScore linked","CueScore collegato","","",""
"ios-app","CueScore lookups are turned off right now — add the club manually below.","CueScore lookups are turned off right now — add the club manually below.","Le ricerche su CueScore sono disattivate al momento — aggiungi il club a mano qui sotto.","","",""
"ios-app","CueScore match","CueScore match","Partita CueScore","","",""
"ios-app","CueScore player ID or profile link","CueScore player ID or profile link","ID giocatore CueScore o link al profilo","","",""
"ios-app","CueScore profile","CueScore profile","Profilo CueScore","","",""
"ios-app","Current season","Current season","Stagione attuale","","",""
"ios-app","Current standings","Current standings","Classifica attuale","","",""
"ios-app","Dark","Dark","Scuro","","",""
"ios-app","Decide later","Decide later","Decidere più tardi","","",""
"ios-app","Decline","Decline","Rifiuta","","",""
"ios-app","Declined","Declined","Rifiutato","","",""
"ios-app","Delete account","Delete account","Elimina account","","",""
"ios-app","Delete everything","Delete everything","Elimina tutto","","",""
"ios-app","Delete for everyone","Delete for everyone","Elimina per tutti","","",""
"ios-app","Delete for everyone?","Delete for everyone?","Eliminare per tutti?","","",""
"ios-app","Delete game","Delete game","Elimina partita","","",""
"ios-app","Delete your account?","Delete your account?","Eliminare il tuo account?","","",""
"ios-app","Deleted player","Deleted player","Giocatore eliminato","","",""
"ios-app","Did this game happen?","Did this game happen?","Questa partita si è giocata?","","",""
"ios-app","Did you mean?","Did you mean?","Forse intendevi?","","",""
"ios-app","Didn't happen","Didn't happen","Non si è giocata","","",""
"ios-app","Didn't happen?","Didn't happen?","Non giocata?","","",""
"ios-app","Discipline","Discipline","Disciplina","","",""
"ios-app","Dismiss rotate suggestion","Dismiss rotate suggestion","","","",""
"ios-app","Doesn't look right? Message %@","Doesn't look right? Message %@","Non ti sembra corretto? Scrivi a %@","","%@",""
"ios-app","Done","Done","Fatto","","",""
"ios-app","Edit","Edit","Modifica","","",""
"ios-app","Edit bio","Edit bio","Modifica bio","","",""
"ios-app","Edit bio & home town","Edit bio & home town","Modifica bio e città natale","","",""
"ios-app","Edit result","Edit result","Modifica risultato","","",""
"ios-app","Email us","Email us","Scrivici","","",""
"ios-app","End","End","","","",""
"ios-app","Ends %@ · %@","Ends %@ · %@","Termina %1$@ · %2$@","","%@",""
"ios-app","Everyone starts at","Everyone starts at","Tutti iniziano a","","",""
"ios-app","Everyone starts at 1500. When you and another member of your city's ladder log a match together, the winner's rating goes up and the loser's goes down.","Everyone starts at 1500. When you and another member of your city's ladder log a match together, the winner's rating goes up and the loser's goes down.","Tutti iniziano a 1500. Quando tu e un altro membro della ladder della tua città registrate una partita insieme, il rating di chi vince sale e quello di chi perde scende.","","",""
"ios-app","Expired","Expired","Scaduto","","",""
"ios-app","Export the board","Export the board","Esporta la classifica","","",""
"ios-app","Facebook","Facebook","Facebook","","",""
"ios-app","FairMatch profile link (optional)","FairMatch profile link (optional)","Link del profilo FairMatch (facoltativo)","","",""
"ios-app","Fake profile","Fake profile","Profilo falso","","",""
"ios-app","Fargo Rating","Fargo Rating","Fargo Rating","","",""
"ios-app","Fastest way: paste the club's CueScore venue link — the one that ends in a number. Or add it manually below.","Fastest way: paste the club's CueScore venue link — the one that ends in a number. Or add it manually below.","Il modo più veloce: incolla il link del locale su CueScore — quello che finisce con un numero. Oppure aggiungilo a mano qui sotto.","","",""
"ios-app","Final standings · %@","Final standings · %@","Classifica finale · %1$@","","%@",""
"ios-app","Final standings · closed %@ — exported %@","Final standings · closed %@ — exported %@","Classifica finale · chiusa %1$@ — esportata %2$@","","%@",""
"ios-app","Find and challenge One Pocket players near you.","Find and challenge One Pocket players near you.","Trova giocatori di One Pocket vicino a te e sfidali.","","",""
"ios-app","Find players","Find players","Trova giocatori","","",""
"ios-app","Find players by name","Find players by name","Cerca giocatori per nome","","",""
"ios-app","Find your club","Find your club","Trova il tuo club","","",""
"ios-app","Finish","Finish","Completa","","",""
"ios-app","Finish later","Finish later","Finisci più tardi","","",""
"ios-app","Finish match","Finish match","Termina partita","","",""
"ios-app","Finish setting up","Finish setting up","Completa la configurazione","","",""
"ios-app","Finish your match on CueScore.","Finish your match on CueScore.","Concludi la tua partita su CueScore.","","",""
"ios-app","Flip a coin to decide who breaks, and start the match","Flip a coin to decide who breaks, and start the match","Lancia una monetina per decidere chi rompe, e avvia la partita","","",""
"ios-app","Flip for me — starts the match","Flip for me — starts the match","Lancia la monetina — avvia la partita","","",""
"ios-app","Follow us","Follow us","Seguici","","",""
"ios-app","For players who'd rather call or text. Shown only to accepted connections.","For players who'd rather call or text. Shown only to accepted connections.","Per i giocatori che preferiscono chiamare o scrivere. Visibile solo alle connessioni accettate.","","",""
"ios-app","Form","Form","Forma","","",""
"ios-app","From your profile","From your profile","Dal tuo profilo","","",""
"ios-app","Go invisible","Go invisible","Diventa invisibile","","",""
"ios-app","Go to Connections","Go to Connections","Vai a Connessioni","","",""
"ios-app","Got it","Got it","Ho capito","","",""
"ios-app","Harassment or abuse","Harassment or abuse","Molestie o abusi","","",""
"ios-app","Has a home table — private until connected","Has a home table — private until connected","Ha un tavolo di casa — privato finché non vi connettete.","","",""
"ios-app","Have another player scan this to connect with you on 8nOut.","Have another player scan this to connect with you on 8nOut.","Fai scansionare questo a un altro giocatore per connetterti con lui su 8nOut.","","",""
"ios-app","Head-to-head with you","Head-to-head with you","Testa a testa con te","","",""
"ios-app","Heart","Heart","Cuore","","",""
"ios-app","Help","Help","Aiuto","","",""
"ios-app","Help isn't available","Help isn't available","La guida non è disponibile","","",""
"ios-app","Helps us decide whether to build a home-table feature. It's private, and skipping changes nothing else about your account. If you already have one, it stays visible to your connections only — never public.","Helps us decide whether to build a home-table feature. It's private, and skipping changes nothing else about your account. If you already have one, it stays visible to your connections only — never public.","Ci aiuta a decidere se sviluppare una funzione per il tavolo di casa. Resta privato, e saltarlo non cambia nient'altro nel tuo account. Se ne hai già uno, resta visibile solo alle tue connessioni — mai in pubblico.","","",""
"ios-app","Hidden (%lld)","Hidden (%lld)","Nascoste (%1$lld)","","%lld",""
"ios-app","Hide conversation","Hide conversation","Nascondi conversazione","","",""
"ios-app","Hide invite","Hide invite","Nascondi invito","","",""
"ios-app","Home","Home","Città","","",""
"ios-app","Home table","Home table","Tavolo di casa","","",""
"ios-app","Home table — address stays private until shared","Home table — address stays private until shared","Tavolo di casa — l'indirizzo resta privato finché non viene condiviso","","",""
"ios-app","Home town","Home town","Città","","",""
"ios-app","How chat works","How chat works","Come funziona la chat","","",""
"ios-app","How fast it moves","How fast it moves","Quanto velocemente cambia","","",""
"ios-app","How importing works","How importing works","Come funziona l'importazione","","",""
"ios-app","How it works","How it works","Come funziona","","",""
"ios-app","How my name appears in past seasons","How my name appears in past seasons","Come appare il mio nome nelle stagioni passate","","",""
"ios-app","How the rating works","How the rating works","Come funziona il rating","","",""
"ios-app","I confirm I am at least %lld years old.","I confirm I am at least %lld years old.","Confermo di avere almeno %1$lld anni.","","%lld",""
"ios-app","I have read and agree to the [Terms of Service](%@) and [Privacy Policy](%@).","I have read and agree to the [Terms of Service](%@) and [Privacy Policy](%@).","Ho letto e accetto i [Termini di Servizio](%1$@) e l'[Informativa sulla Privacy](%2$@).","","%@",""
"ios-app","I'm 18 or older now","I'm 18 or older now","Ora ho 18 anni o più","","",""
"ios-app","I'm in the club","I'm in the club","Sono al club","","",""
"ios-app","I'm making this report in good faith and believe the information in it is accurate and complete.","I'm making this report in good faith and believe the information in it is accurate and complete.","Presento questa segnalazione in buona fede e ritengo che le informazioni contenute siano accurate e complete.","","",""
"ios-app","If you believe this decision was wrong, you can contact us at [privacy@8nout.com](mailto:privacy@8nout.com). Because the account and its data have been deleted we cannot restore them, but you can still contest this decision, including before a court. More on this is in our Terms of Service (section 13).","If you believe this decision was wrong, you can contact us at [privacy@8nout.com](mailto:privacy@8nout.com). Because the account and its data have been deleted we cannot restore them, but you can still contest this decision, including before a court. More on this is in our Terms of Service (section 13).","Se ritieni che questa decisione sia sbagliata, puoi scriverci a [privacy@8nout.com](mailto:privacy@8nout.com). Poiché l'account e i suoi dati sono stati cancellati non possiamo ripristinarli, ma puoi comunque contestare questa decisione, anche davanti a un tribunale. Maggiori informazioni nei nostri Termini di Servizio (sezione 13).","","",""
"ios-app","If you believe this was a mistake, you can contact us at [privacy@8nout.com](mailto:privacy@8nout.com) to ask us to review it. If you disagree with our decision, you also have the right to take the matter to court. More on this is in our Terms of Service (section 13).","If you believe this was a mistake, you can contact us at [privacy@8nout.com](mailto:privacy@8nout.com) to ask us to review it. If you disagree with our decision, you also have the right to take the matter to court. More on this is in our Terms of Service (section 13).","Se ritieni che sia stato un errore, puoi scriverci a [privacy@8nout.com](mailto:privacy@8nout.com) per chiederci di rivederlo. Se non sei d'accordo con la nostra decisione, hai anche il diritto di portare la questione davanti a un tribunale. Maggiori informazioni nei nostri Termini di Servizio (sezione 13).","","",""
"ios-app","If you think this is wrong, contact us at privacy@8nout.com. Your right to go to court is unaffected.","If you think this is wrong, contact us at privacy@8nout.com. Your right to go to court is unaffected.","Se pensi che sia sbagliato, scrivici a privacy@8nout.com. Il tuo diritto di rivolgerti a un tribunale resta impregiudicato.","","",""
"ios-app","Import a CueScore match","Import a CueScore match","Importa una partita di CueScore","","",""
"ios-app","Import a finished CueScore match — every game counts, win or lose.","Import a finished CueScore match — every game counts, win or lose.","Importa una partita conclusa da CueScore — ogni partita conta, che tu vinca o perda.","","",""
"ios-app","Import match","Import match","Importa partita","","",""
"ios-app","Import this match","Import this match","Importa questa partita","","",""
"ios-app","Importing…","Importing…","Importazione…","","",""
"ios-app","In %@","In %@","A %1$@","","%@",""
"ios-app","In the app now","In the app now","Nell'app ora","","",""
"ios-app","In the club at %@ until %@","In the club at %@ until %@","Al club, al %1$@, fino alle %2$@","","%@",""
"ios-app","In the club until %@","In the club until %@","Al club fino alle %1$@","","%@",""
"ios-app","Inappropriate content","Inappropriate content","Contenuto inappropriato","","",""
"ios-app","Inappropriate photo","Inappropriate photo","Foto inappropriata","","",""
"ios-app","Invitation expired","Invitation expired","Invito scaduto","","",""
"ios-app","Invitation to play","Invitation to play","Invito a giocare","","",""
"ios-app","Invite a connection to play from the Connections tab.","Invite a connection to play from the Connections tab.","Invita una connessione a giocare dalla scheda Connessioni.","","",""
"ios-app","Invite a player","Invite a player","Invita un giocatore","","",""
"ios-app","Invite link","Invite link","Link di invito","","",""
"ios-app","Invite sent","Invite sent","Invito inviato","","",""
"ios-app","Invite to play","Invite to play","Invita a giocare","","",""
"ios-app","Is that close enough?","Is that close enough?","Va bene comunque?","","",""
"ios-app","It moves with your results — quickly at first, then more slowly as it settles.","It moves with your results — quickly at first, then more slowly as it settles.","Cambia con i tuoi risultati — velocemente all'inizio, poi più lentamente man mano che si stabilizza.","","",""
"ios-app","It's on your clubs already. Once it's approved, the club goes on the map and your name is on its list. Until then, you're not on any club's list.","It's on your clubs already. Once it's approved, the club goes on the map and your name is on its list. Until then, you're not on any club's list.","È già tra i tuoi club. Una volta approvato, il club va sulla mappa e il tuo nome è nella sua lista. Fino ad allora, non sei nella lista di nessun club.","","",""
"ios-app","It's still on your profile, but you're not on any club's list. Pick a club that's already on the map and you're on its list straight away.","It's still on your profile, but you're not on any club's list. Pick a club that's already on the map and you're on its list straight away.","È ancora sul tuo profilo, ma non sei nella lista di nessun club. Scegli un club già presente sulla mappa e sarai subito nella sua lista.","","",""
"ios-app","Join","Join","Iscriviti","","",""
"ios-app","Join the %@ Ladder","Join the %@ Ladder","Unisciti alla %1$@ Ladder","","%@",""
"ios-app","Join the ladder","Join the ladder","Unisciti alla ladder","","",""
"ios-app","Language","Language","Lingua","","",""
"ios-app","Last 5","Last 5","Ultime 5","","",""
"ios-app","Last played","Last played","Ultima partita","","",""
"ios-app","Last played %@","Last played %@","Ultima partita il %1$@","","%@",""
"ios-app","Last-played dates are left off the printed board. Rank, name and rating only.","Last-played dates are left off the printed board. Rank, name and rating only.","Le date dell'ultima partita non compaiono nella classifica stampata. Solo posizione, nome e rating.","","",""
"ios-app","Laughing","Laughing","Risata","","",""
"ios-app","Learn more","Learn more","Scopri di più","","",""
"ios-app","Leave","Leave","Esci","","",""
"ios-app","Leave the %@ Ladder","Leave the %@ Ladder","Lascia la %1$@ Ladder","","%@",""
"ios-app","Leave the ladder","Leave the ladder","Lascia la ladder","","",""
"ios-app","Legal","Legal","Legale","","",""
"ios-app","Legal contact points","Legal contact points","Punti di contatto legale","","",""
"ios-app","Let's connect","Let's connect","Connettiamoci","","",""
"ios-app","Light","Light","Chiaro","","",""
"ios-app","Link CueScore","Link CueScore","Collega CueScore","","",""
"ios-app","Link CueScore profile","Link CueScore profile","Collega profilo CueScore","","",""
"ios-app","Link CueScore to import results","Link CueScore to import results","Collega CueScore per importare i risultati","","",""
"ios-app","Link added · number hidden","Link added · number hidden","Link aggiunto · numero nascosto","","",""
"ios-app","Link your CueScore profile so other One Pocket players recognise you — your name and photo come straight from CueScore. You can always do this later in Profile.","Link your CueScore profile so other One Pocket players recognise you — your name and photo come straight from CueScore. You can always do this later in Profile.","Collega il tuo profilo CueScore così gli altri giocatori di One Pocket ti riconoscono — il tuo nome e la tua foto arrivano direttamente da CueScore. Puoi farlo anche più tardi dal Profilo.","","",""
"ios-app","Link your CueScore profile to import your match results — every game counts, win or lose.","Link your CueScore profile to import your match results — every game counts, win or lose.","Collega il tuo profilo CueScore per importare i risultati delle tue partite — ogni partita conta, che tu vinca o perda.","","",""
"ios-app","Linked","Linked","Collegato","","",""
"ios-app","Live","Live","Dal vivo","","",""
"ios-app","Load more","Load more","Carica altro","","",""
"ios-app","Loading…","Loading…","Caricamento…","","",""
"ios-app","Log result","Log result","Registra risultato","","",""
"ios-app","Look up","Look up","Cerca","","",""
"ios-app","Look up another","Look up another","Cercane un altro","","",""
"ios-app","Look up match","Look up match","Cerca partita","","",""
"ios-app","Looking up…","Looking up…","Ricerca…","","",""
"ios-app","Lost","Lost","Persa","","",""
"ios-app","Make sure this is right before finishing.","Make sure this is right before finishing.","Assicurati che sia corretto prima di concludere.","","",""
"ios-app","Map","Map","Mappa","","",""
"ios-app","Map data","Map data","Dati della mappa","","",""
"ios-app","Map data © OpenStreetMap contributors","Map data © OpenStreetMap contributors","Dati della mappa © collaboratori di OpenStreetMap","","",""
"ios-app","Match","Match","Partita","","",""
"ios-app","Match finished","Match finished","","","",""
"ios-app","Match finished. %@, %@ against %@.","Match finished. %@, %@ against %@.","","","%@",""
"ios-app","Match imported","Match imported","Partita importata","","",""
"ios-app","Matches","Matches","Partite","","",""
"ios-app","Messages are deleted automatically 60 days after they're sent.","Messages are deleted automatically 60 days after they're sent.","I messaggi vengono eliminati automaticamente 60 giorni dopo l'invio.","","",""
"ios-app","Messaging is unavailable right now — try again later.","Messaging is unavailable right now — try again later.","I messaggi non sono disponibili in questo momento — riprova più tardi.","","",""
"ios-app","More options for %@","More options for %@","Altre opzioni per %@","","%@",""
"ios-app","More players","More players","Altri giocatori","","",""
"ios-app","Mute notifications","Mute notifications","Silenzia notifiche","","",""
"ios-app","Muted","Muted","Silenziata","","",""
"ios-app","My clubs","My clubs","I miei club","","",""
"ios-app","My connect code","My connect code","Il mio codice di connessione","","",""
"ios-app","My public profile","My public profile","Il mio profilo pubblico","","",""
"ios-app","Name","Name","Nome","","",""
"ios-app","Navigate to %@","Navigate to %@","Naviga verso %@","","%@",""
"ios-app","Nearby players","Nearby players","Giocatori nelle vicinanze","","",""
"ios-app","Needs your response","Needs your response","Richiede una tua risposta","","",""
"ios-app","New","New","Nuovo","","",""
"ios-app","New code ready","New code ready","Nuovo codice pronto","","",""
"ios-app","New scoreboard","New scoreboard","Nuovo tabellone","","",""
"ios-app","New venue","New venue","Nuovo locale","","",""
"ios-app","Next","Next","Avanti","","",""
"ios-app","No CueScore player found with that ID or profile link.","No CueScore player found with that ID or profile link.","Non è stato trovato nessun giocatore CueScore con quell'ID o link al profilo.","","",""
"ios-app","No active challenges yet.","No active challenges yet.","Ancora nessuna sfida attiva.","","",""
"ios-app","No answers are published yet.","No answers are published yet.","Non è ancora stata pubblicata nessuna risposta.","","",""
"ios-app","No answers for ""%@""","No answers for ""%@""","Nessuna risposta per ""%1$@""","","%@",""
"ios-app","No automated tools were used in this decision — a person reviewed it.","No automated tools were used in this decision — a person reviewed it.","Per questa decisione non è stato usato nessuno strumento automatizzato — è stata esaminata da una persona.","","",""
"ios-app","No clubs saved yet — add one from your Profile","No clubs saved yet — add one from your Profile","Non hai ancora salvato nessun club — aggiungine uno dal tuo Profilo","","",""
"ios-app","No connections yet — find players on the map, or tap the invite button above to redeem a link a friend sent you.","No connections yet — find players on the map, or tap the invite button above to redeem a link a friend sent you.","Ancora nessuna connessione — trova giocatori sulla mappa, o tocca il pulsante di invito qui sopra per usare un link che ti ha inviato un amico.","","",""
"ios-app","No conversations yet.","No conversations yet.","Ancora nessuna conversazione.","","",""
"ios-app","No end time","No end time","Nessuna scadenza","","",""
"ios-app","No live scoreboard games in progress right now","No live scoreboard games in progress right now","Nessuna partita con tabellone dal vivo in corso in questo momento","","",""
"ios-app","No one's online in %@ right now","No one's online in %@ right now","Nessuno è online a %1$@ in questo momento","","%@",""
"ios-app","No one's online in your clubs or in %@ right now","No one's online in your clubs or in %@ right now","Nessuno è online nei tuoi club o a %1$@ in questo momento","","%@",""
"ios-app","No players found.","No players found.","Nessun giocatore trovato.","","",""
"ios-app","No players match ""%@""","No players match ""%@""","Nessun giocatore corrisponde a ""%1$@""","","%@",""
"ios-app","No score was recorded before this session timed out. Nothing was saved to your record.","No score was recorded before this session timed out. Nothing was saved to your record.","Non è stato registrato nessun punteggio prima che la sessione scadesse. Non è stato salvato nulla nel tuo bilancio.","","",""
"ios-app","No venue","No venue","Nessun locale","","",""
"ios-app","Nobody has your exact address right now.","Nobody has your exact address right now.","Al momento nessuno ha il tuo indirizzo esatto.","","",""
"ios-app","Nobody in %@ has logged a qualifying match yet. Play one with another member here and you'll both be on it.","Nobody in %@ has logged a qualifying match yet. Play one with another member here and you'll both be on it.","Nessuno a %1$@ ha ancora registrato una partita valida. Giocane una con un altro membro qui e sarete entrambi in classifica.","","%@",""
"ios-app","None of these — submit anyway","None of these — submit anyway","Nessuno di questi — invia comunque","","",""
"ios-app","Not a real pool venue","Not a real pool venue","Non è un vero circolo di biliardo","","",""
"ios-app","Not approved","Not approved","Non approvato","","",""
"ios-app","Not approved — %@","Not approved — %@","Non approvato — %1$@","","%@",""
"ios-app","Not now","Not now","Non ora","","",""
"ios-app","Not open","Not open","Non disponibile","","",""
"ios-app","Not open right now","Not open right now","Non disponibile ora","","",""
"ios-app","Not sure yet? Finish later","Not sure yet? Finish later","Non ancora sicuro? Finisci più tardi","","",""
"ios-app","Nothing was saved for your city in this season.","Nothing was saved for your city in this season.","Non è stato salvato nulla per la tua città in questa stagione.","","",""
"ios-app","Nothing you typed is wrong — the problem is at our end.","Nothing you typed is wrong — the problem is at our end.","Non c'è nulla di sbagliato in ciò che hai scritto — il problema è dalla nostra parte.","","",""
"ios-app","Now","Now","Ora","","",""
"ios-app","OK","OK","OK","","",""
"ios-app","ONE POCKET · 8NOUT","ONE POCKET · 8NOUT","ONE POCKET · 8NOUT","","",""
"ios-app","On the City list only, to connections of both of you. End it anytime.","On the City list only, to connections of both of you. End it anytime.","Solo nella lista della città, per le connessioni di entrambi. Terminalo quando vuoi.","","",""
"ios-app","On your club pin and the City list, to connections of both of you. End it anytime.","On your club pin and the City list, to connections of both of you. End it anytime.","Sul pin del tuo club e nella lista della città, per le connessioni di entrambi. Terminalo quando vuoi.","","",""
"ios-app","One Pocket","One Pocket","One Pocket","","",""
"ios-app","One Pocket only. Always up for a session.","One Pocket only. Always up for a session.","Solo One Pocket. Sempre pronto per una sessione.","","",""
"ios-app","One more thing","One more thing","Un'ultima cosa","","",""
"ios-app","One quick question","One quick question","Un'ultima domanda veloce","","",""
"ios-app","One word is fine — plenty of players here go by a handle.","One word is fine — plenty of players here go by a handle.","Una sola parola va bene — molti qui usano un soprannome.","","",""
"ios-app","Online in %@","Online in %@","Online a %1$@","","%@",""
"ios-app","Online now","Online now","Online ora","","",""
"ios-app","Only the player who started this scoreboard can update it.","Only the player who started this scoreboard can update it.","Solo il giocatore che ha avviato questo tabellone può aggiornarlo.","","",""
"ios-app","Only works when the other person has it on too.","Only works when the other person has it on too.","Funziona solo se anche l'altra persona ce l'ha attiva.","","",""
"ios-app","Open 8nout.com/help","Open 8nout.com/help","Apri 8nout.com/help","","",""
"ios-app","Open Settings","Open Settings","Apri Impostazioni","","",""
"ios-app","Open TestFlight","Open TestFlight","Apri TestFlight","","",""
"ios-app","Open TestFlight and install the latest build.","Open TestFlight and install the latest build.","Apri TestFlight e installa l'ultima versione.","","",""
"ios-app","Open the match and copy its link.","Open the match and copy its link.","Apri la partita e copia il link.","","",""
"ios-app","Open the match on CueScore and paste its link (…/match/?matchId=…).","Open the match on CueScore and paste its link (…/match/?matchId=…).","Apri la partita su CueScore e incolla il suo link (…/match/?matchId=…).","","",""
"ios-app","Open to play","Open to play","Disponibile a giocare","","",""
"ios-app","Open to play only","Open to play only","Solo disponibili a giocare","","",""
"ios-app","Opens the full list of players","Opens the full list of players","Apre l'elenco completo dei giocatori","","",""
"ios-app","Opens this club's page","Opens this club's page","Apre la pagina di questo club","","",""
"ios-app","Opponent","Opponent","Avversario","","",""
"ios-app","Option 1","Option 1","Opzione 1","","",""
"ios-app","Option 2","Option 2","Opzione 2","","",""
"ios-app","Overall","Overall","Totale","","",""
"ios-app","PLAYER","PLAYER","GIOCATORE","","",""
"ios-app","Past seasons","Past seasons","Stagioni passate","","",""
"ios-app","Paste CueScore match link","Paste CueScore match link","Incolla il link della partita CueScore","","",""
"ios-app","Paste a CueScore venue link","Paste a CueScore venue link","Incolla un link del locale CueScore","","",""
"ios-app","Paste a link instead","Paste a link instead","Incolla un link invece","","",""
"ios-app","Paste an 8nOut invite link","Paste an 8nOut invite link","Incolla un link di invito 8nOut","","",""
"ios-app","Paste it here — 8nOut reads the final score and adds it to your record, win or lose.","Paste it here — 8nOut reads the final score and adds it to your record, win or lose.","Incollalo qui — 8nOut legge il punteggio finale e lo aggiunge al tuo bilancio, che tu vinca o perda.","","",""
"ios-app","Paste the 8nOut invite link a friend sent you — you'll be connected instantly.","Paste the 8nOut invite link a friend sent you — you'll be connected instantly.","Incolla il link di invito 8nOut che ti ha inviato un amico — sarai connesso all'istante.","","",""
"ios-app","Paste your invite link","Paste your invite link","Incolla il tuo link di invito","","",""
"ios-app","Pending","Pending","In attesa","","",""
"ios-app","Pending review","Pending review","In revisione","","",""
"ios-app","Pending review — it appears on the map once approved.","Pending review — it appears on the map once approved.","In revisione — appare sulla mappa una volta approvato.","","",""
"ios-app","Permanently deletes your profile, locations, connections, challenges and match history. This can't be undone.","Permanently deletes your profile, locations, connections, challenges and match history. This can't be undone.","Elimina definitivamente il tuo profilo, le posizioni, le connessioni, le sfide e lo storico delle partite. Questa azione non può essere annullata.","","",""
"ios-app","Phone","Phone","Telefono","","",""
"ios-app","Phone number · optional","Phone number · optional","Numero di telefono · facoltativo","","",""
"ios-app","Pick an existing club above, or submit yours anyway.","Pick an existing club above, or submit yours anyway.","Scegli un club esistente sopra, oppure invia comunque il tuo.","","",""
"ios-app","Pick your club and it's added straight away — only a new venue needs review.","Pick your club and it's added straight away — only a new venue needs review.","Scegli il tuo club e viene aggiunto subito — solo un nuovo locale va in revisione.","","",""
"ios-app","Place","Place","Luogo","","",""
"ios-app","Placed in %@, %@","Placed in %@, %@","Collocato a %1$@, %2$@","","%@",""
"ios-app","Play a match with another %@ member and log it — you'll be on the board straight away.","Play a match with another %@ member and log it — you'll be on the board straight away.","Gioca una partita con un altro membro di %@ e registrala — sarai subito in classifica.","","%@",""
"ios-app","Play now at %@?","Play now at %@?","Giocare ora al %1$@?","","%@",""
"ios-app","Play on CueScore?","Play on CueScore?","Giochi su CueScore?","","",""
"ios-app","Play right now, no scheduled challenge needed.","Play right now, no scheduled challenge needed.","Giocate subito, senza bisogno di programmare una sfida.","","",""
"ios-app","Played","Played","Giocate","","",""
"ios-app","Player","Player","Giocatore","","",""
"ios-app","Players filter the map by country and town. Without yours, you're hard to find.","Players filter the map by country and town. Without yours, you're hard to find.","I giocatori filtrano la mappa per paese e città. Senza i tuoi, sei difficile da trovare.","","",""
"ios-app","Players here","Players here","Giocatori qui","","",""
"ios-app","Players who add this club appear here.","Players who add this club appear here.","Qui compaiono i giocatori che aggiungono questo club.","","",""
"ios-app","Players who frequent this club appear here once they add it to their profile.","Players who frequent this club appear here once they add it to their profile.","Qui compaiono i giocatori che frequentano questo club, non appena lo aggiungono al proprio profilo.","","",""
"ios-app","Playing at %@ until %@","Playing at %@ until %@","Sta giocando al %1$@ fino alle %2$@","","%@",""
"ios-app","Playing until %@","Playing until %@","Sta giocando fino alle %1$@","","%@",""
"ios-app","Playing with %@ at %@ until %@","Playing with %@ at %@ until %@","Sta giocando con %1$@ al %2$@ fino alle %3$@","","%@",""
"ios-app","Playing with %@ until %@","Playing with %@ until %@","Sta giocando con %1$@ fino alle %2$@","","%@",""
"ios-app","Playing, at %@ until %@","Playing, at %@ until %@","In partita, a %@ fino alle %@","","%@",""
"ios-app","Plays at","Plays at","Gioca al","","",""
"ios-app","Praying hands","Praying hands","Mani giunte","","",""
"ios-app","Prefer not to say","Prefer not to say","Preferisco non dirlo","","",""
"ios-app","Preparing…","Preparing…","Preparazione…","","",""
"ios-app","Presence","Presence","Presenza","","",""
"ios-app","Preview","Preview","Anteprima","","",""
"ios-app","Preview full size","Preview full size","Anteprima a grandezza naturale","","",""
"ios-app","Preview of the printed board","Preview of the printed board","Anteprima della classifica stampata","","",""
"ios-app","Privacy","Privacy","Privacy","","",""
"ios-app","Privacy Policy","Privacy Policy","Informativa sulla Privacy","","",""
"ios-app","Profile","Profile","Profilo","","",""
"ios-app","Question %lld of 3","Question %lld of 3","Domanda %lld di 3","","%lld",""
"ios-app","RATING","RATING","RATING","","",""
"ios-app","Race format","Race format","Formato della gara","","",""
"ios-app","Race to","Race to","Gara a","","",""
"ios-app","Race to %lld","Race to %lld","Race al %1$lld","","%lld",""
"ios-app","Rack %lld of race to %lld","Rack %lld of race to %lld","Rack %1$lld della race al %2$lld","","%lld",""
"ios-app","Racks %lld","Racks %lld","Rack %1$lld","","%lld",""
"ios-app","Rating","Rating","Rating","","",""
"ios-app","Ratings & profiles","Ratings & profiles","Rating e profili","","",""
"ios-app","React","React","Reagisci","","",""
"ios-app","Read","Read","Letto","","",""
"ios-app","Read receipts","Read receipts","Conferme di lettura","","",""
"ios-app","Read receipts are here","Read receipts are here","Le conferme di lettura sono arrivate","","",""
"ios-app","Read receipts only work when you and the other person both have them on. Turn yours off and it stops for both of you straight away.","Read receipts only work when you and the other person both have them on. Turn yours off and it stops for both of you straight away.","Le conferme di lettura funzionano solo quando tu e l'altra persona le avete entrambi attive. Disattiva la tua e si ferma subito per entrambi.","","",""
"ios-app","Read this online","Read this online","Leggi questo online","","",""
"ios-app","Reading…","Reading…","Lettura…","","",""
"ios-app","Ready to play","Ready to play","Pronto a giocare","","",""
"ios-app","Reason","Reason","Motivo","","",""
"ios-app","Reason: %@","Reason: %@","Motivo: %1$@","","%@",""
"ios-app","Recent matches","Recent matches","Partite recenti","","",""
"ios-app","Record","Record","Bilancio","","",""
"ios-app","Recorded by %@","Recorded by %@","Registrato da %@","","%@",""
"ios-app","Recorded by you","Recorded by you","Registrato da te","","",""
"ios-app","Redeem invite","Redeem invite","Usa l'invito","","",""
"ios-app","Redeem invite link","Redeem invite link","Usa il link di invito","","",""
"ios-app","Rejoin scoreboard","Rejoin scoreboard","Torna al tabellone","","",""
"ios-app","Rejoin the live scoreboard","Rejoin the live scoreboard","Torna al tabellone dal vivo","","",""
"ios-app","Related","Related","Correlati","","",""
"ios-app","Remove","Remove","Rimuovi","","",""
"ios-app","Remove %@ from your clubs?","Remove %@ from your clubs?","Rimuovere %1$@ dai tuoi club?","","%@",""
"ios-app","Remove club","Remove club","Rimuovi club","","",""
"ios-app","Remove connection","Remove connection","Rimuovi connessione","","",""
"ios-app","Remove contact details","Remove contact details","Rimuovi i dati di contatto","","",""
"ios-app","Remove reaction","Remove reaction","Rimuovi reazione","","",""
"ios-app","Remove second option","Remove second option","Rimuovi la seconda opzione","","",""
"ios-app","Report","Report","Segnalazione","","",""
"ios-app","Report message","Report message","Segnala messaggio","","",""
"ios-app","Report player","Report player","Segnala giocatore","","",""
"ios-app","Report sent.","Report sent.","Segnalazione inviata.","","",""
"ios-app","Report venue","Report venue","Segnala il locale","","",""
"ios-app","Reported and blocked.","Reported and blocked.","Segnalato e bloccato.","","",""
"ios-app","Request sent","Request sent","Richiesta inviata","","",""
"ios-app","Requested","Requested","Richiesto","","",""
"ios-app","Requests","Requests","Richieste","","",""
"ios-app","Reset code","Reset code","Reimposta codice","","",""
"ios-app","Reset my code","Reset my code","Reimposta il mio codice","","",""
"ios-app","Reset your code?","Reset your code?","Reimpostare il tuo codice?","","",""
"ios-app","Respond","Respond","Rispondi","","",""
"ios-app","Restart 8nOut to apply","Restart 8nOut to apply","Riavvia 8nOut per applicare","","",""
"ios-app","Result","Result","Risultato","","",""
"ios-app","Resume","Resume","Riprendi","","",""
"ios-app","Retry","Retry","Ritenta","","",""
"ios-app","Rotate for a bigger scoreboard","Rotate for a bigger scoreboard","","","",""
"ios-app","Save","Save","Salva","","",""
"ios-app","Save and finish","Save and finish","Salva e termina","","",""
"ios-app","Save or print","Save or print","Salva o stampa","","",""
"ios-app","Say hi and arrange a game.","Say hi and arrange a game.","Saluta e organizza una partita.","","",""
"ios-app","Score (optional)","Score (optional)","Punteggio (facoltativo)","","",""
"ios-app","Search address or venue name","Search address or venue name","Cerca indirizzo o nome del locale","","",""
"ios-app","Search help…","Search help…","Cerca nell'aiuto…","","",""
"ios-app","Search pool rooms","Search pool rooms","Cerca sale biliardo","","",""
"ios-app","See all","See all","Vedi tutti","","",""
"ios-app","See the board","See the board","Vedi la classifica","","",""
"ios-app","See the board · %lld ranked","See the board · %lld ranked","Vedi la classifica · %1$lld classificati","","%lld",""
"ios-app","See yourself the way other players do, and share a link anyone can open — it shows only what's already public.","See yourself the way other players do, and share a link anyone can open — it shows only what's already public.","Guardati come ti vedono gli altri giocatori, e condividi un link che chiunque può aprire — mostra solo ciò che è già pubblico.","","",""
"ios-app","Self-reported","Self-reported","Autodichiarato","","",""
"ios-app","Self-reported — other players can check it on FairMatch if you add your profile link.","Self-reported — other players can check it on FairMatch if you add your profile link.","Autodichiarato — gli altri giocatori possono verificarlo su FairMatch se aggiungi il link del tuo profilo.","","",""
"ios-app","Send","Send","Invia","","",""
"ios-app","Send invite","Send invite","Invia invito","","",""
"ios-app","Sent requests","Sent requests","Richieste inviate","","",""
"ios-app","Set your city to see who's online near you","Set your city to see who's online near you","Imposta la tua città per vedere chi è online vicino a te","","",""
"ios-app","Settings","Settings","Impostazioni","","",""
"ios-app","Setup unfinished","Setup unfinished","Configurazione incompleta","","",""
"ios-app","Share invite link","Share invite link","Condividi link di invito","","",""
"ios-app","Share link","Share link","Condividi link","","",""
"ios-app","Share my profile link","Share my profile link","Condividi il link del mio profilo","","",""
"ios-app","Show less","Show less","Mostra meno","","",""
"ios-app","Show me as ""Former member""","Show me as ""Former member""","Mostrami come ""Ex membro""","","",""
"ios-app","Show me as ""Former member"" on past season boards","Show me as ""Former member"" on past season boards","Mostrami come ""Ex membro"" nelle classifiche delle stagioni passate","","",""
"ios-app","Show me as in the club","Show me as in the club","Mostrami come al club","","",""
"ios-app","Show more","Show more","Mostra altro","","",""
"ios-app","Show my connect code","Show my connect code","Mostra il mio codice di connessione","","",""
"ios-app","Show your code — or scan another player's — to connect in person.","Show your code — or scan another player's — to connect in person.","Mostra il tuo codice — o scansiona quello di un altro giocatore — per connetterti di persona.","","",""
"ios-app","Sign out","Sign out","Esci","","",""
"ios-app","Signed in with","Signed in with","Accesso effettuato con","","",""
"ios-app","Signing in with Apple","Signing in with Apple","","","",""
"ios-app","Signing in with Apple.","Signing in with Apple.","","","",""
"ios-app","Signing in with Google","Signing in with Google","","","",""
"ios-app","Signing in with Google.","Signing in with Google.","","","",""
"ios-app","Skip for now","Skip for now","Salta per ora","","",""
"ios-app","Something else","Something else","Altro","","",""
"ios-app","Something went wrong loading the answers on this device. The full help centre is on the web, and it works without an account.","Something went wrong loading the answers on this device. The full help centre is on the web, and it works without an account.","Qualcosa è andato storto nel caricare le risposte su questo dispositivo. Il centro assistenza completo è sul web, e funziona senza bisogno di un account.","","",""
"ios-app","Sourced from CueScore","Sourced from CueScore","Ottenuto da CueScore","","",""
"ios-app","Spam","Spam","Spam","","",""
"ios-app","Standings as of %@ — current standings live in the 8nOut app. This sheet doesn't update.","Standings as of %@ — current standings live in the 8nOut app. This sheet doesn't update.","Classifica aggiornata al %1$@ — la classifica attuale è nell'app 8nOut. Questo foglio non si aggiorna.","","%@",""
"ios-app","Start a live scoreboard","Start a live scoreboard","Avvia un tabellone dal vivo","","",""
"ios-app","Start a new match against %@","Start a new match against %@","Inizia una nuova partita contro %@","","%@",""
"ios-app","Start new match","Start new match","Inizia nuova partita","","",""
"ios-app","Start one with a connection.","Start one with a connection.","Iniziane una con una connessione.","","",""
"ios-app","Start scoreboard","Start scoreboard","Avvia tabellone","","",""
"ios-app","Staying on the board","Staying on the board","Come rimanere in classifica","","",""
"ios-app","Still playing","Still playing","Stiamo ancora giocando","","",""
"ios-app","Still stuck?","Still stuck?","Ancora bloccato?","","",""
"ios-app","Stop sharing","Stop sharing","Smetti di condividere","","",""
"ios-app","Submit for review","Submit for review","Invia per la revisione","","",""
"ios-app","Submit it as it is","Submit it as it is","Invialo così com'è","","",""
"ios-app","Submitted for review","Submitted for review","Inviato per la revisione","","",""
"ios-app","Suggest another time","Suggest another time","Proponi un altro orario","","",""
"ios-app","Suggestion: rotate for a bigger scoreboard","Suggestion: rotate for a bigger scoreboard","","","",""
"ios-app","Surprised","Surprised","Sorpreso","","",""
"ios-app","System","System","Sistema","","",""
"ios-app","Table","Table","Tavolo","","",""
"ios-app","Table number (optional)","Table number (optional)","Numero del tavolo (facoltativo)","","",""
"ios-app","Tap a name to start the match.","Tap a name to start the match.","Tocca un nome per iniziare la partita.","","",""
"ios-app","Terms of Service","Terms of Service","Termini di Servizio","","",""
"ios-app","Thanks — we'll check %@","Thanks — we'll check %@","Grazie — esamineremo %1$@","","%@",""
"ios-app","That CueScore profile is already linked to another 8nOut account.","That CueScore profile is already linked to another 8nOut account.","Quel profilo CueScore è già collegato a un altro account 8nOut.","","",""
"ios-app","That club can't be added from CueScore. Add it manually below.","That club can't be added from CueScore. Add it manually below.","Quel club non può essere aggiunto da CueScore. Aggiungilo a mano qui sotto.","","",""
"ios-app","That doesn't look like a CueScore player ID or profile link.","That doesn't look like a CueScore player ID or profile link.","Non sembra un ID giocatore o un link al profilo CueScore.","","",""
"ios-app","That doesn't look like a valid web address — check it and try again.","That doesn't look like a valid web address — check it and try again.","Non sembra un indirizzo web valido — controllalo e riprova.","","",""
"ios-app","That ladder is for players whose home town is that city.","That ladder is for players whose home town is that city.","Quella ladder è per i giocatori la cui città di residenza è quella.","","",""
"ios-app","That ladder isn't taking new members right now.","That ladder isn't taking new members right now.","Quella ladder non accetta nuovi membri in questo momento.","","",""
"ios-app","That link has no venue number in it. We need the club's CueScore venue page — the link ends in a number, like cuescore.com/venue/Club+Name/60451687. Or add it manually below.","That link has no venue number in it. We need the club's CueScore venue page — the link ends in a number, like cuescore.com/venue/Club+Name/60451687. Or add it manually below.","Quel link non contiene un numero di locale. Serve la pagina del locale su CueScore — il link finisce con un numero, come cuescore.com/venue/Club+Name/60451687. Oppure aggiungilo a mano qui sotto.","","",""
"ios-app","That message is too long — the limit is 2,000 characters.","That message is too long — the limit is 2,000 characters.","Quel messaggio è troppo lungo — il limite è di 2.000 caratteri.","","",""
"ios-app","That's the name on your row, in player search, and on your profile.","That's the name on your row, in player search, and on your profile.","Questo è d'ora in poi il nome sulla tua riga, nella ricerca giocatori e sul tuo profilo.","","",""
"ios-app","The %@ Ladder is for players with a club in the city","The %@ Ladder is for players with a club in the city","La %1$@ Ladder è per i giocatori con un club in città","","%@",""
"ios-app","The %@ Ladder is open to you","The %@ Ladder is open to you","La %1$@ Ladder è aperta per te","","%@",""
"ios-app","The address is used to place the venue on the map — it's a public pool room, not a private address.","The address is used to place the venue on the map — it's a public pool room, not a private address.","L'indirizzo serve per posizionare il locale sulla mappa — è una sala da biliardo pubblica, non un indirizzo privato.","","",""
"ios-app","The address lookup is unavailable","The address lookup is unavailable","La ricerca dell'indirizzo non è disponibile","","",""
"ios-app","The board shows players who've played in the last 60 days. If you go quiet you come off it — your rating is kept exactly as it was, and one match puts you straight back.","The board shows players who've played in the last 60 days. If you go quiet you come off it — your rating is kept exactly as it was, and one match puts you straight back.","La classifica mostra i giocatori che hanno giocato negli ultimi 60 giorni. Se resti fermo esci dalla classifica — il tuo rating viene conservato esattamente com'era, e una partita ti riporta subito dentro.","","",""
"ios-app","The board shows players who've played in the last 60 days. Log one match and you're back at %lld — nothing was lost.","The board shows players who've played in the last 60 days. Log one match and you're back at %lld — nothing was lost.","Mostra i giocatori che hanno giocato negli ultimi 60 giorni. Registra una partita e torni subito a %lld — non è andato perso nulla.","","%lld",""
"ios-app","The board starts with the first match","The board starts with the first match","La classifica inizia con la prima partita","","",""
"ios-app","The link may be old, or the answer may have moved. Everything we've written is on the help page.","The link may be old, or the answer may have moved. Everything we've written is on the help page.","Il link potrebbe essere obsoleto, o la risposta potrebbe essersi spostata. Tutto ciò che abbiamo scritto è sulla pagina di aiuto.","","",""
"ios-app","The opponent doesn't need to be on 8nOut. If they are, the match shows on their record too.","The opponent doesn't need to be on 8nOut. If they are, the match shows on their record too.","L'avversario non deve necessariamente essere su 8nOut. Se lo è, la partita compare anche nel suo bilancio.","","",""
"ios-app","These players can see your exact address. You share it for a set time, and can stop sooner.","These players can see your exact address. You share it for a set time, and can stop sooner.","Questi giocatori possono vedere il tuo indirizzo esatto. Lo condividi per un tempo definito, e puoi smettere prima.","","",""
"ios-app","They're still on your profile, but you're not on any club's list. Pick a club that's already on the map and you're on its list straight away.","They're still on your profile, but you're not on any club's list. Pick a club that's already on the map and you're on its list straight away.","Sono ancora sul tuo profilo, ma non sei nella lista di nessun club. Scegli un club già presente sulla mappa e sarai subito nella sua lista.","","",""
"ios-app","This deletes the game for both of you. Nothing is logged.","This deletes the game for both of you. Nothing is logged.","Questo elimina la partita per entrambi. Non viene registrato nulla.","","",""
"ios-app","This doesn't touch your past seasons. Leaving removes you from the current board, not your history. Saved standings from earlier seasons still show your name — unless you also switch on ""Former member"" below.","This doesn't touch your past seasons. Leaving removes you from the current board, not your history. Saved standings from earlier seasons still show your name — unless you also switch on ""Former member"" below.","Questo non riguarda le tue stagioni passate. Uscire ti toglie dalla classifica attuale, non dalla tua storia. Le classifiche salvate delle stagioni precedenti mostrano ancora il tuo nome — a meno che tu non attivi anche ""Ex membro"" qui sotto.","","",""
"ios-app","This hides the conversation from your list — nothing is deleted, and %@ won't notice anything. It comes back if they message you again.","This hides the conversation from your list — nothing is deleted, and %@ won't notice anything. It comes back if they message you again.","Questo nasconde la conversazione dalla tua lista — non viene eliminato nulla, e %1$@ non se ne accorgerà. Riappare se ti scrive di nuovo.","","%@",""
"ios-app","This is a home or private address","This is a home or private address","È un'abitazione o un indirizzo privato","","",""
"ios-app","This is my own phone number","This is my own phone number","Questo è il mio numero di telefono","","",""
"ios-app","This is the name on your row in a club's list, and the name other players search by.","This is the name on your row in a club's list, and the name other players search by.","Questo è il nome sulla tua riga nella lista di un club, e il nome con cui gli altri giocatori ti cercano.","","",""
"ios-app","This is the name other players see — copied from CueScore when you linked. It doesn't change on its own.","This is the name other players see — copied from CueScore when you linked. It doesn't change on its own.","Questo è il nome che vedono gli altri giocatori — copiato da CueScore quando hai collegato il profilo. Non cambia da solo.","","",""
"ios-app","This match isn't finished yet — finish it on CueScore first.","This match isn't finished yet — finish it on CueScore first.","Questa partita non è ancora finita — concludila prima su CueScore.","","",""
"ios-app","This match isn't linked to your CueScore profile, so you can't import it — you can only import your own matches.","This match isn't linked to your CueScore profile, so you can't import it — you can only import your own matches.","Questa partita non è collegata al tuo profilo CueScore, quindi non puoi importarla — puoi importare solo le tue partite.","","",""
"ios-app","This match wasn't finished","This match wasn't finished","Questa partita non è stata conclusa","","",""
"ios-app","This message can't be sent — it contains language that isn't allowed on 8nOut. Edit it and try again.","This message can't be sent — it contains language that isn't allowed on 8nOut. Edit it and try again.","Questo messaggio non può essere inviato — contiene un linguaggio non consentito su 8nOut. Modificalo e riprova.","","",""
"ios-app","This message was deleted","This message was deleted","Questo messaggio è stato eliminato","","",""
"ios-app","This player's profile isn't available.","This player's profile isn't available.","Il profilo di questo giocatore non è disponibile.","","",""
"ios-app","This session timed out. Nothing was saved to your record.","This session timed out. Nothing was saved to your record.","Questa sessione è scaduta. Non è stato salvato nulla nel tuo bilancio.","","",""
"ios-app","This takes it off your profile. Nothing else changes.","This takes it off your profile. Nothing else changes.","Questo lo toglie dal tuo profilo. Nient'altro cambia.","","",""
"ios-app","This version of 8nOut is too old to work properly. Some things will fail in confusing ways until you update, so we've paused here rather than let that happen.","This version of 8nOut is too old to work properly. Some things will fail in confusing ways until you update, so we've paused here rather than let that happen.","Questa versione di 8nOut è troppo vecchia per funzionare correttamente. Alcune cose falliranno in modo confuso finché non aggiorni, quindi ci siamo fermati qui piuttosto che lasciare che succeda.","","",""
"ios-app","Threats or safety concern","Threats or safety concern","Minacce o problemi di sicurezza","","",""
"ios-app","Three clubs is the limit. Remove one first, then you can add this one.","Three clubs is the limit. Remove one first, then you can add this one.","Tre club è il limite. Rimuovine uno prima, poi potrai aggiungere questo.","","",""
"ios-app","Thumbs down","Thumbs down","Pollice in giù","","",""
"ios-app","Thumbs up","Thumbs up","Pollice in su","","",""
"ios-app","Time suggested","Time suggested","Orario suggerito","","",""
"ios-app","Timeout","Timeout","Time-out","","",""
"ios-app","Timeout — %@ over","Timeout — %@ over","Time-out — %1$@ in più","","%@",""
"ios-app","Timeout — %@ remaining","Timeout — %@ remaining","Time-out — mancano %1$@","","%@",""
"ios-app","Today","Today","Oggi","","",""
"ios-app","Too many CueScore lookups just now — try again later, or add it manually.","Too many CueScore lookups just now — try again later, or add it manually.","Troppe ricerche su CueScore in questo momento — riprova più tardi, oppure aggiungilo a mano.","","",""
"ios-app","Try again","Try again","Riprova","","",""
"ios-app","Try another word, or write to us.","Try another word, or write to us.","Prova un'altra parola, oppure scrivici.","","",""
"ios-app","Turn it on and your name carries Ready to play in player search and on your public profile, which anyone with the link can open, signed in or not.","Turn it on and your name carries Ready to play in player search and on your public profile, which anyone with the link can open, signed in or not.","Attivalo e il tuo nome porterà Pronto a giocare nella ricerca giocatori e sul tuo profilo pubblico, che chiunque abbia il link può aprire, connesso o no.","","",""
"ios-app","Turn it on and your row here reads Ready to play. So does your public profile, which anyone with the link can open, signed in or not. You're on the list either way.","Turn it on and your row here reads Ready to play. So does your public profile, which anyone with the link can open, signed in or not. You're on the list either way.","Attivalo e la tua riga qui mostrerà Pronto a giocare. Anche il tuo profilo pubblico, che chiunque abbia il link può aprire, connesso o no. Sei nella lista comunque.","","",""
"ios-app","Turn off Go invisible to set this.","Turn off Go invisible to set this.","Disattiva Diventa invisibile per impostare questo.","","",""
"ios-app","Turn on camera","Turn on camera","Attiva fotocamera","","",""
"ios-app","Unblock","Unblock","Sblocca","","",""
"ios-app","Unhide","Unhide","Mostra di nuovo","","",""
"ios-app","Unknown player","Unknown player","Giocatore sconosciuto","","",""
"ios-app","Unlink","Unlink","Scollega","","",""
"ios-app","Unlink CueScore profile","Unlink CueScore profile","Scollega profilo CueScore","","",""
"ios-app","Unlink your CueScore profile?","Unlink your CueScore profile?","Scollegare il tuo profilo CueScore?","","",""
"ios-app","Unmute","Unmute","Riattiva notifiche","","",""
"ios-app","Until","Until","Fino a","","",""
"ios-app","Up to 3 frequented clubs — remove one via its ⋯ menu","Up to 3 frequented clubs — remove one via its ⋯ menu","Fino a 3 club abituali — rimuovine uno dal suo menu ⋯","","",""
"ios-app","Update 8nOut to continue","Update 8nOut to continue","Aggiorna 8nOut per continuare","","",""
"ios-app","Update rating","Update rating","Aggiorna rating","","",""
"ios-app","Updates your age group on file.","Updates your age group on file.","Aggiorna la tua fascia d'età registrata.","","",""
"ios-app","Use CueScore photo","Use CueScore photo","Usa la foto di CueScore","","",""
"ios-app","Venue","Venue","Locale","","",""
"ios-app","Verify","Verify","Verifica","","",""
"ios-app","Verify on FairMatch","Verify on FairMatch","Verifica su FairMatch","","",""
"ios-app","View %@","View %@","Vedi %1$@","","%@",""
"ios-app","View CueScore profile","View CueScore profile","Vedi profilo CueScore","","",""
"ios-app","View in Challenges","View in Challenges","Vedi in Sfide","","",""
"ios-app","View profile","View profile","Vedi profilo","","",""
"ios-app","Visible only to players whose connection you've accepted — never on your public profile or the website.","Visible only to players whose connection you've accepted — never on your public profile or the website.","Visibile solo ai giocatori la cui connessione hai accettato — mai sul tuo profilo pubblico o sul sito.","","",""
"ios-app","Visible to your connections only. Clear anytime.","Visible to your connections only. Clear anytime.","Visibile solo alle tue connessioni. Cancellalo quando vuoi.","","",""
"ios-app","Waiting for %@ to reply","Waiting for %@ to reply","In attesa che %1$@ risponda","","%@",""
"ios-app","Waiting for a reply","Waiting for a reply","In attesa di risposta","","",""
"ios-app","We could only find the general area — add more detail if you can, or submit it as it is.","We could only find the general area — add more detail if you can, or submit it as it is.","Siamo riusciti a trovare solo la zona generale — aggiungi più dettagli se puoi, oppure invialo così com'è.","","",""
"ios-app","We couldn't place this address on the map","We couldn't place this address on the map","Non siamo riusciti a collocare questo indirizzo sulla mappa","","",""
"ios-app","We don't have that answer","We don't have that answer","Non abbiamo quella risposta","","",""
"ios-app","We filled this in from CueScore. Edit it above and submit again — change as much as you need.","We filled this in from CueScore. Edit it above and submit again — change as much as you need.","L'abbiamo compilato a partire da CueScore. Modificalo qui sopra e invia di nuovo — cambia quanto serve.","","",""
"ios-app","We reviewed your report and acted on it under our Terms of Service.","We reviewed your report and acted on it under our Terms of Service.","Abbiamo esaminato la tua segnalazione e abbiamo agito in base ai nostri Termini di Servizio.","","",""
"ios-app","We reviewed your report and didn't find a breach of our rules.","We reviewed your report and didn't find a breach of our rules.","Abbiamo esaminato la tua segnalazione e non abbiamo riscontrato una violazione delle nostre regole.","","",""
"ios-app","We're done","We're done","Abbiamo finito","","",""
"ios-app","We've updated our Terms of Service and Privacy Policy. Please review and agree to continue using 8nOut.","We've updated our Terms of Service and Privacy Policy. Please review and agree to continue using 8nOut.","Abbiamo aggiornato i nostri Termini di Servizio e l'Informativa sulla Privacy. Consultali e accettali per continuare a usare 8nOut.","","",""
"ios-app","Website (optional)","Website (optional)","Sito web (facoltativo)","","",""
"ios-app","Welcome to 8nOut","Welcome to 8nOut","Benvenuto su 8nOut","","",""
"ios-app","What counts","What counts","Cosa conta","","",""
"ios-app","What happens","What happens","Cosa succede","","",""
"ios-app","What name do you play under?","What name do you play under?","Con quale nome giochi?","","",""
"ios-app","What we looked up","What we looked up","Cosa abbiamo cercato","","",""
"ios-app","What you're making","What you're making","Cosa stai creando","","",""
"ios-app","When","When","Quando","","",""
"ios-app","When a season ends, the standings are saved exactly as they stood — with your name — and that stays true even if you leave the ladder later. You can ask to appear as ""Former member"" instead, any time.","When a season ends, the standings are saved exactly as they stood — with your name — and that stays true even if you leave the ladder later. You can ask to appear as ""Former member"" instead, any time.","Quando una stagione finisce, la classifica viene salvata esattamente come si trovava — con il tuo nome — e questo resta vero anche se in seguito lasci la ladder. Puoi chiedere di comparire come ""Ex membro"" invece, in qualsiasi momento.","","",""
"ios-app","When you and a connection both have this on, you'll see when your message has been read — and they'll see the same about yours. Turn it off any time; nothing else about chat changes.","When you and a connection both have this on, you'll see when your message has been read — and they'll see the same about yours. Turn it off any time; nothing else about chat changes.","Quando tu e una connessione avete entrambi questa opzione attiva, vedrai quando il tuo messaggio è stato letto — e lei vedrà lo stesso per i tuoi. Disattivala quando vuoi; nient'altro nella chat cambia.","","",""
"ios-app","Where","Where","Dove","","",""
"ios-app","Where do you usually play?","Where do you usually play?","Dove giochi di solito?","","",""
"ios-app","Where your rating comes from","Where your rating comes from","Da dove viene il tuo rating","","",""
"ios-app","Which age group are you in? We use this only to set your read-receipts default — nothing else changes.","Which age group are you in? We use this only to set your read-receipts default — nothing else changes.","A quale fascia d'età appartieni? La usiamo solo per impostare il tuo valore predefinito delle conferme di lettura — nient'altro cambia.","","",""
"ios-app","Which club do you play at?","Which club do you play at?","In quale club giochi?","","",""
"ios-app","Which club, and for how long?","Which club, and for how long?","Quale club, e per quanto tempo?","","",""
"ios-app","Which country and town do you play in?","Which country and town do you play in?","In quale paese e città giochi?","","",""
"ios-app","While you're invisible, no one sees you as online or open to play — not even your connections. Turn it off and your previous Open-to-play setting comes back. Your club pins and profile stay on the map.","While you're invisible, no one sees you as online or open to play — not even your connections. Turn it off and your previous Open-to-play setting comes back. Your club pins and profile stay on the map.","Finché sei invisibile, nessuno ti vede come online o disponibile a giocare — nemmeno le tue connessioni. Disattivalo e torna la tua precedente impostazione Disponibile a giocare. I tuoi pin dei club e il tuo profilo restano sulla mappa.","","",""
"ios-app","While you're invisible: no one sees you as online, open to play, or in the club — not even your connections. Your club won't get a notification when you log on, either. It also clears any ""in the club"" status straight away. Turn invisibility off and your Open-to-play setting comes back as it was — but ""in the club"" doesn't return on its own. If you're still there, set it again. Your club pins and profile stay on the map the whole time.","While you're invisible: no one sees you as online, open to play, or in the club — not even your connections. Your club won't get a notification when you log on, either. It also clears any ""in the club"" status straight away. Turn invisibility off and your Open-to-play setting comes back as it was — but ""in the club"" doesn't return on its own. If you're still there, set it again. Your club pins and profile stay on the map the whole time.","Finché sei invisibile: nessuno ti vede online, disponibile a giocare, o in club — nemmeno le tue connessioni. Nemmeno il tuo club riceverà una notifica quando accedi. Inoltre azzera subito qualsiasi stato ""in club"". Disattiva l'invisibilità e la tua impostazione Disponibile a giocare torna com'era — ma ""in club"" non torna da solo. Se sei ancora lì, impostalo di nuovo. I pin dei tuoi club e il tuo profilo restano sulla mappa per tutto il tempo.","","",""
"ios-app","Who breaks first","Who breaks first","Chi rompe per primo","","",""
"ios-app","Who has my address","Who has my address","Chi ha il mio indirizzo","","",""
"ios-app","Who won?","Who won?","Chi ha vinto?","","",""
"ios-app","Who's online","Who's online","Chi è online","","",""
"ios-app","Who's online in %@","Who's online in %@","Chi è online a %1$@","","%@",""
"ios-app","Whoever joins 8nOut through your link is connected to you automatically.","Whoever joins 8nOut through your link is connected to you automatically.","Chiunque si iscriva a 8nOut tramite il tuo link viene connesso a te automaticamente.","","",""
"ios-app","Why are you reporting %@?","Why are you reporting %@?","Perché stai segnalando %@?","","%@",""
"ios-app","Win rate","Win rate","Percentuale di vittorie","","",""
"ios-app","Win rate %lld percent","Win rate %lld percent","Percentuale di vittorie: %1$lld per cento","","%lld",""
"ios-app","Winner","Winner","Vincitore","","",""
"ios-app","Winner breaks","Winner breaks","Vince chi rompe","","",""
"ios-app","Wins / Losses","Wins / Losses","Vittorie / Sconfitte","","",""
"ios-app","Withdraw","Withdraw","Ritira","","",""
"ios-app","Withdraw invite","Withdraw invite","Ritira invito","","",""
"ios-app","Without a name, nobody can tell who you are in a club's list or in search.","Without a name, nobody can tell who you are in a club's list or in search.","Senza un nome, nessuno può capire chi sei nella lista di un club o nella ricerca.","","",""
"ios-app","Won","Won","Vinta","","",""
"ios-app","Won your last %lld","Won your last %lld","Hai vinto le tue ultime %1$lld","","%lld",""
"ios-app","Write a message…","Write a message…","Scrivi un messaggio…","","",""
"ios-app","You","You","Tu","","",""
"ios-app","You agreed to these versions when you signed in.","You agreed to these versions when you signed in.","Hai accettato queste versioni quando hai effettuato l'accesso.","","",""
"ios-app","You and %@ are already connected.","You and %@ are already connected.","Tu e %1$@ siete già connessi.","","%@",""
"ios-app","You and %@ are connected. Say hi and set up a game.","You and %@ are connected. Say hi and set up a game.","Tu e %1$@ siete connessi. Saluta e organizza una partita.","","%@",""
"ios-app","You can check on it any time under Clubs on your profile.","You can check on it any time under Clubs on your profile.","Puoi controllare in qualsiasi momento sotto Club, nel tuo profilo.","","",""
"ios-app","You can skip this — read receipts just stay off for you either way.","You can skip this — read receipts just stay off for you either way.","Puoi saltare questo passaggio — le conferme di lettura restano comunque disattivate per te.","","",""
"ios-app","You can't add a club right now.","You can't add a club right now.","Non puoi aggiungere un club in questo momento.","","",""
"ios-app","You come off the %@ board and your rating stops moving.","You come off the %@ board and your rating stops moving.","Esci dalla classifica di %1$@ e il tuo rating smette di cambiare.","","%@",""
"ios-app","You deleted this message","You deleted this message","Hai eliminato questo messaggio","","",""
"ios-app","You haven't added a club yet — add one first, then you can show as in the club.","You haven't added a club yet — add one first, then you can show as in the club.","Non hai ancora aggiunto un club — aggiungine uno prima, poi potrai mostrarti come al club.","","",""
"ios-app","You haven't blocked anyone.","You haven't blocked anyone.","Non hai bloccato nessuno.","","",""
"ios-app","You invited %@","You invited %@","Hai invitato %1$@","","%@",""
"ios-app","You lead %lld–%lld","You lead %lld–%lld","Sei in vantaggio %1$lld–%2$lld","","%lld",""
"ios-app","You lost","You lost","Hai perso","","",""
"ios-app","You need a club in that city before you can join. Clubs are checked before they count.","You need a club in that city before you can join. Clubs are checked before they count.","Devi avere un club in quella città prima di poterti unire. I club vengono verificati prima di contare.","","",""
"ios-app","You stopped sharing your address.","You stopped sharing your address.","Hai smesso di condividere il tuo indirizzo.","","",""
"ios-app","You weren't on this season's board.","You weren't on this season's board.","Non eri nella classifica di questa stagione.","","",""
"ios-app","You won","You won","Hai vinto","","",""
"ios-app","You won't see each other on the map, any connection between you is removed, and any chat between you leaves your list. They won't be told they've been blocked.","You won't see each other on the map, any connection between you is removed, and any chat between you leaves your list. They won't be told they've been blocked.","Non vi vedrete più sulla mappa, ogni connessione tra voi viene rimossa, e ogni chat tra voi scompare dalla tua lista. Non riceverà alcuna notifica del blocco.","","",""
"ios-app","You · %@","You · %@","Tu · %@","","%@",""
"ios-app","You · invisible","You · invisible","Tu · invisibile","","",""
"ios-app","You'll lose each other's contact details, and any address shared for a game.","You'll lose each other's contact details, and any address shared for a game.","Perderete i reciproci dati di contatto, e ogni indirizzo condiviso per una partita.","","",""
"ios-app","You'll show as at **%@** until **%@**. Your accepted connections will see this — no one else. Clear it in one tap any time, and it clears itself automatically once the time's up. It's entirely optional, and you can stop using it whenever you like.","You'll show as at **%@** until **%@**. Your accepted connections will see this — no one else. Clear it in one tap any time, and it clears itself automatically once the time's up. It's entirely optional, and you can stop using it whenever you like.","Comparirai come al **%1$@** fino alle **%2$@**. Lo vedranno le tue connessioni accettate — nessun altro. Cancellalo con un tocco in qualsiasi momento, e si cancella da solo una volta scaduto il tempo. È del tutto facoltativo, e puoi smettere di usarlo quando vuoi.","","%@",""
"ios-app","You're %@ now","You're %@ now","Ora sei %1$@","","%@",""
"ios-app","You're already connected","You're already connected","Siete già connessi","","",""
"ios-app","You're connected!","You're connected!","Siete connessi!","","",""
"ios-app","You're first on the list at %@","You're first on the list at %@","Sei il primo nella lista al %1$@","","%@",""
"ios-app","You're in %@ and you play at a club here — that's all it takes.","You're in %@ and you play at a club here — that's all it takes.","Sei a %1$@ e giochi in un club qui — basta questo.","","%@",""
"ios-app","You're invisible right now — others don't see you as online or open to play.","You're invisible right now — others don't see you as online or open to play.","Ora sei invisibile — gli altri non ti vedono online o disponibile a giocare.","","",""
"ios-app","You're no longer connected — new messages can't be sent.","You're no longer connected — new messages can't be sent.","Non siete più connessi — non è possibile inviare nuovi messaggi.","","",""
"ios-app","You're no longer connected — this scoreboard can't be used.","You're no longer connected — this scoreboard can't be used.","Non siete più connessi — questo tabellone non può essere usato.","","",""
"ios-app","You're not on any club's list yet, so nobody finds you when they open a club on the map.","You're not on any club's list yet, so nobody finds you when they open a club on the map.","Non sei ancora nella lista di nessun club, quindi nessuno ti trova quando apre un club sulla mappa.","","",""
"ios-app","You're now visible as active","You're now visible as active","Ora sei visibile come attivo","","",""
"ios-app","You're on the ladder — you're not on the board yet. Play a match with another %@ member and log it, and your name appears here.","You're on the ladder — you're not on the board yet. Play a match with another %@ member and log it, and your name appears here.","Sei nella ladder — solo che non sei ancora in classifica. Gioca una partita con un altro membro di %1$@ e registrala, e il tuo nome comparirà qui.","","%@",""
"ios-app","You're on the list at %@","You're on the list at %@","Sei nella lista al %1$@","","%@",""
"ios-app","You're sending messages very quickly — give it a moment and try again.","You're sending messages very quickly — give it a moment and try again.","Stai inviando messaggi molto rapidamente — aspetta un momento e riprova.","","",""
"ios-app","You've already got that club. Search for another one if you play somewhere else too.","You've already got that club. Search for another one if you play somewhere else too.","Hai già quel club. Cercane un altro se giochi anche altrove.","","",""
"ios-app","You've confirmed. Waiting for %@ to confirm too.","You've confirmed. Waiting for %@ to confirm too.","Hai confermato. In attesa che anche %1$@ confermi.","","%@",""
"ios-app","You've left the ladder, but those boards still carry your name. Change how you appear, any time.","You've left the ladder, but those boards still carry your name. Change how you appear, any time.","Hai lasciato la ladder, ma quelle classifiche portano ancora il tuo nome. Cambia come appari, in qualsiasi momento.","","",""
"ios-app","You: %@","You: %@","Tu: %1$@","","%@",""
"ios-app","YouTube","YouTube","YouTube","","",""
"ios-app","Your 8nOut account has been removed for a violation of our Terms of Service.","Your 8nOut account has been removed for a violation of our Terms of Service.","Il tuo account 8nOut è stato rimosso per una violazione dei nostri Termini di Servizio.","","",""
"ios-app","Your 8nOut account has been suspended for a violation of our Terms of Service.","Your 8nOut account has been suspended for a violation of our Terms of Service.","Il tuo account 8nOut è stato sospeso per una violazione dei nostri Termini di Servizio.","","",""
"ios-app","Your CueScore name and photo become your 8nOut name and photo.","Your CueScore name and photo become your 8nOut name and photo.","Il tuo nome e la tua foto di CueScore diventano il tuo nome e la tua foto su 8nOut.","","",""
"ios-app","Your build: %@ · needed: %@","Your build: %@ · needed: %@","La tua versione: %@ · necessaria: %@","","%@",""
"ios-app","Your city","Your city","La tua città","","",""
"ios-app","Your connect QR code","Your connect QR code","Il tuo codice QR di connessione","","",""
"ios-app","Your current QR and link stop working right away. Anyone already connected with you stays connected.","Your current QR and link stop working right away. Anyone already connected with you stays connected.","Il tuo QR e link attuali smettono subito di funzionare. Chi è già connesso con te resta connesso.","","",""
"ios-app","Your current rating — leave empty to remove it from your profile.","Your current rating — leave empty to remove it from your profile.","Il tuo rating attuale — lascialo vuoto per rimuoverlo dal tuo profilo.","","",""
"ios-app","Your language change takes effect the next time you open 8nOut.","Your language change takes effect the next time you open 8nOut.","La modifica della lingua avrà effetto la prossima volta che apri 8nOut.","","",""
"ios-app","Your match record, your clubs and your account are untouched. This isn't account deletion.","Your match record, your clubs and your account are untouched. This isn't account deletion.","Il tuo bilancio partite, i tuoi club e il tuo account non vengono toccati. Questo non è l'eliminazione dell'account.","","",""
"ios-app","Your name","Your name","Il tuo nome","","",""
"ios-app","Your name goes on that club's list — the same list you see when you open a club on the map.","Your name goes on that club's list — the same list you see when you open a club on the map.","Il tuo nome finisce nella lista di quel club — la stessa lista che vedi quando apri un club sulla mappa.","","",""
"ios-app","Your name is on past season boards","Your name is on past season boards","Il tuo nome è su classifiche di stagioni passate","","",""
"ios-app","Your opponent can accept a time, or suggest another.","Your opponent can accept a time, or suggest another.","Il tuo avversario può accettare un orario, o suggerirne un altro.","","",""
"ios-app","Your positions and ratings stay in place; your name doesn't appear next to them.","Your positions and ratings stay in place; your name doesn't appear next to them.","Le tue posizioni e i tuoi rating restano al loro posto; il tuo nome non compare più accanto ad essi.","","",""
"ios-app","Your positions and ratings stay in place; your name doesn't appear next to them. This doesn't take you off the ladder.","Your positions and ratings stay in place; your name doesn't appear next to them. This doesn't take you off the ladder.","Le tue posizioni e i tuoi rating restano al loro posto; il tuo nome non compare più accanto ad essi. Questo non ti toglie dalla ladder.","","",""
"ios-app","Your rating moves quickly over your first several matches, then settles down as it finds your level. Nothing you do speeds that up or slows it down.","Your rating moves quickly over your first several matches, then settles down as it finds your level. Nothing you do speeds that up or slows it down.","Il tuo rating si muove velocemente nelle prime partite, poi si stabilizza man mano che trova il tuo livello. Niente di ciò che fai lo accelera o lo rallenta.","","",""
"ios-app","Your rating moves when you and another %@ member log a match together.","Your rating moves when you and another %@ member log a match together.","Il tuo rating cambia quando tu e un altro membro di %1$@ registrate una partita insieme.","","%@",""
"ios-app","Your record starts here","Your record starts here","Il tuo bilancio inizia qui","","",""
"ios-app","Your score","Your score","Il tuo punteggio","","",""
"ios-app","Your starting rating","Your starting rating","Il tuo rating iniziale","","",""
"ios-app","Your town or city only — every member can see this, so skip the street address or postal code.","Your town or city only — every member can see this, so skip the street address or postal code.","Solo la tua città — ogni membro può vederla, quindi ometti l'indirizzo esatto o il CAP.","","",""
"ios-app","Zoom out for more clubs","Zoom out for more clubs","Rimpicciolisci la mappa per altri club","","",""
"ios-app","and %lld more","and %lld more","e altri %1$lld","","%lld",""
"ios-app","e.g. 512","e.g. 512","es. 512","","",""
"ios-app","e.g. Amsterdam","e.g. Amsterdam","es. Amsterdam","","",""
"ios-app","https://fairmatch.fargorate.com/…","https://fairmatch.fargorate.com/…","https://fairmatch.fargorate.com/…","","",""
"ios-app","https://wa.me/qr/…","https://wa.me/qr/…","https://wa.me/qr/…","","",""
"ios-app","including you","including you","te incluso","","",""
"ios-app","less than 1 kilometer away","less than 1 kilometer away","a meno di 1 chilometro","","",""
"ios-app","of %lld to win rack","of %lld to win rack","su %1$lld per vincere il rack","","%lld",""
"ios-app","on the table","on the table","sul tavolo","","",""
"ios-app","today","today","oggi","","",""
"ios-app","via CueScore","via CueScore","via CueScore","","",""
"ios-app","vs. %@","vs. %@","vs. %@","","%@",""
"ios-app","vs. %@ · One Pocket · race to %lld","vs. %@ · One Pocket · race to %lld","vs. %1$@ · One Pocket · race al %2$lld","","%@; %lld",""
"ios-app","yesterday","yesterday","ieri","","",""
"ios-app","~%@ km away","~%@ km away","~%@ km di distanza","","%@",""
"ios-app","~<1 km away","~<1 km away","~<1 km di distanza","","",""
"ios-app","—","—","","","",""
"help-centre","categories.getting-started.title","Getting started","","","",""
"help-centre","categories.getting-started.subtitle","What 8nOut is, and how to get it","","","",""
"help-centre","categories.setting-up.title","Setting up","","","",""
"help-centre","categories.setting-up.subtitle","The questions when you start","","","",""
"help-centre","categories.the-map.title","The map","","","",""
"help-centre","categories.the-map.subtitle","Finding players and clubs near you","","","",""
"help-centre","categories.connecting.title","Connecting","","","",""
"help-centre","categories.connecting.subtitle","Reaching another player on 8nOut","","","",""
"help-centre","categories.matches-cuescore.title","Matches & CueScore","","","",""
"help-centre","categories.matches-cuescore.subtitle","Your record, and CueScore matches","","","",""
"help-centre","categories.your-account.title","Your account","","","",""
"help-centre","categories.your-account.subtitle","Language, sign-in and settings","","","",""
"help-centre","categories.safety.title","Safety","","","",""
"help-centre","categories.safety.subtitle","Staying safe, and the policies","","","",""
"help-centre","categories.city-ladder.title","City Ladder","","","",""
"help-centre","categories.city-ladder.subtitle","Joining, ratings, your city's board, and past seasons","","","",""
"help-centre","entries.about-8nout.question","What is 8nOut?","Cos'è 8nOut?","","",""
"help-centre","entries.about-8nout.summary","A map of One Pocket clubs and players across Europe. Find someone near you, connect, and arrange a game.","Una mappa di club e giocatori di One Pocket in tutta Europa. Trova qualcuno vicino a te, connettiti e organizza una partita.","","",""
"help-centre","entries.about-8nout.body[0]","8nOut is a map for the European One Pocket community. It shows pool clubs across Europe, and the players who play at them.","8nOut è una mappa per la comunità europea di One Pocket. Mostra i club di biliardo in tutta Europa e i giocatori che ci giocano.","","",""
"help-centre","entries.about-8nout.body[1]","You make a profile, add the clubs you play at, and look around the map. When you find someone you would like to play, you send them a connection request. If they accept, the two of you can swap contact details and arrange a game.","Crei un profilo, aggiungi i club in cui giochi e dai un'occhiata alla mappa. Quando trovi qualcuno con cui vorresti giocare, gli invii una richiesta di connessione. Se l'accetta, potete scambiarvi i contatti e organizzare una partita.","","",""
"help-centre","entries.about-8nout.body[2]","You can keep your record here too. Finished matches you played on CueScore can be brought across, and games you arranged through 8nOut can be logged by hand.","Puoi tenere qui anche il tuo storico. Le partite finite su CueScore possono essere importate, e quelle organizzate tramite 8nOut possono essere registrate a mano.","","",""
"help-centre","entries.about-8nout.body[3]","It is built by a One Pocket player, for One Pocket players. It is free to use, and there is nothing to buy inside it.","È realizzata da un giocatore di One Pocket, per i giocatori di One Pocket. È gratuita, e non c'è nulla da acquistare al suo interno.","","",""
"help-centre","entries.about-8nout.keywords[0]","about","informazioni","","",""
"help-centre","entries.about-8nout.keywords[1]","what is","cos'è","","",""
"help-centre","entries.about-8nout.keywords[2]","one pocket","one pocket","","",""
"help-centre","entries.about-8nout.keywords[3]","map","mappa","","",""
"help-centre","entries.about-8nout.keywords[4]","europe","europa","","",""
"help-centre","entries.about-8nout.keywords[5]","community","comunità","","",""
"help-centre","entries.about-8nout.links[0].label","How do I get 8nOut?","","","",""
"help-centre","entries.about-8nout.links[1].label","Why do I have to connect first?","","","",""
"help-centre","entries.getting-8nout.question","How do I get 8nOut?","Come ottengo 8nOut?","","",""
"help-centre","entries.getting-8nout.summary","On iPhone and iPad, 8nOut is in beta through TestFlight. On Android and on a computer, use the web app at 8nout.com.","Su iPhone e iPad, 8nOut è in beta tramite TestFlight. Su Android e su computer, usa l'app web su 8nout.com.","","",""
"help-centre","entries.getting-8nout.body[0]","8nOut is still in beta, so there are two ways in.","8nOut è ancora in beta, quindi ci sono due modi per accedere.","","",""
"help-centre","entries.getting-8nout.body[1]","On iPhone or iPad: go to 8nout.com and use the TestFlight button. TestFlight is Apple's own app for trying apps that are still being tested — you install TestFlight first, then 8nOut through it.","Su iPhone o iPad: vai su 8nout.com e usa il pulsante TestFlight. TestFlight è l'app di Apple per provare app ancora in fase di test — installi prima TestFlight, e poi 8nOut al suo interno.","","",""
"help-centre","entries.getting-8nout.body[2]","On Android, or on a computer: open 8nout.com and go to the web app. It does the same things. On a phone you can add it to your home screen, so it opens like any other app.","Su Android, o su computer: apri 8nout.com e vai all'app web. Fa le stesse cose. Su un telefono puoi aggiungerla alla schermata Home, così si apre come qualsiasi altra app.","","",""
"help-centre","entries.getting-8nout.body[3]","Either way you sign in with Apple or with Google, and there is nothing to pay.","In entrambi i casi accedi con Apple o con Google, e non c'è nulla da pagare.","","",""
"help-centre","entries.getting-8nout.body[4]","After you sign in, 8nOut asks three short questions so other players can find you. You can answer them then, or leave them for later.","Dopo l'accesso, 8nOut ti fa tre brevi domande così altri giocatori possono trovarti. Puoi rispondere subito, oppure lasciarle per dopo.","","",""
"help-centre","entries.getting-8nout.keywords[0]","download","scaricare","","",""
"help-centre","entries.getting-8nout.keywords[1]","install","installare","","",""
"help-centre","entries.getting-8nout.keywords[2]","testflight","testflight","","",""
"help-centre","entries.getting-8nout.keywords[3]","beta","beta","","",""
"help-centre","entries.getting-8nout.keywords[4]","android","android","","",""
"help-centre","entries.getting-8nout.keywords[5]","web app","app web","","",""
"help-centre","entries.getting-8nout.keywords[6]","sign in","accedere","","",""
"help-centre","entries.getting-8nout.links[0].label","Is 8nOut free?","","","",""
"help-centre","entries.getting-8nout.links[1].label","The three questions when you start","","","",""
"help-centre","entries.cost.question","Is 8nOut free?","8nOut è gratuita?","","",""
"help-centre","entries.cost.summary","Yes. Nothing to pay, and nothing to buy inside it.","Sì. Nulla da pagare, e nulla da acquistare al suo interno.","","",""
"help-centre","entries.cost.body[0]","Yes. 8nOut is free to use, and there is nothing to buy inside it.","Sì. 8nOut è gratuita, e non c'è nulla da acquistare al suo interno.","","",""
"help-centre","entries.cost.body[1]","It is a small community project. One player runs it, for the European One Pocket community.","È un piccolo progetto della comunità. Lo gestisce un solo giocatore, per la comunità europea di One Pocket.","","",""
"help-centre","entries.cost.body[2]","What happens with your details is set out in the Privacy Policy. We link that document rather than summarise it here, because a summary drifts from the thing it summarises and then two versions of the same promise exist.","Cosa succede ai tuoi dati è indicato nell'Informativa sulla privacy. Rimandiamo a quel documento invece di riassumerlo qui, perché un riassunto finisce per allontanarsi da ciò che riassume, e a quel punto esistono due versioni della stessa promessa.","","",""
"help-centre","entries.cost.keywords[0]","free","gratis","","",""
"help-centre","entries.cost.keywords[1]","cost","costo","","",""
"help-centre","entries.cost.keywords[2]","price","prezzo","","",""
"help-centre","entries.cost.keywords[3]","pay","pagare","","",""
"help-centre","entries.cost.keywords[4]","subscription","abbonamento","","",""
"help-centre","entries.cost.links[0].label","Where the Terms and Privacy Policy are","","","",""
"help-centre","entries.skill-level.question","Do I need to be good at One Pocket?","Devo essere bravo a One Pocket?","","",""
"help-centre","entries.skill-level.summary","No. It has a reputation as a connoisseur's game, but you only learn it by playing it — and most players here would rather teach than not play.","No. Ha la fama di essere un gioco per intenditori, ma lo si impara solo giocandolo — e qui la maggior parte dei giocatori preferisce insegnarti piuttosto che rinunciare a giocare.","","",""
"help-centre","entries.skill-level.body[0]","No. One Pocket has a reputation as a game for experts, and it puts people off before they have played a single rack. It should not.","No. Il One Pocket ha la fama di essere un gioco per esperti, e questo scoraggia le persone prima ancora che abbiano giocato un solo rack. Non dovrebbe essere così.","","",""
"help-centre","entries.skill-level.body[1]","Almost everything that makes the game good — the patience, the safety battles, reading the table two shots ahead — you learn by playing someone better than you and losing a few. Every strong One Pocket player in Europe went through exactly that. There is no other route in.","Quasi tutto ciò che rende bello questo gioco — la pazienza, le battaglie di sicurezza, leggere il tavolo con due colpi di anticipo — lo si impara giocando contro qualcuno più bravo di te e perdendo qualche volta. Ogni forte giocatore di One Pocket in Europa è passato esattamente da lì. Non esiste un'altra strada.","","",""
"help-centre","entries.skill-level.body[2]","If you are new to it, say so in your bio. It tends to make players more likely to invite you, not less. An evening spent showing someone the game is a good evening.","Se sei alle prime armi, scrivilo nella tua biografia. In genere spinge i giocatori a invitarti di più, non di meno. Una serata passata a mostrare il gioco a qualcuno è una bella serata.","","",""
"help-centre","entries.skill-level.body[3]","There is a Fargo Rating on your profile and it is optional. Leave it empty if you do not have one, or would rather not show it. It is self-reported.","Sul tuo profilo c'è un Fargo Rating, ed è facoltativo. Lascialo vuoto se non ne hai uno, o se preferisci non mostrarlo. Sei tu a dichiararlo.","","",""
"help-centre","entries.skill-level.body[4]","One Pocket is a small world in Europe. Most people here would far rather play a keen beginner than nobody at all.","Il One Pocket è un mondo piccolo in Europa. Qui la maggior parte delle persone preferisce di gran lunga giocare contro un principiante volenteroso piuttosto che contro nessuno.","","",""
"help-centre","entries.skill-level.keywords[0]","beginner","principiante","","",""
"help-centre","entries.skill-level.keywords[1]","new","nuovo","","",""
"help-centre","entries.skill-level.keywords[2]","skill","livello","","",""
"help-centre","entries.skill-level.keywords[3]","fargo","fargo","","",""
"help-centre","entries.skill-level.keywords[4]","rating","rating","","",""
"help-centre","entries.skill-level.keywords[5]","learn","imparare","","",""
"help-centre","entries.skill-level.links[0].label","Why do I have to connect first?","","","",""
"help-centre","entries.skill-level.links[1].label","How do I get on the map?","","","",""
"help-centre","entries.setup-questions.question","What are the three questions when I start?","Quali sono le tre domande all'avvio?","","",""
"help-centre","entries.setup-questions.summary","Your name, your country and town, and a club. Each one is about being findable — and you can leave at any point.","Il tuo nome, il tuo paese e la tua città, e un club. Ognuna serve a farti trovare — e puoi interrompere in qualsiasi momento.","","",""
"help-centre","entries.setup-questions.body[0]","The first time you open 8nOut it asks three short questions. They take about a minute, and you can leave at any point.","La prima volta che apri 8nOut, l'app fa tre brevi domande. Richiedono circa un minuto, e puoi interrompere in qualsiasi momento.","","",""
"help-centre","entries.setup-questions.body[1]","The first is the name you play under. This is the name on your row in a club's list, and the name other players search by. One word is fine — plenty of players here go by a handle.","La prima è il nome con cui giochi. È il nome nella tua riga nell'elenco di un club, e il nome con cui gli altri giocatori ti cercano. Va bene anche una sola parola — molti giocatori qui usano un soprannome.","","",""
"help-centre","entries.setup-questions.body[2]","The second is your country and town. Players filter the map by country and town, so without yours you are hard to find.","La seconda è il tuo paese e la tua città. I giocatori filtrano la mappa per paese e città, quindi senza queste informazioni sei difficile da trovare.","","",""
"help-centre","entries.setup-questions.body[3]","The third is a club. Your name goes on that club's list — the same list you see when you open a club on the map. If your club is not on 8nOut yet, you can add it and we will check it.","La terza è un club. Il tuo nome finisce nell'elenco di quel club — lo stesso elenco che vedi quando apri un club sulla mappa. Se il tuo club non è ancora su 8nOut, puoi aggiungerlo e lo verificheremo.","","",""
"help-centre","entries.setup-questions.body[4]","After the three questions comes one optional extra: linking your CueScore profile. You can pass on it.","Dopo le tre domande c'è un extra facoltativo: collegare il tuo profilo CueScore. Puoi saltarlo.","","",""
"help-centre","entries.setup-questions.body[5]","Every screen has a way out, labelled Finish later, including the first one. No part of 8nOut is locked behind these questions. The map, connecting, your record and everything else work the same whether you answer them or not.","Ogni schermata ha una via d'uscita, etichettata Finisci più tardi, compresa la prima. Nessuna parte di 8nOut è bloccata dietro queste domande. La mappa, le connessioni, il tuo storico e tutto il resto funzionano allo stesso modo, che tu risponda o no.","","",""
"help-centre","entries.setup-questions.body[6]","What does change is how easy you are to find. Without a name, nobody can tell who you are in a club's list or in search. Without a club, you are not on any club's list, so nobody finds you when they open a club on the map. You can fill either one in whenever you like.","Ciò che cambia è quanto sei facile da trovare. Senza nome, nessuno può capire chi sei nell'elenco di un club o nella ricerca. Senza club, non sei nell'elenco di nessun club, quindi nessuno ti trova quando apre un club sulla mappa. Puoi compilare entrambi quando vuoi.","","",""
"help-centre","entries.setup-questions.keywords[0]","setup","configurazione","","",""
"help-centre","entries.setup-questions.keywords[1]","questions","domande","","",""
"help-centre","entries.setup-questions.keywords[2]","onboarding","onboarding","","",""
"help-centre","entries.setup-questions.keywords[3]","name","nome","","",""
"help-centre","entries.setup-questions.keywords[4]","town","città","","",""
"help-centre","entries.setup-questions.keywords[5]","club","club","","",""
"help-centre","entries.setup-questions.keywords[6]","start","iniziare","","",""
"help-centre","entries.setup-questions.keywords[7]","finish later","finisci più tardi","","",""
"help-centre","entries.setup-questions.links[0].label","Can I finish setting up later?","","","",""
"help-centre","entries.setup-questions.links[1].label","How do I get on the map?","","","",""
"help-centre","entries.finishing-setup-later.question","Can I finish setting up later?","Posso completare la configurazione più tardi?","","",""
"help-centre","entries.finishing-setup-later.summary","Yes. Every screen has Finish later, a card on your Profile brings it back, and dismissing that card three times stops it for good.","Sì. Ogni schermata ha Finisci più tardi, una scheda sul tuo Profilo lo riporta indietro, e chiudere quella scheda tre volte lo interrompe definitivamente.","","",""
"help-centre","entries.finishing-setup-later.body[0]","Yes. Every screen has a way out, labelled Finish later, and taking it costs you nothing you cannot pick up again.","Sì. Ogni schermata ha una via d'uscita, etichettata Finisci più tardi, e usarla non ti costa nulla che tu non possa riprendere in seguito.","","",""
"help-centre","entries.finishing-setup-later.body[1]","If you leave partway, a card appears on your Profile showing what is still open, with a button back to where you stopped. You can use it whenever you feel like it.","Se ti fermi a metà, sul tuo Profilo compare una scheda che mostra cosa è ancora aperto, con un pulsante per tornare al punto in cui ti sei fermato. Puoi usarla quando ti va.","","",""
"help-centre","entries.finishing-setup-later.body[2]","If you would rather not be asked now, dismiss the card and it goes quiet for a week. Dismiss it a second time and it goes quiet for two weeks, a third time for a month — and after that third time the card does not come back at all.","Se preferisci non essere chiesto ora, chiudi la scheda e resterà silenziosa per una settimana. Chiudila una seconda volta e resterà silenziosa per due settimane, una terza volta per un mese — e dopo quella terza volta la scheda non torna più.","","",""
"help-centre","entries.finishing-setup-later.body[3]","What is left after that is one quiet line on your Profile with a Finish link. It never interrupts you again, and it is there if you change your mind.","Quello che resta dopo è una riga discreta sul tuo Profilo con un link Finisci. Non ti interrompe più, ed è lì nel caso cambiassi idea.","","",""
"help-centre","entries.finishing-setup-later.body[4]","Dismissing is remembered by 8nOut rather than by the device, so quieting the card on your phone also quiets it in the web app.","È 8nOut a ricordare la chiusura, non il dispositivo, quindi mettere a tacere la scheda sul telefono la mette a tacere anche nell'app web.","","",""
"help-centre","entries.finishing-setup-later.body[5]","None of this changes what you can do in 8nOut. The questions make you easier to find; they do not stand between you and anything.","Nulla di tutto questo cambia cosa puoi fare in 8nOut. Le domande ti rendono più facile da trovare; non si frappongono tra te e nulla.","","",""
"help-centre","entries.finishing-setup-later.keywords[0]","later","più tardi","","",""
"help-centre","entries.finishing-setup-later.keywords[1]","skip","saltare","","",""
"help-centre","entries.finishing-setup-later.keywords[2]","finish later","finisci più tardi","","",""
"help-centre","entries.finishing-setup-later.keywords[3]","banner","banner","","",""
"help-centre","entries.finishing-setup-later.keywords[4]","dismiss","chiudere","","",""
"help-centre","entries.finishing-setup-later.keywords[5]","reminder","promemoria","","",""
"help-centre","entries.finishing-setup-later.keywords[6]","profile","profilo","","",""
"help-centre","entries.finishing-setup-later.links[0].label","What the three questions are","","","",""
"help-centre","entries.finishing-setup-later.links[1].label","My club is not on the map","","","",""
"help-centre","entries.club-not-added.question","My club is not on the map. What now?","Il mio club non è sulla mappa. E adesso?","","",""
"help-centre","entries.club-not-added.summary","Three different things can be going on — the club is waiting to be looked at, it was not added, or you have not picked one yet. Each has its own next step.","Possono esserci tre situazioni diverse — il club è in attesa di verifica, non è stato aggiunto, oppure non ne hai ancora scelto uno. Ognuna ha il suo passo successivo.","","",""
"help-centre","entries.club-not-added.body[0]","Clubs are added by the community, so yours may not be on 8nOut yet. There are three situations, and your Clubs list on your profile tells you which one you are in.","I club vengono aggiunti dalla comunità, quindi il tuo potrebbe non essere ancora su 8nOut. Ci sono tre situazioni possibili, e il tuo elenco Club sul profilo ti dice in quale ti trovi.","","",""
"help-centre","entries.club-not-added.body[1]","It is waiting to be looked at. You submitted a new venue and it is marked pending review. It is on your clubs already. Once it is approved, the club goes on the map and your name is on its list. Until then, you are not on any club's list. You can check on it any time under Clubs on your profile.","È in attesa di verifica. Hai inviato un nuovo locale ed è segnato come in attesa di revisione. È già tra i tuoi club. Una volta approvato, il club compare sulla mappa e il tuo nome nel suo elenco. Fino ad allora, non compari nell'elenco di nessun club. Puoi controllare lo stato in qualsiasi momento in Club, sul tuo profilo.","","",""
"help-centre","entries.club-not-added.body[2]","It was not added. Not every venue makes it onto the map. It is still on your profile, but you are not on any club's list. Pick a club that is already on the map and you are on its list straight away.","Non è stato aggiunto. Non tutti i locali arrivano sulla mappa. Resta comunque sul tuo profilo, ma non compari nell'elenco di nessun club. Scegli un club già presente sulla mappa e comparirai subito nel suo elenco.","","",""
"help-centre","entries.club-not-added.body[3]","You have not picked one yet. Open Clubs on your profile and search for the club you play at. If it is there, choose it and you are on its list. If it is not there, you can submit it.","Non ne hai ancora scelto uno. Apri Club sul tuo profilo e cerca il club dove giochi. Se c'è, scegli quello e comparirai nell'elenco. Se non c'è, puoi inviarlo.","","",""
"help-centre","entries.club-not-added.body[4]","One thing worth knowing either way: the map is for public pool venues — a club, a hall, a bar with a table. A home or a private address is not added to it.","Una cosa utile da sapere in ogni caso: la mappa è per locali da biliardo pubblici — un club, una sala, un bar con un tavolo. Una casa o un indirizzo privato non viene aggiunto.","","",""
"help-centre","entries.club-not-added.body[5]","Whichever of the three you are in, nothing else about your account changes, and everything else in 8nOut carries on working.","Qualunque delle tre situazioni sia la tua, nient'altro cambia nel tuo account, e tutto il resto di 8nOut continua a funzionare.","","",""
"help-centre","entries.club-not-added.keywords[0]","club","club","","",""
"help-centre","entries.club-not-added.keywords[1]","missing","manca","","",""
"help-centre","entries.club-not-added.keywords[2]","not on the map","non sulla mappa","","",""
"help-centre","entries.club-not-added.keywords[3]","pending","in attesa","","",""
"help-centre","entries.club-not-added.keywords[4]","review","revisione","","",""
"help-centre","entries.club-not-added.keywords[5]","not approved","non approvato","","",""
"help-centre","entries.club-not-added.keywords[6]","venue","locale","","",""
"help-centre","entries.club-not-added.links[0].label","How do I add a club to the map?","","","",""
"help-centre","entries.club-not-added.links[1].label","How do I get on the map?","","","",""
"help-centre","entries.ready-to-play.question","What does Ready to play mean?","Cosa significa Pronto a giocare?","","",""
"help-centre","entries.ready-to-play.summary","A switch on your profile, called Open to play. Turn it on and your row on a club's list reads Ready to play.","Un interruttore sul tuo profilo, chiamato Aperto a giocare. Attivalo e la tua riga nell'elenco di un club diventa Pronto a giocare.","","",""
"help-centre","entries.ready-to-play.body[0]","Open to play is a switch on your profile. It is the one thing on 8nOut that says you are up for a game at the moment, rather than in general.","Aperto a giocare è un interruttore sul tuo profilo. È l'unica cosa su 8nOut che segnala che hai voglia di giocare proprio adesso, non in generale.","","",""
"help-centre","entries.ready-to-play.body[1]","Turn it on and your row on your club's list reads Ready to play. So does your public profile, which anyone with the link can open, signed in or not. You are on the list either way.","Attivalo e la tua riga nell'elenco del tuo club diventa Pronto a giocare. Lo stesso vale per il tuo profilo pubblico, che chiunque abbia il link può aprire, con o senza accesso. Compari nell'elenco comunque.","","",""
"help-centre","entries.ready-to-play.body[2]","If your club is still waiting to be looked at, there is no club list carrying your row yet. In that case your name carries Ready to play in player search and on your public profile.","Se il tuo club è ancora in attesa di verifica, non esiste ancora un elenco del club con la tua riga. In quel caso il tuo nome porta Pronto a giocare nella ricerca giocatori e sul tuo profilo pubblico.","","",""
"help-centre","entries.ready-to-play.body[3]","Turn it off and nothing else changes. You are on the list either way — the switch only says whether you are up for a game right now.","Disattivalo e nient'altro cambia. Compari nell'elenco comunque — l'interruttore indica solo se hai voglia di giocare in questo momento.","","",""
"help-centre","entries.ready-to-play.body[4]","It is a switch, not a promise. Turn it on before a weekend and off again on Monday. Nobody is told either way.","È un interruttore, non una promessa. Attivalo prima di un weekend e disattivalo di nuovo il lunedì. Nessuno viene avvisato, in nessuno dei due casi.","","",""
"help-centre","entries.ready-to-play.keywords[0]","ready to play","pronto a giocare","","",""
"help-centre","entries.ready-to-play.keywords[1]","open to play","aperto a giocare","","",""
"help-centre","entries.ready-to-play.keywords[2]","available","disponibile","","",""
"help-centre","entries.ready-to-play.keywords[3]","switch","interruttore","","",""
"help-centre","entries.ready-to-play.keywords[4]","toggle","attiva/disattiva","","",""
"help-centre","entries.ready-to-play.keywords[5]","up for a game","voglia di giocare","","",""
"help-centre","entries.ready-to-play.links[0].label","How do I get on the map?","","","",""
"help-centre","entries.ready-to-play.links[1].label","Why do I have to connect first?","","","",""
"help-centre","entries.getting-on-the-map.question","How do I get on the map?","Come faccio a comparire sulla mappa?","","",""
"help-centre","entries.getting-on-the-map.summary","You do not get a pin of your own. Add the club you play at, and your name is on that club's list — which is what other players open.","Non ottieni un tuo pin. Aggiungi il club in cui giochi e il tuo nome comparirà nell'elenco di quel club — quello che gli altri giocatori aprono.","","",""
"help-centre","entries.getting-on-the-map.body[0]","The pins on the map are clubs. You do not get a pin of your own, and you do not need one.","I pin sulla mappa sono i club. Non ottieni un tuo pin, e non ne hai nemmeno bisogno.","","",""
"help-centre","entries.getting-on-the-map.body[1]","Add the club you play at, and your name goes on that club's list — the same list you see when you open a club on the map. That is how other players find you: they look at the clubs near them and see who plays there.","Aggiungi il club in cui giochi, e il tuo nome finisce nell'elenco di quel club — lo stesso elenco che vedi quando apri un club sulla mappa. È così che gli altri giocatori ti trovano: guardano i club vicini a loro e vedono chi ci gioca.","","",""
"help-centre","entries.getting-on-the-map.body[2]","You can add up to three clubs, so if you play in more than one place, add them all.","Puoi aggiungere fino a tre club, quindi se giochi in più di un posto, aggiungili tutti.","","",""
"help-centre","entries.getting-on-the-map.body[3]","If your club is not on 8nOut yet, you can submit it. It goes on the map once it has been approved, and until then you are on no club's list.","Se il tuo club non è ancora su 8nOut, puoi inviarlo. Compare sulla mappa una volta approvato, e fino ad allora non sei nell'elenco di nessun club.","","",""
"help-centre","entries.getting-on-the-map.body[4]","The other thing worth filling in is your country and town. Players filter the map by country and town, so without yours you are hard to find.","L'altra cosa che vale la pena compilare sono il tuo paese e la tua città. I giocatori filtrano la mappa per paese e città, quindi senza queste informazioni sei difficile da trovare.","","",""
"help-centre","entries.getting-on-the-map.keywords[0]","map","mappa","","",""
"help-centre","entries.getting-on-the-map.keywords[1]","pin","pin","","",""
"help-centre","entries.getting-on-the-map.keywords[2]","visible","visibile","","",""
"help-centre","entries.getting-on-the-map.keywords[3]","findable","rintracciabile","","",""
"help-centre","entries.getting-on-the-map.keywords[4]","club list","elenco club","","",""
"help-centre","entries.getting-on-the-map.keywords[5]","roster","elenco giocatori","","",""
"help-centre","entries.getting-on-the-map.keywords[6]","town","città","","",""
"help-centre","entries.getting-on-the-map.links[0].label","How do I add a club to the map?","","","",""
"help-centre","entries.getting-on-the-map.links[1].label","My club is not on the map","","","",""
"help-centre","entries.getting-on-the-map.links[2].label","How do I filter the map?","","","",""
"help-centre","entries.filtering-the-map.question","How do I filter the map?","Come filtro la mappa?","","",""
"help-centre","entries.filtering-the-map.summary","Narrow it by open to play, country and city. The filters stack, and clearing them brings everything back.","Riducila per aperto a giocare, paese e città. I filtri si combinano, e cancellarli riporta tutto in vista.","","",""
"help-centre","entries.filtering-the-map.body[0]","The map gets busy, so you can narrow it down.","La mappa si affolla, quindi puoi restringerla.","","",""
"help-centre","entries.filtering-the-map.body[1]","In the iPhone app, tap the filter button at the top right of the Map tab. You get three things: an Open to play only switch, a country and a city.","Nell'app per iPhone, tocca il pulsante filtro in alto a destra nella scheda Mappa. Hai tre opzioni: un interruttore Solo aperto a giocare, un paese e una città.","","",""
"help-centre","entries.filtering-the-map.body[2]","In the web app the same three sit on the map itself, as controls you tap or choose from.","Nell'app web questi stessi tre elementi si trovano direttamente sulla mappa, come controlli da toccare o scegliere.","","",""
"help-centre","entries.filtering-the-map.body[3]","The filters stack. Pick a country and then a city and the map narrows further and zooms to fit what is left. Clear them and everything comes back.","I filtri si combinano. Scegli un paese e poi una città, e la mappa si restringe ulteriormente e ingrandisce quello che resta. Cancellali e torna tutto visibile.","","",""
"help-centre","entries.filtering-the-map.keywords[0]","filter","filtro","","",""
"help-centre","entries.filtering-the-map.keywords[1]","search","cerca","","",""
"help-centre","entries.filtering-the-map.keywords[2]","country","paese","","",""
"help-centre","entries.filtering-the-map.keywords[3]","city","città","","",""
"help-centre","entries.filtering-the-map.keywords[4]","narrow","restringere","","",""
"help-centre","entries.filtering-the-map.keywords[5]","map","mappa","","",""
"help-centre","entries.filtering-the-map.links[0].label","How do I get on the map?","","","",""
"help-centre","entries.adding-a-club.question","How do I add a club to the map?","Come aggiungo un club alla mappa?","","",""
"help-centre","entries.adding-a-club.summary","Search for it first. If it is not there, submit it — a person reads every new venue, and it goes on the map once it is approved.","Cercalo prima. Se non c'è, invialo — una persona esamina ogni nuovo locale, e compare sulla mappa una volta approvato.","","",""
"help-centre","entries.adding-a-club.body[0]","Clubs get onto the map because players put them there, so if yours is missing you can add it yourself.","I club arrivano sulla mappa perché sono i giocatori ad aggiungerli, quindi se manca il tuo puoi aggiungerlo tu stesso.","","",""
"help-centre","entries.adding-a-club.body[1]","Go to your profile, open Clubs and choose to add a club. Search first — it may already be on 8nOut under a slightly different name. If it is there, pick it and you are done.","Vai al tuo profilo, apri Club e scegli di aggiungerne uno. Cerca prima — potrebbe già essere su 8nOut con un nome leggermente diverso. Se c'è, scegli quello e hai finito.","","",""
"help-centre","entries.adding-a-club.body[2]","If it is not there, submit it as a new venue. While you type the name, 8nOut shows matching clubs it already has — if yours appears, pick it and you are done.","Se non c'è, invialo come nuovo locale. Mentre digiti il nome, 8nOut mostra club simili già presenti — se compare il tuo, scegli quello e hai finito.","","",""
"help-centre","entries.adding-a-club.body[3]","A person reads every new venue before it goes on the map, so give it a little time. In the meantime it sits in your own club list, marked pending review.","Una persona esamina ogni nuovo locale prima che compaia sulla mappa, quindi dagli un po' di tempo. Nel frattempo resta nel tuo elenco club, segnato come in attesa di revisione.","","",""
"help-centre","entries.adding-a-club.body[4]","Once it is approved, the club is on the map and your name is on its list. Until then, you are not on any club's list.","Una volta approvato, il club è sulla mappa e il tuo nome nel suo elenco. Fino ad allora, non compari nell'elenco di nessun club.","","",""
"help-centre","entries.adding-a-club.body[5]","One rule: the map is for public pool venues — clubs, halls, bars with a table. Never a home or a private address.","Una regola: la mappa è per locali da biliardo pubblici — club, sale, bar con un tavolo. Mai una casa o un indirizzo privato.","","",""
"help-centre","entries.adding-a-club.keywords[0]","add club","aggiungere club","","",""
"help-centre","entries.adding-a-club.keywords[1]","new venue","nuovo locale","","",""
"help-centre","entries.adding-a-club.keywords[2]","submit","inviare","","",""
"help-centre","entries.adding-a-club.keywords[3]","missing club","manca un club","","",""
"help-centre","entries.adding-a-club.keywords[4]","pool room","sala biliardo","","",""
"help-centre","entries.adding-a-club.keywords[5]","approval","approvazione","","",""
"help-centre","entries.adding-a-club.links[0].label","My club is not on the map","","","",""
"help-centre","entries.adding-a-club.links[1].label","How do I get on the map?","","","",""
"help-centre","entries.map-numbers.question","What do the numbers above the map mean?","Cosa significano i numeri sopra la mappa?","","",""
"help-centre","entries.map-numbers.summary","Online now is how many members are active across 8nOut right now. Active games is how many live scoreboard games are in progress at the moment.","Online ora indica quanti membri sono attivi in tutta 8nOut in questo momento. Partite attive indica quanti tabelloni punteggio dal vivo sono in corso al momento.","","",""
"help-centre","entries.map-numbers.body[0]","Online now counts members active across the whole of 8nOut right now — not just the ones near you or at your club.","Online ora conta i membri attivi in tutta 8nOut in questo momento — non solo quelli vicino a te o al tuo club.","","",""
"help-centre","entries.map-numbers.body[1]","Active games counts live scoreboard games in progress right now. It is a live count, not a list, so tapping it does not open anything.","Partite attive conta i tabelloni punteggio dal vivo in corso in questo momento. È un conteggio in tempo reale, non un elenco, quindi toccarlo non apre nulla.","","",""
"help-centre","entries.map-numbers.keywords[0]","online now","online ora","","",""
"help-centre","entries.map-numbers.keywords[1]","active games","partite attive","","",""
"help-centre","entries.map-numbers.keywords[2]","heartbeat","statistiche mappa","","",""
"help-centre","entries.map-numbers.keywords[3]","map stats","tabellone dal vivo","","",""
"help-centre","entries.map-numbers.keywords[4]","live scoreboard","numeri sopra la mappa","","",""
"help-centre","entries.map-numbers.keywords[5]","numbers above the map","","","",""
"help-centre","entries.map-numbers.links[0].label","How do I get on the map?","","","",""
"help-centre","entries.map-numbers.links[1].label","How do I filter the map?","","","",""
"help-centre","entries.how-connecting-works.question","Why do I have to connect before I can contact someone?","Perché devo connettermi prima di poter contattare qualcuno?","","",""
"help-centre","entries.how-connecting-works.summary","Because being on the map is not the same as agreeing to be contacted. Connecting is how the other player says yes.","Perché essere sulla mappa non equivale ad accettare di essere contattato. Connettersi è il modo in cui l'altro giocatore dice sì.","","",""
"help-centre","entries.how-connecting-works.body[0]","Because being on the map is not the same as agreeing to be contacted.","Perché essere sulla mappa non equivale ad accettare di essere contattato.","","",""
"help-centre","entries.how-connecting-works.body[1]","So on 8nOut you find someone, and then you ask. You send a connection request; they accept, or they do not. Contact details are only visible to accepted connections, so until they have accepted there is nothing of theirs to see, and nothing of yours either.","Quindi su 8nOut trovi qualcuno, e poi glielo chiedi. Invii una richiesta di connessione; l'altra persona l'accetta, oppure no. I dati di contatto sono visibili solo alle connessioni accettate, quindi finché non ha accettato non c'è nulla di suo da vedere, e nemmeno di tuo.","","",""
"help-centre","entries.how-connecting-works.body[2]","It works in your favour in both directions. If a request does not appeal to you, you decline it and that is the end of it — no message is sent, and the other player cannot reach you.","Funziona a tuo favore in entrambe le direzioni. Se una richiesta non ti convince, la rifiuti e finisce lì — nessun messaggio viene inviato, e l'altro giocatore non può raggiungerti.","","",""
"help-centre","entries.how-connecting-works.body[3]","This is the part of 8nOut people question most, so it is worth being plain about why. A map of players only works if players are willing to be on it, and knowing that a stranger cannot simply pick up your number is what makes that willingness possible. The small step of asking first is what buys it.","Questa è la parte di 8nOut su cui le persone si interrogano di più, quindi vale la pena essere chiari sul perché. Una mappa di giocatori funziona solo se i giocatori sono disposti a comparirci, e sapere che uno sconosciuto non può semplicemente prendere il tuo numero è ciò che rende possibile quella disponibilità. Il piccolo passo di chiedere prima è ciò che la compra.","","",""
"help-centre","entries.how-connecting-works.body[4]","And it does not have to be slow. If you are standing next to the person, you do not need a request at all — show your connect code, they scan it, and you are connected on the spot.","E non deve per forza essere lento. Se sei accanto alla persona, non ti serve nemmeno una richiesta — mostra il tuo codice di connessione, lo scansiona, e siete connessi sul posto.","","",""
"help-centre","entries.how-connecting-works.keywords[0]","connect","connettersi","","",""
"help-centre","entries.how-connecting-works.keywords[1]","request","richiesta","","",""
"help-centre","entries.how-connecting-works.keywords[2]","contact","contatto","","",""
"help-centre","entries.how-connecting-works.keywords[3]","accept","accettare","","",""
"help-centre","entries.how-connecting-works.keywords[4]","decline","rifiutare","","",""
"help-centre","entries.how-connecting-works.keywords[5]","privacy","privacy","","",""
"help-centre","entries.how-connecting-works.keywords[6]","why","perché","","",""
"help-centre","entries.how-connecting-works.links[0].label","What is my connect code?","","","",""
"help-centre","entries.how-connecting-works.links[1].label","How do I remove a connection?","","","",""
"help-centre","entries.connect-code.question","What is my connect code?","Cos'è il mio codice di connessione?","","",""
"help-centre","entries.connect-code.summary","Your own QR code and link. Show it to a player in front of you, they scan it, and you are connected straight away — no request to accept.","Il tuo codice QR e link personale. Mostralo a un giocatore che hai davanti, lo scansiona, e siete connessi all'istante — nessuna richiesta da accettare.","","",""
"help-centre","entries.connect-code.body[0]","Your connect code is the quick way to connect with somebody who is standing in front of you.","Il tuo codice di connessione è il modo rapido per connetterti con qualcuno che hai davanti.","","",""
"help-centre","entries.connect-code.body[1]","Open your profile, find the Open to play card and choose My connect code. It is in the same place on the iPhone app and in the web app. From there you can show your own QR code for someone to scan, scan theirs, or share your link by message or in a group.","Apri il tuo profilo, trova la scheda Aperto a giocare e scegli Il mio codice di connessione. Si trova nello stesso punto sull'app per iPhone e sull'app web. Da lì puoi mostrare il tuo codice QR perché venga scansionato, scansionare quello di un'altra persona, oppure condividere il tuo link per messaggio o in un gruppo.","","",""
"help-centre","entries.connect-code.body[2]","A scanned code, or an opened link, connects you both immediately. There is no request to send and nothing to accept — showing your code is the yes.","Un codice scansionato, o un link aperto, vi connette entrambi immediatamente. Non c'è nessuna richiesta da inviare né nulla da accettare — mostrare il tuo codice è il sì.","","",""
"help-centre","entries.connect-code.body[3]","If your code ever ends up somewhere you did not intend, a screenshot in a group chat for instance, you can reset it. Your current QR and link stop working right away, and anyone already connected with you stays connected.","Se il tuo codice finisce mai dove non volevi, per esempio uno screenshot in una chat di gruppo, puoi reimpostarlo. Il tuo QR e link attuali smettono di funzionare subito, e chi è già connesso con te resta connesso.","","",""
"help-centre","entries.connect-code.keywords[0]","connect code","codice di connessione","","",""
"help-centre","entries.connect-code.keywords[1]","qr","qr","","",""
"help-centre","entries.connect-code.keywords[2]","scan","scansionare","","",""
"help-centre","entries.connect-code.keywords[3]","link","link","","",""
"help-centre","entries.connect-code.keywords[4]","in person","di persona","","",""
"help-centre","entries.connect-code.keywords[5]","reset","reimpostare","","",""
"help-centre","entries.connect-code.links[0].label","Why do I have to connect first?","","","",""
"help-centre","entries.removing-a-connection.question","How do I remove a connection?","Come rimuovo una connessione?","","",""
"help-centre","entries.removing-a-connection.summary","Open the Connections tab, find the player and choose Remove. Matches you already played against each other stay in both records.","Apri la scheda Connessioni, trova il giocatore e scegli Rimuovi. Le partite già giocate tra voi restano in entrambi gli storici.","","",""
"help-centre","entries.removing-a-connection.body[0]","A connection is not permanent. If you would rather not be connected to someone any more, you can undo it.","Una connessione non è permanente. Se preferisci non essere più connesso con qualcuno, puoi annullarla.","","",""
"help-centre","entries.removing-a-connection.body[1]","Open the Connections tab, find the player and choose Remove.","Apri la scheda Connessioni, trova il giocatore e scegli Rimuovi.","","",""
"help-centre","entries.removing-a-connection.body[2]","After that you will lose each other's contact details, and any address shared for a game.","Dopo di che perderete i reciproci dati di contatto, e qualsiasi indirizzo condiviso per una partita.","","",""
"help-centre","entries.removing-a-connection.body[3]","Matches you already played against each other stay in both records. They happened, and neither of you loses your own history.","Le partite già giocate tra voi restano in entrambi gli storici. Sono successe, e nessuno dei due perde la propria cronologia.","","",""
"help-centre","entries.removing-a-connection.body[4]","You can connect again later if you both want to. Removing is not a door that locks behind you.","Potete connettervi di nuovo in seguito se lo volete entrambi. Rimuovere non è una porta che si chiude a chiave dietro di te.","","",""
"help-centre","entries.removing-a-connection.keywords[0]","remove","rimuovere","","",""
"help-centre","entries.removing-a-connection.keywords[1]","disconnect","disconnettere","","",""
"help-centre","entries.removing-a-connection.keywords[2]","undo","annullare","","",""
"help-centre","entries.removing-a-connection.keywords[3]","connection","connessione","","",""
"help-centre","entries.removing-a-connection.keywords[4]","revoke","revocare","","",""
"help-centre","entries.removing-a-connection.links[0].label","Why do I have to connect first?","","","",""
"help-centre","entries.logging-a-match.question","How do I record a game I played in person?","Come registro una partita giocata di persona?","","",""
"help-centre","entries.logging-a-match.summary","Once a game you arranged in 8nOut has been accepted, the Challenges tab lets you log the result by hand.","Una volta accettata una partita organizzata su 8nOut, la scheda Sfide ti permette di registrare il risultato a mano.","","",""
"help-centre","entries.logging-a-match.body[0]","Not every game happens on CueScore. If you arranged one through 8nOut, you can record the result yourself.","Non tutte le partite si giocano su CueScore. Se ne hai organizzata una tramite 8nOut, puoi registrare tu stesso il risultato.","","",""
"help-centre","entries.logging-a-match.body[1]","Invite the player from their profile or from your Connections. Once they have accepted, the game shows in your Challenges tab with a Log result button.","Invita il giocatore dal suo profilo o dalle tue Connessioni. Una volta accettata, la partita compare nella tua scheda Sfide con un pulsante Registra risultato.","","",""
"help-centre","entries.logging-a-match.body[2]","Choose who won and, if you want, the score. That is the whole thing.","Scegli chi ha vinto e, se vuoi, il punteggio. Questo è tutto.","","",""
"help-centre","entries.logging-a-match.body[3]","The result then counts in your record, and in the head-to-head between the two of you.","Il risultato conta quindi nel tuo storico, e nel confronto diretto tra voi due.","","",""
"help-centre","entries.logging-a-match.body[4]","This route is for games arranged inside 8nOut. For a match you played on CueScore, you import it instead — that is a different answer.","Questa via è per le partite organizzate dentro 8nOut. Per una partita giocata su CueScore, la importi invece — è una risposta diversa.","","",""
"help-centre","entries.logging-a-match.keywords[0]","log","registrare","","",""
"help-centre","entries.logging-a-match.keywords[1]","record","risultato","","",""
"help-centre","entries.logging-a-match.keywords[2]","result","sfida","","",""
"help-centre","entries.logging-a-match.keywords[3]","challenge","di persona","","",""
"help-centre","entries.logging-a-match.keywords[4]","in person","punteggio","","",""
"help-centre","entries.logging-a-match.keywords[5]","score","manuale","","",""
"help-centre","entries.logging-a-match.keywords[6]","manual","","","",""
"help-centre","entries.logging-a-match.links[0].label","Importing a CueScore match","","","",""
"help-centre","entries.importing-a-match.question","How do I add a match I played on CueScore?","Come aggiungo una partita giocata su CueScore?","","",""
"help-centre","entries.importing-a-match.summary","Paste the link of a finished match you played. 8nOut reads the final score and puts it in your record.","Incolla il link di una partita conclusa che hai giocato. 8nOut legge il punteggio finale e lo aggiunge al tuo storico.","","",""
"help-centre","entries.importing-a-match.body[0]","Matches are created, played and scored on CueScore. 8nOut does not create anything there — it reads a match you have already finished and keeps the result in your record.","Le partite vengono create, giocate e registrate su CueScore. 8nOut non crea nulla lì — legge una partita che hai già concluso e ne conserva il risultato nel tuo storico.","","",""
"help-centre","entries.importing-a-match.body[1]","You need your CueScore profile linked first. Then open your profile, go to Record and choose to import a CueScore match.","Devi prima avere il tuo profilo CueScore collegato. Poi apri il tuo profilo, vai su Storico e scegli di importare una partita CueScore.","","",""
"help-centre","entries.importing-a-match.body[2]","On CueScore, open the match you played and copy its link. Paste it into 8nOut and look the match up. You will see the result, your opponent and the venue, and then you confirm the import.","Su CueScore, apri la partita che hai giocato e copia il suo link. Incollalo in 8nOut e cerca la partita. Vedrai il risultato, il tuo avversario e il locale, e poi confermi l'importazione.","","",""
"help-centre","entries.importing-a-match.body[3]","Two limits are worth knowing. The match has to be finished on CueScore, so finish it there first. And it has to be a match you played — 8nOut checks it against your own linked CueScore profile, so you cannot import somebody else's.","Due limiti utili da sapere. La partita deve essere conclusa su CueScore, quindi concludila prima lì. E deve essere una partita che hai giocato tu — 8nOut la verifica rispetto al tuo profilo CueScore collegato, quindi non puoi importare la partita di qualcun altro.","","",""
"help-centre","entries.importing-a-match.body[4]","Your opponent does not need to be on 8nOut. If they are, the match shows on their record too.","Il tuo avversario non deve necessariamente avere 8nOut. Se ce l'ha, la partita compare anche nel suo storico.","","",""
"help-centre","entries.importing-a-match.body[5]","For a game you arranged inside 8nOut there is a second route that has nothing to do with CueScore: you log the result by hand.","Per una partita organizzata dentro 8nOut esiste una seconda via che non ha nulla a che fare con CueScore: registri il risultato a mano.","","",""
"help-centre","entries.importing-a-match.keywords[0]","import","importare","","",""
"help-centre","entries.importing-a-match.keywords[1]","cuescore","cuescore","","",""
"help-centre","entries.importing-a-match.keywords[2]","match","partita","","",""
"help-centre","entries.importing-a-match.keywords[3]","record","storico","","",""
"help-centre","entries.importing-a-match.keywords[4]","result","risultato","","",""
"help-centre","entries.importing-a-match.keywords[5]","link","link","","",""
"help-centre","entries.importing-a-match.links[0].label","Recording a game you played in person","","","",""
"help-centre","entries.why-rotate-my-phone.question","Why is 8nOut suggesting I rotate my phone during a live match?","Perché 8nOut suggerisce di ruotare il telefono durante una partita in diretta?","","",""
"help-centre","entries.why-rotate-my-phone.summary","It's a suggestion for a bigger scoreboard, not a requirement. Dismiss it with the small X, or just carry on playing in portrait.","È un suggerimento per un tabellone più grande, non un obbligo. Chiudilo con la piccola X, oppure continua semplicemente a giocare in verticale.","","",""
"help-centre","entries.why-rotate-my-phone.body[0]","During a live or pending match, 8nOut shows a small banner on the scoreboard: Rotate for a bigger scoreboard. Turning your phone sideways gives the scoreboard more room — that is the whole reason for it.","Durante una partita in diretta o in attesa, 8nOut mostra un piccolo avviso sul tabellone: Ruota per un tabellone più grande. Mettere il telefono di lato dà più spazio al tabellone — è l'unico motivo.","","",""
"help-centre","entries.why-rotate-my-phone.body[1]","It is a suggestion, not a requirement. 8nOut has never locked the scoreboard to one orientation. Every part of it works exactly the same in portrait, so leave your phone as it is if you would rather.","È un suggerimento, non un obbligo. 8nOut non ha mai bloccato il tabellone su un solo orientamento. Ogni parte funziona esattamente allo stesso modo in verticale, quindi lascia il telefono così com'è se preferisci.","","",""
"help-centre","entries.why-rotate-my-phone.body[2]","Both the player keeping score and anyone watching see the same banner, for as long as the match is live or pending. Dismiss it with the small X in the corner and it is gone for that visit to the scoreboard. Close the screen and open it again later, and the banner is back — dismissing it is not remembered.","Sia il giocatore che tiene il punteggio sia chiunque stia guardando vedono lo stesso avviso, finché la partita è in diretta o in attesa. Chiudilo con la piccola X nell'angolo e sparisce per quella visita al tabellone. Chiudi la schermata e riaprila più tardi, e l'avviso torna — la chiusura non viene ricordata.","","",""
"help-centre","entries.why-rotate-my-phone.body[3]","On the iPhone app the banner only appears in portrait, and never on an iPad. On the web app you will see the same banner on a phone-sized, portrait screen.","Sull'app per iPhone l'avviso compare solo in verticale, e mai su un iPad. Sull'app web vedrai lo stesso avviso su uno schermo formato telefono, in verticale.","","",""
"help-centre","entries.why-rotate-my-phone.keywords[0]","rotate","ruotare","","",""
"help-centre","entries.why-rotate-my-phone.keywords[1]","rotate my phone","ruotare il telefono","","",""
"help-centre","entries.why-rotate-my-phone.keywords[2]","landscape","orizzontale","","",""
"help-centre","entries.why-rotate-my-phone.keywords[3]","orientation","orientamento","","",""
"help-centre","entries.why-rotate-my-phone.keywords[4]","scoreboard","tabellone","","",""
"help-centre","entries.why-rotate-my-phone.keywords[5]","live match","partita in diretta","","",""
"help-centre","entries.why-rotate-my-phone.keywords[6]","banner","avviso","","",""
"help-centre","entries.why-rotate-my-phone.keywords[7]","portrait","verticale","","",""
"help-centre","entries.why-rotate-my-phone.links[0].label","Recording a game you played in person","","","",""
"help-centre","entries.why-rotate-my-phone.links[1].label","Importing a CueScore match","","","",""
"help-centre","entries.why-did-my-match-end-automatically.question","Why did my live match end without me tapping Finish match?","","","",""
"help-centre","entries.why-did-my-match-end-automatically.summary","Once a player reaches the race-to target, 8nOut ends the match automatically — nothing to tap or confirm. The same pop-up appears whether the match finished on its own or you ended it early.","","","",""
"help-centre","entries.why-did-my-match-end-automatically.body[0]","Every live match on 8nOut has a race to set for it — the number of racks a player needs to win. Reach that number and the match is over there and then. You do not need to tap Finish match to end it — 8nOut ends it for you, the moment the winning rack closes.","","","",""
"help-centre","entries.why-did-my-match-end-automatically.body[1]","Finish match is still there too, unchanged, for ending a match early — if you need to stop before the race is decided.","","","",""
"help-centre","entries.why-did-my-match-end-automatically.body[2]","Either way, the same pop-up appears with the final score. If you are the one keeping score, you get two choices: End, or Start new match. If you are only watching, you get End — only the player keeping score can start a rematch.","","","",""
"help-centre","entries.why-did-my-match-end-automatically.body[3]","Start new match copies over the race to, the alternate-break setting, and the venue and table from the match you just finished, so there is nothing to set up again. The one thing it always asks fresh is who breaks first — that is never decided for you.","","","",""
"help-centre","entries.why-did-my-match-end-automatically.body[4]","One thing worth knowing: once you tap Start new match, you can no longer go back and correct the match you just finished. The Edit result link only lives on that match's own summary screen, and starting a new match replaces it with the new one. If a result needs fixing, do that first — before you start again.","","","",""
"help-centre","entries.why-did-my-match-end-automatically.keywords[0]","race to","","","",""
"help-centre","entries.why-did-my-match-end-automatically.keywords[1]","auto finish","","","",""
"help-centre","entries.why-did-my-match-end-automatically.keywords[2]","automatically","","","",""
"help-centre","entries.why-did-my-match-end-automatically.keywords[3]","match finished","","","",""
"help-centre","entries.why-did-my-match-end-automatically.keywords[4]","finish match","","","",""
"help-centre","entries.why-did-my-match-end-automatically.keywords[5]","start new match","","","",""
"help-centre","entries.why-did-my-match-end-automatically.keywords[6]","rematch","","","",""
"help-centre","entries.why-did-my-match-end-automatically.keywords[7]","who breaks first","","","",""
"help-centre","entries.why-did-my-match-end-automatically.keywords[8]","edit result","","","",""
"help-centre","entries.why-did-my-match-end-automatically.keywords[9]","correct a result","","","",""
"help-centre","entries.why-did-my-match-end-automatically.keywords[10]","post-match pop-up","","","",""
"help-centre","entries.why-did-my-match-end-automatically.links[0].label","Rotating your phone during a live match","","","",""
"help-centre","entries.changing-your-language.question","How do I change the language?","Come cambio la lingua?","","",""
"help-centre","entries.changing-your-language.summary","In the iPhone app it is Settings, then Language. In the web app it is the Profile tab, then Language.","Nell'app per iPhone è in Impostazioni, poi Lingua. Nell'app web è nella scheda Profilo, poi Lingua.","","",""
"help-centre","entries.changing-your-language.body[0]","8nOut comes in several languages — pick the one that suits you.","8nOut è disponibile in più lingue — scegli quella che ti si addice di più.","","",""
"help-centre","entries.changing-your-language.body[1]","In the iPhone app, open the Settings tab and find the Language section. You can choose System, which follows your iPhone's own language, or pick English (UK), Nederlands, Deutsch, Norsk (Bokmål), Español or Italiano directly.","Nell'app per iPhone, apri la scheda Impostazioni e trova la sezione Lingua. Puoi scegliere Sistema, che segue la lingua del tuo iPhone, oppure scegliere direttamente English (UK), Nederlands, Deutsch, Norsk (Bokmål), Español o Italiano.","","",""
"help-centre","entries.changing-your-language.body[2]","On iPhone the change takes effect the next time you open 8nOut. That is how iOS handles app languages, so the app asks you to close it and open it again. Nothing has gone wrong.","Su iPhone, la modifica ha effetto la prossima volta che apri 8nOut. È così che iOS gestisce le lingue delle app, quindi l'app ti chiede di chiuderla e riaprirla. Non è successo nulla di sbagliato.","","",""
"help-centre","entries.changing-your-language.body[3]","In the web app, open the Profile tab and find the Language card. The same choices are there, and the change is immediate — nothing to reload and nothing to confirm.","Nell'app web, apri la scheda Profilo e trova la scheda Lingua. Le stesse opzioni sono lì, e la modifica è immediata — nulla da ricaricare e nulla da confermare.","","",""
"help-centre","entries.changing-your-language.body[4]","Your choice is kept where you made it. The iPhone app remembers it on that device, and the web app remembers it in that browser. They are separate settings, so changing one does not change the other.","La tua scelta viene salvata dove l'hai fatta. L'app per iPhone la ricorda su quel dispositivo, e l'app web la ricorda in quel browser. Sono impostazioni separate, quindi cambiarne una non cambia l'altra.","","",""
"help-centre","entries.changing-your-language.body[5]","These Help answers are translated too, though — like some of 8nOut's other translations — the wording isn't always checked by a native speaker yet.","Anche queste risposte dell'Aiuto sono tradotte, anche se il testo — come alcune altre traduzioni di 8nOut — non è sempre stato controllato da un madrelingua.","","",""
"help-centre","entries.changing-your-language.keywords[0]","language","lingua","","",""
"help-centre","entries.changing-your-language.keywords[1]","dutch","olandese","","",""
"help-centre","entries.changing-your-language.keywords[2]","german","tedesco","","",""
"help-centre","entries.changing-your-language.keywords[3]","norwegian","norvegese","","",""
"help-centre","entries.changing-your-language.keywords[4]","english","inglese","","",""
"help-centre","entries.changing-your-language.keywords[5]","settings","impostazioni","","",""
"help-centre","entries.changing-your-language.keywords[6]","translate","tradurre","","",""
"help-centre","entries.changing-your-language.links[0].label","The text looks garbled or half-translated","","","",""
"help-centre","entries.changing-your-language.links[1].label","Why does some of the translated text sound a bit off?","","","",""
"help-centre","entries.browser-translation.question","Why does the text look garbled or half-translated?","Perché il testo appare confuso o tradotto a metà?","","",""
"help-centre","entries.browser-translation.summary","The app is already translated. If the text looks garbled, your browser is re-translating it — turn off auto-translate for 8nout.com in the address bar, and pick your language inside 8nOut instead.","L'app è già tradotta. Se il testo appare confuso, il tuo browser lo sta ritraducendo — disattiva la traduzione automatica per 8nout.com nella barra degli indirizzi, e scegli la tua lingua direttamente in 8nOut.","","",""
"help-centre","entries.browser-translation.body[0]","8nOut already speaks several languages. You don't need your browser to translate it.","8nOut parla già più lingue. Non hai bisogno che il tuo browser lo traduca.","","",""
"help-centre","entries.browser-translation.body[1]","If the words look wrong or garbled — say a Dutch page turned into broken English — it's almost always your browser's built-in translation switched on. It's re-translating a page that's already in the right language, and that's what mangles it.","Se le parole appaiono sbagliate o confuse — per esempio una pagina in olandese che diventa un inglese scorretto — quasi sempre è la traduzione integrata del browser, attivata. Sta ritraducendo una pagina già nella lingua giusta, ed è questo che la rovina.","","",""
"help-centre","entries.browser-translation.body[2]","To fix it, turn off auto-translate for 8nout.com. Look for the translate icon in your browser's address bar and choose ""Show original"", or ""Never translate this site"". (You'll find this in Chrome, Edge and Safari.)","Per risolverlo, disattiva la traduzione automatica per 8nout.com. Cerca l'icona di traduzione nella barra degli indirizzi del tuo browser e scegli ""Mostra originale"", oppure ""Non tradurre mai questo sito"". (La trovi in Chrome, Edge e Safari.)","","",""
"help-centre","entries.browser-translation.body[3]","Want a different language? Choose it in 8nOut's own settings — the app stays correctly translated, whichever one you pick.","Vuoi un'altra lingua? Scegliila nelle impostazioni di 8nOut stesso — l'app resta tradotta correttamente, qualunque lingua tu scelga.","","",""
"help-centre","entries.browser-translation.keywords[0]","translate","tradurre","","",""
"help-centre","entries.browser-translation.keywords[1]","translation","traduzione","","",""
"help-centre","entries.browser-translation.keywords[2]","garbled","confuso","","",""
"help-centre","entries.browser-translation.keywords[3]","language","lingua","","",""
"help-centre","entries.browser-translation.keywords[4]","browser","browser","","",""
"help-centre","entries.browser-translation.keywords[5]","auto-translate","traduzione automatica","","",""
"help-centre","entries.browser-translation.links[0].label","How do I change the language?","","","",""
"help-centre","entries.browser-translation.links[1].label","Why does some of the translated text sound a bit off?","","","",""
"help-centre","entries.translation-quality.question","Why does some of the translated text sound a bit off?","Perché parte del testo tradotto suona un po' strano?","","",""
"help-centre","entries.translation-quality.summary","Most non-English text — in the app and in this Help Centre — is AI-assisted or volunteer-drafted, not checked word for word by a native speaker. Occasional rough phrasing is expected. Native speakers who'd like to help improve it are welcome to get in touch.","La maggior parte del testo non in inglese — nell'app e in questo Centro assistenza — è redatta con l'aiuto dell'IA o da volontari, non controllata parola per parola da un madrelingua. Qualche frase un po' forzata è normale aspettarsela. I madrelingua che vogliono aiutare a migliorarlo sono i benvenuti a mettersi in contatto.","","",""
"help-centre","entries.translation-quality.body[0]","Most of 8nOut's non-English text — in the app itself and in this Help Centre — is drafted with AI help or by volunteers, not checked word for word by a native speaker. So once in a while a sentence might read a bit stiff, or a word might land slightly wrong. That's expected, not a bug — we'd rather ship it imperfect than not translate it at all.","Gran parte del testo non in inglese di 8nOut — nell'app stessa e in questo Centro assistenza — è redatta con l'aiuto dell'IA o da volontari, non controllata parola per parola da un madrelingua. Quindi ogni tanto una frase può suonare un po' rigida, o una parola può non essere del tutto azzeccata. È normale, non un errore — preferiamo pubblicarlo imperfetto piuttosto che non tradurlo affatto.","","",""
"help-centre","entries.translation-quality.body[1]","This is about app and Help Centre text only. The Terms of Service and the Privacy Policy are handled separately, with their own review — what they say has to be exact, so they don't get the same rough-and-ready treatment.","Questo riguarda solo il testo dell'app e del Centro assistenza. I Termini di Servizio e l'Informativa sulla privacy vengono gestiti separatamente, con una propria revisione — ciò che dicono deve essere esatto, quindi non ricevono lo stesso trattamento provvisorio.","","",""
"help-centre","entries.translation-quality.body[2]","If a sentence reads badly enough to bother you, that's useful to know. And if you're a native speaker of one of 8nOut's languages and would like to help make it better, get in touch — we'd welcome the help.","Se una frase ti disturba abbastanza da volerlo segnalare, è utile saperlo. E se sei madrelingua di una delle lingue di 8nOut e vuoi aiutare a migliorarlo, mettiti in contatto — apprezzeremmo l'aiuto.","","",""
"help-centre","entries.translation-quality.keywords[0]","translation","traduzione","","",""
"help-centre","entries.translation-quality.keywords[1]","translate","tradurre","","",""
"help-centre","entries.translation-quality.keywords[2]","language","lingua","","",""
"help-centre","entries.translation-quality.keywords[3]","native speaker","madrelingua","","",""
"help-centre","entries.translation-quality.keywords[4]","volunteer","volontario","","",""
"help-centre","entries.translation-quality.keywords[5]","quality","qualità","","",""
"help-centre","entries.translation-quality.keywords[6]","help translate","aiutare a tradurre","","",""
"help-centre","entries.translation-quality.keywords[7]","ai","ia","","",""
"help-centre","entries.translation-quality.links[0].label","How do I change the language?","","","",""
"help-centre","entries.translation-quality.links[1].label","Why does the text look garbled or half-translated?","","","",""
"help-centre","entries.signed-in-account.question","Which account am I signed in with?","Con quale account ho effettuato l'accesso?","","",""
"help-centre","entries.signed-in-account.summary","In the iPhone app, Settings shows Signed in with. In the web app it is on the Profile tab. Worth checking if your details look empty.","Nell'app per iPhone, Impostazioni mostra Accesso effettuato con. Nell'app web è nella scheda Profilo. Vale la pena controllarlo se i tuoi dati sembrano vuoti.","","",""
"help-centre","entries.signed-in-account.body[0]","You sign in to 8nOut with Apple or with Google. These are two different accounts, even when both are attached to the same email address.","Accedi a 8nOut con Apple o con Google. Sono due account diversi, anche se entrambi sono collegati allo stesso indirizzo email.","","",""
"help-centre","entries.signed-in-account.body[1]","In the iPhone app, open the Settings tab and look under Account. Signed in with tells you which one you are using. In the web app it is on the Profile tab.","Nell'app per iPhone, apri la scheda Impostazioni e guarda sotto Account. Accesso effettuato con ti dice quale stai usando. Nell'app web è nella scheda Profilo.","","",""
"help-centre","entries.signed-in-account.body[2]","This is worth knowing because of one confusing thing. If you signed in with Google one day and with Apple the next, you are looking at a second, empty account — and right after answering the setup questions that looks as though your name, your town and your club have vanished.","Vale la pena saperlo per via di una cosa che può confondere. Se un giorno hai effettuato l'accesso con Google e il giorno dopo con Apple, stai guardando un secondo account vuoto — e subito dopo aver risposto alle domande iniziali sembra che il tuo nome, la tua città e il tuo club siano scomparsi.","","",""
"help-centre","entries.signed-in-account.body[3]","Nothing is lost. Sign out, sign back in with the one you used the first time, and everything is where you left it.","Non è andato perso nulla. Esci, accedi di nuovo con quello che hai usato la prima volta, e tutto è dove lo avevi lasciato.","","",""
"help-centre","entries.signed-in-account.body[4]","If you are not sure which one you started with, check Signed in with on the device where your details still look right.","Se non sei sicuro di quale hai usato all'inizio, controlla Accesso effettuato con sul dispositivo dove i tuoi dati sembrano ancora giusti.","","",""
"help-centre","entries.signed-in-account.keywords[0]","sign in","accedere","","",""
"help-centre","entries.signed-in-account.keywords[1]","account","account","","",""
"help-centre","entries.signed-in-account.keywords[2]","apple","apple","","",""
"help-centre","entries.signed-in-account.keywords[3]","google","google","","",""
"help-centre","entries.signed-in-account.keywords[4]","empty","vuoto","","",""
"help-centre","entries.signed-in-account.keywords[5]","missing","scomparso","","",""
"help-centre","entries.signed-in-account.keywords[6]","provider","provider","","",""
"help-centre","entries.signed-in-account.keywords[7]","two accounts","due account","","",""
"help-centre","entries.where-the-policies-live.question","Where are the Terms and the Privacy Policy?","Dove trovo i Termini e l'Informativa sulla privacy?","","",""
"help-centre","entries.where-the-policies-live.summary","Both are on 8nout.com, and both are linked at the bottom of this answer. In the iPhone app they are in Settings.","Entrambi sono su 8nout.com, e sono collegati in fondo a questa risposta. Nell'app per iPhone si trovano in Impostazioni.","","",""
"help-centre","entries.where-the-policies-live.body[0]","The Terms of Service and the Privacy Policy are the documents that actually bind us, so we link them rather than summarise them here. A summary can drift from the document it summarises, and then there are two versions of the same promise.","I Termini di Servizio e l'Informativa sulla privacy sono i documenti che ci vincolano davvero, quindi li colleghiamo invece di riassumerli qui. Un riassunto può allontanarsi dal documento che riassume, e a quel punto esistono due versioni della stessa promessa.","","",""
"help-centre","entries.where-the-policies-live.body[1]","In the iPhone app, open the Settings tab and look under Legal. Both are there, each with its version number.","Nell'app per iPhone, apri la scheda Impostazioni e guarda sotto Legale. Entrambi sono lì, ciascuno con il proprio numero di versione.","","",""
"help-centre","entries.where-the-policies-live.body[2]","On the web, both are on 8nout.com, and the links under this answer go straight to them.","Sul web, entrambi si trovano su 8nout.com, e i link in fondo a questa risposta portano direttamente lì.","","",""
"help-centre","entries.where-the-policies-live.body[3]","If you have a question about your own data, the Privacy Policy names the address to write to. It is a different address from general help, so a request about your data does not get lost behind a question about the map.","Se hai una domanda sui tuoi dati, l'Informativa sulla privacy indica l'indirizzo a cui scrivere. È un indirizzo diverso da quello dell'assistenza generale, così che una richiesta sui tuoi dati non si perda dietro una domanda sulla mappa.","","",""
"help-centre","entries.where-the-policies-live.keywords[0]","terms","termini","","",""
"help-centre","entries.where-the-policies-live.keywords[1]","privacy","privacy","","",""
"help-centre","entries.where-the-policies-live.keywords[2]","policy","informativa","","",""
"help-centre","entries.where-the-policies-live.keywords[3]","legal","legale","","",""
"help-centre","entries.where-the-policies-live.keywords[4]","data","dati","","",""
"help-centre","entries.where-the-policies-live.keywords[5]","gdpr","gdpr","","",""
"help-centre","entries.where-the-policies-live.keywords[6]","rights","diritti","","",""
"help-centre","entries.where-the-policies-live.links[0].label","Privacy Policy","","","",""
"help-centre","entries.where-the-policies-live.links[1].label","Terms of Service","","","",""
"help-centre","entries.appearing-as-former-member.question","I left a City Ladder — can I still change how my name appears on past boards?","Ho lasciato una City Ladder — posso ancora cambiare come appare il mio nome nelle classifiche passate?","","",""
"help-centre","entries.appearing-as-former-member.summary","Yes, any time. From your Profile, choose to appear as Former member instead of your name on past-season City Ladder boards. Your position and rating for that season aren't touched — only the name next to them changes.","Sì, in qualsiasi momento. Dal tuo Profilo, scegli di apparire come Ex membro al posto del tuo nome nelle classifiche City Ladder delle stagioni passate. La tua posizione e il tuo rating per quella stagione non vengono toccati — cambia solo il nome accanto a essi.","","",""
"help-centre","entries.appearing-as-former-member.body[0]","A City Ladder season is saved once it closes, and if you were ranked in it your name stays on that saved board. Leaving the ladder doesn't take your name off a season that has already been recorded.","Una stagione della City Ladder viene salvata quando si chiude, e se eri classificato, il tuo nome resta su quella classifica salvata. Lasciare la scala non toglie il tuo nome da una stagione già registrata.","","",""
"help-centre","entries.appearing-as-former-member.body[1]","You can change that from your Profile. If you have a season saved under your name, you'll see a line telling you so, with a button: How my name appears in past seasons. It's there whether or not you're still on the ladder.","Puoi cambiarlo dal tuo Profilo. Se hai una stagione salvata con il tuo nome, vedrai una riga che te lo dice, con un pulsante: Come appare il mio nome nelle stagioni passate. È lì che tu sia ancora nella scala oppure no.","","",""
"help-centre","entries.appearing-as-former-member.body[2]","Choose it, and those saved boards show you as Former member instead of your name from then on. Your position and rating for that season aren't touched — only the name next to them changes.","Scegli l'opzione, e da quel momento quelle classifiche salvate ti mostreranno come Ex membro invece del tuo nome. La tua posizione e il tuo rating per quella stagione non vengono toccati — cambia solo il nome accanto a essi.","","",""
"help-centre","entries.appearing-as-former-member.body[3]","You can do this whenever suits you, right when you leave or long afterwards. It's a separate choice from leaving itself: a member still on the ladder who wants an older season de-identified can use the same control from the board screen, without quitting.","Puoi farlo quando ti fa comodo, subito dopo aver lasciato o molto più tardi. È una scelta separata dal lasciare in sé: un membro ancora nella scala che vuole de-identificare una stagione più vecchia può usare lo stesso controllo dalla schermata della classifica, senza uscire.","","",""
"help-centre","entries.appearing-as-former-member.keywords[0]","city ladder","city ladder","","",""
"help-centre","entries.appearing-as-former-member.keywords[1]","former member","ex membro","","",""
"help-centre","entries.appearing-as-former-member.keywords[2]","past season","stagione passata","","",""
"help-centre","entries.appearing-as-former-member.keywords[3]","archive","archivio","","",""
"help-centre","entries.appearing-as-former-member.keywords[4]","name","nome","","",""
"help-centre","entries.appearing-as-former-member.keywords[5]","leaving the ladder","lasciare la scala","","",""
"help-centre","entries.appearing-as-former-member.keywords[6]","de-identify","de-identificare","","",""
"help-centre","entries.appearing-as-former-member.links[0].label","What happens to old seasons, and can I leave the ladder?","","","",""
"help-centre","entries.joining-the-ladder.question","What is the City Ladder, and how do I join one?","","","",""
"help-centre","entries.joining-the-ladder.summary","A rating that moves with your results, shared with everyone playing in your own city. Join if you're in that city and have an approved club there.","","","",""
"help-centre","entries.joining-the-ladder.body[0]","The City Ladder is a running rating for everyone playing in your city. Play a match against another member and it moves — win and you climb, lose and you drop — and there's a shared board showing where everyone in your city currently stands.","","","",""
"help-centre","entries.joining-the-ladder.body[1]","Joining is opt-in, and you can only be on one city's ladder at a time — the city on your own profile. You'll also need an approved club there; a club still waiting on review doesn't count yet, so if joining isn't showing as an option, that's the first thing worth checking.","","","",""
"help-centre","entries.joining-the-ladder.body[2]","Not every city has a ladder running yet. Open the ladder card on your profile and 8nOut tells you which cities do — if yours isn't one of them yet, that's all it will say for now.","","","",""
"help-centre","entries.joining-the-ladder.body[3]","You join, and leave, from your own profile, whenever you like. None of it touches your match record, your clubs or your account — it's the ladder itself that changes, nothing else.","","","",""
"help-centre","entries.joining-the-ladder.keywords[0]","city ladder","","","",""
"help-centre","entries.joining-the-ladder.keywords[1]","ladder","","","",""
"help-centre","entries.joining-the-ladder.keywords[2]","join","","","",""
"help-centre","entries.joining-the-ladder.keywords[3]","rating","","","",""
"help-centre","entries.joining-the-ladder.keywords[4]","standings","","","",""
"help-centre","entries.joining-the-ladder.keywords[5]","board","","","",""
"help-centre","entries.joining-the-ladder.keywords[6]","approved club","","","",""
"help-centre","entries.joining-the-ladder.keywords[7]","opt-in","","","",""
"help-centre","entries.joining-the-ladder.keywords[8]","rank","","","",""
"help-centre","entries.joining-the-ladder.links[0].label","How does my ladder rating work?","","","",""
"help-centre","entries.joining-the-ladder.links[1].label","Who can see the ladder standings?","","","",""
"help-centre","entries.joining-the-ladder.links[2].label","My club is not on the map","","","",""
"help-centre","entries.ladder-rating.question","How does my ladder rating work?","","","",""
"help-centre","entries.ladder-rating.summary","It's a rating that moves with your results, not a running score. Win and it climbs, lose and it drops — more for a bigger upset.","","","",""
"help-centre","entries.ladder-rating.body[0]","Everyone starts at the same rating: 1500. From there, it moves with your results against other members of your own city's ladder — up when you win, down when you lose. It's a rating rather than a points total, so there's nothing to build up and nothing that resets partway through.","","","",""
"help-centre","entries.ladder-rating.body[1]","The size of the move depends on who you're playing. Beating someone rated well above you moves your rating more than beating someone close to your own level, and losing to someone rated well below you costs more than losing to someone near you.","","","",""
"help-centre","entries.ladder-rating.body[2]","It also settles down the more you play. Your rating moves quickly across your first several matches while it finds your level, then more gently once it has.","","","",""
"help-centre","entries.ladder-rating.body[3]","Any match you log with another member of your own city's ladder counts — logged by hand, from a live scoreboard, or imported from CueScore, it makes no difference which. A match against someone not on your city's ladder doesn't move your rating either way.","","","",""
"help-centre","entries.ladder-rating.keywords[0]","rating","","","",""
"help-centre","entries.ladder-rating.keywords[1]","ladder rating","","","",""
"help-centre","entries.ladder-rating.keywords[2]","elo","","","",""
"help-centre","entries.ladder-rating.keywords[3]","how it works","","","",""
"help-centre","entries.ladder-rating.keywords[4]","climb","","","",""
"help-centre","entries.ladder-rating.keywords[5]","1500","","","",""
"help-centre","entries.ladder-rating.keywords[6]","starting rating","","","",""
"help-centre","entries.ladder-rating.links[0].label","What is the City Ladder, and how do I join one?","","","",""
"help-centre","entries.ladder-rating.links[1].label","Recording a game you played in person","","","",""
"help-centre","entries.ladder-rating.links[2].label","Adding a match I played on CueScore","","","",""
"help-centre","entries.ladder-standings.question","Who can see the ladder standings, and what happens if I stop playing?","","","",""
"help-centre","entries.ladder-standings.summary","Only members of your own city's ladder — rank, name, rating and when you last played — nothing more than that, and no way to challenge or message anyone from the board itself.","","","",""
"help-centre","entries.ladder-standings.body[0]","The standings board is visible to members of your own city's ladder — nobody outside it, and no other city's board. What it shows is rank, name, rating and when you last played — nothing more than that.","","","",""
"help-centre","entries.ladder-standings.body[1]","You can't challenge or message anyone from the board itself — tapping a row does nothing, on purpose. That's also why blocking someone doesn't take them off your city's board: the board doesn't check blocks, because there's no way to reach anyone from it in the first place. Everywhere else in 8nOut — messaging, connecting, challenges — blocking works exactly as you'd expect.","","","",""
"help-centre","entries.ladder-standings.body[2]","You'll be in one of three positions. Ranked and on the board, if you've played recently. Joined but not yet ranked, if you haven't logged your first match yet — play one with another member here and you'll appear. Or off the board for now, if it's been a while: 60 days without a logged match is what moves you off it.","","","",""
"help-centre","entries.ladder-standings.body[3]","Going quiet doesn't cost you anything. Your rating stays exactly where it was for as long as you're off the board, and one logged match puts you straight back at that same rating. Either way, you can always see your own current rating on your own profile, even while you're hidden from everyone else's view of the board.","","","",""
"help-centre","entries.ladder-standings.keywords[0]","standings","","","",""
"help-centre","entries.ladder-standings.keywords[1]","board","","","",""
"help-centre","entries.ladder-standings.keywords[2]","who can see","","","",""
"help-centre","entries.ladder-standings.keywords[3]","ranked","","","",""
"help-centre","entries.ladder-standings.keywords[4]","not ranked yet","","","",""
"help-centre","entries.ladder-standings.keywords[5]","off the board","","","",""
"help-centre","entries.ladder-standings.keywords[6]","60 days","","","",""
"help-centre","entries.ladder-standings.keywords[7]","avatar","","","",""
"help-centre","entries.ladder-standings.keywords[8]","block","","","",""
"help-centre","entries.ladder-standings.keywords[9]","challenge from board","","","",""
"help-centre","entries.ladder-standings.links[0].label","What is the City Ladder, and how do I join one?","","","",""
"help-centre","entries.ladder-standings.links[1].label","Why do I have to connect first?","","","",""
"help-centre","entries.ladder-seasons.question","What happens to old seasons, and can I leave the ladder?","","","",""
"help-centre","entries.ladder-seasons.summary","Season boards are saved permanently, with your name on them — even after you leave. There's a Former member option if you'd rather your name wasn't there.","","","",""
"help-centre","entries.ladder-seasons.body[0]","A season is a stretch of time on the ladder. When one ends, that moment's standings are saved as a permanent record — a picture of exactly how the board stood. Your rating itself doesn't reset: it keeps moving straight into the next season, uninterrupted.","","","",""
"help-centre","entries.ladder-seasons.body[1]","Season archives are kept for good. There's no cut-off where old boards disappear, and that stays true even after you leave the ladder yourself. If someone is removed from a season's record, their spot is left empty rather than closed up, so nobody else's placing quietly shifts.","","","",""
"help-centre","entries.ladder-seasons.body[2]","If you'd rather your name wasn't attached to those old boards going forward, you can switch on Show me as ""Former member"" — either on the leave screen when you leave, or any time before that from the board screen. It replaces your name on every past season's standings without touching the ranks or ratings themselves, and it's off by default. The switch only works while you're still on the ladder, though — once you've left, it's no longer there to tap. Already left? Email privacy@8nout.com and we'll switch it on for you, free, without you needing to rejoin the ladder or delete your account.","","","",""
"help-centre","entries.ladder-seasons.body[3]","Leaving the ladder itself is simple, and separate from all of that. Come off it from your profile and your rating stops moving — it isn't kept, so if you join again later you start over at 1500, the same as any new member. None of this touches your match record, your clubs or your account.","","","",""
"help-centre","entries.ladder-seasons.keywords[0]","season","","","",""
"help-centre","entries.ladder-seasons.keywords[1]","archive","","","",""
"help-centre","entries.ladder-seasons.keywords[2]","leave","","","",""
"help-centre","entries.ladder-seasons.keywords[3]","leaving ladder","","","",""
"help-centre","entries.ladder-seasons.keywords[4]","former member","","","",""
"help-centre","entries.ladder-seasons.keywords[5]","rating reset","","","",""
"help-centre","entries.ladder-seasons.keywords[6]","1500","","","",""
"help-centre","entries.ladder-seasons.keywords[7]","history","","","",""
"help-centre","entries.ladder-seasons.keywords[8]","permanent","","","",""
"help-centre","entries.ladder-seasons.links[0].label","What is the City Ladder, and how do I join one?","","","",""
"help-centre","entries.ladder-seasons.links[1].label","How does my ladder rating work?","","","",""
"help-centre","entries.ladder-seasons.links[2].label","I left a City Ladder — can I still change how my name appears on past boards?","","","",""
"help-centre","entries.exporting-the-board.question","Can I print or share the ladder board?","","","",""
"help-centre","entries.exporting-the-board.summary","You can export a dated snapshot to print or put up at your club. It's not a live link — it's a picture of the board at that moment, and it won't update.","","","",""
"help-centre","entries.exporting-the-board.body[0]","Any member of the ladder can export the standings board — including to print and put up on a noticeboard at a club. It's worth knowing that before you join: your name and position could end up on a printed sheet somewhere, the same as they're already on the board itself.","","","",""
"help-centre","entries.exporting-the-board.body[1]","What you get is called Export the board, not Share, because there isn't a link. It's a dated snapshot: rank, name and rating, exactly as the board stood when you exported it. Last-played dates are left off, and so is anything you hadn't loaded on screen yet — if you want the whole board on the sheet, tap Show more until you reach the bottom, then export. Once it's exported it doesn't update — a stamp on it says as of when, and points back to the app for the current standings.","","","",""
"help-centre","entries.exporting-the-board.body[2]","There's no shareable link on it. On the iPhone app it opens the normal share sheet as an image; on the web app it uses your browser's own print dialog. Either way, whoever you hand it to sees that one moment, nothing more.","","","",""
"help-centre","entries.exporting-the-board.keywords[0]","export","","","",""
"help-centre","entries.exporting-the-board.keywords[1]","print","","","",""
"help-centre","entries.exporting-the-board.keywords[2]","share board","","","",""
"help-centre","entries.exporting-the-board.keywords[3]","printable","","","",""
"help-centre","entries.exporting-the-board.keywords[4]","noticeboard","","","",""
"help-centre","entries.exporting-the-board.keywords[5]","snapshot","","","",""
"help-centre","entries.exporting-the-board.keywords[6]","qr code","","","",""
"help-centre","entries.exporting-the-board.keywords[7]","link","","","",""
"help-centre","entries.exporting-the-board.links[0].label","What is the City Ladder, and how do I join one?","","","",""
"help-centre","entries.exporting-the-board.links[1].label","Who can see the ladder standings?","","","",""
"help-centre","entries.live-scoreboard.question","What is the live scoreboard?","","","",""
"help-centre","entries.live-scoreboard.summary","A real-time, rack-by-rack score tracker for a match between two connected players. Start one from an accepted challenge, a connection's profile, or their pin on the map — tap who breaks first and you're straight into it.","","","",""
"help-centre","entries.live-scoreboard.body[0]","The live scoreboard tracks a One Pocket match rack by rack, in real time, between two connected players. One of you keeps score as you play; you both watch the same board update on your own phone.","","","",""
"help-centre","entries.live-scoreboard.body[1]","You can start one from an accepted challenge in the Challenges tab, from a connection's own profile, or from their pin on the map — the same button in all three places. Either way you need to already be connected, the same rule as everywhere else in 8nOut.","","","",""
"help-centre","entries.live-scoreboard.body[2]","Setting one up takes a few quick taps: how many racks you're racing to, how the break works, and where you're playing if you want to note it. The last step is who breaks first — tap your name, tap theirs, or ask 8nOut to flip for you. There's no separate Start button: picking who breaks first is what starts the match, straight away.","","","",""
"help-centre","entries.live-scoreboard.body[3]","While you're playing, Point adds a rack to whoever's turn it currently shows, and Opp. pt adds one to the other player. Foul takes a point away from whoever's turn it is, and it can carry on below zero if they're already on none. If the turn is ever showing the wrong player, Switch corrects it — Point and Opp. pt immediately follow whichever name is highlighted after that. Undo takes back your last tap.","","","",""
"help-centre","entries.live-scoreboard.body[4]","Timeout pauses the match without ending it — for a real break in play, not something you need to remember to use. Tap it and the board shows paused for both of you; tap Resume when you're ready to carry on.","","","",""
"help-centre","entries.live-scoreboard.body[5]","Nothing lives only on your phone. Every point is saved the moment it's tapped in, so backgrounding the app, or being interrupted mid-game, loses nothing — open 8nOut again and the board is exactly where you left it. If you close the scoreboard screen itself rather than just switching apps, the match keeps running: go back to the same challenge, connection or map pin and you'll see Rejoin the live scoreboard instead of Start.","","","",""
"help-centre","entries.live-scoreboard.body[6]","Whoever's keeping score finishes the match and confirms the winner. It then sits in both your records, with the rack-by-rack detail behind it — visible only to the two of you, never anyone else. Nothing is added to either record unless the match is actually finished; a scoreboard that's started but never played, or drifts stale, doesn't hang around forever — see the Privacy Policy for exactly how long.","","","",""
"help-centre","entries.live-scoreboard.keywords[0]","live scoreboard","","","",""
"help-centre","entries.live-scoreboard.keywords[1]","scoreboard","","","",""
"help-centre","entries.live-scoreboard.keywords[2]","score","","","",""
"help-centre","entries.live-scoreboard.keywords[3]","live","","","",""
"help-centre","entries.live-scoreboard.keywords[4]","timeout","","","",""
"help-centre","entries.live-scoreboard.keywords[5]","rack","","","",""
"help-centre","entries.live-scoreboard.keywords[6]","race to","","","",""
"help-centre","entries.live-scoreboard.keywords[7]","who breaks first","","","",""
"help-centre","entries.live-scoreboard.keywords[8]","point","","","",""
"help-centre","entries.live-scoreboard.keywords[9]","opp pt","","","",""
"help-centre","entries.live-scoreboard.keywords[10]","foul","","","",""
"help-centre","entries.live-scoreboard.keywords[11]","switch turn","","","",""
"help-centre","entries.live-scoreboard.keywords[12]","undo","","","",""
"help-centre","entries.live-scoreboard.keywords[13]","challenge","","","",""
"help-centre","entries.live-scoreboard.keywords[14]","connection profile","","","",""
"help-centre","entries.live-scoreboard.keywords[15]","map pin","","","",""
"help-centre","entries.live-scoreboard.links[0].label","Why do I have to connect first?","","","",""
"help-centre","entries.live-scoreboard.links[1].label","Recording a game you played in person","","","",""
"help-centre","entries.live-scoreboard.links[2].label","Privacy Policy","","","",""
