"surface","key","english_source","current_translation","suggested_translation","placeholders","notes"
"web-app","common.loading","Loading…","Laster…","","",""
"web-app","common.cancel","Cancel","Avbryt","","",""
"web-app","common.save","Save","Lagre","","",""
"web-app","common.close","Close","Lukk","","",""
"web-app","common.done","Done","Ferdig","","",""
"web-app","common.connect","Connect","Koble til","","",""
"web-app","common.edit","Edit","Rediger","","",""
"web-app","common.remove","Remove","Fjern","","",""
"web-app","common.tryAgain","Try again","Prøv igjen","","",""
"web-app","common.actionFailed","Couldn't do that right now. Try again.","Klarte ikke å gjøre det akkurat nå. Prøv igjen.","","",""
"web-app","common.retry","Retry","Prøv igjen","","",""
"web-app","common.sending","Sending…","Sender…","","",""
"web-app","common.opening","Opening…","Åpner…","","",""
"web-app","common.working","Working…","Jobber…","","",""
"web-app","common.signOut","Sign out","Logg ut","","",""
"web-app","common.decline","Decline","Avslå","","",""
"web-app","common.accept","Accept","Godta","","",""
"web-app","common.navigate","Navigate →","Naviger →","","",""
"web-app","common.player","Player","Spiller","","",""
"web-app","common.club","Club","Klubb","","",""
"web-app","common.unknownPlayer","Unknown player","Ukjent spiller","","",""
"web-app","common.homeTable","Home table","Hjemmebord","","",""
"web-app","common.new","New","","","",""
"web-app","common.you"," (You)"," (Deg)","","",""
"web-app","common.matchesNoun.one","match","kamp","","",""
"web-app","common.matchesNoun.other","matches","kamper","","",""
"web-app","common.matchLabel.one","Match","Kamp","","",""
"web-app","common.matchLabel.other","Matches","Kamper","","",""
"web-app","status.readyToPlay","Ready to play","Klar for spill","","",""
"web-app","status.openToPlay","Open to play","Klar for spill","","",""
"web-app","status.won","Won","Vunnet","","",""
"web-app","status.lost","Lost","Tapt","","",""
"web-app","legal.terms","Terms of Service","Bruksvilkår","","",""
"web-app","legal.privacy","Privacy Policy","Personvernerklæring","","",""
"web-app","legal.heading","Legal","Juridisk","","",""
"web-app","legal.agreedVersions","You agreed to these versions when you signed in.","Du godtok disse versjonene da du logget inn.","","",""
"web-app","consent.agree","I have read and agree to the","Jeg godtar","","",""
"web-app","consent.and","and","og","","",""
"web-app","consent.age","I confirm I am at least {age} years old.","Jeg bekrefter at jeg er minst {age} år gammel.","","{age}",""
"web-app","tabs.map","Map","Kart","","",""
"web-app","tabs.connections","Connections","Kontakter","","",""
"web-app","tabs.challenges","Challenges","Utfordringer","","",""
"web-app","tabs.profile","Profile","Profil","","",""
"web-app","home.tagline","Find and challenge One Pocket players near you.","Finn One Pocket-spillere i nærheten – og utfordre dem.","","",""
"web-app","home.pitch","The map shows One Pocket clubs across Europe. Players connect, get invited, and arrange games in the app — see you at the table.","Kartet viser One Pocket-klubber over hele Europa. Spillere kobler seg sammen, inviterer hverandre og avtaler spill i appen — vi ses ved bordet.","","",""
"web-app","home.getAppSub","Connect with players near you, set up a game, and track your record.","","","",""
"web-app","home.privacy","Privacy","Personvern","","",""
"web-app","home.legalContact","Legal contact","","","",""
"web-app","home.blog","Blog","Blogg","","",""
"web-app","legal.contactPoints","Legal contact points","","","",""
"web-app","home.mapData","Map data ©","Kartdata ©","","",""
"web-app","home.osm","OpenStreetMap","OpenStreetMap","","",""
"web-app","home.contributors","contributors","bidragsytere","","",""
"web-app","home.followFacebook","8nOut on Facebook","8nOut på Facebook","","",""
"web-app","home.followYouTube","8nOut on YouTube","8nOut på YouTube","","",""
"web-app","venueMap.loading","Loading clubs…","Laster klubber…","","",""
"web-app","venueMap.error","Couldn't load the club map right now — try again in a bit.","Får ikke lastet klubbkartet akkurat nå — prøv igjen om litt.","","",""
"web-app","venueMap.poolClub","Pool club","Biljardklubb","","",""
"web-app","venueMap.resetView","Reset map view","Nullstill kartvisning","","",""
"web-app","signin.heading","Find and challenge One Pocket players near you.","Finn One Pocket-spillere i nærheten – og utfordre dem.","","",""
"web-app","signin.google","Continue with Google","Fortsett med Google","","",""
"web-app","signin.apple","Continue with Apple","Fortsett med Apple","","",""
"web-app","legalGate.title","One more thing","Én ting til","","",""
"web-app","legalGate.body","We've updated our Terms of Service and Privacy Policy. Please review and agree to continue using 8nOut.","Vi har oppdatert Vilkår for bruk og Personvernerklæringen. Les gjennom og godta for å fortsette å bruke 8nOut.","","",""
"web-app","legalGate.saving","Saving…","Lagrer…","","",""
"web-app","legalGate.agree","Agree and continue","Godta og fortsett","","",""
"web-app","legalGate.errSave","Couldn't save your agreement. Please try again.","Klarte ikke å lagre samtykket. Prøv igjen.","","",""
"web-app","legalGate.errVerify","Couldn't verify your agreement. Please try again.","Klarte ikke å bekrefte samtykket. Prøv igjen.","","",""
"web-app","legalGate.errGeneric","Something went wrong recording your agreement. Please try again.","Noe gikk galt da samtykket skulle registreres. Prøv igjen.","","",""
"web-app","onboarding.title","Welcome — link your CueScore profile","Velkommen — koble til CueScore-profilen din","","",""
"web-app","onboarding.body","Pull in your name and photo so other One Pocket players recognise you. You can always do this later in Profile.","Hent inn navn og bilde så andre One Pocket-spillere kjenner deg igjen. Du kan også gjøre dette senere i profilen.","","",""
"web-app","onboarding.field","CueScore player ID or profile link","CueScore-spiller-ID eller profillenke","","",""
"web-app","onboarding.placeholder","1161837 or cuescore.com/player/…","1161837 eller cuescore.com/player/…","","",""
"web-app","onboarding.skip","Skip for now","Hopp over nå","","",""
"web-app","onboarding.linking","Linking…","Kobler til…","","",""
"web-app","onboarding.link","Link CueScore","Koble til CueScore","","",""
"web-app","install.cta","Install 8nOut for one-tap access","Installer 8nOut for tilgang med ett trykk","","",""
"web-app","install.add","Add to Home Screen","Legg til på Hjemme-skjerm","","",""
"web-app","install.dismiss","Dismiss","Ikke nå","","",""
"web-app","install.iosHint","Install: tap the Share icon, then “Add to Home Screen.”","Installer: trykk på Del-ikonet og deretter «Legg til på Hjem-skjerm».","","",""
"web-app","getApp.betaLineTop","Try the beta on","","","",""
"web-app","getApp.betaBrand","TestFlight","","","",""
"web-app","getApp.betaAria","Join the 8nOut beta on TestFlight","","","",""
"web-app","getApp.appStoreAria","Download 8nOut on the App Store","","","",""
"web-app","getApp.openWebApp","Open the web app","","","",""
"web-app","getApp.installPwa","Install 8nOut","","","",""
"web-app","getApp.qrHint","Scan to get it on your phone","","","",""
"web-app","getApp.chipTitle","Get 8nOut on iPhone","","","",""
"web-app","getApp.chipSubBeta","One-tap invites & game alerts","","","",""
"web-app","getApp.chipSubLaunch","Free on the App Store","","","",""
"web-app","getApp.chipCta","Get","","","",""
"web-app","getApp.chipDismiss","Dismiss","","","",""
"web-app","map.allCountries","All countries","Alle land","","",""
"web-app","map.allCities","All cities","Alle byer","","",""
"web-app","map.viewClub","{name} — view club","{name} — se klubb","","{name}",""
"web-app","map.letsConnect","Let's connect","La oss koble oss sammen","","",""
"web-app","map.playersHere","Players here","Spillere her","","",""
"web-app","map.rosterEmpty","Players who add this club appear here.","Spillere som legger til denne klubben, vises her.","","",""
"web-app","map.rosterFailed","Couldn't load who's here.","","","",""
"web-app","map.reportVenue","Report venue","","","",""
"web-app","map.venueReported","Thanks — we'll review this venue.","","","",""
"web-app","connections.title","Connections","Kontakter","","",""
"web-app","connections.searchPlaceholder","Find players by name","Finn spillere på navn","","",""
"web-app","connections.connected","Connected","Tilkoblet","","",""
"web-app","connections.requested","Requested","Forespurt","","",""
"web-app","connections.respond","Respond","Svar","","",""
"web-app","connections.requests","Requests","Forespørsler","","",""
"web-app","connections.connectedHeading","Connected","Tilkoblet","","",""
"web-app","connections.empty","No connections yet. Find players on the map.","Ingen kontakter ennå. Finn spillere på kartet.","","",""
"web-app","connections.invite","Invite to play","Inviter til spill","","",""
"web-app","connections.inviteTitle","Invite {name} to play","Inviter {name} til spill","","{name}",""
"web-app","connections.sendInvite","Send invite","Send invitasjon","","",""
"web-app","connections.inviteSent","Invite sent.","Invitasjon sendt.","","",""
"web-app","connections.requestSent","Request sent.","Forespørsel sendt.","","",""
"web-app","connections.requestFailed","Couldn't send the request. Try again.","","","",""
"web-app","connections.recordLabel","Record:","Statistikk:","","",""
"web-app","connections.h2h","Head-to-head with you","Innbyrdes mot deg","","",""
"web-app","connections.h2hSub","{count} {noun} · last played {date}","{count} {noun} · sist spilt {date}","","{count}; {date}; {noun}",""
"web-app","connections.fargoLabel","Fargo Rating:","Fargo Rating:","","",""
"web-app","connections.verify","Verify","Sjekk","","",""
"web-app","search.title","Find players","Finn spillere","","",""
"web-app","search.morePlayers","More players","Flere spillere","","",""
"web-app","search.noMatch","No players match ""{q}""","Fant ingen spillere for «{q}»","","{q}",""
"web-app","search.noMatchSub","Check the spelling, or invite them with your connect code.","Sjekk stavemåten, eller inviter dem med tilkoblingskoden din.","","",""
"web-app","search.loadError","Couldn't load players","Kunne ikke laste spillere","","",""
"web-app","search.loadErrorSub","Check your connection and try again.","Sjekk internettforbindelsen din og prøv igjen.","","",""
"web-app","search.showMyCode","Show my connect code","Vis tilkoblingskoden min","","",""
"web-app","h2h.youLead","You lead {a}–{b}","Du leder {a}–{b}","","{a}; {b}",""
"web-app","h2h.theyLead","{name} leads {a}–{b}","{name} leder {a}–{b}","","{a}; {b}; {name}",""
"web-app","h2h.allSquare","All square, {a}–{b}","Likt, {a}–{b}","","{a}; {b}",""
"web-app","cuescore.viewProfile","View CueScore profile","Se CueScore-profil","","",""
"web-app","cuescore.heading","CueScore","CueScore","","",""
"web-app","cuescore.linkedCaption","Your CueScore profile is linked.","CueScore-profilen din er tilknyttet.","","",""
"web-app","cuescore.linkCaption","Link your CueScore profile to bring across your name and photo.","Koble til CueScore-profilen din for å hente inn navn og bilde.","","",""
"web-app","cuescore.unlink","Unlink CueScore profile","Koble fra CueScore-profilen","","",""
"web-app","cuescore.unlinkTitle","Unlink your CueScore profile?","Koble fra CueScore-profilen din?","","",""
"web-app","cuescore.unlinkConfirm","Unlink","Koble fra","","",""
"web-app","cuescore.unlinkError","Couldn't unlink right now. Try again.","Klarte ikke å koble fra akkurat nå. Prøv igjen.","","",""
"web-app","cuescore.errorInvalidInput","That doesn't look like a CueScore player ID or profile link.","Dette ser ikke ut som en CueScore-spiller-ID eller profillenke.","","",""
"web-app","cuescore.errorNotFound","No CueScore player found with that ID or profile link.","Fant ingen CueScore-spiller med den ID-en eller profillenken.","","",""
"web-app","cuescore.errorAlreadyLinked","That CueScore profile is already linked to another 8nOut account.","Denne CueScore-profilen er allerede koblet til en annen 8nOut-konto.","","",""
"web-app","cuescore.errorFailed","Couldn't link right now. Try again.","Klarte ikke å koble til akkurat nå. Prøv igjen.","","",""
"web-app","plays.at","Plays at","Spiller i","","",""
"web-app","contact.heading","Contact","Kontakt","","",""
"web-app","contact.call","Call {phone}","Ring {phone}","","{phone}",""
"web-app","contact.onlyConnections","Only visible to accepted connections.","Bare synlig for godkjente kontakter.","","",""
"web-app","contact.phoneLabel","Phone","Telefon","","",""
"web-app","contact.phoneHelp","For players who'd rather call or text. Shown only to accepted connections.","For spillere som heller vil ringe eller sende melding. Vises bare for godkjente kontakter.","","",""
"web-app","contact.ownNumber","This is my own phone number","Dette er mitt eget telefonnummer","","",""
"web-app","contact.visibilityHelp","Visible only to players whose connection you've accepted — never on your public profile or the website.","Bare synlig for spillere du har godkjent kontakt med — aldri på den offentlige profilen din eller nettstedet.","","",""
"web-app","contact.errSave","Couldn't save contact.","Klarte ikke å lagre kontaktinfo.","","",""
"web-app","schedule.today","Today","I dag","","",""
"web-app","schedule.now","Now","Nå","","",""
"web-app","schedule.option1","Option 1","Alternativ 1","","",""
"web-app","schedule.option2","Option 2","Alternativ 2","","",""
"web-app","schedule.addSecond","+ Add a second option","+ Legg til et alternativ til","","",""
"web-app","schedule.place","Place","Sted","","",""
"web-app","schedule.decideLater","Decide later","Bestem senere","","",""
"web-app","schedule.errPickTime","Pick at least one time.","Velg minst ett tidspunkt.","","",""
"web-app","challenges.title","Challenges","Utfordringer","","",""
"web-app","challenges.needsResponse","Needs your response","Venter på svar fra deg","","",""
"web-app","challenges.pickTimeSuffix","— pick a time","— velg tidspunkt","","",""
"web-app","challenges.acceptAt","Accept: {time}","Godta: {time}","","{time}",""
"web-app","challenges.suggestAnother","Suggest another time","Foreslå et annet tidspunkt","","",""
"web-app","challenges.waitingReply","Waiting for a reply","Venter på svar","","",""
"web-app","challenges.waitingFor","Waiting for {name} to reply","Venter på svar fra {name}","","{name}",""
"web-app","challenges.answered","Answered","Besvart","","",""
"web-app","challenges.resultPrompt","Did this game happen?","Ble denne kampen spilt?","","",""
"web-app","challenges.didntHappen","Didn't happen","Ble ikke spilt","","",""
"web-app","challenges.dismissBody","This deletes the game for both of you. Nothing is logged.","Dette sletter kampen for dere begge. Ingenting blir registrert.","","",""
"web-app","challenges.dismissConfirm","Delete game","Slett kampen","","",""
"web-app","challenges.withdraw","Withdraw invite","Trekk invitasjonen tilbake","","",""
"web-app","challenges.status.accepted","Accepted","Godtatt","","",""
"web-app","challenges.status.declined","Declined","Avslått","","",""
"web-app","challenges.status.expired","Expired","Utløpt","","",""
"web-app","challenges.empty","No active challenges yet. Invite a connection to play.","Ingen aktive utfordringer ennå. Inviter en kontakt til spill.","","",""
"web-app","challenges.lastPlayed","Last played","Sist spilt","","",""
"web-app","challenges.addCalendar","Add to calendar","Legg til i kalender","","",""
"web-app","challenges.googleCalendar","Google Calendar","Google Kalender","","",""
"web-app","challenges.counterTitle","Suggest another time to {name}","Foreslå et annet tidspunkt til {name}","","{name}",""
"web-app","challenges.send","Send","Send","","",""
"web-app","challenges.hide","Hide invite","Skjul invitasjonen","","",""
"web-app","challenges.unhide","Unhide","Vis igjen","","",""
"web-app","challenges.hiddenCount","Hidden ({count})","Skjult ({count})","","{count}",""
"web-app","challenges.hiddenNote","A hidden invite disappears on its own after a few days.","En skjult invitasjon forsvinner av seg selv etter noen dager.","","",""
"web-app","record.heading","Record","Statistikk","","",""
"web-app","record.recordLabel","Record","Statistikk","","",""
"web-app","record.showLess","Show less","Vis mindre","","",""
"web-app","record.seeAll","See all →","Se alle →","","",""
"web-app","record.form","Form","Form","","",""
"web-app","record.last5","Last 5","Siste 5","","",""
"web-app","record.winRate","Win rate","Seiersprosent","","",""
"web-app","record.winRateAria","Win rate {pct} percent","Seiersprosent {pct} prosent","","{pct}",""
"web-app","record.formAria","Last {count}, oldest to newest: {list}","Siste {count}, eldst til nyest: {list}","","{count}; {list}",""
"web-app","record.matchCountFull.one","1 match","1 kamp","","",""
"web-app","record.matchCountFull.other","{count} matches","{count} kamper","","{count}",""
"web-app","record.wonLast","Won your last {count}","Vunnet de siste {count}","","{count}",""
"web-app","record.lastPlayed","Last played {date}","Sist spilt {date}","","{date}",""
"web-app","record.lastPlayedSep"," · last played {date}"," · sist spilt {date}","","{date}",""
"web-app","record.viaCueScore","via CueScore","via CueScore","","",""
"web-app","record.youWon","You won","Du vant","","",""
"web-app","record.youLost","You lost","Du tapte","","",""
"web-app","record.oppWon","{name} won","{name} vant","","{name}",""
"web-app","record.logResult","Log result","Registrer resultat","","",""
"web-app","record.whoWon","Who won?","Hvem vant?","","",""
"web-app","record.yourScore","Your score (optional)","Din score (valgfritt)","","",""
"web-app","record.oppScore","{name}'s score","Scoren til {name}","","{name}",""
"web-app","record.importTitle","Import a CueScore match","Importer en CueScore-kamp","","",""
"web-app","record.matchImported","Match imported","Kamp importert","","",""
"web-app","record.matchLinkLabel","CueScore match link","CueScore-kamplenke","","",""
"web-app","record.matchLinkPlaceholder","…/match/?matchId=…","…/match/?matchId=…","","",""
"web-app","record.lookingUp","Looking up…","Slår opp…","","",""
"web-app","record.lookUp","Look up match","Slå opp kamp","","",""
"web-app","record.notYourMatch","This match isn't linked to your CueScore profile — you can only import your own matches.","Denne kampen er ikke koblet til CueScore-profilen din — du kan bare importere dine egne kamper.","","",""
"web-app","record.vsPrefix","vs","mot","","",""
"web-app","record.tableLabel","Table","Bord","","",""
"web-app","record.notFinished","This match isn't finished yet — finish it on CueScore first.","Denne kampen er ikke ferdig ennå — fullfør den på CueScore først.","","",""
"web-app","record.importing","Importing…","Importerer…","","",""
"web-app","record.importThis","Import this match","Importer denne kampen","","",""
"web-app","record.errNotFound","Couldn't find that match.","Fant ikke den kampen.","","",""
"web-app","record.errImport","Couldn't import that match.","Klarte ikke å importere den kampen.","","",""
"web-app","record.startsHere","Your record starts here","Statistikken din starter her","","",""
"web-app","record.emptyLinked","Import a finished CueScore match — every game counts, win or lose.","Importer en fullført CueScore-kamp — hver kamp teller, uansett om du vinner eller taper.","","",""
"web-app","record.emptyUnlinked","Link your CueScore profile to import your match results — every game counts, win or lose.","Koble til CueScore-profilen din for å importere resultatene dine — hver kamp teller, uansett om du vinner eller taper.","","",""
"web-app","record.importCta","Import a CueScore match","Importer en CueScore-kamp","","",""
"web-app","record.linkCta","Link CueScore to import results","Koble til CueScore for å importere resultater","","",""
"web-app","record.howItWorks","How importing works","Slik fungerer importen","","",""
"web-app","record.howTitle","How importing works","Slik fungerer importen","","",""
"web-app","record.howStep1","Finish your match on CueScore.","Fullfør kampen din på CueScore.","","",""
"web-app","record.howStep2","Open the match and copy its link.","Åpne kampen og kopier lenken.","","",""
"web-app","record.howStep3","Paste it here — 8nOut reads the final score and adds it to your record, win or lose.","Lim den inn her — 8nOut leser sluttresultatet og legger det til i statistikken din, uansett om du vinner eller taper.","","",""
"web-app","record.howFootnote","The opponent doesn't need to be on 8nOut. If they are, the match shows on their record too.","Motstanderen trenger ikke å være på 8nOut. Hvis de er det, vises kampen i statistikken deres også.","","",""
"web-app","discipline.onePocket","One Pocket","One Pocket","","",""
"web-app","scoreboard.entry.challenge","Start scoreboard","","","",""
"web-app","scoreboard.entry.logAlt","Already played? Log result","","","",""
"web-app","scoreboard.entry.connection","Start a live scoreboard","","","",""
"web-app","scoreboard.entry.connectionNote","Play right now, no scheduled challenge needed.","","","",""
"web-app","scoreboard.entry.rejoinChallenge","Rejoin scoreboard","","","",""
"web-app","scoreboard.entry.rejoinConnection","Rejoin the live scoreboard","","","",""
"web-app","scoreboard.entry.rejoinNote","{name} already started one.","","","{name}",""
"web-app","scoreboard.create.title","New scoreboard","","","",""
"web-app","scoreboard.create.raceTo","Race to {n}","","","{n}",""
"web-app","scoreboard.create.raceTo.hint","1–200","","","",""
"web-app","scoreboard.create.break","Break","","","",""
"web-app","scoreboard.create.alternate","Alternate","","","",""
"web-app","scoreboard.create.winnerBreaks","Winner breaks","","","",""
"web-app","scoreboard.create.firstBreaker","Who breaks first","","","",""
"web-app","scoreboard.create.whoBreaks.hint","Tap a name to start the match.","","","",""
"web-app","scoreboard.create.you","You","","","",""
"web-app","scoreboard.create.venue","Venue","","","",""
"web-app","scoreboard.create.venue.none","No venue","","","",""
"web-app","scoreboard.create.venue.emptyHint","No clubs saved yet — add one from your Profile","","","",""
"web-app","scoreboard.create.table","Table number (optional)","","","",""
"web-app","scoreboard.create.start","Start","","","",""
"web-app","scoreboard.flip","Flip for me","","","",""
"web-app","scoreboard.create.flip","Flip for me — starts the match","","","",""
"web-app","scoreboard.create.breaker.a11y.self","Start the match with you breaking first","","","",""
"web-app","scoreboard.create.breaker.a11y.opponent","Start the match with {name} breaking first","","","{name}",""
"web-app","scoreboard.create.breaker.a11y.flip","Flip a coin to decide who breaks, and start the match","","","",""
"web-app","scoreboard.status.pending","Pending","","","",""
"web-app","scoreboard.status.live","Live","","","",""
"web-app","scoreboard.rackOf","Rack {n} of race to {raceTo}","","","{n}; {raceTo}",""
"web-app","scoreboard.setScore.a11y.lead","You lead {mine} to {theirs} in racks. {balls} balls on the table.","","","{balls}; {mine}; {theirs}",""
"web-app","scoreboard.setScore.a11y.trail","You trail {mine} to {theirs} in racks. {balls} balls on the table.","","","{balls}; {mine}; {theirs}",""
"web-app","scoreboard.setScore.a11y.tie","You're tied {mine} to {theirs} in racks. {balls} balls on the table.","","","{balls}; {mine}; {theirs}",""
"web-app","scoreboard.rotatePrompt","Rotate for a bigger scoreboard","","","",""
"web-app","scoreboard.rotatePrompt.dismiss","Dismiss rotate suggestion","","","",""
"web-app","scoreboard.racksChip","Racks {n}","","","{n}",""
"web-app","scoreboard.onTable","on the table","","","",""
"web-app","scoreboard.toWinRack","of {target} to win rack","","","{target}",""
"web-app","scoreboard.breaking","Breaking","","","",""
"web-app","scoreboard.action.undo","Undo","","","",""
"web-app","scoreboard.action.switch","Switch","","","",""
"web-app","scoreboard.action.point","Point","","","",""
"web-app","scoreboard.action.oppPoint","Opp. pt","","","",""
"web-app","scoreboard.action.foul","Foul","","","",""
"web-app","scoreboard.timeout","Timeout","","","",""
"web-app","scoreboard.timeout.remaining","Timeout — {time} remaining","","","{time}",""
"web-app","scoreboard.timeout.over","Timeout — {time} over","","","{time}",""
"web-app","scoreboard.resume","Resume","","","",""
"web-app","scoreboard.finishMatch","Finish match","","","",""
"web-app","scoreboard.watching","{name} is keeping score — watching live","","","{name}",""
"web-app","scoreboard.finish.title","Confirm final result","","","",""
"web-app","scoreboard.finish.confirm","Make sure this is right before finishing.","","","",""
"web-app","scoreboard.finish.continuePlaying","Continue playing","","","",""
"web-app","scoreboard.recorded.self","Recorded by you","","","",""
"web-app","scoreboard.recorded.other","Recorded by {name}","","","{name}",""
"web-app","scoreboard.correct.self","Edit result","","","",""
"web-app","scoreboard.correct.other","Doesn't look right? Message {name}","","","{name}",""
"web-app","scoreboard.expired.title","This match wasn't finished","","","",""
"web-app","scoreboard.expired.body","No score was recorded before this session timed out. Nothing was saved to your record.","","","",""
"web-app","scoreboard.expired.startNew","Start a new scoreboard","","","",""
"web-app","scoreboard.expired.logManually","Log the result manually","","","",""
"web-app","scoreboard.stat.racksWon","Racks won","","","",""
"web-app","scoreboard.stat.winPct","Win %","","","",""
"web-app","scoreboard.stat.avgRack","Avg rack time","","","",""
"web-app","scoreboard.stat.breakWins","Break-and-wins","","","",""
"web-app","scoreboard.stat.racksStolen","Racks stolen","","","",""
"web-app","scoreboard.stat.timeouts","Timeouts","","","",""
"web-app","scoreboard.won","Won","","","",""
"web-app","scoreboard.lost","Lost","","","",""
"web-app","scoreboard.vsRaceTo","vs. {name} · One Pocket · race to {raceTo}","","","{name}; {raceTo}",""
"web-app","scoreboard.brokeRack","{name} broke","","","{name}",""
"web-app","scoreboard.close","Close","","","",""
"web-app","scoreboard.errorGeneric","Couldn't do that right now. Try again.","","","",""
"web-app","scoreboard.messageThreadReady","Opened your conversation — check the Chat tab to continue it.","","","",""
"web-app","scoreboard.postMatch.kicker","Match finished","","","",""
"web-app","scoreboard.postMatch.end","End","","","",""
"web-app","scoreboard.postMatch.startNewMatch","Start new match","","","",""
"web-app","scoreboard.postMatch.startNewMatch.a11y","Start a new match against {name}","","","{name}",""
"web-app","scoreboard.postMatch.spectatorNote","{name} kept score for this match","","","{name}",""
"web-app","scoreboard.postMatch.back","Back","","","",""
"web-app","profile.title","Profile","Profil","","",""
"web-app","profile.loading","Loading profile…","Laster profil…","","",""
"web-app","profile.changePhoto","Change photo","Endre bilde","","",""
"web-app","profile.openToPlay","Open to play","Klar for spill","","",""
"web-app","profile.notOpenNow","Not open right now","Ikke klar akkurat nå","","",""
"web-app","profile.connectNote","Connecting is how you swap contact details.","Ved å koble til utveksler dere kontaktinfo.","","",""
"web-app","profile.respondNote","{name} asked to connect with you.","{name} vil koble seg til deg.","","{name}",""
"web-app","profile.bio","Bio","Bio","","",""
"web-app","profile.bioEmpty","Add a short bio and your home town.","Legg til en kort bio og hjemstedet ditt.","","",""
"web-app","profile.fargoRating","Fargo Rating","Fargo Rating","","",""
"web-app","profile.ratingSelfReported","{rating} · self-reported","{rating} · egenrapportert","","{rating}",""
"web-app","profile.notSet","Not set","Ikke angitt","","",""
"web-app","profile.clubsUpTo3","Up to 3 clubs.","Opptil 3 klubber.","","",""
"web-app","profile.miniUnavailable","This player's profile isn't available.","Profilen til denne spilleren er ikke tilgjengelig.","","",""
"web-app","clubs.heading","Clubs","Biljardklubber","","",""
"web-app","clubs.none","No clubs yet.","Ingen biljardklubber ennå.","","",""
"web-app","clubs.add","+ Add a club","+ Legg til biljardklubb","","",""
"web-app","clubs.addTitle","Add a club","Legg til biljardklubb","","",""
"web-app","clubs.searchLabel","Search pool rooms","Søk biljardklubb","","",""
"web-app","clubs.searchPlaceholder","Club name","Klubbnavn","","",""
"web-app","clubs.noMatch","No matching clubs.","Ingen match på klubber.","","",""
"web-app","clubs.cantFind","Can't find it? Add a new venue","","","",""
"web-app","clubs.newTitle","New venue","","","",""
"web-app","clubs.nameLabel","Name","","","",""
"web-app","clubs.addressLabel","Address","","","",""
"web-app","clubs.addressPlaceholder","Street, city, country","","","",""
"web-app","clubs.submitForReview","Submit for review","","","",""
"web-app","clubs.submitting","Checking the address…","","","",""
"web-app","clubs.submitAnyway","None of these — submit anyway","","","",""
"web-app","clubs.didYouMean","Did you mean?","","","",""
"web-app","clubs.suggest.title","Already on 8nOut?","Allerede på 8nOut?","","",""
"web-app","clubs.suggest.hint","Pick your club and it's added straight away — only a new venue needs review.","Velg klubben din, så er den lagt til med en gang — bare en ny klubb går til vurdering.","","",""
"web-app","clubs.backToSearch","Back to search","","","",""
"web-app","clubs.submittedPending","Submitted for review — it appears on the map once approved.","Sendt inn til vurdering — når den er godkjent, vises den på kartet.","","",""
"web-app","clubs.placedIn","Placed in {city}, {country}","","","{city}; {country}",""
"web-app","clubs.pendingReview","Pending review","Til vurdering","","",""
"web-app","clubs.rejected","Not approved","Ikke godkjent","","",""
"web-app","clubs.rejectedReason","Not approved — {reason}","","","{reason}",""
"web-app","clubs.err.geocoderUnavailable","Couldn't reach the address lookup right now — try again shortly.","","","",""
"web-app","clubs.err.submitFailed","Couldn't submit that venue. Please try again.","","","",""
"web-app","clubs.geo.typed.title","We couldn't place this address on the map","","","",""
"web-app","clubs.geo.typed.body","Check the address above — street, city and country — then submit again.","","","",""
"web-app","clubs.geo.sourced.title","We couldn't place this address on the map","","","",""
"web-app","clubs.geo.sourced.body","We filled this in from CueScore. Edit it above and submit again — change as much as you need.","","","",""
"web-app","clubs.geo.tried","What we looked up","","","",""
"web-app","clubs.geo.down.title","The address lookup is unavailable","","","",""
"web-app","clubs.geo.down.body","Nothing you typed is wrong — the problem is at our end.","","","",""
"web-app","clubs.confirm.title","Is that close enough?","","","",""
"web-app","clubs.confirm.body","We could only find the general area — add more detail if you can, or submit it as it is.","","","",""
"web-app","clubs.confirm.yes","Submit it as it is","","","",""
"web-app","clubs.confirm.no","Add more detail","","","",""
"web-app","clubs.cuescore.lead","Fastest way: paste the club's CueScore venue link — the one that ends in a number. Or add it manually below.","","","",""
"web-app","clubs.cuescore.urlPlaceholder","https://cuescore.com/venue/…","","","",""
"web-app","clubs.cuescore.urlLabel","CueScore venue link","","","",""
"web-app","clubs.cuescore.lookup","Look up","","","",""
"web-app","clubs.cuescore.looking","Reading…","","","",""
"web-app","clubs.cuescore.sourced","Sourced from CueScore","","","",""
"web-app","clubs.cuescore.matched","This club is already on 8nOut.","","","",""
"web-app","clubs.cuescore.addToClubs","Add to my clubs","","","",""
"web-app","clubs.cuescore.lookAnother","Look up another","","","",""
"web-app","clubs.cuescore.unavailable","That club can't be added from CueScore. Add it manually below.","","","",""
"web-app","clubs.cuescore.err.rate_limited","Too many CueScore lookups just now — try again later, or add it manually.","","","",""
"web-app","clubs.cuescore.err.bad_url","That link has no venue number in it. We need the club's CueScore venue page — the link ends in a number, like cuescore.com/venue/Club+Name/60451687. Or add it manually below.","","","",""
"web-app","clubs.cuescore.err.unreachable","Couldn't reach CueScore right now — try again shortly, or add it manually.","","","",""
"web-app","clubs.cuescore.err.forbidden","You can't add a club right now.","","","",""
"web-app","clubs.websiteLabel","Website (optional)","","","",""
"web-app","clubs.websitePlaceholder","https://mokumpool.nl","","","",""
"web-app","clubs.websiteHint","A website or Facebook page — either works.","","","",""
"web-app","clubs.websiteInvalid","That doesn't look like a valid web address — check it and try again.","","","",""
"web-app","report.reasonLabel","Reason","Årsak","","",""
"web-app","report.detailPlaceholder","Anything else we should know? (optional)","Noe annet vi bør vite? (valgfritt)","","",""
"web-app","report.send","Send","Send","","",""
"web-app","report.venue.privateResidence","This is a home or private address","Dette er en bolig eller en privatadresse","","",""
"web-app","report.venue.notAVenue","Not a real pool venue","Ikke en ekte biljardklubb","","",""
"web-app","report.venue.closedOrWrong","Closed, or wrong details","Stengt, eller feil opplysninger","","",""
"web-app","report.venue.other","Something else","Noe annet","","",""
"web-app","report.reportPlayer","Report player","Rapporter spiller","","",""
"web-app","report.blockPlayer","Block player","Blokker spiller","","",""
"web-app","report.alsoBlock","Also block this player","Blokker denne spilleren også","","",""
"web-app","report.blockConfirm","Block {name}? You won't see each other on the map, any connection between you is removed, and any chat between you leaves your list. They won't be told they've been blocked.","Blokkere {name}? Dere ser ikke hverandre på kartet, en kontakt mellom dere fjernes, og en samtale mellom dere forsvinner fra listen din. Vedkommende får ikke beskjed.","","{name}",""
"web-app","report.playerReported","Report sent.","Rapport sendt.","","",""
"web-app","report.playerReportedBlocked","Reported and blocked.","Rapportert og blokkert.","","",""
"web-app","report.player.harassment","Harassment or abuse","Trakassering eller misbruk","","",""
"web-app","report.player.spam","Spam","Spam","","",""
"web-app","report.player.inappropriatePhoto","Inappropriate photo","Upassende bilde","","",""
"web-app","report.player.fakeProfile","Fake profile","Falsk profil","","",""
"web-app","report.player.other","Something else","Noe annet","","",""
"web-app","report.reportMessage","Report message","Rapporter melding","","",""
"web-app","report.message.harassment","Harassment or abuse","Trakassering eller misbruk","","",""
"web-app","report.message.spam","Spam","Spam","","",""
"web-app","report.message.moneyPlaySolicitation","Asking to play for money","Forslag om å spille om penger","","",""
"web-app","report.message.other","Something else","Noe annet","","",""
"web-app","report.goodFaith","I'm making this report in good faith and believe the information in it is accurate and complete.","Jeg sender denne rapporten i god tro og mener opplysningene i den er riktige og fullstendige.","","",""
"web-app","reportDecision.title","About your report","Om rapporten din","","",""
"web-app","reportDecision.actioned","We reviewed your report and acted on it under our Terms of Service.","Vi har vurdert rapporten din og handlet ut fra tjenestevilkårene våre.","","",""
"web-app","reportDecision.dismissed","We reviewed your report and didn't find a breach of our rules.","Vi har vurdert rapporten din og fant ingen brudd på reglene våre.","","",""
"web-app","moderation.noAutomation","No automated tools were used in this decision — a person reviewed it.","Ingen automatiserte verktøy ble brukt i denne avgjørelsen — et menneske har vurdert den.","","",""
"web-app","moderation.redress","If you think this is wrong, contact us at privacy@8nout.com. Your right to go to court is unaffected.","Mener du dette er feil, kontakt oss på privacy@8nout.com. Retten din til å gå til domstolene påvirkes ikke.","","",""
"web-app","tabs.chat","Chat","Chat","","",""
"web-app","chat.title","Chat","Chat","","",""
"web-app","chat.emptyTitle","No conversations yet.","Ingen samtaler ennå.","","",""
"web-app","chat.emptySteer","Start one with a connection.","Start en med en kontakt.","","",""
"web-app","chat.emptyCta","Go to Connections","Gå til Kontakter","","",""
"web-app","chat.previewYou","You: {text}","Du: {text}","","{text}",""
"web-app","chat.unreadA11y","{count} unread","{count} uleste","","{count}",""
"web-app","chat.mutedA11y","Muted","Dempet","","",""
"web-app","chat.hiddenCount","Hidden ({count})","Skjult ({count})","","{count}",""
"web-app","chat.unhide","Unhide","Vis igjen","","",""
"web-app","chat.hiddenNote","A hidden conversation comes back when a new message arrives.","En skjult samtale kommer tilbake når det kommer en ny melding.","","",""
"web-app","chat.retentionFootnote","Messages are deleted automatically 60 days after they're sent.","Meldinger slettes automatisk 60 dager etter at de ble sendt.","","",""
"web-app","chat.threadEmpty","Say hi and arrange a game.","Si hei og avtal et spill.","","",""
"web-app","chat.challengeCard","Invitation to play","Invitasjon til spill","","",""
"web-app","chat.challengeExpired","Invitation expired","Invitasjon utløpt","","",""
"web-app","chat.cardYouInvited","You invited {name}","Du inviterte {name}","","{name}",""
"web-app","chat.cardInvitedYou","{name} invited you","{name} inviterte deg","","{name}",""
"web-app","chat.cardView","View in Challenges","Se i Utfordringer","","",""
"web-app","chat.deletedPlayer","Deleted player","Slettet spiller","","",""
"web-app","chat.composePlaceholder","Write a message…","Skriv en melding…","","",""
"web-app","chat.errNotConnected","You're no longer connected — new messages can't be sent.","Dere er ikke lenger tilkoblet — nye meldinger kan ikke sendes.","","",""
"web-app","chat.errTooLong","That message is too long — the limit is 2,000 characters.","Meldingen er for lang — grensen er 2 000 tegn.","","",""
"web-app","chat.errTooFast","You're sending messages very quickly — give it a moment and try again.","Du sender meldinger veldig raskt — vent litt og prøv igjen.","","",""
"web-app","chat.errUnavailable","Messaging is unavailable right now — try again later.","Meldinger er ikke tilgjengelig akkurat nå — prøv igjen senere.","","",""
"web-app","chat.filterBlocked","This message can't be sent — it contains language that isn't allowed on 8nOut. Edit it and try again.","Denne meldingen kan ikke sendes — den inneholder språk som ikke er tillatt på 8nOut. Endre den og prøv igjen.","","",""
"web-app","chat.deleteForEveryone","Delete for everyone","Slett for alle","","",""
"web-app","chat.deleteConfirmTitle","Delete for everyone?","Slett for alle?","","",""
"web-app","chat.learnMore","Learn more","Les mer","","",""
"web-app","chat.deletedByYou","You deleted this message","Du slettet denne meldingen","","",""
"web-app","chat.deletedMessage","This message was deleted","Denne meldingen ble slettet","","",""
"web-app","chat.hide","Hide conversation","Skjul samtalen","","",""
"web-app","chat.hideBody","This hides the conversation from your list — nothing is deleted, and {name} won't notice anything. It comes back if they message you again.","Dette skjuler samtalen fra listen din — ingenting slettes, og {name} merker ingenting. Den kommer tilbake hvis {name} sender deg en ny melding.","","{name}",""
"web-app","chat.mute","Mute notifications","Demp varsler","","",""
"web-app","chat.unmute","Unmute","Opphev demping","","",""
"web-app","chat.firstNotice.heading","How chat works","Slik fungerer chatten","","",""
"web-app","chat.firstNotice.body","Chat is one-to-one, with your accepted connections only. Messages are deleted automatically 60 days after they're sent. We don't read your messages — if one is reported, a moderator can review it and the messages around it, and every such access is logged. Anything you type here — including an address — stays in the chat for up to 60 days, even if you later disconnect or block. See the Privacy Policy for details.","Chatten er én-til-én og bare med godkjente kontakter. Meldinger slettes automatisk 60 dager etter at de ble sendt. Vi leser ikke meldingene dine — blir en melding rapportert, kan en moderator se den og meldingene rundt, og hver slik tilgang loggføres. Alt du skriver her — også en adresse — blir i chatten i inntil 60 dager, selv om du senere fjerner kontakten eller blokkerer noen. Se personvernerklæringen for detaljer.","","",""
"web-app","chat.reaction.trigger","React","Reager","","",""
"web-app","chat.reaction.thumbsUp","Thumbs up","Tommel opp","","",""
"web-app","chat.reaction.thumbsDown","Thumbs down","Tommel ned","","",""
"web-app","chat.reaction.heart","Heart","Hjerte","","",""
"web-app","chat.reaction.laugh","Laughing","Leende","","",""
"web-app","chat.reaction.surprised","Surprised","Overrasket","","",""
"web-app","chat.reaction.pray","Praying hands","Foldede hender","","",""
"web-app","chat.reaction.remove","Remove reaction","Fjern reaksjon","","",""
"web-app","chat.reaction.includingYou","including you","deg inkludert","","",""
"web-app","appearance.heading","Appearance","Utseende","","",""
"web-app","appearance.system","System","System","","",""
"web-app","appearance.light","Light","Lys","","",""
"web-app","appearance.dark","Dark","Mørk","","",""
"web-app","language.heading","Language","Språk","","",""
"web-app","invite.heading","Invite a player","Inviter en spiller","","",""
"web-app","invite.body","Share your link — whoever joins is connected to you automatically.","Del lenken din — den som blir med, kobles automatisk til deg.","","",""
"web-app","invite.linkCopied","Link copied!","Lenke kopiert!","","",""
"web-app","invite.share","Share invite link","Del invitasjonslenke","","",""
"web-app","invite.shareTitle","8nOut invite","8nOut-invitasjon","","",""
"web-app","invite.shareText","Join me on 8nOut — find and connect with One Pocket players.","Bli med meg på 8nOut — finn One Pocket-spillere og koble deg til dem.","","",""
"web-app","bio.about","About you","Om deg","","",""
"web-app","bio.aboutPlaceholder","One Pocket only. Always up for a session.","Bare One Pocket. Alltid klar for en økt.","","",""
"web-app","bio.homeTown","Home town","Hjemsted","","",""
"web-app","bio.homeTownPlaceholder","e.g. Amsterdam","f.eks. Amsterdam","","",""
"web-app","bio.homeTownHint","Your town or city only — every member can see this, so skip the street address or postal code.","Bare hjemstedet ditt — alle medlemmer kan se dette, så dropp den nøyaktige adressen eller postnummeret.","","",""
"web-app","bio.country","Country","Land","","",""
"web-app","bio.countryPlaceholder","Netherlands","Nederland","","",""
"web-app","rating.label","Rating (self-reported)","Rating (egenrapportert)","","",""
"web-app","rating.placeholder","e.g. 550","f.eks. 550","","",""
"web-app","rating.fairmatchLabel","FairMatch profile URL (optional)","FairMatch-profil-URL (valgfritt)","","",""
"web-app","rating.fairmatchPlaceholder","https://fairmatch.fargorate.com/…","https://fairmatch.fargorate.com/…","","",""
"web-app","rating.errRange","Enter a rating between 0 and 900.","Skriv inn en rating mellom 0 og 900.","","",""
"web-app","rating.errHttps","Include https:// in the link.","Ta med https:// i lenken.","","",""
"web-app","connectCode.aria","My connect code","Min tilkoblingskode","","",""
"web-app","connectCode.entrySub","Show or scan to connect in person","","","",""
"web-app","connectCode.title","Connect code","Tilkoblingskode","","",""
"web-app","connectCode.myCode","My code","Min kode","","",""
"web-app","connectCode.scan","Scan","Skann","","",""
"web-app","connectCode.qrAlt","Your connect QR code","QR-koden din for tilkobling","","",""
"web-app","connectCode.caption","Have another player scan this to connect with you on 8nOut.","La en annen spiller skanne denne for å koble seg til deg på 8nOut.","","",""
"web-app","connectCode.shareLink","Share link","Del lenke","","",""
"web-app","connectCode.resetTitle","Reset your code?","Nullstille koden?","","",""
"web-app","connectCode.resetBody","Your current QR and link stop working right away. Anyone already connected with you stays connected.","Nåværende QR-kode og lenke slutter å virke med én gang. De som allerede er koblet til deg, forblir tilkoblet.","","",""
"web-app","connectCode.resetCode","Reset code","Nullstill kode","","",""
"web-app","connectCode.resetMyCode","Reset my code","Nullstill koden min","","",""
"web-app","connectCode.newReady","New code ready","Ny kode klar","","",""
"web-app","connectCode.errReset","Couldn't reset your code.","Klarte ikke å nullstille koden.","","",""
"web-app","connectCode.alreadyConnected","You're already connected","Dere er allerede tilkoblet","","",""
"web-app","connectCode.connected","You're connected!","Dere er tilkoblet!","","",""
"web-app","connectCode.alreadyBody","You and {name} are already connected.","Du og {name} er allerede tilkoblet.","","{name}",""
"web-app","connectCode.connectedBody","You and {name} are connected. Say hi and set up a game.","Du og {name} er tilkoblet. Si hei og avtal en kamp.","","{name}",""
"web-app","connectCode.view","View {name}","Se {name}","","{name}",""
"web-app","connectCode.pasteLabel","Paste a link instead","Lim inn en lenke i stedet","","",""
"web-app","connectCode.pastePlaceholder","Paste an 8nOut invite link","Lim inn en 8nOut-invitasjonslenke","","",""
"web-app","connectCode.backToCamera","Back to camera","Tilbake til kamera","","",""
"web-app","connectCode.cameraOff","Camera access is off","Kameratilgang er av","","",""
"web-app","connectCode.cameraOffBody","Your browser is blocking the camera. You can paste the player's link instead, or allow the camera in your browser and try again.","Nettleseren din blokkerer kameraet. Du kan lime inn spillerens lenke i stedet, eller gi kameratilgang i nettleseren og prøve igjen.","","",""
"web-app","connectCode.scanHelp","Point at another player's 8nOut code","Rett kameraet mot en annen spillers 8nOut-kode","","",""
"web-app","connectCode.notCode","That's not an 8nOut code — keep pointing at their code.","Det er ikke en 8nOut-kode — hold kameraet på koden deres.","","",""
"web-app","connectCode.ownCode","That's your own code. Have the other player scan it instead.","Det er din egen kode. La den andre spilleren skanne den i stedet.","","",""
"web-app","connectCode.codeInactive","This code isn't active anymore. Ask them to show a fresh one.","Denne koden er ikke aktiv lenger. Be om en ny.","","",""
"web-app","inviteLanding.invalidTitle","This invite link is no longer valid","Denne invitasjonslenken er ikke lenger gyldig","","",""
"web-app","inviteLanding.invalidBody","Ask your friend for a fresh link, or open the app and find players near you.","Be vennen din om en ny lenke, eller åpne appen og finn spillere i nærheten.","","",""
"web-app","inviteLanding.open8nOut","Open 8nOut","Åpne 8nOut","","",""
"web-app","inviteLanding.invitedYou","{name} invited you to 8nOut","{name} har invitert deg til 8nOut","","{name}",""
"web-app","inviteLanding.body","8nOut is the map of the European One Pocket community — find players and clubs near you, connect, and arrange a game. Join and you'll be connected with {name} straight away.","8nOut er kartet over det europeiske One Pocket-miljøet — finn spillere og klubber i nærheten, koble deg til og avtal en kamp. Bli med, så er du koblet til {name} med en gang.","","{name}",""
"web-app","inviteLanding.openWebApp","Open the web app","Åpne nettappen","","",""
"web-app","inviteLanding.getAppPrimary","Get 8nOut","","","",""
"web-app","inviteLanding.openWebAppSecondary","Open the web app instead","","","",""
"web-app","inviteLanding.installedHint","Already have 8nOut? Open this link on your phone, or paste it into the app — you'll be connected with {name}.","","","{name}",""
"web-app","publicProfile.errorLoad","Couldn't load this profile right now — try again in a bit.","Får ikke lastet denne profilen akkurat nå — prøv igjen om litt.","","",""
"web-app","publicProfile.notFound","Profile not found","Fant ikke profilen","","",""
"web-app","publicProfile.notFoundBody","This link doesn't point to an 8nOut player.","Denne lenken peker ikke til en 8nOut-spiller.","","",""
"web-app","publicProfile.photoAlt","{name}'s photo","Bilde av {name}","","{name}",""
"web-app","publicProfile.verifyFairmatch","verify on FairMatch","sjekk på FairMatch","","",""
"web-app","publicProfile.selfReported","(self-reported)","(egenrapportert)","","",""
"web-app","publicProfile.cuescore","CueScore","CueScore","","",""
"web-app","publicProfile.viewProfile","View profile","Se profil","","",""
"web-app","publicProfile.homeTablePrivate","Home table — address stays private until shared","Hjemmebord — adressen forblir privat til du deler den","","",""
"web-app","admin.consoleLink","Moderator console","","","",""
"web-app","admin.notFound","Page not found","","","",""
"web-app","admin.notFoundBody","The page you're looking for doesn't exist.","","","",""
"web-app","admin.brand","8nOut","","","",""
"web-app","admin.pill","Admin","","","",""
"web-app","admin.role.moderator","Moderator","","","",""
"web-app","admin.nav.section","Moderation","","","",""
"web-app","admin.nav.overview","Overview","","","",""
"web-app","admin.nav.venues","Venue queue","","","",""
"web-app","admin.nav.reports","Reports","","","",""
"web-app","admin.back","Back to 8nOut","","","",""
"web-app","admin.refresh","Refresh","","","",""
"web-app","admin.loading","Loading…","","","",""
"web-app","admin.error","Couldn't load this right now — try refresh.","","","",""
"web-app","admin.overview.title","Overview","","","",""
"web-app","admin.overview.subtitle","The map at a glance","","","",""
"web-app","admin.stat.players","Players","","","",""
"web-app","admin.stat.venuesLive","Venues live","","","",""
"web-app","admin.stat.signups","Sign-ups","","","",""
"web-app","admin.stat.openReports","Open reports","","","",""
"web-app","admin.stat.per7days","/ 7 days","","","",""
"web-app","admin.stat.newThisWeek","{count} this week","","","{count}",""
"web-app","admin.stat.pendingReview.one","1 pending review","","","",""
"web-app","admin.stat.pendingReview.other","{count} pending review","","","{count}",""
"web-app","admin.stat.noPending","None pending","","","",""
"web-app","admin.stat.needsReview","needs review","","","",""
"web-app","admin.stat.allClear","All clear","","","",""
"web-app","admin.stat.goToVenues","Go to the venue queue","","","",""
"web-app","admin.stat.goToReports","Go to reports","","","",""
"web-app","admin.stat.onlineNow","Online now","","","",""
"web-app","admin.stat.active24h","Active 24h","","","",""
"web-app","admin.stat.onlineNowSub","In the last 10 min","","","",""
"web-app","admin.stat.active24hSub","In the last 24 hours","","","",""
"web-app","admin.overview.attnVenues.one","1 venue awaiting review","","","",""
"web-app","admin.overview.attnVenues.other","{count} venues awaiting review","","","{count}",""
"web-app","admin.overview.attnReports.one","1 open report","","","",""
"web-app","admin.overview.attnReports.other","{count} open reports","","","{count}",""
"web-app","admin.overview.attnSub","Pending your review","","","",""
"web-app","admin.overview.review","Review →","","","",""
"web-app","admin.overview.recent","Recent activity","","","",""
"web-app","admin.overview.recentNote","Latest first","","","",""
"web-app","admin.overview.recentEmpty","No recent activity.","","","",""
"web-app","admin.overview.recentPlayers","Players","","","",""
"web-app","admin.overview.recentVenues","Venues","","","",""
"web-app","admin.overview.recentPlayersEmpty","No recent player activity.","","","",""
"web-app","admin.overview.recentVenuesEmpty","No recent venue activity.","","","",""
"web-app","admin.overview.recentError","Couldn't load activity.","","","",""
"web-app","admin.overview.loadMore","Load more","","","",""
"web-app","admin.overview.kindAll","All","","","",""
"web-app","admin.overview.kindPlayer","Player","","","",""
"web-app","admin.overview.kindVenue","Venue","","","",""
"web-app","admin.overview.kindReport","Report","","","",""
"web-app","admin.overview.allClearTitle","You're all caught up","","","",""
"web-app","admin.overview.allClearSub","Nothing waiting for review and no open reports.","","","",""
"web-app","admin.overview.funnel.title","Onboarding funnel","","","",""
"web-app","admin.overview.funnel.note","Read-only","","","",""
"web-app","admin.overview.funnel.windowAll","All time","","","",""
"web-app","admin.overview.funnel.window90","Last 90 days","","","",""
"web-app","admin.overview.funnel.window30","Last 30 days","","","",""
"web-app","admin.overview.funnel.cohort","{total} signed up in this window · {mature} old enough to count (7+ days) · {completed} completed onboarding","","","{completed}; {mature}; {total}",""
"web-app","admin.overview.funnel.cohortEmpty","{total} signed up in this window","","","{total}",""
"web-app","admin.overview.funnel.timeTitle","Time to complete","","","",""
"web-app","admin.overview.funnel.timeMeta","based on {completed} completions","","","{completed}",""
"web-app","admin.overview.funnel.avgLabel","Average","","","",""
"web-app","admin.overview.funnel.medianLabel","Median","","","",""
"web-app","admin.overview.funnel.bucketUnder5m","<5m","","","",""
"web-app","admin.overview.funnel.bucket5to30m","5–30m","","","",""
"web-app","admin.overview.funnel.bucket30mTo2h","30m–2h","","","",""
"web-app","admin.overview.funnel.bucket2hTo24h","2h–24h","","","",""
"web-app","admin.overview.funnel.bucket1to7d","1–7d","","","",""
"web-app","admin.overview.funnel.bucketOver7d","7d+","","","",""
"web-app","admin.overview.funnel.fillTitle","Per-step fill rate","","","",""
"web-app","admin.overview.funnel.fillMeta","of {mature} mature members","","","{mature}",""
"web-app","admin.overview.funnel.fillEmpty","No members in this window yet.","","","",""
"web-app","admin.overview.funnel.stepName","Name","","","",""
"web-app","admin.overview.funnel.stepCity","City","","","",""
"web-app","admin.overview.funnel.stepClub","Club","","","",""
"web-app","admin.overview.funnel.stepCuescore","CueScore","","","",""
"web-app","admin.overview.funnel.avoidTitle","Prompt avoidance","","","",""
"web-app","admin.overview.funnel.avoidMeta","of {mature} mature members","","","{mature}",""
"web-app","admin.overview.funnel.dismiss0","Never dismissed","","","",""
"web-app","admin.overview.funnel.dismiss1","Dismissed once","","","",""
"web-app","admin.overview.funnel.dismiss2","Dismissed twice","","","",""
"web-app","admin.overview.funnel.dismiss3plus","Dismissed 3+ times","","","",""
"web-app","admin.overview.funnel.avoidSub","avg {n} dismissals per member · {snoozed} currently snoozed","","","{n}; {snoozed}",""
"web-app","admin.overview.funnel.suppressedTag","Hidden — sample too small","","","",""
"web-app","admin.overview.funnel.suppressedTitle","Not enough data yet","","","",""
"web-app","admin.overview.funnel.suppressedTime.one","Only 1 member completed onboarding in this window — showing an exact time here could point to a specific person, so it stays hidden until there's more data.","","","",""
"web-app","admin.overview.funnel.suppressedTime.other","Only {count} members completed onboarding in this window — showing an exact time here could point to a specific person, so it stays hidden until there's more data.","","","{count}",""
"web-app","admin.overview.funnel.suppressedAvoid.one","Only 1 member in this window is old enough to count — not enough to show dismissal patterns without pointing at someone specific.","","","",""
"web-app","admin.overview.funnel.suppressedAvoid.other","Only {count} members in this window are old enough to count — not enough to show dismissal patterns without pointing at someone specific.","","","{count}",""
"web-app","admin.overview.funnel.error","Couldn't load the onboarding funnel.","","","",""
"web-app","admin.activity.venueApproved","{name} approved — live on the map","","","{name}",""
"web-app","admin.activity.venueRejected","{name} rejected","","","{name}",""
"web-app","admin.activity.venueModerated","{name} moderated","","","{name}",""
"web-app","admin.activity.venueSubmitted","New venue submitted: {name}","","","{name}",""
"web-app","admin.activity.playerJoined","New player: {name}","","","{name}",""
"web-app","admin.activity.reportFiled","Report filed — {reason}","","","{reason}",""
"web-app","admin.activity.by","by {name}","","","{name}",""
"web-app","admin.venues.title","Venue queue","","","",""
"web-app","admin.venues.subtitle.one","1 awaiting review · newest first","","","",""
"web-app","admin.venues.subtitle.other","{count} awaiting review · newest first","","","{count}",""
"web-app","admin.venues.subtitleEmpty","0 awaiting review","","","",""
"web-app","admin.venues.emptyTitle","Nothing to review — nice.","","","",""
"web-app","admin.venues.emptySub","New venue submissions land here the moment a player adds one. You're all caught up.","","","",""
"web-app","admin.venues.loadError","Couldn't load the venue queue — try refresh.","","","",""
"web-app","admin.venue.pendingReview","Pending review","","","",""
"web-app","admin.venue.geocodedAddress","Geocoded address","","","",""
"web-app","admin.venue.submittedAs","Submitted as: {text}","","","{text}",""
"web-app","admin.venue.submittedBy","by {name}","","","{name}",""
"web-app","admin.venue.submittedAgo","Submitted {ago}","","","{ago}",""
"web-app","admin.venue.cuescore","Imported from CueScore","","","",""
"web-app","admin.venue.approve","Approve & publish","","","",""
"web-app","admin.venue.reject","Reject…","","","",""
"web-app","admin.venue.editName","Edit","","","",""
"web-app","admin.venue.editNameAria","Edit venue name","","","",""
"web-app","admin.venue.nameInputLabel","Venue name","","","",""
"web-app","admin.venue.saveName","Save","","","",""
"web-app","admin.venue.cancelEdit","Cancel","","","",""
"web-app","admin.venue.safety.residential","Looks residential","","","",""
"web-app","admin.venue.safety.residentialSub","This reads like a private home. A home table belongs on a profile (connections-only), not the public venue map.","","","",""
"web-app","admin.venue.safety.business","Reads as a business","","","",""
"web-app","admin.venue.safety.businessSub","This reads like a public venue. Approving publishes it to the map right away.","","","",""
"web-app","admin.venue.safety.neutral","No strong signal","","","",""
"web-app","admin.venue.safety.neutralSub","The place-class isn't conclusive — check the map and address before deciding.","","","",""
"web-app","admin.venue.viewOsm","View on OpenStreetMap","","","",""
"web-app","admin.venue.osmShort","OSM ↗","","","",""
"web-app","admin.venue.mapUnavailable","Map unavailable","","","",""
"web-app","admin.venue.websiteLabel","Website","","","",""
"web-app","admin.venue.openWebsite","Open ↗","","","",""
"web-app","admin.venue.websiteReviewNote","We haven't checked where this leads — including whether it promotes money games. Open it and judge for yourself before you approve.","","","",""
"web-app","admin.venue.websiteReviewNoteShort","We haven't checked where this leads — open it before you approve.","","","",""
"web-app","admin.venue.edit.websiteLabel","Website URL","","","",""
"web-app","admin.venue.edit.websiteHint","Paste the club's website or Facebook page, or leave blank to clear it.","","","",""
"web-app","admin.venue.completenessTitle","Completeness","","","",""
"web-app","admin.venue.completeness.address","Address","","","",""
"web-app","admin.venue.completeness.city","City","","","",""
"web-app","admin.venue.completeness.country","Country","","","",""
"web-app","admin.venue.completeness.logo","Logo","","","",""
"web-app","admin.venue.completeness.website","Website","","","",""
"web-app","admin.reject.title","Reason for rejection","","","",""
"web-app","admin.reject.dsa","shown to submitter · DSA Art. 17","","","",""
"web-app","admin.reject.sub","The submitter will see this on their submission. Keep it factual and kind.","","","",""
"web-app","admin.reject.placeholder","Explain why this can't go on the map…","","","",""
"web-app","admin.reject.chip.privateResidence","Private residence","","","",""
"web-app","admin.reject.chip.notAVenue","Not a public venue","","","",""
"web-app","admin.reject.chip.closedOrWrong","Closed / wrong details","","","",""
"web-app","admin.reject.chip.duplicate","Duplicate","","","",""
"web-app","admin.reject.chip.other","Other…","","","",""
"web-app","admin.reject.cancel","Cancel","","","",""
"web-app","admin.reject.send","Send rejection","","","",""
"web-app","admin.reject.prefill.privateResidence","This looks like a private home. 8nOut only maps public pool venues — you can add your home table on your profile instead, where it stays visible to your connections only.","","","",""
"web-app","admin.reject.prefill.notAVenue","This doesn't look like a public pool venue, so it can't go on the map.","","","",""
"web-app","admin.reject.prefill.closedOrWrong","These details look closed or incorrect, so this can't go on the map right now.","","","",""
"web-app","admin.reject.prefill.duplicate","This venue is already on the map, so this submission is a duplicate.","","","",""
"web-app","admin.reports.title","Reports","","","",""
"web-app","admin.reports.subtitle.one","1 open · oldest first","","","",""
"web-app","admin.reports.subtitle.other","{count} open · oldest first","","","{count}",""
"web-app","admin.reports.subtitleEmpty","0 open","","","",""
"web-app","admin.reports.emptyTitle","No open reports.","","","",""
"web-app","admin.reports.emptySub","The community's behaving. New reports show up here.","","","",""
"web-app","admin.reports.loadError","Couldn't load reports — try refresh.","","","",""
"web-app","admin.report.kind.venue","Venue","","","",""
"web-app","admin.report.kind.player","Player","","","",""
"web-app","admin.report.kind.photo","Photo","","","",""
"web-app","admin.report.kind.report","Report","","","",""
"web-app","admin.report.reportedBy","reported by {name} · {ago}","","","{ago}; {name}",""
"web-app","admin.report.liveOnMap","Live on map","","","",""
"web-app","admin.report.venuePending","Pending","","","",""
"web-app","admin.report.venueRejected","Already rejected","","","",""
"web-app","admin.report.photoBy","Photo by {name}","","","{name}",""
"web-app","admin.report.takedown","Take down venue…","","","",""
"web-app","admin.report.dismiss","Dismiss","","","",""
"web-app","admin.report.markActioned","Mark actioned","","","",""
"web-app","admin.report.actionedNote","Marks the report resolved. It does not delete the photo.","","","",""
"web-app","admin.report.noDetail","No note added.","","","",""
"web-app","admin.reason.harassment","Harassment","","","",""
"web-app","admin.reason.spam","Spam","","","",""
"web-app","admin.reason.inappropriatePhoto","Inappropriate photo","","","",""
"web-app","admin.reason.fakeProfile","Fake profile","","","",""
"web-app","admin.reason.privateResidence","Private residence","","","",""
"web-app","admin.reason.notAVenue","Not a public venue","","","",""
"web-app","admin.reason.closedOrWrong","Closed / wrong details","","","",""
"web-app","admin.reason.other","Other","","","",""
"web-app","admin.reason.moneyPlaySolicitation","Money-play solicitation","","","",""
"web-app","admin.report.kind.message","Message","","","",""
"web-app","admin.report.openWindow","Open message window…","","","",""
"web-app","admin.report.noBody","The message text is never shown here. Open the logged window to read it.","","","",""
"web-app","admin.report.target24","24h target","","","",""
"web-app","admin.report.target48","48h target","","","",""
"web-app","admin.report.overdue","Past target","","","",""
"web-app","admin.window.title","Message window","","","",""
"web-app","admin.window.readOnly","Read-only","","","",""
"web-app","admin.window.loggedNote","Opening this window is recorded — who, when, and which messages were returned — so message access stays accountable.","","","",""
"web-app","admin.window.bounds","Shows the reported message and up to 5 messages either side, within 24 hours of it — this conversation only.","","","",""
"web-app","admin.window.reported","Reported message","","","",""
"web-app","admin.window.deletedTag","Deleted by sender","","","",""
"web-app","admin.window.cardRow","Challenge card","","","",""
"web-app","admin.window.deletedMember","Deleted member","","","",""
"web-app","admin.window.closedReport","This report is decided. Re-open it to view the window — re-opening is recorded.","","","",""
"web-app","admin.window.purgedAnchor","This message no longer exists — the attempt was still logged.","","","",""
"web-app","admin.hold.place","Place hold…","","","",""
"web-app","admin.hold.reasonLabel","Reason (recorded)","","","",""
"web-app","admin.hold.confirm","Place hold","","","",""
"web-app","admin.hold.held","On hold","","","",""
"web-app","admin.hold.heldUntil","On hold · expires {date}","","","{date}",""
"web-app","admin.hold.extend","Extend as H2…","","","",""
"web-app","admin.hold.autoPlaced","H1 hold — automatic","","","",""
"web-app","admin.hold.release","Release hold…","","","",""
"web-app","admin.hold.releaseReasonLabel","Reason for release (recorded)","","","",""
"web-app","admin.hold.releaseConfirm","Release hold","","","",""
"web-app","admin.toast.holdPlaced","Hold placed","","","",""
"web-app","admin.toast.holdReleased","Hold released","","","",""
"web-app","admin.toast.published","Published to the map","","","",""
"web-app","admin.toast.rejected","Rejection sent","","","",""
"web-app","admin.toast.takendown","Taken down","","","",""
"web-app","admin.toast.dismissed","Report dismissed","","","",""
"web-app","admin.toast.actioned","Report marked actioned","","","",""
"web-app","admin.toast.error","Something went wrong — try again.","","","",""
"web-app","admin.time.justNow","just now","","","",""
"web-app","admin.time.minutesAgo","{count}m ago","","","{count}",""
"web-app","admin.time.hoursAgo","{count}h ago","","","{count}",""
"web-app","admin.time.daysAgo","{count}d ago","","","{count}",""
"web-app","admin.nav.members","Members","","","",""
"web-app","admin.roles.title","Members","","","",""
"web-app","admin.roles.subtitle","Search members and manage roles","","","",""
"web-app","admin.roles.searchPlaceholder","Search by name…","","","",""
"web-app","admin.roles.you","You","","","",""
"web-app","admin.roles.changeRoleFor","Change role for {name}","","","{name}",""
"web-app","admin.roles.role.owner","Owner","","","",""
"web-app","admin.roles.role.moderator_1","Moderator 1","","","",""
"web-app","admin.roles.role.moderator_2","Moderator 2","","","",""
"web-app","admin.roles.role.player","Player","","","",""
"web-app","admin.roles.save","Save","","","",""
"web-app","admin.roles.toast.saved","Role updated","","","",""
"web-app","admin.roles.err.lastOwner","You can't change the last owner — promote another owner first.","","","",""
"web-app","admin.roles.emptyTitle","No members found","","","",""
"web-app","admin.roles.emptySub","No one matches that search. Try a different name.","","","",""
"web-app","admin.nav.venuesManage","Venues","","","",""
"web-app","admin.venuesManage.title","All venues","","","",""
"web-app","admin.venuesManage.subtitle","Search, edit, merge and remove venues — every status","","","",""
"web-app","admin.venuesManage.searchPlaceholder","Search name, address or city…","","","",""
"web-app","admin.venuesManage.filter.all","All","","","",""
"web-app","admin.venuesManage.filter.pending","Pending","","","",""
"web-app","admin.venuesManage.filter.approved","Live","","","",""
"web-app","admin.venuesManage.filter.rejected","Rejected","","","",""
"web-app","admin.venuesManage.status.pending","Pending","","","",""
"web-app","admin.venuesManage.status.approved","Live","","","",""
"web-app","admin.venuesManage.status.rejected","Rejected","","","",""
"web-app","admin.venuesManage.showing.one","1 venue","","","",""
"web-app","admin.venuesManage.showing.other","{count} venues","","","{count}",""
"web-app","admin.venuesManage.loadMore","Load more","","","",""
"web-app","admin.venuesManage.emptyTitle","No venues here","","","",""
"web-app","admin.venuesManage.emptySub","Nothing matches that filter or search. Try a different one.","","","",""
"web-app","admin.venuesManage.loadError","Couldn't load venues — try refresh.","","","",""
"web-app","admin.venuesManage.view","View","","","",""
"web-app","admin.venuesManage.hide","Hide","","","",""
"web-app","admin.venuesManage.edit","Edit","","","",""
"web-app","admin.venuesManage.merge","Merge…","","","",""
"web-app","admin.venuesManage.remove","Remove…","","","",""
"web-app","admin.venuesManage.toast.saved","Venue updated","","","",""
"web-app","admin.venuesManage.toast.removed","Venue removed","","","",""
"web-app","admin.venuesManage.toast.merged","Venues merged","","","",""
"web-app","admin.venue.sourcedCuescore","Sourced from CueScore","","","",""
"web-app","admin.venue.cuescoreLinked","CueScore","","","",""
"web-app","admin.venue.clubCount.one","1 club","","","",""
"web-app","admin.venue.clubCount.other","{count} clubs","","","{count}",""
"web-app","admin.venue.edit.title","Edit venue","","","",""
"web-app","admin.venue.edit.nameLabel","Name","","","",""
"web-app","admin.venue.edit.logoLabel","Logo URL","","","",""
"web-app","admin.venue.edit.logoPlaceholder","https://…","","","",""
"web-app","admin.venue.edit.logoHint","Paste an image URL, or leave blank for no logo.","","","",""
"web-app","admin.venue.edit.save","Save","","","",""
"web-app","admin.venue.edit.cancel","Cancel","","","",""
"web-app","admin.venue.merge.title","Merge into another venue","","","",""
"web-app","admin.venue.merge.intro","Pick the canonical venue to fold “{name}” into. Its clubs move over and “{name}” is retired.","","","{name}",""
"web-app","admin.venue.merge.searchPlaceholder","Search live venues…","","","",""
"web-app","admin.venue.merge.noTarget","No live venues match — try another search.","","","",""
"web-app","admin.venue.merge.confirmSub","Every club on “{from}” moves to “{into}”, and “{from}” becomes rejected. This can't be undone.","","","{from}; {into}",""
"web-app","admin.venue.merge.button","Merge venues","","","",""
"web-app","admin.venue.merge.back","Back","","","",""
"web-app","admin.venue.merge.cancel","Cancel","","","",""
"web-app","admin.cuescore.addButton","Add via CueScore","","","",""
"web-app","admin.cuescore.title","Add a venue from CueScore","","","",""
"web-app","admin.cuescore.intro","Paste a CueScore venue link. We read it once and prefill a submission for you to review — it still goes through moderation.","","","",""
"web-app","admin.cuescore.urlPlaceholder","https://cuescore.com/venue/…","","","",""
"web-app","admin.cuescore.urlLabel","CueScore venue link","","","",""
"web-app","admin.cuescore.lookup","Look up","","","",""
"web-app","admin.cuescore.looking","Reading…","","","",""
"web-app","admin.cuescore.close","Close","","","",""
"web-app","admin.cuescore.back","Back","","","",""
"web-app","admin.cuescore.matched","Already on 8nOut","","","",""
"web-app","admin.cuescore.lookAnother","Look up another","","","",""
"web-app","admin.cuescore.findIt","Find it","","","",""
"web-app","admin.cuescore.nameLabel","Name","","","",""
"web-app","admin.cuescore.addressLabel","Address","","","",""
"web-app","admin.cuescore.addressHint","This becomes the club's map pin, so keep it complete and accurate.","","","",""
"web-app","admin.cuescore.add","Add for review","","","",""
"web-app","admin.cuescore.adding","Adding…","","","",""
"web-app","admin.cuescore.addAnyway","Add anyway","","","",""
"web-app","admin.cuescore.candidatesTitle","Similar venues are already on the map:","","","",""
"web-app","admin.cuescore.switchOn","CueScore reads: On","","","",""
"web-app","admin.cuescore.switchOff","CueScore reads: Off","","","",""
"web-app","admin.cuescore.switchHint","Turn all CueScore reads (venue add + match import) on or off","","","",""
"web-app","admin.cuescore.toast.on","CueScore reads enabled","","","",""
"web-app","admin.cuescore.toast.off","CueScore reads disabled","","","",""
"web-app","admin.cuescore.toast.added","Sent for review","","","",""
"web-app","admin.cuescore.err.disabled","CueScore reads are turned off right now.","","","",""
"web-app","admin.cuescore.err.rate_limited","Too many CueScore reads just now — try again later.","","","",""
"web-app","admin.cuescore.err.bad_url","No venue id in that link. Use the venue page URL — cuescore.com/venue/Club+Name/60451687 — or paste the numeric venue id on its own.","","","",""
"web-app","admin.cuescore.err.unreachable","Couldn't reach CueScore right now — try again shortly.","","","",""
"web-app","admin.cuescore.err.forbidden","You don't have permission to do that.","","","",""
"web-app","admin.cuescore.err.geocode","That address didn't match the map. Edit it above, then add again.","","","",""
"web-app","admin.cuescore.err.geocoder_unavailable","The address lookup is unavailable right now. Try again shortly.","","","",""
"web-app","suspended.title","Account suspended","Konto suspendert","","",""
"web-app","suspended.body","Your 8nOut account has been suspended for a violation of our Terms of Service.","8nOut-kontoen din er suspendert på grunn av et brudd på Vilkårene for bruk.","","",""
"web-app","suspended.redress","If you believe this was a mistake, you can contact us at privacy@8nout.com to ask us to review it. If you disagree with our decision, you also have the right to take the matter to court. More on this is in our Terms of Service (section 13).","Hvis du mener dette var en feil, kan du kontakte oss på privacy@8nout.com for å be oss vurdere det på nytt. Hvis du er uenig i avgjørelsen vår, har du også rett til å bringe saken inn for domstolene. Mer om dette finner du i Vilkårene for bruk (seksjon 13).","","",""
"web-app","removed.title","Account removed","Konto fjernet","","",""
"web-app","removed.body","Your 8nOut account has been removed for a violation of our Terms of Service.","8nOut-kontoen din er fjernet på grunn av et brudd på Vilkårene for bruk.","","",""
"web-app","removed.redress","If you believe this decision was wrong, you can contact us at privacy@8nout.com. Because the account and its data have been deleted we cannot restore them, but you can still contest this decision, including before a court. More on this is in our Terms of Service (section 13).","Hvis du mener denne avgjørelsen var feil, kan du kontakte oss på privacy@8nout.com. Fordi kontoen og dataene dens er slettet, kan vi ikke gjenopprette dem, men du kan fortsatt bestride denne avgjørelsen, også for en domstol. Mer om dette finner du i Vilkårene for bruk (seksjon 13).","","",""
"web-app","moderation.reasonLine","Reason: {reason}","Grunn: {reason}","","{reason}",""
"web-app","moderation.reason.harassment","Harassment or abuse","Trakassering eller misbruk","","",""
"web-app","moderation.reason.spam","Spam","Spam","","",""
"web-app","moderation.reason.fakeProfile","Fake profile","Falsk profil","","",""
"web-app","moderation.reason.inappropriateContent","Inappropriate content","Upassende innhold","","",""
"web-app","moderation.reason.safetyThreat","Threats or safety concern","Trusler eller sikkerhetsbekymring","","",""
"web-app","moderation.reason.termsViolation","Terms of Service violation","Brudd på Vilkårene for bruk","","",""
"web-app","moderation.reason.other","Other","Annet","","",""
"web-app","admin.nav.lookup","Member lookup","","","",""
"web-app","admin.report.removeMember","Remove member…","","","",""
"web-app","admin.lookup.title","Member lookup","","","",""
"web-app","admin.lookup.subtitle","Find a member to review or remove","","","",""
"web-app","admin.lookup.searchPlaceholder","Search by name or paste a member id…","","","",""
"web-app","admin.lookup.startTitle","Search for a member","","","",""
"web-app","admin.lookup.startSub","Type a name or paste a member id to look them up.","","","",""
"web-app","admin.lookup.openReports","{count} open reports","","","{count}",""
"web-app","admin.lookup.manage","Manage…","","","",""
"web-app","admin.detail.viewButton","View detail","","","",""
"web-app","admin.detail.close","Close","","","",""
"web-app","admin.detail.cancel","Cancel","","","",""
"web-app","admin.detail.open","Open detail","","","",""
"web-app","admin.detail.done","Done","","","",""
"web-app","admin.detail.reasonLead","Opening this member's details is recorded — who, when, and why — so moderator access stays accountable. Give a short reason or link an open report.","","","",""
"web-app","admin.detail.reasonLabel","Reason for viewing","","","",""
"web-app","admin.detail.reasonPlaceholder","e.g. reviewing a harassment report…","","","",""
"web-app","admin.detail.linkReportLabel","Link an open report (optional)","","","",""
"web-app","admin.detail.noReport","No linked report","","","",""
"web-app","admin.detail.suspendedBanner","This member is suspended. Contact, precise address, photos and bio were purged on suspension.","","","",""
"web-app","admin.detail.removedOnSuspension","Removed on suspension.","","","",""
"web-app","admin.detail.sec.completeness","Completeness","","","",""
"web-app","admin.detail.sec.identity","Identity","","","",""
"web-app","admin.detail.sec.bio","Bio","","","",""
"web-app","admin.detail.sec.rating","Rating & CueScore","","","",""
"web-app","admin.detail.sec.photos","Photos","","","",""
"web-app","admin.detail.sec.clubs","Clubs","","","",""
"web-app","admin.detail.sec.record","Record","","","",""
"web-app","admin.detail.sec.modActions","Moderation history","","","",""
"web-app","admin.detail.sec.reportsAbout","Reports about this member","","","",""
"web-app","admin.detail.sec.reportsFiled","Reports this member filed","","","",""
"web-app","admin.detail.completeness.name","Name","","","",""
"web-app","admin.detail.completeness.city","City","","","",""
"web-app","admin.detail.completeness.club","Club","","","",""
"web-app","admin.detail.completeness.cuescore","CueScore","","","",""
"web-app","admin.completeness.summary","{filled} of {total} filled in","","","{filled}; {total}",""
"web-app","admin.completeness.filled","Filled in","","","",""
"web-app","admin.completeness.open","Open","","","",""
"web-app","admin.completeness.clubBreakdown","{approved} approved · {pending} pending · {rejected} rejected","","","{approved}; {pending}; {rejected}",""
"web-app","admin.detail.memberSince","Member since","","","",""
"web-app","admin.detail.home","Home","","","",""
"web-app","admin.detail.noBio","No bio.","","","",""
"web-app","admin.detail.fargo","Fargo rating","","","",""
"web-app","admin.detail.notSet","Not set","","","",""
"web-app","admin.detail.cuescore","CueScore","","","",""
"web-app","admin.detail.cuescoreOpen","Open profile #{id}","","","{id}",""
"web-app","admin.detail.notLinked","Not linked","","","",""
"web-app","admin.detail.noPhotos","No photos.","","","",""
"web-app","admin.detail.unnamedClub","Unnamed club","","","",""
"web-app","admin.detail.noClubs","No clubs listed.","","","",""
"web-app","admin.detail.wins"," wins","","","",""
"web-app","admin.detail.losses"," losses","","","",""
"web-app","admin.detail.connections"," connections","","","",""
"web-app","admin.detail.lastPlayed","Last played {when}","","","{when}",""
"web-app","admin.detail.noGames","No recorded games.","","","",""
"web-app","admin.detail.noModActions","No moderation actions on file.","","","",""
"web-app","admin.detail.noReportsAbout","No reports about this member.","","","",""
"web-app","admin.detail.noReportsFiled","This member hasn't filed any reports.","","","",""
"web-app","admin.remove.close","Close","","","",""
"web-app","admin.remove.loading","Loading member…","","","",""
"web-app","admin.remove.notFound","Member not found.","","","",""
"web-app","admin.remove.cantAct","You can only remove a member below your role.","","","",""
"web-app","admin.remove.status.active","Active","","","",""
"web-app","admin.remove.status.suspended","Suspended","","","",""
"web-app","admin.remove.reasonLabel","Reason category","","","",""
"web-app","admin.remove.cat.harassment","Harassment or abuse","","","",""
"web-app","admin.remove.cat.spam","Spam","","","",""
"web-app","admin.remove.cat.fakeProfile","Fake or impersonating profile","","","",""
"web-app","admin.remove.cat.inappropriateContent","Inappropriate content","","","",""
"web-app","admin.remove.cat.safetyThreat","Safety threat","","","",""
"web-app","admin.remove.cat.termsViolation","Terms of Service violation","","","",""
"web-app","admin.remove.cat.other","Something else","","","",""
"web-app","admin.remove.detailLabel","Internal note (optional)","","","",""
"web-app","admin.remove.detailPlaceholder","Context for the record — not shown to the member…","","","",""
"web-app","admin.remove.withhold","Withhold the reason from the member (act first)","","","",""
"web-app","admin.remove.evidenceLabel","Evidence (reports on file)","","","",""
"web-app","admin.remove.noEvidence","No reports on file for this member.","","","",""
"web-app","admin.remove.suspendHint","Reversible. Purges the home address, contact, photos and bio; keeps the audit trail.","","","",""
"web-app","admin.remove.suspend","Suspend member","","","",""
"web-app","admin.remove.reinstateHint","This member is suspended. Reinstating clears it — but purged data is not restored.","","","",""
"web-app","admin.remove.reinstate","Reinstate member","","","",""
"web-app","admin.remove.deleteHint","Irreversible. Erases the account; keeps de-identified match & report evidence.","","","",""
"web-app","admin.remove.eraseDisabled","Permanent erase is disabled for now. Use Suspend above.","","","",""
"web-app","admin.remove.tombstone","Block re-registration (abuse only)","","","",""
"web-app","admin.remove.confirmLabel","Type {name} to confirm deletion","","","{name}",""
"web-app","admin.remove.delete","Permanently delete","","","",""
"web-app","admin.remove.cancel","Cancel","","","",""
"web-app","admin.remove.manageShort","Remove…","","","",""
"web-app","admin.remove.toast.suspended","Member suspended","","","",""
"web-app","admin.remove.toast.reinstated","Member reinstated","","","",""
"web-app","admin.remove.toast.deleted","Member removed","","","",""
"web-app","admin.remove.err.lastOwner","You can't remove the last owner — promote another owner first.","","","",""
"web-app","admin.remove.err.forbidden","You don't have permission to remove this member.","","","",""
"web-app","admin.nav.blog","Blog","","","",""
"web-app","admin.blog.title","Blog","","","",""
"web-app","admin.blog.subtitle","Draft, review and publish moderator stories","","","",""
"web-app","admin.blog.loadError","Couldn't load posts — try refresh.","","","",""
"web-app","admin.blog.helpAria","About authorship & review","","","",""
"web-app","admin.blog.help.title","Who can see this","","","",""
"web-app","admin.blog.help.body","Every draft, edit and review action is recorded — who wrote the post, who reviewed it, and when. Other moderators can see this record. Members and the public never do.","","","",""
"web-app","admin.blog.help.close","Close","","","",""
"web-app","admin.blog.status.draft","Draft","","","",""
"web-app","admin.blog.status.pendingReview","Pending review","","","",""
"web-app","admin.blog.status.published","Published","","","",""
"web-app","admin.blog.status.rejected","Rejected","","","",""
"web-app","admin.blog.status.archived","Archived","","","",""
"web-app","admin.blog.filter.myDrafts","My drafts","","","",""
"web-app","admin.blog.filter.pendingReview","Pending review","","","",""
"web-app","admin.blog.filter.published","Published","","","",""
"web-app","admin.blog.filter.archived","Archived","","","",""
"web-app","admin.blog.empty.drafts.title","No drafts yet","","","",""
"web-app","admin.blog.empty.drafts.sub","Start a new post and it lands here.","","","",""
"web-app","admin.blog.empty.pendingReview.title","Nothing waiting for review","","","",""
"web-app","admin.blog.empty.pendingReview.sub","Submitted drafts show up here for a second moderator to check.","","","",""
"web-app","admin.blog.empty.published.title","Nothing published yet","","","",""
"web-app","admin.blog.empty.published.sub","Published posts appear here, newest first.","","","",""
"web-app","admin.blog.empty.archived.title","Nothing archived","","","",""
"web-app","admin.blog.empty.archived.sub","Posts you take down move here.","","","",""
"web-app","admin.blog.action.new","New post","","","",""
"web-app","admin.blog.action.saveDraft","Save draft","","","",""
"web-app","admin.blog.action.submitForReview","Submit for review","","","",""
"web-app","admin.blog.action.approveAndPublish","Approve & publish","","","",""
"web-app","admin.blog.action.reject","Reject…","","","",""
"web-app","admin.blog.action.reopenDraft","Reopen draft","","","",""
"web-app","admin.blog.action.archive","Archive","","","",""
"web-app","admin.blog.action.hardDelete","Delete permanently","","","",""
"web-app","admin.blog.archiveHint","Reversible. Takes the post off the public blog immediately; reopen it as a draft any time.","","","",""
"web-app","admin.blog.hardDeleteHint","Irreversible. Erases the post and its full revision history.","","","",""
"web-app","admin.blog.hardDeleteConfirmLabel","Type “{title}” to confirm deletion","","","{title}",""
"web-app","admin.blog.compliance.check","Check for issues","","","",""
"web-app","admin.blog.compliance.checking","Checking…","","","",""
"web-app","admin.blog.compliance.cleanTitle","No issues found","","","",""
"web-app","admin.blog.compliance.cleanSub","Nothing flagged — this post is clear.","","","",""
"web-app","admin.blog.compliance.flaggedTitle","Wording needs review","","","",""
"web-app","admin.blog.compliance.flaggedSub","This post contains wording that needs review. Check the list below, then edit before you submit or publish.","","","",""
"web-app","admin.blog.compliance.flaggedListLabel","Flagged:","","","",""
"web-app","admin.blog.compliance.hint","Runs automatically before you submit or publish — use this button to check anytime while you're writing.","","","",""
"web-app","admin.blog.compliance.errorTitle","Couldn't check","","","",""
"web-app","admin.blog.compliance.errorSub","The compliance check didn't run — try again before approving.","","","",""
"web-app","admin.blog.compliance.retry","Try again","","","",""
"web-app","admin.blog.reject.title","Reason for rejection","","","",""
"web-app","admin.blog.reject.sub","The author sees this note when they reopen the draft. Keep it factual and useful.","","","",""
"web-app","admin.blog.reject.placeholder","Explain what needs to change before this can be approved…","","","",""
"web-app","admin.blog.reject.cancel","Cancel","","","",""
"web-app","admin.blog.reject.send","Send rejection","","","",""
"web-app","admin.blog.rejectedNotice","This draft was rejected. See the reviewer's note below, make your changes, then resubmit.","","","",""
"web-app","admin.blog.rejectedReasonLabel","Reviewer's note","","","",""
"web-app","admin.blog.selfReview.notice","You can't approve or publish your own post — ask another moderator to review it.","","","",""
"web-app","admin.blog.err.notFound","Couldn't find this post — it may have been deleted or moved. Refresh the list and try again.","","","",""
"web-app","admin.blog.err.invalidTransition","This action isn't available for the post's current status — refresh the list to see where it stands.","","","",""
"web-app","admin.blog.err.selfReview","You can't review your own post — ask another moderator to approve, publish, or reject it.","","","",""
"web-app","admin.blog.err.notModerator","You don't have permission to do that.","","","",""
"web-app","admin.blog.err.badSlug","That URL isn't available — use lowercase letters, numbers and hyphens only.","","","",""
"web-app","admin.blog.err.incomplete","Add a title and some body text before you submit this for review.","","","",""
"web-app","admin.blog.err.flagged","This post contains wording that needs review — run the compliance check to see what to fix.","","","",""
"web-app","admin.blog.err.notOwner","Only an owner can delete a post permanently.","","","",""
"web-app","admin.blog.err.failed","Couldn't do that right now. Try again.","","","",""
"web-app","admin.blog.toast.draftSaved","Draft saved","","","",""
"web-app","admin.blog.toast.submitted","Sent for review","","","",""
"web-app","admin.blog.toast.published","Published","","","",""
"web-app","admin.blog.toast.rejected","Rejection sent","","","",""
"web-app","admin.blog.toast.reopened","Draft reopened","","","",""
"web-app","admin.blog.toast.archived","Archived","","","",""
"web-app","admin.blog.toast.deleted","Post deleted","","","",""
"web-app","admin.blog.editor.field.title","Title","","","",""
"web-app","admin.blog.editor.field.summary","Summary","","","",""
"web-app","admin.blog.editor.field.summaryHint","Shown as the preview snippet on the blog index and in link previews.","","","",""
"web-app","admin.blog.editor.field.category","Category","","","",""
"web-app","admin.blog.editor.field.subcategory","Subcategory (optional)","","","",""
"web-app","admin.blog.editor.field.categoryHint","Free text for now — click a suggestion to fill it in, or type your own if none fit yet.","","","",""
"web-app","admin.blog.editor.field.suggestedLabel","Suggested:","","","",""
"web-app","admin.blog.editor.field.links","Links (optional)","","","",""
"web-app","admin.blog.editor.field.addLink","+ Add link","","","",""
"web-app","admin.blog.editor.field.linkHrefInvalid","Enter a link starting with https:// or mailto:","","","",""
"web-app","admin.blog.editor.field.body","Body","","","",""
"web-app","admin.blog.editor.previewLabel","Preview","","","",""
"web-app","admin.blog.editor.toolbar.bold","Bold","","","",""
"web-app","admin.blog.editor.toolbar.italic","Italic","","","",""
"web-app","admin.blog.editor.toolbar.link","Link","","","",""
"web-app","admin.blog.editor.toolbar.h2","Heading 2","","","",""
"web-app","admin.blog.editor.toolbar.h3","Heading 3","","","",""
"web-app","admin.blog.editor.toolbar.bulletList","Bullet list","","","",""
"web-app","admin.blog.editor.toolbar.numberedList","Numbered list","","","",""
"web-app","admin.blog.editor.toolbar.quote","Quote","","","",""
"web-app","admin.blog.editor.linkUrlLabel","Link URL","","","",""
"web-app","admin.blog.editor.linkUrlPlaceholder","https://…","","","",""
"web-app","admin.blog.editor.lockedBanner","This post is live, so editing is locked here. To change it: archive the post, reopen the archived copy as a draft, edit it, then send it back through review. There's no quick-fix shortcut for small edits yet — every live change goes through the same two-moderator check as a first publish.","","","",""
"web-app","admin.blog.editor.reopenDraftHint","Optional — editing and resubmitting already work without it. This just clears the Rejected status back to Draft.","","","",""
"web-app","admin.blog.editor.conflict.title","This post has changed","","","",""
"web-app","admin.blog.editor.conflict.body","Another moderator saved a change to this draft after you opened it. Reload to see their version, or save anyway to overwrite it with yours.","","","",""
"web-app","admin.blog.editor.conflict.reload","Reload latest","","","",""
"web-app","admin.blog.editor.conflict.saveAnyway","Save anyway","","","",""
"web-app","admin.blog.editor.toolbar.image","Inline image","","","",""
"web-app","admin.blog.editor.image.formTitle","Inline image details","","","",""
"web-app","admin.blog.editor.image.inlineHint","Appears exactly where you insert it in the post — there's no separate cover or featured image.","","","",""
"web-app","admin.blog.editor.image.dropPrompt","Drag a photo here, or click to choose one from your device","","","",""
"web-app","admin.blog.editor.image.dropActive","Drop to upload","","","",""
"web-app","admin.blog.editor.image.hint","JPEG only, up to 4 MB. Uploaded photos are checked and cleaned up automatically.","","","",""
"web-app","admin.blog.editor.image.uploading","Uploading…","","","",""
"web-app","admin.blog.editor.image.uploaded","Photo added — fill in the details below, then insert it.","","","",""
"web-app","admin.blog.editor.image.uploadError","Couldn't upload that photo — try again.","","","",""
"web-app","admin.blog.editor.image.tooLarge","That photo's too big. The editor accepts JPEGs up to 4 MB — try a smaller file.","","","",""
"web-app","admin.blog.editor.image.wrongType","Only JPEG photos are supported here. Save it as a .jpg and try again.","","","",""
"web-app","admin.blog.editor.image.externalUrlNotSupported","Links to photos elsewhere aren't supported — upload the file itself. That's what checks it and strips its location data before it goes live.","","","",""
"web-app","admin.blog.editor.image.altLabel","Alt text","","","",""
"web-app","admin.blog.editor.image.altPlaceholder","Describe what's in the photo, for people using a screen reader","","","",""
"web-app","admin.blog.editor.image.captionLabel","Caption (optional)","","","",""
"web-app","admin.blog.editor.image.captionPlaceholder","A short caption shown under the photo","","","",""
"web-app","admin.blog.editor.image.size.label","Size","","","",""
"web-app","admin.blog.editor.image.size.hint","How large this photo appears in the finished post.","","","",""
"web-app","admin.blog.editor.image.size.option.small","Small","","","",""
"web-app","admin.blog.editor.image.size.option.medium","Medium","","","",""
"web-app","admin.blog.editor.image.size.option.large","Large","","","",""
"web-app","admin.blog.editor.image.size.option.full","Full width","","","",""
"web-app","admin.blog.editor.image.insert","Insert image","","","",""
"web-app","admin.blog.editor.image.cancel","Cancel","","","",""
"web-app","admin.blog.consent.question","Can you recognise a specific person in this photo?","","","",""
"web-app","admin.blog.consent.questionHint","A clear face or close-up counts. A wide venue shot, a scoreboard, hands on a cue, or a crowd with no one person as the focus doesn't. Not sure? Choose Yes.","","","",""
"web-app","admin.blog.consent.yes","Yes","","","",""
"web-app","admin.blog.consent.no","No","","","",""
"web-app","admin.blog.consent.basisLabel","How do you have their permission?","","","",""
"web-app","admin.blog.consent.option.directConsent","They gave their OK for this photo","","","",""
"web-app","admin.blog.consent.option.directConsentHint","The strongest option — use it when the person themself agreed to this specific use.","","","",""
"web-app","admin.blog.consent.option.self","It's a photo of me","","","",""
"web-app","admin.blog.consent.option.selfHint","You're the person in the photo — no extra details needed.","","","",""
"web-app","admin.blog.consent.option.eventPolicy","The event's photo policy covers this","","","",""
"web-app","admin.blog.consent.option.eventPolicyHint","Only choose this if the event has a written policy that specifically allows reuse by outside organisations like 8nOut — not standard ""photography may occur"" signage. This is the weakest option, and reviewers check it closely.","","","",""
"web-app","admin.blog.consent.noteLabel","Details","","","",""
"web-app","admin.blog.consent.notePlaceholder.directConsent","Who gave the OK, how (in person, message, email) and roughly when","","","",""
"web-app","admin.blog.consent.notePlaceholder.eventPolicy","Name the event, and describe or link the actual policy","","","",""
"web-app","admin.blog.rights.label","Where does this photo come from?","","","",""
"web-app","admin.blog.rights.option.ownPhoto","I took this photo myself","","","",""
"web-app","admin.blog.rights.option.licensed","It's licensed for this use","","","",""
"web-app","admin.blog.rights.option.publicDomainCc","It's public domain or Creative Commons","","","",""
"web-app","admin.blog.rights.option.tournamentPermission","Official tournament photography, used with permission","","","",""
"web-app","admin.blog.rights.noteLabel","Details","","","",""
"web-app","admin.blog.rights.notePlaceholder.licensed","Name the licence and where the photo is from","","","",""
"web-app","admin.blog.rights.notePlaceholder.publicDomainCc","Which one, if you know it (e.g. CC BY 4.0, public domain)","","","",""
"web-app","admin.blog.rights.notePlaceholder.tournamentPermission","Who gave permission to use it (name the person or organiser)","","","",""
"web-app","admin.blog.rights.attest.ownPhoto","I confirm I took this photo myself.","","","",""
"web-app","admin.blog.rights.attest.licensed","I confirm this photo is licensed for this use, as described above.","","","",""
"web-app","admin.blog.rights.attest.publicDomainCc","I confirm this photo is public domain or Creative Commons licensed, as described above.","","","",""
"web-app","admin.blog.rights.attest.tournamentPermission","I confirm the organiser named above gave permission for 8nOut to use this photo.","","","",""
"web-app","admin.blog.err.imageIncomplete","Every image needs alt text and a rights source, plus a consent basis if it shows someone recognisable — check the image details before you save.","","","",""
"web-app","admin.blog.err.imageNotUploaded","This image wasn't uploaded through the editor, so it can't be saved. Only photos added with Insert image get checked for size, type and location data — remove it and upload the photo again.","","","",""
"web-app","admin.blog.review.image.sectionTitle","Images","","","",""
"web-app","admin.blog.review.image.personLabel","Identifiable person","","","",""
"web-app","admin.blog.review.image.consentLabel","Consent basis","","","",""
"web-app","admin.blog.review.image.rightsLabel","Rights","","","",""
"web-app","admin.blog.review.image.eventPolicyFlag","Weakest basis — check the details closely","","","",""
"web-app","admin.blog.review.image.checkHint","Check the photo itself, and whether the consent and rights details given actually hold up — not just that they're filled in.","","","",""
"web-app","admin.blog.review.linksLabel","Links","","","",""
"web-app","admin.blog.help.imagesTitle","Photos, consent and rights","","","",""
"web-app","admin.blog.help.imagesBody","Every inset image needs alt text, and is recorded the same way as authorship and review — other moderators can see who added it, when, and what they attested.","","","",""
"web-app","admin.blog.help.imagesPlacementBody","Posts don't have a separate cover or featured image. Every photo you add here is an inline image — it appears exactly where you insert it in the post body.","","","",""
"web-app","admin.blog.help.imagesConsentBody","If a photo shows someone recognisable, the moderator adding it records how they have that person's permission. ""The event's photo policy covers this"" is the weakest basis — it needs the actual policy named, not general photography signage — so reviewers check it hardest.","","","",""
"web-app","admin.blog.help.imagesRightsBody","Every image also records where it comes from — the moderator's own photo, a licence, public domain or Creative Commons, or tournament photography used with permission — so there's a real record of the right to use it, not just a checkbox.","","","",""
"web-app","admin.blog.help.imagesReviewBody","When you review a post with images, check the photo itself and whether the consent and rights details given actually hold up — not just that the fields are filled in.","","","",""
"web-app","admin.blog.help.imagesRevocationBody","If someone asks for a photo of them to come down, removing it from 8nOut is guaranteed same-day. Anything already cached or archived elsewhere — search engines, browser caches — is best-effort, not something we can promise.","","","",""
"web-app","admin.blog.meta.submittedBy","Submitted by {name}","","","{name}",""
"web-app","admin.blog.meta.submittedAgo","Submitted {ago}","","","{ago}",""
"web-app","admin.blog.meta.editedAgo","Edited {ago}","","","{ago}",""
"web-app","admin.blog.meta.publishedOn","Published {date}","","","{date}",""
"web-app","admin.blog.meta.liveSince","Live since {date}","","","{date}",""
"web-app","admin.blog.meta.rejectedByAgo","Rejected by {name}, {ago}","","","{ago}; {name}",""
"web-app","admin.blog.meta.sentBackAgo","Sent back by {name}, {ago}","","","{ago}; {name}",""
"web-app","admin.blog.meta.autosaved","Autosaved {ago}","","","{ago}",""
"web-app","admin.blog.meta.deletedAccount","a deleted account","","","",""
"web-app","admin.blog.searchPlaceholder","Search by title…","","","",""
"web-app","admin.blog.backToPosts","Back to posts","","","",""
"web-app","admin.blog.image.loading","Loading photo…","","","",""
"web-app","admin.blog.image.expired","Preview timed out — reload to see it again.","","","",""
"web-app","admin.blog.image.reload","Reload photo","","","",""
"web-app","admin.blog.err.publishing","This post's photos are still being made public — click Approve & publish again in a moment.","","","",""
"web-app","admin.blog.help.imagesPublishingBody","If Approve & publish says the photos are still being made public, wait a moment and click it again — this finishes on its own, nothing is lost.","","","",""
"web-app","admin.blog.soloPublish.ackHeading","No second reviewer for this post","","","",""
"web-app","admin.blog.soloPublish.ackBody","This post shows someone recognisable or names a member, and you're currently the only moderator on 8nOut. Normally a second moderator checks whether that person would be comfortable appearing here before it publishes — right now, there isn't one to do that.","","","",""
"web-app","admin.blog.soloPublish.ackLabel","I understand I'm the only one making that judgment, and I'm personally accepting responsibility for it — not just on 8nOut's behalf.","","","",""
"web-app","admin.blog.soloPublish.ackLabelStandalone","I'm the only moderator reviewing this post, and I'm personally accepting responsibility for deciding whether the person it shows or names would be comfortable with that.","","","",""
"web-app","admin.blog.soloPublish.waitingNotice","Cooling-off period: {time} left before you can publish this alone. Come back then, or ask another moderator to review it now.","","","{time}",""
"web-app","admin.blog.soloPublish.pillWaiting","Solo review · {time} left","","","{time}",""
"web-app","admin.blog.soloPublish.pillReady","Solo review · ready to publish","","","",""
"web-app","admin.blog.soloPublish.soleModeratorNote","You're currently the only moderator on 8nOut.","","","",""
"web-app","admin.blog.err.soloNotReady","This can't be published solo yet — check the acknowledgment and cooling-off status above, or ask another moderator to review it.","","","",""
"web-app","admin.blog.err.soloCoolingOff","The cooling-off period for solo publishing hasn't finished yet — try again once the timer above reaches zero, or ask another moderator to review it now.","","","",""
"web-app","admin.blog.err.soloSecondModeratorJoined","Another moderator joined since you started this review, so solo publishing isn't available for this post anymore — ask them to review it instead.","","","",""
"web-app","admin.blog.err.selfReviewStale","This post still shows you as its last reviewer — refresh the page and try again, or ask another moderator to pick it up.","","","",""
"web-app","admin.blog.help.soloPublishBody","If you're the only moderator, you can publish a post that shows someone recognisable or names a member — on your own, after a short cooling-off period and a personal acknowledgment that you're the only one checking it. This is recorded the same way as everything else here, and stops being available the moment a second moderator joins.","","","",""
"web-app","admin.blog.classify.title","Before you submit","","","",""
"web-app","admin.blog.classify.question","Does this post name, quote, describe the result of, or otherwise let a reader identify a specific real member — beyond general references to the community?","","","",""
"web-app","admin.blog.classify.questionHint","Naming someone, quoting them, giving their match result, or describing them clearly enough that a reader would know who it is — all count, even without a photo. A general mention of the community, or an unnamed player, doesn't. Not sure? Choose Yes.","","","",""
"web-app","admin.blog.classify.confirm","Submit for review","","","",""
"web-app","admin.blog.classify.cancel","Cancel","","","",""
"web-app","presence.activeNow","Who's online","Hvem er online","","",""
"web-app","presence.seeAll","See all","Se alle","","",""
"web-app","presence.cityListTitle","Online in {city}","Online i {city}","","{city}",""
"web-app","presence.loadMore","Load more","Last inn flere","","",""
"web-app","presence.noneActiveSub","Check back soon — players show up as they get to a table.","Kom tilbake snart — spillere dukker opp når de er ved et bord.","","",""
"web-app","presence.online","In the app now","I appen nå","","",""
"web-app","presence.recentlyActive","Active earlier today","Aktiv tidligere i dag","","",""
"web-app","presence.you","You","Deg","","",""
"web-app","presence.youInvisible","You · invisible","Deg · usynlig","","",""
"web-app","presence.goInvisible","Go invisible","Bli usynlig","","",""
"web-app","presence.goInvisibleSub","Hides your online status, your Open-to-play badge, and ""in the club"" from everyone — including your connections.","","","",""
"web-app","presence.goInvisibleFooter","While you're invisible: no one sees you as online, open to play, or in the club — not even your connections. Your club won't get a notification when you log on, either. It also clears any ""in the club"" status straight away. Turn invisibility off and your Open-to-play setting comes back as it was — but ""in the club"" doesn't return on its own. If you're still there, set it again. Your club pins and profile stay on the map the whole time.","","","",""
"web-app","presence.invisibleOwnerNote","You're invisible right now — others don't see you as online or open to play.","Du er usynlig nå — andre ser deg ikke som online eller klar for spill.","","",""
"web-app","presence.firstNoticeHeading","You're now visible as active","Du er nå synlig som aktiv","","",""
"web-app","presence.firstNoticeBody","8nOut now shows other signed-in members when you're active — a simple ""online"" or ""recently active"" status next to your map pin, so people can see who's around for a game. It is never your location and is never shown to the public. It's on by default; you can turn it off for everyone, at any time, with Go invisible. See the Privacy Policy for details.","8nOut viser nå andre innloggede medlemmer når du er aktiv — en enkel status «online» eller «nylig aktiv» ved siden av kartposisjonen din, slik at folk kan se hvem som er her for et spill. Det er aldri posisjonen din og vises aldri til offentligheten. Den er på som standard; du kan når som helst slå den av for alle med Bli usynlig. Se personvernerklæringen for detaljer.","","",""
"web-app","presence.firstNoticeDismiss","Got it","OK","","",""
"web-app","presence.gotIt","Got it","Skjønner","","",""
"web-app","presence.globalOnlineLabel","Online now","Online nå","","",""
"web-app","presence.globalCountA11y.one","1 player online across 8nOut right now","1 spiller er online på 8nOut akkurat nå","","",""
"web-app","presence.globalCountA11y.other","{count} players online across 8nOut right now","{count} spillere er online på 8nOut akkurat nå","","{count}",""
"web-app","presence.activeGamesLabel","Active games","","","",""
"web-app","presence.activeGamesCountA11y.one","{count} live scoreboard game in progress right now","","","{count}",""
"web-app","presence.activeGamesCountA11y.other","{count} live scoreboard games in progress right now","","","{count}",""
"web-app","presence.activeGamesCountA11yZero","No live scoreboard games in progress right now","","","",""
"web-app","presence.cityOnlineHeader","Who's online in {city}","Hvem er online i {city}","","{city}",""
"web-app","presence.cityUnsetPrompt","Set your city to see who's online near you","Angi byen din for å se hvem som er online i nærheten","","",""
"web-app","presence.cityEmpty","No one's online in {city} right now","Ingen er online i {city} akkurat nå","","{city}",""
"web-app","presence.zoomOutHint","Zoom out for more clubs","Zoom ut for flere klubber","","",""
"web-app","presence.nearMeClubHeader","My clubs","Mine klubber","","",""
"web-app","presence.nearMeCityHeader","In {city}","I {city}","","{city}",""
"web-app","presence.nearMeEmpty","No one's online in your clubs or in {city} right now","Ingen er online i klubbene dine eller i {city} akkurat nå","","{city}",""
"web-app","presence.nearMeDistanceA11yBelowOne","less than 1 kilometer away","mindre enn 1 kilometer unna","","",""
"web-app","presence.nearMeDistanceA11y.one","approximately 1 kilometer away","omtrent 1 kilometer unna","","",""
"web-app","presence.nearMeDistanceA11y.other","approximately {count} kilometers away","omtrent {count} kilometer unna","","{count}",""
"web-app","presence.nearMeAddClubNudge","Add a club to see players from your regular spots too","Legg til en klubb for å se spillere fra dine faste klubber også","","",""
"web-app","availability.setButton","I'm in the club","","","",""
"web-app","availability.pickerTitle","Which club, and for how long?","","","",""
"web-app","availability.pickerVenueLabel","Club","","","",""
"web-app","availability.pickerVenueEmpty","You haven't added a club yet — add one first, then you can show as in the club.","","","",""
"web-app","availability.pickerDurationLabel","Until","","","",""
"web-app","availability.duration.1h","1 hour","","","",""
"web-app","availability.duration.3h","3 hours","","","",""
"web-app","availability.duration.8h","8 hours","","","",""
"web-app","availability.firstNoticeHeading","Before you show as ""in the club""","","","",""
"web-app","availability.firstNoticeBody","You'll show as at **{venue}** until **{time}**. Your accepted connections will see this — no one else. Clear it in one tap any time, and it clears itself automatically once the time's up. It's entirely optional, and you can stop using it whenever you like.","","","{time}; {venue}",""
"web-app","availability.confirmButton","Show me as in the club","","","",""
"web-app","availability.statusLabel","At {venue} until {time}","","","{time}; {venue}",""
"web-app","availability.statusLabelA11y","In the club at {venue} until {time}","","","{time}; {venue}",""
"web-app","availability.clear","Clear","","","",""
"web-app","availability.invisibleDisabled","Turn off Go invisible to set this.","","","",""
"web-app","availability.repeatNotice","Visible to your connections only. Clear anytime.","","","",""
"web-app","availability.saveError","Couldn't save — check your connection and try again.","","","",""
"web-app","venue.inClubUntil","In the club until {time}","","","{time}",""
"web-app","venue.connectionsHereA11y","{count} of your connections here now","","","{count}",""
"web-app","availability.playingNoticeHeading","Before you confirm you're playing","Før du bekrefter at du spiller","","",""
"web-app","availability.playingNoticeBodyOwner","Confirming shows you and **{name}** playing together, at **{venue}** until **{time}** — on your own club pin, that club's list, and the City list. Only members connected to **both of you** can see it, a smaller group than who sees you're in the club. {name} confirms separately, and nothing shows until they have too. End it in one tap, any time. It's optional — skip it and your own ""in the club"" status (if you have one) stays exactly as it is. One more thing: confirming replaces any ""in the club"" status you currently have — it ends the moment you confirm here. You can only be in one place at a time.","Bekreftelse viser deg og **{name}** som spiller sammen — hos **{venue}** til **{time}** — på din egen klubb-pin, i den klubbens liste og i by-listen. Bare medlemmer som er tilkoblet **begge dere** ser det — en mindre gruppe enn de som ser at du er på klubben. {name} bekrefter uavhengig, og ingenting vises før {name} også har bekreftet. Avslutt når som helst med ett trykk. Det er frivillig — lar du være, forblir ""på klubben""-status din (om du har en) akkurat som den er. Én ting til: Bekreftelse erstatter en eventuell ""på klubben""-status du har — den avsluttes i det øyeblikket du bekrefter her. Du kan nemlig bare være ett sted om gangen.","","{name}; {time}; {venue}",""
"web-app","availability.playingNoticeBodyGuest","Confirming shows you and **{name}** playing together, at **{venue}** until **{time}** — on the City list, to members connected to **both of you**. You won't get a pin at {venue} — that's {name}'s club, not yours. {name} confirms separately, and nothing shows until they have too. End it in one tap, any time. It's optional — skip it and your own ""in the club"" status (if you have one) stays exactly as it is. One more thing: confirming replaces any ""in the club"" status you currently have — it ends the moment you confirm here. You can only be in one place at a time.","Bekreftelse viser deg og **{name}** som spiller sammen — hos **{venue}** til **{time}** — i by-listen, til medlemmer tilkoblet **begge dere**. Du får ingen pin hos {venue} — den klubben er {name}s, ikke din. {name} bekrefter uavhengig, og ingenting vises før {name} også har bekreftet. Avslutt når som helst med ett trykk. Det er frivillig — lar du være, forblir ""på klubben""-status din (om du har en) akkurat som den er. Én ting til: Bekreftelse erstatter en eventuell ""på klubben""-status du har — den avsluttes i det øyeblikket du bekrefter her. Du kan nemlig bare være ett sted om gangen.","","{name}; {time}; {venue}",""
"web-app","availability.playingReminderOwner","On your club pin and the City list, to connections of both of you. End it anytime.","På din klubb-pin og i by-listen, til de som er tilkoblet begge dere. Avslutt når som helst.","","",""
"web-app","availability.playingReminderGuest","On the City list only, to connections of both of you. End it anytime.","Bare i by-listen, til de som er tilkoblet begge dere. Avslutt når som helst.","","",""
"web-app","availability.confirmPlayingButton","Confirm you're playing","Bekreft spilling","","",""
"web-app","availability.playingStatusLabel","Playing with {name} at {venue} until {time}","Spiller med {name} hos {venue} til {time}","","{name}; {time}; {venue}",""
"web-app","availability.playingStatusLabelA11y","Playing with {name} at {venue} until {time}","Spiller med {name} hos {venue} til {time}","","{name}; {time}; {venue}",""
"web-app","availability.waitingForPartner","You've confirmed. Waiting for {name} to confirm too.","Du har bekreftet. Venter på bekreftelse fra {name}.","","{name}",""
"web-app","availability.endPlayingButton","We're done","Ferdig","","",""
"web-app","availability.stillPlayingButton","Still playing","Fortsett å spille","","",""
"web-app","venue.playingUntil","Playing with {name} until {time}","Spiller med {name} til {time}","","{name}; {time}",""
"web-app","availability.playingFallback","Playing at {venue} until {time}","","","{time}; {venue}",""
"web-app","venue.playingFallback","Playing until {time}","","","{time}",""
"web-app","connections.sentHeading","Sent requests","Sendte forespørsler","","",""
"web-app","connections.awaitingReply","Waiting for a reply","Venter på svar","","",""
"web-app","connections.withdraw","Withdraw","Trekk tilbake","","",""
"web-app","connections.remove","Remove","Fjern","","",""
"web-app","connections.removeConfirm","Remove connection","Fjern forbindelse","","",""
"web-app","connections.removeExplain","You'll lose each other's contact details, and any address shared for a game.","Dere mister hverandres kontaktinfo, og adresser som er delt for en kamp.","","",""
"web-app","connections.playNowConfirmTitle","Play now at {place}?","Spill nå på {place}?","","{place}",""
"web-app","connections.playNowChangePlace","Choose a different place","Velg et annet sted","","",""
"web-app","blocked.title","Blocked players","Blokkerte spillere","","",""
"web-app","blocked.unblock","Unblock","Fjern blokkering","","",""
"web-app","blocked.explain","Blocked players can't see you on the map and can't contact you. They aren't told.","Blokkerte spillere ser deg ikke på kartet og kan ikke kontakte deg. De får ikke beskjed.","","",""
"web-app","locationShares.title","Who has my address","Hvem har adressen min","","",""
"web-app","locationShares.empty","Nobody has your exact address right now.","Ingen har den nøyaktige adressen din akkurat nå.","","",""
"web-app","locationShares.footer","These players can see your exact address. You share it for a set time, and can stop sooner.","Disse spillerne ser den nøyaktige adressen din. Du deler den i en begrenset tid og kan slutte tidligere.","","",""
"web-app","locationShares.ends","Ends {relative} · {absolute}","Slutter {relative} · {absolute}","","{absolute}; {relative}",""
"web-app","locationShares.noExpiry","No end time","Ingen sluttid","","",""
"web-app","locationShares.stopSharing","Stop sharing","Slutt å dele","","",""
"web-app","locationShares.stopped","You stopped sharing your address.","Du deler ikke lenger adressen din.","","",""
"web-app","clubs.venueWarning","Add a public pool club — not a home or private address.","Legg til en offentlig biljardklubb — ikke en bolig eller en privatadresse.","","",""
"web-app","onboarding.finishLater","Finish later","Fullfør senere","","",""
"web-app","onboarding.next","Next","Neste","","",""
"web-app","onboarding.stepCount","{current} of {total}","{current} av {total}","","{current}; {total}",""
"web-app","onboarding.stepCountA11y","Question {current} of {total}","Spørsmål {current} av {total}","","{current}; {total}",""
"web-app","onboarding.rackDoneA11y","All three answered","Alle tre besvart","","",""
"web-app","onboarding.name.q","What name do you play under?","Hvilket navn spiller du under?","","",""
"web-app","onboarding.name.why","This is the name on your row in a club's list, and the name other players search by.","Dette er navnet ditt i en klubbliste, og navnet andre spillere søker på.","","",""
"web-app","onboarding.name.label","Your name","Navnet ditt","","",""
"web-app","onboarding.name.hint","One word is fine — plenty of players here go by a handle.","Ett ord holder — mange her bruker et kallenavn.","","",""
"web-app","onboarding.city.q","Which country and town do you play in?","Hvilket land og hvilken by spiller du i?","","",""
"web-app","onboarding.city.why","Players filter the map by country and town. Without yours, you're hard to find.","Spillere filtrerer kartet på land og by. Uten dine er du vanskelig å finne.","","",""
"web-app","onboarding.club.q","Which club do you play at?","Hvilken klubb spiller du i?","","",""
"web-app","onboarding.club.why","Your name goes on that club's list — the same list you see when you open a club on the map.","Navnet ditt havner på klubblista — den samme listen du ser når du åpner en klubb på kartet.","","",""
"web-app","onboarding.club.notListedBody","Clubs are added by the community, so yours may not be here yet. Add it and we'll check it — it goes on the map once it's approved.","Klubber legges til av fellesskapet, så din er kanskje ikke med ennå. Legg den til, så ser vi på den — når den er godkjent, dukker den opp på kartet.","","",""
"web-app","onboarding.club.exitHint","Not sure yet? Finish later","Enda usikker? Fullfør senere","","",""
"web-app","clubs.errorFailed","Couldn't add that club just now. Try again.","Klarte ikke å legge til biljardklubben akkurat nå. Prøv igjen.","","",""
"web-app","clubs.errorRejected","{venue} wasn't added to the map. Pick a club that's already on the map instead.","{venue} ble ikke lagt til på kartet. Velg heller en klubb som allerede er på kartet.","","{venue}",""
"web-app","clubs.errorCap","Three clubs is the limit. Remove one first, then you can add this one.","Tre klubber er maks. Fjern én først, så kan du legge til denne.","","",""
"web-app","clubs.errorDuplicate","You've already got that club. Search for another one if you play somewhere else too.","Den klubben har du allerede. Søk opp en annen hvis du spiller flere steder.","","",""
"web-app","onboarding.payoff.headline","You're on the list at {venue}","Du står på klubblisten hos {venue}","","{venue}",""
"web-app","onboarding.payoff.headlineFirst","You're first on the list at {venue}","Du er først på klubblisten hos {venue}","","{venue}",""
"web-app","onboarding.payoff.seat","Players who add this club appear here.","Spillere fra denne klubben, vises her.","","",""
"web-app","onboarding.payoff.toggleCaption","Turn it on and your row here reads Ready to play. So does your public profile, which anyone with the link can open, signed in or not. You're on the list either way.","La andre vite du er Klar for spill! Det samme på den offentlige profilen din — den kan hvem som helst med lenken åpne, innlogget eller ikke. På listen står du uansett.","","",""
"web-app","onboarding.payoff.andMore","and {count} more","og {count} til","","{count}",""
"web-app","onboarding.payoff.rosterFailed","Couldn't load the rest of the list.","Klarte ikke å laste resten av listen.","","",""
"web-app","onboarding.payoff.toggleFailed","Couldn't change that just now. Try again.","Klarte ikke å endre det akkurat nå. Prøv igjen.","","",""
"web-app","onboarding.pending.headline","Thanks — we'll check {venue}","Takk — vi ser på {venue}","","{venue}",""
"web-app","onboarding.pending.body","It's on your clubs already. Once it's approved, the club goes on the map and your name is on its list. Until then, you're not on any club's list.","Den ligger allerede blant klubbene dine. Når den er godkjent, kommer klubben på kartet og navnet ditt står på listen. Inntil da står du ikke på noen klubbliste.","","",""
"web-app","onboarding.pending.whereToCheck","You can check on it any time under Clubs on your profile.","Du kan sjekke det når som helst under Klubber i profilen din.","","",""
"web-app","onboarding.payoff.toggleCaptionPending","Turn it on and your name carries Ready to play in player search and on your public profile, which anyone with the link can open, signed in or not.","Slår du den på, står Klar for spill ved navnet ditt i spillersøket og på den offentlige profilen din — den kan hvem som helst med lenken åpne, innlogget eller ikke.","","",""
"web-app","onboarding.rejected.headlineOne","{venue} wasn't added to the map","{venue} ble ikke lagt til på kartet","","{venue}",""
"web-app","onboarding.rejected.headlineMany","{count} of your clubs weren't added to the map","{count} av klubbene dine ble ikke lagt til på kartet","","{count}",""
"web-app","onboarding.rejected.body","It's still on your profile, but you're not on any club's list. Pick a club that's already on the map and you're on its list straight away.","Den ligger fortsatt i profilen din, men du står ikke på noen klubbliste. Velg en klubb som allerede er på kartet, så står du på listen med én gang.","","",""
"web-app","onboarding.rejected.bodyMany","They're still on your profile, but you're not on any club's list. Pick a club that's already on the map and you're on its list straight away.","De ligger fortsatt i profilen din, men du står ikke på noen klubbliste. Velg en klubb som allerede er på kartet, så står du på listen med én gang.","","",""
"web-app","onboarding.rejected.reason","Reason: {reason}","Grunn: {reason}","","{reason}",""
"web-app","onboarding.rejected.removeConfirm","Remove {venue} from your clubs?","Fjern {venue} fra klubbene dine?","","{venue}",""
"web-app","onboarding.rejected.removeExplain","This takes it off your profile. Nothing else changes.","Da forsvinner den fra profilen din. Ellers endres ingenting.","","",""
"web-app","onboarding.cuescore.title","Play on CueScore?","Spiller du på CueScore?","","",""
"web-app","onboarding.cuescore.replaceNotice","Your CueScore name and photo become your 8nOut name and photo.","CueScore-navnet og -bildet ditt blir navnet og bildet ditt på 8nOut.","","",""
"web-app","onboarding.cuescore.linkedChip","CueScore linked","CueScore koblet til","","",""
"web-app","onboarding.cuescore.replacedName","You're {name} now","Nå heter du {name}","","{name}",""
"web-app","onboarding.cuescore.replacedBody","That's the name on your row, in player search, and on your profile.","Det er navnet ditt her i raden, i spillersøket og på profilen din.","","",""
"web-app","onboarding.playsAt.title","Where do you usually play?","Hvor spiller du vanligvis?","","",""
"web-app","onboarding.playsAt.club","At a club","I en klubb","","",""
"web-app","onboarding.playsAt.home","At home","Hjemme","","",""
"web-app","onboarding.playsAt.both","Both","Begge deler","","",""
"web-app","onboarding.playsAt.notice","Helps us decide whether to build a home-table feature. It's private, and skipping changes nothing else about your account. If you already have one, it stays visible to your connections only — never public.","Hjelper oss å bestemme om vi bør bygge en hjemmebord-funksjon. Det er privat, og å hoppe over endrer ingenting annet på kontoen din. Har du allerede ett, er det bare synlig for kontaktene dine — aldri offentlig.","","",""
"web-app","onboarding.playsAt.save","Save","Lagre","","",""
"web-app","onboarding.playsAt.skip","Skip for now","Hopp over nå","","",""
"web-app","onboarding.banner.title","Finish setting up","Fullfør oppsettet","","",""
"web-app","onboarding.banner.missing.name","Without a name, nobody can tell who you are in a club's list or in search.","Uten navn kan ingen se hvem du er i en klubbliste eller i søket.","","",""
"web-app","onboarding.banner.missing.club","You're not on any club's list yet, so nobody finds you when they open a club on the map.","Du står ikke på noen klubbliste ennå, så ingen finner deg når de åpner en klubb på kartet.","","",""
"web-app","onboarding.banner.cta.name","Add your name","Legg til navn","","",""
"web-app","onboarding.banner.cta.city","Add your town","Legg til by","","",""
"web-app","onboarding.banner.notNow","Not now","Ikke nå","","",""
"web-app","onboarding.banner.quiet","Setup unfinished","Oppsettet er ikke fullført","","",""
"web-app","onboarding.banner.quietCta","Finish","Fullfør","","",""
"web-app","onboarding.banner.rejectedCta","Find your club","Finn din klubb","","",""
"web-app","help.title","Help","Hjelp","","",""
"web-app","help.search","Search help…","Søk i hjelpen…","","",""
"web-app","help.noResults","No answers for ""{q}""","Ingen svar for «{q}»","","{q}",""
"web-app","help.noResultsSub","Try another word, or write to us.","Prøv et annet ord, eller skriv til oss.","","",""
"web-app","help.allHelp","All help","Tilbake til Hjelp","","",""
"web-app","help.related","Related","Se også","","",""
"web-app","help.stillStuck","Still stuck?","Står du fast?","","",""
"web-app","help.emailUs","Email us","Send oss en e-post","","",""
"web-app","help.heading","How can we help?","","","",""
"web-app","help.subline","Short answers to the questions players ask most.","","","",""
"web-app","help.empty","No answers are published yet.","","","",""
"web-app","account.signedInWith","Signed in with","Logget inn med","","",""
"web-app","receipts.notice.title","Read receipts are here","Lesekvitteringer er her","","",""
"web-app","receipts.notice.sectionA.kicker","How it works","","","",""
"web-app","receipts.notice.sectionA.body","When you and a connection both have this on, you'll see when your message has been read — and they'll see the same about yours. Turn it off any time; nothing else about chat changes.","Når du og en kontakt begge har dette på, ser du når meldingen din er lest — og de ser det samme hos deg. Slå det av når som helst; ellers endres ingenting i chatten.","","",""
"web-app","receipts.toggle.label","Read receipts","Lesekvitteringer","","",""
"web-app","receipts.toggle.sub","Only works when the other person has it on too.","Fungerer bare når den andre også har det på.","","",""
"web-app","receipts.notice.sectionB.kicker","One quick question","Ett raskt spørsmål","","",""
"web-app","receipts.notice.sectionB.body","Which age group are you in? We use this only to set your read-receipts default — nothing else changes.","Hvilken aldersgruppe er du i? Dette bruker vi bare til å sette standardinnstillingen din for lesekvitteringer — ellers endres ingenting.","","",""
"web-app","receipts.ageband.1617","16 or 17","16 eller 17","","",""
"web-app","receipts.ageband.18plus","18 or older","18 eller eldre","","",""
"web-app","receipts.ageband.decline","Prefer not to say","Vil ikke oppgi","","",""
"web-app","receipts.ageband.reassure","You can skip this — read receipts just stay off for you either way.","Du kan hoppe over dette — lesekvitteringer forblir bare av for deg uansett.","","",""
"web-app","receipts.notice.continue","Continue","Fortsett","","",""
"web-app","receipts.settings.upgradeRow.label","I'm 18 or older now","Jeg er nå 18 eller eldre","","",""
"web-app","receipts.settings.upgradeRow.sub","Updates your age group on file.","Oppdaterer aldersgruppen vi har registrert.","","",""
"web-app","receipts.settings.upgradeRow.button","Update","Oppdater","","",""
"web-app","receipts.settings.footer","Read receipts only work when you and the other person both have them on. Turn yours off and it stops for both of you straight away.","Lesekvitteringer fungerer bare når du og den andre begge har dem på. Slå av din, og det stopper med én gang for dere begge.","","",""
"web-app","receipts.readMark","Read","Lest","","",""
"web-app","clubAlerts.toggle.label","Club alerts","","","",""
"web-app","clubAlerts.toggle.sub","Notified when someone at one of your clubs comes online.","","","",""
"web-app","ladder.pending.joinDisclosureArchive","When a season ends, the standings are saved exactly as they stood — with your name — and that stays true even if you leave the ladder later. You can ask to appear as “Former member” instead, any time.","Når en sesong avsluttes, lagres tabellen nøyaktig slik den sto — med navnet ditt — og det gjelder selv om du forlater ladderen senere. Du kan når som helst be om å vises som «Tidligere medlem» i stedet.","","",""
"web-app","ladder.pending.joinDisclosurePrint","Any member can export the standings — including to put up on a noticeboard at a club.","Alle medlemmer kan eksportere tabellen — også for å henge den opp på oppslagstavlen i en klubb.","","",""
"web-app","ladder.pending.exportStamp","Standings as of {date} — current standings live in the 8nOut app. This sheet doesn't update.","Stand per {date} — de gjeldende tabellene finner du i 8nOut-appen. Dette arket oppdateres ikke.","","{date}",""
"web-app","ladder.pending.leaveArchivePermanence","This doesn't touch your past seasons. Leaving removes you from the current board, not your history. Saved standings from earlier seasons still show your name — unless you also switch on “Former member” below.","Dette påvirker ikke tidligere sesonger. Å forlate ladderen fjerner deg fra den gjeldende tabellen, ikke fra historikken din. Lagrede tabeller fra tidligere sesonger viser fortsatt navnet ditt — med mindre du også slår på «Tidligere medlem» nedenfor.","","",""
"web-app","ladder.heading","City Ladder","","","",""
"web-app","ladder.card.loadError","Couldn't load your ladder standing.","","","",""
"web-app","ladder.card.seeBoard","See the board","","","",""
"web-app","ladder.card.seeBoardCount","See the board · {n} ranked","","","{n}",""
"web-app","ladder.card.footer","Your rating moves when you and another {city} member log a match together.","","","{city}",""
"web-app","ladder.card.eligible","The {city} Ladder is open to you","","","{city}",""
"web-app","ladder.card.eligibleSub","You're in {city} and you play at a club here — that's all it takes.","Du er i {city} og spiller på en klubb her — det er alt som skal til.","","{city}",""
"web-app","ladder.card.join","Join the {city} Ladder","Bli med i {city} Ladder","","{city}",""
"web-app","ladder.card.noClub","The {city} Ladder is for players with a club in the city","{city} Ladder er for spillere med en klubb i byen","","{city}",""
"web-app","ladder.card.noClubSub","Add the room you play at and it opens up. Clubs are checked before they count.","","","",""
"web-app","ladder.card.noCity","Ladders are running in {list}. Nothing in {city} yet.","Det finnes Ladder i {list}. Ikke i {city} ennå.","","{city}; {list}",""
"web-app","ladder.card.forgetHeadline","Your name is on past season boards","Navnet ditt står på tidligere sesongtabeller","","",""
"web-app","ladder.card.forgetSub","You've left the ladder, but those boards still carry your name. Change how you appear, any time.","Du har forlatt ladderen, men de tabellene viser fortsatt navnet ditt. Du kan endre hvordan du vises, når som helst.","","",""
"web-app","ladder.fig.rank","Rank","","","",""
"web-app","ladder.fig.rating","Rating","","","",""
"web-app","ladder.fig.matches","Matches","","","",""
"web-app","ladder.fig.yourRating","Your rating","","","",""
"web-app","ladder.fig.yourRatingKept","Your rating, kept","","","",""
"web-app","ladder.fig.finished","Finished","","","",""
"web-app","ladder.fig.ratingThen","Rating then","","","",""
"web-app","ladder.state.notRankedChip","{city} · not ranked yet","","","{city}",""
"web-app","ladder.state.hiddenChip","{city} · off the board for now","{city} · ikke på tabellen akkurat nå","","{city}",""
"web-app","ladder.state.unranked","You're on the ladder — you're not on the board yet. Play a match with another {city} member and log it, and your name appears here.","Du er på ladderen — bare ikke på tabellen ennå. Spill en kamp mot et annet {city}-medlem og registrer den, så dukker navnet ditt opp her.","","{city}",""
"web-app","ladder.state.hidden","You're not on the board right now. It shows players who've played in the last 60 days — your last was {date}. Log one match and you're straight back in at {rating}.","Du er ikke på tabellen akkurat nå. Den viser spillere som har spilt de siste 60 dagene — sist du spilte var {date}. Registrer én kamp, så er du rett tilbake med {rating}.","","{date}; {rating}",""
"web-app","ladder.state.hiddenNoDate","You're not on the board right now. It shows players who've played in the last 60 days. Log one match and you're straight back in at {rating}.","Du er ikke på tabellen akkurat nå. Den viser spillere som har spilt de siste 60 dagene. Registrer én kamp, så er du rett tilbake med {rating}.","","{rating}",""
"web-app","ladder.board.title","{city} Ladder","","","{city}",""
"web-app","ladder.board.season","Season","","","",""
"web-app","ladder.board.currentSeason","Current season","","","",""
"web-app","ladder.board.finalStandings","Final standings · {label}","","","{label}",""
"web-app","ladder.board.closedOn","Closed {date}","","","{date}",""
"web-app","ladder.board.loadError","Couldn't load the {city} board.","","","{city}",""
"web-app","ladder.board.empty","Nobody in {city} has logged a qualifying match yet. Play one with another member here and you'll both be on it.","","","{city}",""
"web-app","ladder.board.emptyArchive","Nothing was saved for your city in this season.","","","",""
"web-app","ladder.board.showMore","Show more","","","",""
"web-app","ladder.board.footer","{n} players ranked. Players who haven't played in 60 days aren't shown.","","","{n}",""
"web-app","ladder.board.archiveFooter","A saved picture of the board on {date}. It doesn't change.","","","{date}",""
"web-app","ladder.col.player","Player","","","",""
"web-app","ladder.col.rating","Rating","","","",""
"web-app","ladder.col.played","Played","","","",""
"web-app","ladder.you","You","","","",""
"web-app","ladder.plate.you","You","","","",""
"web-app","ladder.plate.notInSeason","You weren't on this season's board.","","","",""
"web-app","ladder.join.title","Join the ladder","","","",""
"web-app","ladder.join.fromProfile","From your profile","","","",""
"web-app","ladder.join.seeTitle","Other {city} members will see you","","","{city}",""
"web-app","ladder.join.seeBody","Your name, your position and your rating — nobody else, no other city.","","","",""
"web-app","ladder.join.archiveTitle","Season boards are saved permanently","Sesongtabeller lagres permanent","","",""
"web-app","ladder.join.printTitle","The board can be printed and pinned up","Tabellen kan skrives ut og henges opp","","",""
"web-app","ladder.join.startingRating","Everyone starts at 1500. It moves with your results — quickly at first, then more slowly as it settles.","","","",""
"web-app","ladder.join.cta","Join the {city} Ladder","","","{city}",""
"web-app","ladder.leave.cta","Leave the {city} Ladder","","","{city}",""
"web-app","ladder.leave.title","Leave the ladder","","","",""
"web-app","ladder.leave.what","You come off the {city} board and your rating stops moving.","","","{city}",""
"web-app","ladder.leave.rating","Your rating isn't kept. If you join again later you'd start over at 1500, like everyone new.","Ratingen din beholdes ikke. Blir du med igjen senere, starter du på nytt på 1500 — som alle nye.","","",""
"web-app","ladder.leave.notDeletion","Your match record, your clubs and your account are untouched. This isn't account deletion.","","","",""
"web-app","ladder.leave.pastSeasons","Past seasons","","","",""
"web-app","ladder.leave.forget","Show me as “Former member”","Vis som «Tidligere medlem»","","",""
"web-app","ladder.leave.forgetSub","Your positions and ratings stay in place; your name doesn't appear next to them.","Plasseringene og ratingene dine blir stående; navnet ditt vises ikke lenger ved siden av dem.","","",""
"web-app","ladder.leave.confirm","Leave the {city} Ladder","","","{city}",""
"web-app","ladder.forget.cta","How my name appears in past seasons","Hvordan navnet mitt vises i tidligere sesonger","","",""
"web-app","ladder.forget.done","Done — past season boards now show you as “Former member”.","Ferdig — tidligere sesongtabeller viser deg nå som «Tidligere medlem».","","",""
"web-app","ladder.forget.confirmTitle","Show me as “Former member” on past season boards","Vis som «Tidligere medlem» på tidligere sesongtabeller","","",""
"web-app","ladder.forget.confirmBody","Your positions and ratings stay in place; your name doesn't appear next to them. This doesn't take you off the ladder.","Plasseringene og ratingene dine blir stående; navnet ditt vises ikke lenger ved siden av dem. Dette fjerner deg ikke fra ladderen.","","",""
"web-app","ladder.export.cta","Export board","","","",""
"web-app","ladder.export.title","Export the board","","","",""
"web-app","ladder.export.snapshot","A dated picture of the board as it stands right now. It's a snapshot, not a link — whoever you give it to sees this moment only, and it won't update.","","","",""
"web-app","ladder.export.droppedColumn","Last-played dates are left off the printed board. Rank, name and rating only.","","","",""
"web-app","ladder.export.print","Save or print","","","",""
"web-app","ladder.print.kicker","One Pocket · 8nOut","","","",""
"web-app","ladder.print.title","{city} City Ladder","","","{city}",""
"web-app","ladder.print.current","Current standings","","","",""
"web-app","ladder.print.finalStandings","Final standings · {label}","","","{label}",""
"web-app","ladder.print.twoDates","Final standings · closed {closed} — exported {exported}","Sluttabell · avsluttet {closed} — eksportert {exported}","","{closed}; {exported}",""
"web-app","ladder.rules.entry","How the rating works","Slik fungerer ratingen","","",""
"web-app","ladder.rules.where","Everyone starts at 1500. When you and another member of your city's ladder log a match together, the winner's rating goes up and the loser's goes down.","","","",""
"web-app","ladder.rules.gap","Beating someone rated well above you moves your rating more than beating someone close to you. Losing to someone well below you costs more than losing to someone close.","","","",""
"web-app","ladder.rules.speed","Your rating moves quickly over your first several matches, then settles down as it finds your level.","","","",""
"web-app","ladder.rules.recency","The board shows players who've played in the last 60 days. If you go quiet you come off it — your rating is kept exactly as it was, and one match puts you straight back.","","","",""
"web-app","ladder.rules.counts","Any match you log with another member of the same city's ladder counts, however you log it: by hand, from the live scoreboard, or imported from CueScore. Matches against anyone else don't move your rating.","","","",""
"web-app","ladder.error.wrongCity","That ladder is for players whose home town is that city.","","","",""
"web-app","ladder.error.noApprovedClub","You need a club in that city before you can join. Clubs are checked before they count.","","","",""
"web-app","ladder.error.cityClosed","That ladder isn't taking new members right now.","","","",""
"web-app","admin.nav.ladder","Ladder","","","",""
"web-app","admin.ladder.cities","Cities","","","",""
"web-app","admin.ladder.addCity","Add a city","","","",""
"web-app","admin.ladder.city","City","","","",""
"web-app","admin.ladder.country","Country","","","",""
"web-app","admin.ladder.members","Members","","","",""
"web-app","admin.ladder.ranked","Ranked","","","",""
"web-app","admin.ladder.openToJoin","Open to join","","","",""
"web-app","admin.ladder.closedNote","Members stay enrolled when a city is closed to joining; their board keeps working.","","","",""
"web-app","admin.ladder.manualEnrol","Manual enrolment","","","",""
"web-app","admin.ladder.manualEnrolSub","For when the city on a profile doesn't match. Skips the club and home-town checks. Use when a member is genuinely local and the data disagrees.","","","",""
"web-app","admin.ladder.searchMember","Member id","","","",""
"web-app","admin.ladder.enrol","Enrol","","","",""
"web-app","admin.ladder.seasons","Seasons","","","",""
"web-app","admin.ladder.closeSeason","Close season","","","",""
"web-app","admin.ladder.closeSeasonConfirm","Closing saves every city board as final standings, then opens the next season. Saved boards are permanent and there is no undo.","","","",""
"web-app","admin.ladder.typeToConfirm","Type {label} to confirm","","","{label}",""
"web-app","admin.ladder.done","Done.","","","",""
"web-app","admin.ladder.legalGateBlocked","Can't open to new members yet — City Ladder requires Privacy 3.7 / Terms 1.8 to be live first.","","","",""
"ios-app","0","0","0","","",""
"ios-app","1","1","1","","",""
"ios-app","1500","1500","","","",""
"ios-app"," · last played %@"," · last played %@"," · sist spilt %@","","%@",""
"ios-app","#","#","","","",""
"ios-app","%@ (You)","%@ (You)","%@ (Deg)","","%@",""
"ios-app","%@ City Ladder","%@ City Ladder","","","%@",""
"ios-app","%@ Ladder","%@ Ladder","","","%@",""
"ios-app","%@ already started one.","%@ already started one.","","","%@",""
"ios-app","%@ asked to connect with you.","%@ asked to connect with you.","%@ vil koble seg til deg.","","%@",""
"ios-app","%@ broke","%@ broke","","","%@",""
"ios-app","%@ invited you","%@ invited you","%@ inviterte deg","","%@",""
"ios-app","%@ is keeping score — watching live","%@ is keeping score — watching live","","","%@",""
"ios-app","%@ kept score for this match","%@ kept score for this match","","","%@",""
"ios-app","%@ ladder standings","%@ ladder standings","","","%@",""
"ios-app","%@ leads %lld–%lld","%@ leads %lld–%lld","%1$@ leder %2$lld–%3$lld","","%@; %lld",""
"ios-app","%@ wasn't added to the map","%@ wasn't added to the map","%@ ble ikke lagt til på kartet","","%@",""
"ios-app","%@ wasn't added to the map. Pick a club that's already on the map instead.","%@ wasn't added to the map. Pick a club that's already on the map instead.","%@ ble ikke lagt til på kartet. Velg heller en klubb som allerede er på kartet.","","%@",""
"ios-app","%@ · not ranked yet","%@ · not ranked yet","","","%@",""
"ios-app","%@ · off the board for now","%@ · off the board for now","","","%@",""
"ios-app","%@ — pick a time","%@ — pick a time","%@ — velg tidspunkt","","%@",""
"ios-app","%@%@","%@%@","%@%@","","%@",""
"ios-app","%@'s score","%@'s score","Scoren til %@","","%@",""
"ios-app","%@, %@","%@, %@","%@, %@","","%@",""
"ios-app","%lld","%lld","","","%lld",""
"ios-app","%lld days ago","%lld days ago","%lld dager siden","","%lld",""
"ios-app","%lld of 3","%lld of 3","%lld av 3","","%lld",""
"ios-app","%lld of your clubs weren't added to the map","%lld of your clubs weren't added to the map","%lld av klubbene dine ble ikke lagt til på kartet","","%lld",""
"ios-app","%lld of your connections here now","%lld of your connections here now","","","%lld",""
"ios-app","%lld players ranked. Players who haven't played in 60 days aren't shown.","%lld players ranked. Players who haven't played in 60 days aren't shown.","","","%lld",""
"ios-app","%lld unread","%lld unread","%lld uleste","","%lld",""
"ios-app","%lld%%","%lld%%","%lld%%","","%lld",""
"ios-app","%lld–%lld","%lld–%lld","%lld–%lld","","%lld",""
"ios-app","(%lld)","(%lld)","","","%lld",""
"ios-app","**Your rating isn't kept.** If you join again later you'd start over at 1500, like everyone new.","**Your rating isn't kept.** If you join again later you'd start over at 1500, like everyone new.","","","",""
"ios-app","+%lld","+%lld","","","%lld",""
"ios-app","+31 6 12 34 56 78","+31 6 12 34 56 78","+31 6 12 34 56 78","","",""
"ios-app",", ",", ","","","",""
"ios-app","1 hour","1 hour","","","",""
"ios-app","16 or 17","16 or 17","16 eller 17","","",""
"ios-app","18 or older","18 or older","18 eller eldre","","",""
"ios-app","1–200","1–200","","","",""
"ios-app","3 hours","3 hours","","","",""
"ios-app","400+","400+","400+","","",""
"ios-app","500+","500+","500+","","",""
"ios-app","600+","600+","600+","","",""
"ios-app","700+","700+","700+","","",""
"ios-app","8 hours","8 hours","","","",""
"ios-app","8nOut","8nOut","8nOut","","",""
"ios-app","8nOut now shows other signed-in members when you're active — a simple ""online"" or ""recently active"" status next to your map pin, so people can see who's around for a game. It is never your location and is never shown to the public. It's on by default; you can turn it off for everyone, at any time, with Go invisible. See the Privacy Policy for details.","8nOut now shows other signed-in members when you're active — a simple ""online"" or ""recently active"" status next to your map pin, so people can see who's around for a game. It is never your location and is never shown to the public. It's on by default; you can turn it off for everyone, at any time, with Go invisible. See the Privacy Policy for details.","8nOut viser nå andre innloggede medlemmer når du er aktiv — en enkel status «online» eller «nylig aktiv» ved siden av kartposisjonen din, slik at folk kan se hvem som er her for et spill. Det er aldri posisjonen din og vises aldri til offentligheten. Den er på som standard; du kan når som helst slå den av for alle med Bli usynlig. Se personvernerklæringen for detaljer.","","",""
"ios-app","8nout.com","8nout.com","","","",""
"ios-app","A dated picture of the board as it stands right now. **It's a snapshot, not a link** — whoever you give it to sees this moment only, and it won't update.","A dated picture of the board as it stands right now. **It's a snapshot, not a link** — whoever you give it to sees this moment only, and it won't update.","","","",""
"ios-app","A hidden conversation comes back when a new message arrives.","A hidden conversation comes back when a new message arrives.","En skjult samtale kommer tilbake når det kommer en ny melding.","","",""
"ios-app","A hidden invite disappears on its own after a few days.","A hidden invite disappears on its own after a few days.","En skjult invitasjon forsvinner av seg selv etter noen dager.","","",""
"ios-app","A saved picture of the board on %@. It doesn't change.","A saved picture of the board on %@. It doesn't change.","","","%@",""
"ios-app","A website or Facebook page — either works.","A website or Facebook page — either works.","","","",""
"ios-app","About","About","Om","","",""
"ios-app","About you","About you","Om deg","","",""
"ios-app","About your report","About your report","Om rapporten din","","",""
"ios-app","Accept","Accept","Godta","","",""
"ios-app","Accept: %@","Accept: %@","Godta: %@","","%@",""
"ios-app","Accepted","Accepted","Godtatt","","",""
"ios-app","Account","Account","Konto","","",""
"ios-app","Account removed","Account removed","Konto fjernet","","",""
"ios-app","Account suspended","Account suspended","Konto suspendert","","",""
"ios-app","Active earlier today","Active earlier today","Aktiv tidligere i dag","","",""
"ios-app","Active games","Active games","","","",""
"ios-app","Active now","Active now","Aktive nå","","",""
"ios-app","Add a club","Add a club","Legg til biljardklubb","","",""
"ios-app","Add a club to see players from your regular spots too","Add a club to see players from your regular spots too","Legg til en klubb for å se spillere fra dine faste klubber også","","",""
"ios-app","Add a public pool club — not a home or private address.","Add a public pool club — not a home or private address.","Legg til en offentlig biljardklubb — ikke en bolig eller en privatadresse.","","",""
"ios-app","Add a second option","Add a second option","Legg til et alternativ til","","",""
"ios-app","Add a short bio","Add a short bio","Legg til en kort bio","","",""
"ios-app","Add contact details","Add contact details","Legg til kontaktinfo","","",""
"ios-app","Add from CueScore","Add from CueScore","","","",""
"ios-app","Add more detail","Add more detail","","","",""
"ios-app","Add the room you play at and it opens up. Clubs are checked before they count.","Add the room you play at and it opens up. Clubs are checked before they count.","","","",""
"ios-app","Add to calendar","Add to calendar","Legg til i kalender","","",""
"ios-app","Add to my clubs","Add to my clubs","","","",""
"ios-app","Add your Fargo Rating","Add your Fargo Rating","Legg til Fargo Rating","","",""
"ios-app","Add your name","Add your name","Legg til navn","","",""
"ios-app","Add your town","Add your town","Legg til by","","",""
"ios-app","Agree and continue","Agree and continue","Godta og fortsett","","",""
"ios-app","All cities","All cities","Alle byer","","",""
"ios-app","All countries","All countries","Alle land","","",""
"ios-app","All of your data is permanently erased. This can't be undone.","All of your data is permanently erased. This can't be undone.","Alle dataene dine slettes for godt. Dette kan ikke angres.","","",""
"ios-app","All square, %lld–%lld","All square, %lld–%lld","Likt, %1$lld–%2$lld","","%lld",""
"ios-app","All three answered","All three answered","Alle tre besvart","","",""
"ios-app","Already on 8nOut","Already on 8nOut","","","",""
"ios-app","Already on 8nOut?","Already on 8nOut?","Allerede på 8nOut?","","",""
"ios-app","Already played? Log result","Already played? Log result","","","",""
"ios-app","Also block this player","Also block this player","Blokker denne spilleren også","","",""
"ios-app","Alternate","Alternate","","","",""
"ios-app","Answered","Answered","Besvart","","",""
"ios-app","Any match you log with another member of the same city's ladder, however you log it: by hand, from the live scoreboard, or imported from CueScore. Matches against anyone else don't move your rating.","Any match you log with another member of the same city's ladder, however you log it: by hand, from the live scoreboard, or imported from CueScore. Matches against anyone else don't move your rating.","","","",""
"ios-app","Any member can export the standings — including to put up on a noticeboard at a club.","Any member can export the standings — including to put up on a noticeboard at a club.","Alle medlemmer kan eksportere tabellen — også for å henge den opp på oppslagstavlen i en klubb.","","",""
"ios-app","Anything else we should know? (optional)","Anything else we should know? (optional)","Noe annet vi bør vite? (valgfritt)","","",""
"ios-app","Appearance","Appearance","Utseende","","",""
"ios-app","Asking to play for money","Asking to play for money","Forslag om å spille om penger","","",""
"ios-app","At %@ until %@","At %@ until %@","","","%@",""
"ios-app","At a club","At a club","I en klubb","","",""
"ios-app","At home","At home","Hjemme","","",""
"ios-app","Back","Back","","","",""
"ios-app","Back to camera","Back to camera","Tilbake til kamera","","",""
"ios-app","Back to search","Back to search","Tilbake til søk","","",""
"ios-app","Beating someone rated well above you moves your rating more than beating someone close to you. Losing to someone well below you costs more than losing to someone close.","Beating someone rated well above you moves your rating more than beating someone close to you. Losing to someone well below you costs more than losing to someone close.","","","",""
"ios-app","Before you confirm you're playing","Before you confirm you're playing","Før du bekrefter at du spiller","","",""
"ios-app","Before you join","Before you join","","","",""
"ios-app","Before you show as ""in the club""","Before you show as ""in the club""","","","",""
"ios-app","Block","Block","Blokker","","",""
"ios-app","Block %@?","Block %@?","Blokkere %@?","","%@",""
"ios-app","Block player","Block player","Blokker spiller","","",""
"ios-app","Blocked players","Blocked players","Blokkerte spillere","","",""
"ios-app","Both","Both","Begge deler","","",""
"ios-app","Break","Break","","","",""
"ios-app","Breaking","Breaking","","","",""
"ios-app","Call","Call","Ring","","",""
"ios-app","Call %@","Call %@","Ring %@","","%@",""
"ios-app","Call to play!!","Call to play!!","Bli med og spill!","","",""
"ios-app","Can't find it? Add a new venue","Can't find it? Add a new venue","Finner du den ikke? Legg til et nytt sted","","",""
"ios-app","Cancel","Cancel","Avbryt","","",""
"ios-app","Challenges","Challenges","Utfordringer","","",""
"ios-app","Change photo","Change photo","Endre bilde","","",""
"ios-app","Changing the language takes effect the next time you open 8nOut.","Changing the language takes effect the next time you open 8nOut.","Språkendringen trer i kraft neste gang du åpner 8nOut.","","",""
"ios-app","Chat","Chat","Chat","","",""
"ios-app","Chat is one-to-one, with your accepted connections only. Messages are deleted automatically 60 days after they're sent. We don't read your messages — if one is reported, a moderator can review it and the messages around it, and every such access is logged. Anything you type here — including an address — stays in the chat for up to 60 days, even if you later disconnect or block. See the Privacy Policy for details.","Chat is one-to-one, with your accepted connections only. Messages are deleted automatically 60 days after they're sent. We don't read your messages — if one is reported, a moderator can review it and the messages around it, and every such access is logged. Anything you type here — including an address — stays in the chat for up to 60 days, even if you later disconnect or block. See the Privacy Policy for details.","Chatten er én-til-én og bare med godkjente kontakter. Meldinger slettes automatisk 60 dager etter at de ble sendt. Vi leser ikke meldingene dine — blir en melding rapportert, kan en moderator se den og meldingene rundt, og hver slik tilgang loggføres. Alt du skriver her — også en adresse — blir i chatten i inntil 60 dager, selv om du senere fjerner kontakten eller blokkerer noen. Se personvernerklæringen for detaljer.","","",""
"ios-app","Check back soon — players show up as they get to a table.","Check back soon — players show up as they get to a table.","Kom tilbake snart — spillere dukker opp når de er ved et bord.","","",""
"ios-app","Check the address above — street, city and country — then submit again.","Check the address above — street, city and country — then submit again.","","","",""
"ios-app","Check the spelling, or invite them with your connect code.","Check the spelling, or invite them with your connect code.","Sjekk stavemåten, eller inviter dem med tilkoblingskoden din.","","",""
"ios-app","Check your connection and try again.","Check your connection and try again.","Sjekk internettforbindelsen din og prøv igjen.","","",""
"ios-app","Checking the address…","Checking the address…","","","",""
"ios-app","Choose a different place","Choose a different place","","","",""
"ios-app","Choose from library","Choose from library","Velg fra bibliotek","","",""
"ios-app","City","City","By","","",""
"ios-app","City Ladder","City Ladder","","","",""
"ios-app","Clear","Clear","","","",""
"ios-app","Close","Close","","","",""
"ios-app","Closed %@","Closed %@","","","%@",""
"ios-app","Closed, or wrong details","Closed, or wrong details","","","",""
"ios-app","Club","Club","","","",""
"ios-app","Club alerts","Club alerts","","","",""
"ios-app","Clubs","Clubs","Biljardklubber","","",""
"ios-app","Clubs are added by the community, so yours may not be here yet. Add it and we'll check it — it goes on the map once it's approved.","Clubs are added by the community, so yours may not be here yet. Add it and we'll check it — it goes on the map once it's approved.","Klubber legges til av fellesskapet, så din er kanskje ikke med ennå. Legg den til, så ser vi på den — når den er godkjent, dukker den opp på kartet.","","",""
"ios-app","Confirm final result","Confirm final result","","","",""
"ios-app","Confirm you're playing","Confirm you're playing","Bekreft spilling","","",""
"ios-app","Connect","Connect","Koble til","","",""
"ios-app","Connect code","Connect code","Tilkoblingskode","","",""
"ios-app","Connected","Connected","Tilkoblet","","",""
"ios-app","Connecting is how you swap contact details.","Connecting is how you swap contact details.","Ved å koble til utveksler dere kontaktinfo.","","",""
"ios-app","Connections","Connections","Kontakter","","",""
"ios-app","Contact","Contact","Kontakt","","",""
"ios-app","Continue","Continue","Fortsett","","",""
"ios-app","Continue playing","Continue playing","","","",""
"ios-app","Continue with Google","Continue with Google","Fortsett med Google","","",""
"ios-app","Couldn't add that club just now. Try again.","Couldn't add that club just now. Try again.","Klarte ikke å legge til biljardklubben akkurat nå. Prøv igjen.","","",""
"ios-app","Couldn't change that just now. Try again.","Couldn't change that just now. Try again.","Klarte ikke å endre det akkurat nå. Prøv igjen.","","",""
"ios-app","Couldn't do that right now. Try again.","Couldn't do that right now. Try again.","Klarte ikke å gjøre det akkurat nå. Prøv igjen.","","",""
"ios-app","Couldn't link right now. Try again.","Couldn't link right now. Try again.","Klarte ikke å koble til akkurat nå. Prøv igjen.","","",""
"ios-app","Couldn't load players","Couldn't load players","Kunne ikke laste spillere","","",""
"ios-app","Couldn't load the %@ board.","Couldn't load the %@ board.","","","%@",""
"ios-app","Couldn't load the club list just now.","Couldn't load the club list just now.","","","",""
"ios-app","Couldn't load the rest of the list.","Couldn't load the rest of the list.","Klarte ikke å laste resten av listen.","","",""
"ios-app","Couldn't load your ladder standing.","Couldn't load your ladder standing.","","","",""
"ios-app","Couldn't open the chat","Couldn't open the chat","","","",""
"ios-app","Couldn't reach CueScore right now — try again shortly, or add it manually.","Couldn't reach CueScore right now — try again shortly, or add it manually.","","","",""
"ios-app","Couldn't save — check your connection and try again.","Couldn't save — check your connection and try again.","","","",""
"ios-app","Couldn't send the request. Try again.","Couldn't send the request. Try again.","","","",""
"ios-app","Couldn't submit that venue. Please try again.","Couldn't submit that venue. Please try again.","","","",""
"ios-app","Couldn't unlink right now. Try again.","Couldn't unlink right now. Try again.","Klarte ikke å koble fra akkurat nå. Prøv igjen.","","",""
"ios-app","Country","Country","Land","","",""
"ios-app","Create and add","Create and add","Opprett og legg til","","",""
"ios-app","CueScore","CueScore","CueScore","","",""
"ios-app","CueScore linked","CueScore linked","CueScore koblet til","","",""
"ios-app","CueScore lookups are turned off right now — add the club manually below.","CueScore lookups are turned off right now — add the club manually below.","","","",""
"ios-app","CueScore match","CueScore match","CueScore-kamp","","",""
"ios-app","CueScore player ID or profile link","CueScore player ID or profile link","CueScore-spiller-ID eller profillenke","","",""
"ios-app","CueScore profile","CueScore profile","CueScore-profil","","",""
"ios-app","Current season","Current season","","","",""
"ios-app","Current standings","Current standings","","","",""
"ios-app","Dark","Dark","Mørk","","",""
"ios-app","Decide later","Decide later","Bestem senere","","",""
"ios-app","Decline","Decline","Avslå","","",""
"ios-app","Declined","Declined","Avslått","","",""
"ios-app","Delete account","Delete account","Slett konto","","",""
"ios-app","Delete everything","Delete everything","Slett alt","","",""
"ios-app","Delete for everyone","Delete for everyone","Slett for alle","","",""
"ios-app","Delete for everyone?","Delete for everyone?","Slett for alle?","","",""
"ios-app","Delete game","Delete game","Slett kampen","","",""
"ios-app","Delete your account?","Delete your account?","Slette kontoen din?","","",""
"ios-app","Deleted player","Deleted player","Slettet spiller","","",""
"ios-app","Did this game happen?","Did this game happen?","Ble denne kampen spilt?","","",""
"ios-app","Did you mean?","Did you mean?","","","",""
"ios-app","Didn't happen","Didn't happen","Ble ikke spilt","","",""
"ios-app","Didn't happen?","Didn't happen?","Ble ikke spilt?","","",""
"ios-app","Discipline","Discipline","Disiplin","","",""
"ios-app","Dismiss rotate suggestion","Dismiss rotate suggestion","","","",""
"ios-app","Doesn't look right? Message %@","Doesn't look right? Message %@","","","%@",""
"ios-app","Done","Done","Ferdig","","",""
"ios-app","Edit","Edit","Rediger","","",""
"ios-app","Edit bio","Edit bio","Rediger bio","","",""
"ios-app","Edit bio & home town","Edit bio & home town","Rediger bio og hjemsted","","",""
"ios-app","Edit result","Edit result","","","",""
"ios-app","Email us","Email us","","","",""
"ios-app","End","End","","","",""
"ios-app","Ends %@ · %@","Ends %@ · %@","Slutter %@ · %@","","%@",""
"ios-app","Everyone starts at","Everyone starts at","","","",""
"ios-app","Everyone starts at 1500. When you and another member of your city's ladder log a match together, the winner's rating goes up and the loser's goes down.","Everyone starts at 1500. When you and another member of your city's ladder log a match together, the winner's rating goes up and the loser's goes down.","","","",""
"ios-app","Expired","Expired","Utløpt","","",""
"ios-app","Export the board","Export the board","","","",""
"ios-app","Facebook","Facebook","","","",""
"ios-app","FairMatch profile link (optional)","FairMatch profile link (optional)","FairMatch-profillenke (valgfritt)","","",""
"ios-app","Fake profile","Fake profile","Falsk profil","","",""
"ios-app","Fargo Rating","Fargo Rating","Fargo Rating","","",""
"ios-app","Fastest way: paste the club's CueScore venue link — the one that ends in a number. Or add it manually below.","Fastest way: paste the club's CueScore venue link — the one that ends in a number. Or add it manually below.","","","",""
"ios-app","Final standings · %@","Final standings · %@","","","%@",""
"ios-app","Final standings · closed %@ — exported %@","Final standings · closed %@ — exported %@","","","%@",""
"ios-app","Find and challenge One Pocket players near you.","Find and challenge One Pocket players near you.","Finn One Pocket-spillere i nærheten – og utfordre dem.","","",""
"ios-app","Find players","Find players","Finn spillere","","",""
"ios-app","Find players by name","Find players by name","Finn spillere på navn","","",""
"ios-app","Find your club","Find your club","Finn din klubb","","",""
"ios-app","Finish","Finish","Fullfør","","",""
"ios-app","Finish later","Finish later","Fullfør senere","","",""
"ios-app","Finish match","Finish match","","","",""
"ios-app","Finish setting up","Finish setting up","Fullfør oppsettet","","",""
"ios-app","Finish your match on CueScore.","Finish your match on CueScore.","Fullfør kampen din på CueScore.","","",""
"ios-app","Flip a coin to decide who breaks, and start the match","Flip a coin to decide who breaks, and start the match","","","",""
"ios-app","Flip for me — starts the match","Flip for me — starts the match","","","",""
"ios-app","Follow us","Follow us","","","",""
"ios-app","For players who'd rather call or text. Shown only to accepted connections.","For players who'd rather call or text. Shown only to accepted connections.","For spillere som heller vil ringe eller sende melding. Vises bare for godkjente kontakter.","","",""
"ios-app","Form","Form","Form","","",""
"ios-app","From your profile","From your profile","","","",""
"ios-app","Go invisible","Go invisible","Bli usynlig","","",""
"ios-app","Go to Connections","Go to Connections","Gå til Kontakter","","",""
"ios-app","Got it","Got it","OK","","",""
"ios-app","Harassment or abuse","Harassment or abuse","Trakassering eller misbruk","","",""
"ios-app","Has a home table — private until connected","Has a home table — private until connected","","","",""
"ios-app","Have another player scan this to connect with you on 8nOut.","Have another player scan this to connect with you on 8nOut.","La en annen spiller skanne denne for å koble seg til deg på 8nOut.","","",""
"ios-app","Head-to-head with you","Head-to-head with you","Innbyrdes mot deg","","",""
"ios-app","Heart","Heart","Hjerte","","",""
"ios-app","Help","Help","","","",""
"ios-app","Help isn't available","Help isn't available","","","",""
"ios-app","Helps us decide whether to build a home-table feature. It's private, and skipping changes nothing else about your account. If you already have one, it stays visible to your connections only — never public.","Helps us decide whether to build a home-table feature. It's private, and skipping changes nothing else about your account. If you already have one, it stays visible to your connections only — never public.","Hjelper oss å bestemme om vi bør bygge en hjemmebord-funksjon. Det er privat, og å hoppe over endrer ingenting annet på kontoen din. Har du allerede ett, er det bare synlig for kontaktene dine — aldri offentlig.","","",""
"ios-app","Hidden (%lld)","Hidden (%lld)","Skjult (%lld)","","%lld",""
"ios-app","Hide conversation","Hide conversation","Skjul samtalen","","",""
"ios-app","Hide invite","Hide invite","Skjul invitasjonen","","",""
"ios-app","Home","Home","Hjemme","","",""
"ios-app","Home table","Home table","Hjemmebord","","",""
"ios-app","Home table — address stays private until shared","Home table — address stays private until shared","Hjemmebord — adressen forblir privat til du deler den","","",""
"ios-app","Home town","Home town","Hjemsted","","",""
"ios-app","How chat works","How chat works","Slik fungerer chatten","","",""
"ios-app","How fast it moves","How fast it moves","","","",""
"ios-app","How importing works","How importing works","Slik fungerer importen","","",""
"ios-app","How it works","How it works","","","",""
"ios-app","How my name appears in past seasons","How my name appears in past seasons","Hvordan navnet mitt vises i tidligere sesonger","","",""
"ios-app","How the rating works","How the rating works","","","",""
"ios-app","I confirm I am at least %lld years old.","I confirm I am at least %lld years old.","Jeg bekrefter at jeg er minst %lld år gammel.","","%lld",""
"ios-app","I have read and agree to the [Terms of Service](%@) and [Privacy Policy](%@).","I have read and agree to the [Terms of Service](%@) and [Privacy Policy](%@).","Jeg har lest og godtar [Vilkår for bruk](%1$@) og [Personvernerklæringen](%2$@).","","%@",""
"ios-app","I'm 18 or older now","I'm 18 or older now","Jeg er nå 18 eller eldre","","",""
"ios-app","I'm in the club","I'm in the club","","","",""
"ios-app","I'm making this report in good faith and believe the information in it is accurate and complete.","I'm making this report in good faith and believe the information in it is accurate and complete.","Jeg sender denne rapporten i god tro og mener opplysningene i den er riktige og fullstendige.","","",""
"ios-app","If you believe this decision was wrong, you can contact us at [privacy@8nout.com](mailto:privacy@8nout.com). Because the account and its data have been deleted we cannot restore them, but you can still contest this decision, including before a court. More on this is in our Terms of Service (section 13).","If you believe this decision was wrong, you can contact us at [privacy@8nout.com](mailto:privacy@8nout.com). Because the account and its data have been deleted we cannot restore them, but you can still contest this decision, including before a court. More on this is in our Terms of Service (section 13).","Hvis du mener denne avgjørelsen var feil, kan du kontakte oss på [privacy@8nout.com](mailto:privacy@8nout.com). Fordi kontoen og dataene dens er slettet, kan vi ikke gjenopprette dem, men du kan fortsatt bestride denne avgjørelsen, også for en domstol. Mer om dette finner du i Vilkårene for bruk (seksjon 13).","","",""
"ios-app","If you believe this was a mistake, you can contact us at [privacy@8nout.com](mailto:privacy@8nout.com) to ask us to review it. If you disagree with our decision, you also have the right to take the matter to court. More on this is in our Terms of Service (section 13).","If you believe this was a mistake, you can contact us at [privacy@8nout.com](mailto:privacy@8nout.com) to ask us to review it. If you disagree with our decision, you also have the right to take the matter to court. More on this is in our Terms of Service (section 13).","Hvis du mener dette var en feil, kan du kontakte oss på [privacy@8nout.com](mailto:privacy@8nout.com) for å be oss vurdere det på nytt. Hvis du er uenig i avgjørelsen vår, har du også rett til å bringe saken inn for domstolene. Mer om dette finner du i Vilkårene for bruk (seksjon 13).","","",""
"ios-app","If you think this is wrong, contact us at privacy@8nout.com. Your right to go to court is unaffected.","If you think this is wrong, contact us at privacy@8nout.com. Your right to go to court is unaffected.","Mener du dette er feil, kontakt oss på privacy@8nout.com. Retten din til å gå til domstolene påvirkes ikke.","","",""
"ios-app","Import a CueScore match","Import a CueScore match","Importer en CueScore-kamp","","",""
"ios-app","Import a finished CueScore match — every game counts, win or lose.","Import a finished CueScore match — every game counts, win or lose.","Importer en fullført CueScore-kamp — hver kamp teller, uansett om du vinner eller taper.","","",""
"ios-app","Import match","Import match","Importer kamp","","",""
"ios-app","Import this match","Import this match","Importer denne kampen","","",""
"ios-app","Importing…","Importing…","Importerer…","","",""
"ios-app","In %@","In %@","I %@","","%@",""
"ios-app","In the app now","In the app now","I appen nå","","",""
"ios-app","In the club at %@ until %@","In the club at %@ until %@","","","%@",""
"ios-app","In the club until %@","In the club until %@","","","%@",""
"ios-app","Inappropriate content","Inappropriate content","Upassende innhold","","",""
"ios-app","Inappropriate photo","Inappropriate photo","Upassende bilde","","",""
"ios-app","Invitation expired","Invitation expired","Invitasjon utløpt","","",""
"ios-app","Invitation to play","Invitation to play","Invitasjon til spill","","",""
"ios-app","Invite a connection to play from the Connections tab.","Invite a connection to play from the Connections tab.","Inviter en kontakt til spill fra Kontakter-fanen.","","",""
"ios-app","Invite a player","Invite a player","Inviter en spiller","","",""
"ios-app","Invite link","Invite link","Invitasjonslenke","","",""
"ios-app","Invite sent","Invite sent","Invitasjon sendt","","",""
"ios-app","Invite to play","Invite to play","Inviter til spill","","",""
"ios-app","Is that close enough?","Is that close enough?","","","",""
"ios-app","It moves with your results — quickly at first, then more slowly as it settles.","It moves with your results — quickly at first, then more slowly as it settles.","","","",""
"ios-app","It's on your clubs already. Once it's approved, the club goes on the map and your name is on its list. Until then, you're not on any club's list.","It's on your clubs already. Once it's approved, the club goes on the map and your name is on its list. Until then, you're not on any club's list.","Den ligger allerede blant klubbene dine. Når den er godkjent, kommer klubben på kartet og navnet ditt står på listen. Inntil da står du ikke på noen klubbliste.","","",""
"ios-app","It's still on your profile, but you're not on any club's list. Pick a club that's already on the map and you're on its list straight away.","It's still on your profile, but you're not on any club's list. Pick a club that's already on the map and you're on its list straight away.","Den ligger fortsatt i profilen din, men du står ikke på noen klubbliste. Velg en klubb som allerede er på kartet, så står du på listen med én gang.","","",""
"ios-app","Join","Join","","","",""
"ios-app","Join the %@ Ladder","Join the %@ Ladder","","","%@",""
"ios-app","Join the ladder","Join the ladder","","","",""
"ios-app","Language","Language","Språk","","",""
"ios-app","Last 5","Last 5","Siste 5","","",""
"ios-app","Last played","Last played","Sist spilt","","",""
"ios-app","Last played %@","Last played %@","Sist spilt %@","","%@",""
"ios-app","Last-played dates are left off the printed board. Rank, name and rating only.","Last-played dates are left off the printed board. Rank, name and rating only.","","","",""
"ios-app","Laughing","Laughing","Leende","","",""
"ios-app","Learn more","Learn more","Les mer","","",""
"ios-app","Leave","Leave","","","",""
"ios-app","Leave the %@ Ladder","Leave the %@ Ladder","","","%@",""
"ios-app","Leave the ladder","Leave the ladder","","","",""
"ios-app","Legal","Legal","Juridisk","","",""
"ios-app","Legal contact points","Legal contact points","","","",""
"ios-app","Let's connect","Let's connect","La oss koble oss sammen","","",""
"ios-app","Light","Light","Lys","","",""
"ios-app","Link CueScore","Link CueScore","Koble til CueScore","","",""
"ios-app","Link CueScore profile","Link CueScore profile","Koble til CueScore-profil","","",""
"ios-app","Link CueScore to import results","Link CueScore to import results","Koble til CueScore for å importere resultater","","",""
"ios-app","Link added · number hidden","Link added · number hidden","Lenke lagt til · nummer skjult","","",""
"ios-app","Link your CueScore profile so other One Pocket players recognise you — your name and photo come straight from CueScore. You can always do this later in Profile.","Link your CueScore profile so other One Pocket players recognise you — your name and photo come straight from CueScore. You can always do this later in Profile.","Koble til CueScore-profilen din så andre One Pocket-spillere kjenner deg igjen — navn og bilde hentes rett fra CueScore. Du kan gjøre dette senere i profilen.","","",""
"ios-app","Link your CueScore profile to import your match results — every game counts, win or lose.","Link your CueScore profile to import your match results — every game counts, win or lose.","Koble til CueScore-profilen din for å importere resultatene dine — hver kamp teller, uansett om du vinner eller taper.","","",""
"ios-app","Linked","Linked","Tilknyttet","","",""
"ios-app","Live","Live","","","",""
"ios-app","Load more","Load more","Last inn flere","","",""
"ios-app","Loading…","Loading…","","","",""
"ios-app","Log result","Log result","Registrer resultat","","",""
"ios-app","Look up","Look up","","","",""
"ios-app","Look up another","Look up another","","","",""
"ios-app","Look up match","Look up match","Slå opp kamp","","",""
"ios-app","Looking up…","Looking up…","Slår opp…","","",""
"ios-app","Lost","Lost","Tapt","","",""
"ios-app","Make sure this is right before finishing.","Make sure this is right before finishing.","","","",""
"ios-app","Map","Map","Kart","","",""
"ios-app","Map data","Map data","","","",""
"ios-app","Map data © OpenStreetMap contributors","Map data © OpenStreetMap contributors","","","",""
"ios-app","Match","Match","Kamp","","",""
"ios-app","Match finished","Match finished","","","",""
"ios-app","Match finished. %@, %@ against %@.","Match finished. %@, %@ against %@.","","","%@",""
"ios-app","Match imported","Match imported","Kamp importert","","",""
"ios-app","Matches","Matches","Kamper","","",""
"ios-app","Messages are deleted automatically 60 days after they're sent.","Messages are deleted automatically 60 days after they're sent.","Meldinger slettes automatisk 60 dager etter at de ble sendt.","","",""
"ios-app","Messaging is unavailable right now — try again later.","Messaging is unavailable right now — try again later.","Meldinger er ikke tilgjengelig akkurat nå — prøv igjen senere.","","",""
"ios-app","More options for %@","More options for %@","","","%@",""
"ios-app","More players","More players","Flere spillere","","",""
"ios-app","Mute notifications","Mute notifications","Demp varsler","","",""
"ios-app","Muted","Muted","Dempet","","",""
"ios-app","My clubs","My clubs","Mine klubber","","",""
"ios-app","My connect code","My connect code","Min tilkoblingskode","","",""
"ios-app","My public profile","My public profile","Min offentlige profil","","",""
"ios-app","Name","Name","Navn","","",""
"ios-app","Navigate to %@","Navigate to %@","Naviger til %@","","%@",""
"ios-app","Nearby players","Nearby players","Spillere i nærheten","","",""
"ios-app","Needs your response","Needs your response","Venter på svar fra deg","","",""
"ios-app","New","New","","","",""
"ios-app","New code ready","New code ready","Ny kode klar","","",""
"ios-app","New scoreboard","New scoreboard","","","",""
"ios-app","New venue","New venue","Nytt sted","","",""
"ios-app","Next","Next","Neste","","",""
"ios-app","No CueScore player found with that ID or profile link.","No CueScore player found with that ID or profile link.","Fant ingen CueScore-spiller med den ID-en eller profillenken.","","",""
"ios-app","No active challenges yet.","No active challenges yet.","Ingen aktive utfordringer ennå.","","",""
"ios-app","No answers are published yet.","No answers are published yet.","","","",""
"ios-app","No answers for ""%@""","No answers for ""%@""","","","%@",""
"ios-app","No automated tools were used in this decision — a person reviewed it.","No automated tools were used in this decision — a person reviewed it.","Ingen automatiserte verktøy ble brukt i denne avgjørelsen — et menneske har vurdert den.","","",""
"ios-app","No clubs saved yet — add one from your Profile","No clubs saved yet — add one from your Profile","","","",""
"ios-app","No connections yet — find players on the map, or tap the invite button above to redeem a link a friend sent you.","No connections yet — find players on the map, or tap the invite button above to redeem a link a friend sent you.","Ingen kontakter ennå — finn spillere på kartet, eller trykk på invitasjonsknappen over for å løse inn en lenke en venn har sendt deg.","","",""
"ios-app","No conversations yet.","No conversations yet.","Ingen samtaler ennå.","","",""
"ios-app","No end time","No end time","Ingen sluttid","","",""
"ios-app","No live scoreboard games in progress right now","No live scoreboard games in progress right now","","","",""
"ios-app","No one's online in %@ right now","No one's online in %@ right now","Ingen er online i %@ akkurat nå","","%@",""
"ios-app","No one's online in your clubs or in %@ right now","No one's online in your clubs or in %@ right now","Ingen er online i klubbene dine eller i %@ akkurat nå","","%@",""
"ios-app","No players found.","No players found.","Fant ingen spillere.","","",""
"ios-app","No players match ""%@""","No players match ""%@""","Fant ingen spillere for «%@»","","%@",""
"ios-app","No score was recorded before this session timed out. Nothing was saved to your record.","No score was recorded before this session timed out. Nothing was saved to your record.","","","",""
"ios-app","No venue","No venue","","","",""
"ios-app","Nobody has your exact address right now.","Nobody has your exact address right now.","Ingen har den nøyaktige adressen din akkurat nå.","","",""
"ios-app","Nobody in %@ has logged a qualifying match yet. Play one with another member here and you'll both be on it.","Nobody in %@ has logged a qualifying match yet. Play one with another member here and you'll both be on it.","","","%@",""
"ios-app","None of these — submit anyway","None of these — submit anyway","","","",""
"ios-app","Not a real pool venue","Not a real pool venue","","","",""
"ios-app","Not approved","Not approved","Ikke godkjent","","",""
"ios-app","Not approved — %@","Not approved — %@","","","%@",""
"ios-app","Not now","Not now","Ikke nå","","",""
"ios-app","Not open","Not open","Ikke klar","","",""
"ios-app","Not open right now","Not open right now","Ikke klar akkurat nå","","",""
"ios-app","Not sure yet? Finish later","Not sure yet? Finish later","Enda usikker? Fullfør senere","","",""
"ios-app","Nothing was saved for your city in this season.","Nothing was saved for your city in this season.","","","",""
"ios-app","Nothing you typed is wrong — the problem is at our end.","Nothing you typed is wrong — the problem is at our end.","","","",""
"ios-app","Now","Now","Nå","","",""
"ios-app","OK","OK","OK","","",""
"ios-app","ONE POCKET · 8NOUT","ONE POCKET · 8NOUT","","","",""
"ios-app","On the City list only, to connections of both of you. End it anytime.","On the City list only, to connections of both of you. End it anytime.","Bare i by-listen, til de som er tilkoblet begge dere. Avslutt når som helst.","","",""
"ios-app","On your club pin and the City list, to connections of both of you. End it anytime.","On your club pin and the City list, to connections of both of you. End it anytime.","På din klubb-pin og i by-listen, til de som er tilkoblet begge dere. Avslutt når som helst.","","",""
"ios-app","One Pocket","One Pocket","One Pocket","","",""
"ios-app","One Pocket only. Always up for a session.","One Pocket only. Always up for a session.","Bare One Pocket. Alltid klar for en økt.","","",""
"ios-app","One more thing","One more thing","Én ting til","","",""
"ios-app","One quick question","One quick question","Ett raskt spørsmål","","",""
"ios-app","One word is fine — plenty of players here go by a handle.","One word is fine — plenty of players here go by a handle.","Ett ord holder — mange her bruker et kallenavn.","","",""
"ios-app","Online in %@","Online in %@","Online i %@","","%@",""
"ios-app","Online now","Online now","Online nå","","",""
"ios-app","Only the player who started this scoreboard can update it.","Only the player who started this scoreboard can update it.","","","",""
"ios-app","Only works when the other person has it on too.","Only works when the other person has it on too.","Fungerer bare når den andre også har det på.","","",""
"ios-app","Open 8nout.com/help","Open 8nout.com/help","","","",""
"ios-app","Open Settings","Open Settings","Åpne Innstillinger","","",""
"ios-app","Open TestFlight","Open TestFlight","Åpne TestFlight","","",""
"ios-app","Open TestFlight and install the latest build.","Open TestFlight and install the latest build.","Åpne TestFlight og installer den nyeste versjonen.","","",""
"ios-app","Open the match and copy its link.","Open the match and copy its link.","Åpne kampen og kopier lenken.","","",""
"ios-app","Open the match on CueScore and paste its link (…/match/?matchId=…).","Open the match on CueScore and paste its link (…/match/?matchId=…).","Åpne kampen på CueScore og lim inn lenken (…/match/?matchId=…).","","",""
"ios-app","Open to play","Open to play","Klar for spill","","",""
"ios-app","Open to play only","Open to play only","Bare klar for spill","","",""
"ios-app","Opens the full list of players","Opens the full list of players","","","",""
"ios-app","Opens this club's page","Opens this club's page","","","",""
"ios-app","Opponent","Opponent","Motstander","","",""
"ios-app","Option 1","Option 1","Alternativ 1","","",""
"ios-app","Option 2","Option 2","Alternativ 2","","",""
"ios-app","Overall","Overall","Totalt","","",""
"ios-app","PLAYER","PLAYER","","","",""
"ios-app","Past seasons","Past seasons","","","",""
"ios-app","Paste CueScore match link","Paste CueScore match link","Lim inn CueScore-kamplenke","","",""
"ios-app","Paste a CueScore venue link","Paste a CueScore venue link","","","",""
"ios-app","Paste a link instead","Paste a link instead","Lim inn en lenke i stedet","","",""
"ios-app","Paste an 8nOut invite link","Paste an 8nOut invite link","Lim inn en 8nOut-invitasjonslenke","","",""
"ios-app","Paste it here — 8nOut reads the final score and adds it to your record, win or lose.","Paste it here — 8nOut reads the final score and adds it to your record, win or lose.","Lim den inn her — 8nOut leser sluttresultatet og legger det til i statistikken din, uansett om du vinner eller taper.","","",""
"ios-app","Paste the 8nOut invite link a friend sent you — you'll be connected instantly.","Paste the 8nOut invite link a friend sent you — you'll be connected instantly.","Lim inn 8nOut-invitasjonslenken en venn sendte deg — du blir koblet til med en gang.","","",""
"ios-app","Paste your invite link","Paste your invite link","Lim inn invitasjonslenken din","","",""
"ios-app","Pending","Pending","","","",""
"ios-app","Pending review","Pending review","Til vurdering","","",""
"ios-app","Pending review — it appears on the map once approved.","Pending review — it appears on the map once approved.","","","",""
"ios-app","Permanently deletes your profile, locations, connections, challenges and match history. This can't be undone.","Permanently deletes your profile, locations, connections, challenges and match history. This can't be undone.","Sletter profilen, plasseringene, kontaktene, utfordringene og kamphistorikken din for godt. Dette kan ikke angres.","","",""
"ios-app","Phone","Phone","Telefon","","",""
"ios-app","Phone number · optional","Phone number · optional","Telefonnummer · valgfritt","","",""
"ios-app","Pick an existing club above, or submit yours anyway.","Pick an existing club above, or submit yours anyway.","","","",""
"ios-app","Pick your club and it's added straight away — only a new venue needs review.","Pick your club and it's added straight away — only a new venue needs review.","Velg klubben din, så er den lagt til med en gang — bare en ny klubb går til vurdering.","","",""
"ios-app","Place","Place","Sted","","",""
"ios-app","Placed in %@, %@","Placed in %@, %@","","","%@",""
"ios-app","Play a match with another %@ member and log it — you'll be on the board straight away.","Play a match with another %@ member and log it — you'll be on the board straight away.","","","%@",""
"ios-app","Play now at %@?","Play now at %@?","","","%@",""
"ios-app","Play on CueScore?","Play on CueScore?","Spiller du på CueScore?","","",""
"ios-app","Play right now, no scheduled challenge needed.","Play right now, no scheduled challenge needed.","","","",""
"ios-app","Played","Played","","","",""
"ios-app","Player","Player","","","",""
"ios-app","Players filter the map by country and town. Without yours, you're hard to find.","Players filter the map by country and town. Without yours, you're hard to find.","Spillere filtrerer kartet på land og by. Uten dine er du vanskelig å finne.","","",""
"ios-app","Players here","Players here","Spillere her","","",""
"ios-app","Players who add this club appear here.","Players who add this club appear here.","Spillere fra denne klubben, vises her.","","",""
"ios-app","Players who frequent this club appear here once they add it to their profile.","Players who frequent this club appear here once they add it to their profile.","Spillere som ofte spiller i denne klubben, vises her når de legger den til i profilen sin.","","",""
"ios-app","Playing at %@ until %@","Playing at %@ until %@","","","%@",""
"ios-app","Playing until %@","Playing until %@","","","%@",""
"ios-app","Playing with %@ at %@ until %@","Playing with %@ at %@ until %@","Spiller med %@ hos %@ til %@","","%@",""
"ios-app","Playing with %@ until %@","Playing with %@ until %@","Spiller med %@ til %@","","%@",""
"ios-app","Playing, at %@ until %@","Playing, at %@ until %@","","","%@",""
"ios-app","Plays at","Plays at","Spiller i","","",""
"ios-app","Praying hands","Praying hands","Foldede hender","","",""
"ios-app","Prefer not to say","Prefer not to say","Vil ikke oppgi","","",""
"ios-app","Preparing…","Preparing…","","","",""
"ios-app","Presence","Presence","","","",""
"ios-app","Preview","Preview","","","",""
"ios-app","Preview full size","Preview full size","","","",""
"ios-app","Preview of the printed board","Preview of the printed board","","","",""
"ios-app","Privacy","Privacy","Personvern","","",""
"ios-app","Privacy Policy","Privacy Policy","Personvernerklæring","","",""
"ios-app","Profile","Profile","Profil","","",""
"ios-app","Question %lld of 3","Question %lld of 3","Spørsmål %lld av 3","","%lld",""
"ios-app","RATING","RATING","","","",""
"ios-app","Race format","Race format","","","",""
"ios-app","Race to","Race to","","","",""
"ios-app","Race to %lld","Race to %lld","","","%lld",""
"ios-app","Rack %lld of race to %lld","Rack %lld of race to %lld","","","%lld",""
"ios-app","Racks %lld","Racks %lld","","","%lld",""
"ios-app","Rating","Rating","Rating","","",""
"ios-app","Ratings & profiles","Ratings & profiles","Ratinger og profiler","","",""
"ios-app","React","React","Reager","","",""
"ios-app","Read","Read","Lest","","",""
"ios-app","Read receipts","Read receipts","Lesekvitteringer","","",""
"ios-app","Read receipts are here","Read receipts are here","Lesekvitteringer er her","","",""
"ios-app","Read receipts only work when you and the other person both have them on. Turn yours off and it stops for both of you straight away.","Read receipts only work when you and the other person both have them on. Turn yours off and it stops for both of you straight away.","Lesekvitteringer fungerer bare når du og den andre begge har dem på. Slå av din, og det stopper med én gang for dere begge.","","",""
"ios-app","Read this online","Read this online","","","",""
"ios-app","Reading…","Reading…","","","",""
"ios-app","Ready to play","Ready to play","Klar for spill","","",""
"ios-app","Reason","Reason","Årsak","","",""
"ios-app","Reason: %@","Reason: %@","Grunn: %@","","%@",""
"ios-app","Recent matches","Recent matches","Nylige kamper","","",""
"ios-app","Record","Record","Statistikk","","",""
"ios-app","Recorded by %@","Recorded by %@","","","%@",""
"ios-app","Recorded by you","Recorded by you","","","",""
"ios-app","Redeem invite","Redeem invite","Løs inn invitasjon","","",""
"ios-app","Redeem invite link","Redeem invite link","Løs inn invitasjonslenke","","",""
"ios-app","Rejoin scoreboard","Rejoin scoreboard","","","",""
"ios-app","Rejoin the live scoreboard","Rejoin the live scoreboard","","","",""
"ios-app","Related","Related","","","",""
"ios-app","Remove","Remove","Fjern","","",""
"ios-app","Remove %@ from your clubs?","Remove %@ from your clubs?","Fjern %@ fra klubbene dine?","","%@",""
"ios-app","Remove club","Remove club","Fjern klubb","","",""
"ios-app","Remove connection","Remove connection","","","",""
"ios-app","Remove contact details","Remove contact details","Fjern kontaktinfo","","",""
"ios-app","Remove reaction","Remove reaction","Fjern reaksjon","","",""
"ios-app","Remove second option","Remove second option","Fjern det andre alternativet","","",""
"ios-app","Report","Report","Rapporter","","",""
"ios-app","Report message","Report message","Rapporter melding","","",""
"ios-app","Report player","Report player","Rapporter spiller","","",""
"ios-app","Report sent.","Report sent.","","","",""
"ios-app","Report venue","Report venue","","","",""
"ios-app","Reported and blocked.","Reported and blocked.","","","",""
"ios-app","Request sent","Request sent","Forespørsel sendt","","",""
"ios-app","Requested","Requested","Forespurt","","",""
"ios-app","Requests","Requests","Forespørsler","","",""
"ios-app","Reset code","Reset code","Nullstill kode","","",""
"ios-app","Reset my code","Reset my code","Nullstill koden min","","",""
"ios-app","Reset your code?","Reset your code?","Nullstille koden?","","",""
"ios-app","Respond","Respond","Svar","","",""
"ios-app","Restart 8nOut to apply","Restart 8nOut to apply","Start 8nOut på nytt for å bruke endringen","","",""
"ios-app","Result","Result","Resultat","","",""
"ios-app","Resume","Resume","","","",""
"ios-app","Retry","Retry","Prøv igjen","","",""
"ios-app","Rotate for a bigger scoreboard","Rotate for a bigger scoreboard","","","",""
"ios-app","Save","Save","Lagre","","",""
"ios-app","Save and finish","Save and finish","Lagre og fullfør","","",""
"ios-app","Save or print","Save or print","","","",""
"ios-app","Say hi and arrange a game.","Say hi and arrange a game.","Si hei og avtal et spill.","","",""
"ios-app","Score (optional)","Score (optional)","Score (valgfritt)","","",""
"ios-app","Search address or venue name","Search address or venue name","Søk på adresse eller stedsnavn","","",""
"ios-app","Search help…","Search help…","","","",""
"ios-app","Search pool rooms","Search pool rooms","Søk biljardklubb","","",""
"ios-app","See all","See all","Se alle","","",""
"ios-app","See the board","See the board","","","",""
"ios-app","See the board · %lld ranked","See the board · %lld ranked","","","%lld",""
"ios-app","See yourself the way other players do, and share a link anyone can open — it shows only what's already public.","See yourself the way other players do, and share a link anyone can open — it shows only what's already public.","Se deg selv slik andre spillere ser deg, og del en lenke hvem som helst kan åpne — den viser bare det som allerede er offentlig.","","",""
"ios-app","Self-reported","Self-reported","Egenrapportert","","",""
"ios-app","Self-reported — other players can check it on FairMatch if you add your profile link.","Self-reported — other players can check it on FairMatch if you add your profile link.","Egenrapportert — andre spillere kan sjekke det på FairMatch hvis du legger til profillenken din.","","",""
"ios-app","Send","Send","Send","","",""
"ios-app","Send invite","Send invite","Send invitasjon","","",""
"ios-app","Sent requests","Sent requests","","","",""
"ios-app","Set your city to see who's online near you","Set your city to see who's online near you","Angi byen din for å se hvem som er online i nærheten","","",""
"ios-app","Settings","Settings","Innstillinger","","",""
"ios-app","Setup unfinished","Setup unfinished","Oppsettet er ikke fullført","","",""
"ios-app","Share invite link","Share invite link","Del invitasjonslenke","","",""
"ios-app","Share link","Share link","Del lenke","","",""
"ios-app","Share my profile link","Share my profile link","Del profillenken min","","",""
"ios-app","Show less","Show less","Vis mindre","","",""
"ios-app","Show me as ""Former member""","Show me as ""Former member""","Vis som «Tidligere medlem»","","",""
"ios-app","Show me as ""Former member"" on past season boards","Show me as ""Former member"" on past season boards","Vis som «Tidligere medlem» på tidligere sesongtabeller","","",""
"ios-app","Show me as in the club","Show me as in the club","","","",""
"ios-app","Show more","Show more","","","",""
"ios-app","Show my connect code","Show my connect code","Vis tilkoblingskoden min","","",""
"ios-app","Show your code — or scan another player's — to connect in person.","Show your code — or scan another player's — to connect in person.","Vis koden din — eller skann en annen spillers — for å koble dere sammen ansikt til ansikt.","","",""
"ios-app","Sign out","Sign out","Logg ut","","",""
"ios-app","Signed in with","Signed in with","Logget inn med","","",""
"ios-app","Signing in with Apple","Signing in with Apple","","","",""
"ios-app","Signing in with Apple.","Signing in with Apple.","","","",""
"ios-app","Signing in with Google","Signing in with Google","","","",""
"ios-app","Signing in with Google.","Signing in with Google.","","","",""
"ios-app","Skip for now","Skip for now","Hopp over nå","","",""
"ios-app","Something else","Something else","Noe annet","","",""
"ios-app","Something went wrong loading the answers on this device. The full help centre is on the web, and it works without an account.","Something went wrong loading the answers on this device. The full help centre is on the web, and it works without an account.","","","",""
"ios-app","Sourced from CueScore","Sourced from CueScore","","","",""
"ios-app","Spam","Spam","Spam","","",""
"ios-app","Standings as of %@ — current standings live in the 8nOut app. This sheet doesn't update.","Standings as of %@ — current standings live in the 8nOut app. This sheet doesn't update.","Stand per %@ — de gjeldende tabellene finner du i 8nOut-appen. Dette arket oppdateres ikke.","","%@",""
"ios-app","Start a live scoreboard","Start a live scoreboard","","","",""
"ios-app","Start a new match against %@","Start a new match against %@","","","%@",""
"ios-app","Start new match","Start new match","","","",""
"ios-app","Start one with a connection.","Start one with a connection.","Start en med en kontakt.","","",""
"ios-app","Start scoreboard","Start scoreboard","","","",""
"ios-app","Staying on the board","Staying on the board","","","",""
"ios-app","Still playing","Still playing","Fortsett å spille","","",""
"ios-app","Still stuck?","Still stuck?","","","",""
"ios-app","Stop sharing","Stop sharing","Slutt å dele","","",""
"ios-app","Submit for review","Submit for review","","","",""
"ios-app","Submit it as it is","Submit it as it is","","","",""
"ios-app","Submitted for review","Submitted for review","","","",""
"ios-app","Suggest another time","Suggest another time","Foreslå et annet tidspunkt","","",""
"ios-app","Suggestion: rotate for a bigger scoreboard","Suggestion: rotate for a bigger scoreboard","","","",""
"ios-app","Surprised","Surprised","Overrasket","","",""
"ios-app","System","System","System","","",""
"ios-app","Table","Table","Bord","","",""
"ios-app","Table number (optional)","Table number (optional)","","","",""
"ios-app","Tap a name to start the match.","Tap a name to start the match.","","","",""
"ios-app","Terms of Service","Terms of Service","Bruksvilkår","","",""
"ios-app","Thanks — we'll check %@","Thanks — we'll check %@","Takk — vi ser på %@","","%@",""
"ios-app","That CueScore profile is already linked to another 8nOut account.","That CueScore profile is already linked to another 8nOut account.","Denne CueScore-profilen er allerede koblet til en annen 8nOut-konto.","","",""
"ios-app","That club can't be added from CueScore. Add it manually below.","That club can't be added from CueScore. Add it manually below.","","","",""
"ios-app","That doesn't look like a CueScore player ID or profile link.","That doesn't look like a CueScore player ID or profile link.","Dette ser ikke ut som en CueScore-spiller-ID eller profillenke.","","",""
"ios-app","That doesn't look like a valid web address — check it and try again.","That doesn't look like a valid web address — check it and try again.","","","",""
"ios-app","That ladder is for players whose home town is that city.","That ladder is for players whose home town is that city.","","","",""
"ios-app","That ladder isn't taking new members right now.","That ladder isn't taking new members right now.","","","",""
"ios-app","That link has no venue number in it. We need the club's CueScore venue page — the link ends in a number, like cuescore.com/venue/Club+Name/60451687. Or add it manually below.","That link has no venue number in it. We need the club's CueScore venue page — the link ends in a number, like cuescore.com/venue/Club+Name/60451687. Or add it manually below.","","","",""
"ios-app","That message is too long — the limit is 2,000 characters.","That message is too long — the limit is 2,000 characters.","Meldingen er for lang — grensen er 2 000 tegn.","","",""
"ios-app","That's the name on your row, in player search, and on your profile.","That's the name on your row, in player search, and on your profile.","Det er navnet ditt her i raden, i spillersøket og på profilen din.","","",""
"ios-app","The %@ Ladder is for players with a club in the city","The %@ Ladder is for players with a club in the city","","","%@",""
"ios-app","The %@ Ladder is open to you","The %@ Ladder is open to you","","","%@",""
"ios-app","The address is used to place the venue on the map — it's a public pool room, not a private address.","The address is used to place the venue on the map — it's a public pool room, not a private address.","Adressen brukes til å plassere stedet på kartet — det er en offentlig poolhall, ikke en privatadresse.","","",""
"ios-app","The address lookup is unavailable","The address lookup is unavailable","","","",""
"ios-app","The board shows players who've played in the last 60 days. If you go quiet you come off it — your rating is kept exactly as it was, and one match puts you straight back.","The board shows players who've played in the last 60 days. If you go quiet you come off it — your rating is kept exactly as it was, and one match puts you straight back.","","","",""
"ios-app","The board shows players who've played in the last 60 days. Log one match and you're back at %lld — nothing was lost.","The board shows players who've played in the last 60 days. Log one match and you're back at %lld — nothing was lost.","","","%lld",""
"ios-app","The board starts with the first match","The board starts with the first match","","","",""
"ios-app","The link may be old, or the answer may have moved. Everything we've written is on the help page.","The link may be old, or the answer may have moved. Everything we've written is on the help page.","","","",""
"ios-app","The opponent doesn't need to be on 8nOut. If they are, the match shows on their record too.","The opponent doesn't need to be on 8nOut. If they are, the match shows on their record too.","Motstanderen trenger ikke å være på 8nOut. Hvis de er det, vises kampen i statistikken deres også.","","",""
"ios-app","These players can see your exact address. You share it for a set time, and can stop sooner.","These players can see your exact address. You share it for a set time, and can stop sooner.","Disse spillerne ser den nøyaktige adressen din. Du deler den i en begrenset tid og kan slutte tidligere.","","",""
"ios-app","They're still on your profile, but you're not on any club's list. Pick a club that's already on the map and you're on its list straight away.","They're still on your profile, but you're not on any club's list. Pick a club that's already on the map and you're on its list straight away.","De ligger fortsatt i profilen din, men du står ikke på noen klubbliste. Velg en klubb som allerede er på kartet, så står du på listen med én gang.","","",""
"ios-app","This deletes the game for both of you. Nothing is logged.","This deletes the game for both of you. Nothing is logged.","Dette sletter kampen for dere begge. Ingenting blir registrert.","","",""
"ios-app","This doesn't touch your past seasons. Leaving removes you from the current board, not your history. Saved standings from earlier seasons still show your name — unless you also switch on ""Former member"" below.","This doesn't touch your past seasons. Leaving removes you from the current board, not your history. Saved standings from earlier seasons still show your name — unless you also switch on ""Former member"" below.","Dette påvirker ikke tidligere sesonger. Å forlate ladderen fjerner deg fra den gjeldende tabellen, ikke fra historikken din. Lagrede tabeller fra tidligere sesonger viser fortsatt navnet ditt — med mindre du også slår på «Tidligere medlem» nedenfor.","","",""
"ios-app","This hides the conversation from your list — nothing is deleted, and %@ won't notice anything. It comes back if they message you again.","This hides the conversation from your list — nothing is deleted, and %@ won't notice anything. It comes back if they message you again.","Dette skjuler samtalen fra listen din — ingenting slettes, og %@ merker ingenting. Den kommer tilbake hvis %@ sender deg en ny melding.","","%@",""
"ios-app","This is a home or private address","This is a home or private address","","","",""
"ios-app","This is my own phone number","This is my own phone number","Dette er mitt eget telefonnummer","","",""
"ios-app","This is the name on your row in a club's list, and the name other players search by.","This is the name on your row in a club's list, and the name other players search by.","Dette er navnet ditt i en klubbliste, og navnet andre spillere søker på.","","",""
"ios-app","This is the name other players see — copied from CueScore when you linked. It doesn't change on its own.","This is the name other players see — copied from CueScore when you linked. It doesn't change on its own.","Dette er navnet andre spillere ser — hentet fra CueScore da du koblet til. Det endrer seg ikke av seg selv.","","",""
"ios-app","This match isn't finished yet — finish it on CueScore first.","This match isn't finished yet — finish it on CueScore first.","Denne kampen er ikke ferdig ennå — fullfør den på CueScore først.","","",""
"ios-app","This match isn't linked to your CueScore profile, so you can't import it — you can only import your own matches.","This match isn't linked to your CueScore profile, so you can't import it — you can only import your own matches.","Denne kampen er ikke koblet til CueScore-profilen din, så du kan ikke importere den — du kan bare importere dine egne kamper.","","",""
"ios-app","This match wasn't finished","This match wasn't finished","","","",""
"ios-app","This message can't be sent — it contains language that isn't allowed on 8nOut. Edit it and try again.","This message can't be sent — it contains language that isn't allowed on 8nOut. Edit it and try again.","Denne meldingen kan ikke sendes — den inneholder språk som ikke er tillatt på 8nOut. Endre den og prøv igjen.","","",""
"ios-app","This message was deleted","This message was deleted","Denne meldingen ble slettet","","",""
"ios-app","This player's profile isn't available.","This player's profile isn't available.","Profilen til denne spilleren er ikke tilgjengelig.","","",""
"ios-app","This session timed out. Nothing was saved to your record.","This session timed out. Nothing was saved to your record.","","","",""
"ios-app","This takes it off your profile. Nothing else changes.","This takes it off your profile. Nothing else changes.","Da forsvinner den fra profilen din. Ellers endres ingenting.","","",""
"ios-app","This version of 8nOut is too old to work properly. Some things will fail in confusing ways until you update, so we've paused here rather than let that happen.","This version of 8nOut is too old to work properly. Some things will fail in confusing ways until you update, so we've paused here rather than let that happen.","Denne versjonen av 8nOut er for gammel til å fungere ordentlig. Inntil du oppdaterer ville noe feilet på forvirrende måter, så vi stopper her.","","",""
"ios-app","Threats or safety concern","Threats or safety concern","Trusler eller sikkerhetsbekymring","","",""
"ios-app","Three clubs is the limit. Remove one first, then you can add this one.","Three clubs is the limit. Remove one first, then you can add this one.","Tre klubber er maks. Fjern én først, så kan du legge til denne.","","",""
"ios-app","Thumbs down","Thumbs down","Tommel ned","","",""
"ios-app","Thumbs up","Thumbs up","Tommel opp","","",""
"ios-app","Time suggested","Time suggested","Tidspunkt foreslått","","",""
"ios-app","Timeout","Timeout","","","",""
"ios-app","Timeout — %@ over","Timeout — %@ over","","","%@",""
"ios-app","Timeout — %@ remaining","Timeout — %@ remaining","","","%@",""
"ios-app","Today","Today","I dag","","",""
"ios-app","Too many CueScore lookups just now — try again later, or add it manually.","Too many CueScore lookups just now — try again later, or add it manually.","","","",""
"ios-app","Try again","Try again","Prøv igjen","","",""
"ios-app","Try another word, or write to us.","Try another word, or write to us.","","","",""
"ios-app","Turn it on and your name carries Ready to play in player search and on your public profile, which anyone with the link can open, signed in or not.","Turn it on and your name carries Ready to play in player search and on your public profile, which anyone with the link can open, signed in or not.","Slår du den på, står Klar for spill ved navnet ditt i spillersøket og på den offentlige profilen din — den kan hvem som helst med lenken åpne, innlogget eller ikke.","","",""
"ios-app","Turn it on and your row here reads Ready to play. So does your public profile, which anyone with the link can open, signed in or not. You're on the list either way.","Turn it on and your row here reads Ready to play. So does your public profile, which anyone with the link can open, signed in or not. You're on the list either way.","La andre vite du er Klar for spill! Det samme på den offentlige profilen din — den kan hvem som helst med lenken åpne, innlogget eller ikke. På listen står du uansett.","","",""
"ios-app","Turn off Go invisible to set this.","Turn off Go invisible to set this.","","","",""
"ios-app","Turn on camera","Turn on camera","Slå på kamera","","",""
"ios-app","Unblock","Unblock","Opphev blokkering","","",""
"ios-app","Unhide","Unhide","Vis igjen","","",""
"ios-app","Unknown player","Unknown player","Ukjent spiller","","",""
"ios-app","Unlink","Unlink","Koble fra","","",""
"ios-app","Unlink CueScore profile","Unlink CueScore profile","Koble fra CueScore-profilen","","",""
"ios-app","Unlink your CueScore profile?","Unlink your CueScore profile?","Koble fra CueScore-profilen din?","","",""
"ios-app","Unmute","Unmute","Opphev demping","","",""
"ios-app","Until","Until","","","",""
"ios-app","Up to 3 frequented clubs — remove one via its ⋯ menu","Up to 3 frequented clubs — remove one via its ⋯ menu","Opptil 3 faste klubber — fjern en via ⋯-menyen","","",""
"ios-app","Update 8nOut to continue","Update 8nOut to continue","Oppdater 8nOut for å fortsette","","",""
"ios-app","Update rating","Update rating","Oppdater rating","","",""
"ios-app","Updates your age group on file.","Updates your age group on file.","Oppdaterer aldersgruppen vi har registrert.","","",""
"ios-app","Use CueScore photo","Use CueScore photo","Bruk CueScore-bilde","","",""
"ios-app","Venue","Venue","Sted","","",""
"ios-app","Verify","Verify","","","",""
"ios-app","Verify on FairMatch","Verify on FairMatch","Sjekk på FairMatch","","",""
"ios-app","View %@","View %@","Se %@","","%@",""
"ios-app","View CueScore profile","View CueScore profile","Se CueScore-profil","","",""
"ios-app","View in Challenges","View in Challenges","Se i Utfordringer","","",""
"ios-app","View profile","View profile","Se profil","","",""
"ios-app","Visible only to players whose connection you've accepted — never on your public profile or the website.","Visible only to players whose connection you've accepted — never on your public profile or the website.","Bare synlig for spillere du har godkjent kontakt med — aldri på den offentlige profilen din eller nettstedet.","","",""
"ios-app","Visible to your connections only. Clear anytime.","Visible to your connections only. Clear anytime.","","","",""
"ios-app","Waiting for %@ to reply","Waiting for %@ to reply","Venter på svar fra %@","","%@",""
"ios-app","Waiting for a reply","Waiting for a reply","Venter på svar","","",""
"ios-app","We could only find the general area — add more detail if you can, or submit it as it is.","We could only find the general area — add more detail if you can, or submit it as it is.","","","",""
"ios-app","We couldn't place this address on the map","We couldn't place this address on the map","","","",""
"ios-app","We don't have that answer","We don't have that answer","","","",""
"ios-app","We filled this in from CueScore. Edit it above and submit again — change as much as you need.","We filled this in from CueScore. Edit it above and submit again — change as much as you need.","","","",""
"ios-app","We reviewed your report and acted on it under our Terms of Service.","We reviewed your report and acted on it under our Terms of Service.","Vi har vurdert rapporten din og handlet ut fra tjenestevilkårene våre.","","",""
"ios-app","We reviewed your report and didn't find a breach of our rules.","We reviewed your report and didn't find a breach of our rules.","Vi har vurdert rapporten din og fant ingen brudd på reglene våre.","","",""
"ios-app","We're done","We're done","Ferdig","","",""
"ios-app","We've updated our Terms of Service and Privacy Policy. Please review and agree to continue using 8nOut.","We've updated our Terms of Service and Privacy Policy. Please review and agree to continue using 8nOut.","Vi har oppdatert Vilkår for bruk og Personvernerklæringen. Les gjennom og godta for å fortsette å bruke 8nOut.","","",""
"ios-app","Website (optional)","Website (optional)","","","",""
"ios-app","Welcome to 8nOut","Welcome to 8nOut","Velkommen til 8nOut","","",""
"ios-app","What counts","What counts","","","",""
"ios-app","What happens","What happens","","","",""
"ios-app","What name do you play under?","What name do you play under?","Hvilket navn spiller du under?","","",""
"ios-app","What we looked up","What we looked up","","","",""
"ios-app","What you're making","What you're making","","","",""
"ios-app","When","When","Når","","",""
"ios-app","When a season ends, the standings are saved exactly as they stood — with your name — and that stays true even if you leave the ladder later. You can ask to appear as ""Former member"" instead, any time.","When a season ends, the standings are saved exactly as they stood — with your name — and that stays true even if you leave the ladder later. You can ask to appear as ""Former member"" instead, any time.","Når en sesong avsluttes, lagres tabellen nøyaktig slik den sto — med navnet ditt — og det gjelder selv om du forlater ladderen senere. Du kan når som helst be om å vises som «Tidligere medlem» i stedet.","","",""
"ios-app","When you and a connection both have this on, you'll see when your message has been read — and they'll see the same about yours. Turn it off any time; nothing else about chat changes.","When you and a connection both have this on, you'll see when your message has been read — and they'll see the same about yours. Turn it off any time; nothing else about chat changes.","Når du og en kontakt begge har dette på, ser du når meldingen din er lest — og de ser det samme hos deg. Slå det av når som helst; ellers endres ingenting i chatten.","","",""
"ios-app","Where","Where","Hvor","","",""
"ios-app","Where do you usually play?","Where do you usually play?","Hvor spiller du vanligvis?","","",""
"ios-app","Where your rating comes from","Where your rating comes from","","","",""
"ios-app","Which age group are you in? We use this only to set your read-receipts default — nothing else changes.","Which age group are you in? We use this only to set your read-receipts default — nothing else changes.","Hvilken aldersgruppe er du i? Dette bruker vi bare til å sette standardinnstillingen din for lesekvitteringer — ellers endres ingenting.","","",""
"ios-app","Which club do you play at?","Which club do you play at?","Hvilken klubb spiller du i?","","",""
"ios-app","Which club, and for how long?","Which club, and for how long?","","","",""
"ios-app","Which country and town do you play in?","Which country and town do you play in?","Hvilket land og hvilken by spiller du i?","","",""
"ios-app","While you're invisible, no one sees you as online or open to play — not even your connections. Turn it off and your previous Open-to-play setting comes back. Your club pins and profile stay on the map.","While you're invisible, no one sees you as online or open to play — not even your connections. Turn it off and your previous Open-to-play setting comes back. Your club pins and profile stay on the map.","Så lenge du er usynlig, ser ingen deg som online eller klar for spill — heller ikke kontaktene dine. Slå det av, så kommer den forrige «Klar for spill»-innstillingen tilbake. Klubbpinnene og profilen din blir værende på kartet.","","",""
"ios-app","While you're invisible: no one sees you as online, open to play, or in the club — not even your connections. Your club won't get a notification when you log on, either. It also clears any ""in the club"" status straight away. Turn invisibility off and your Open-to-play setting comes back as it was — but ""in the club"" doesn't return on its own. If you're still there, set it again. Your club pins and profile stay on the map the whole time.","While you're invisible: no one sees you as online, open to play, or in the club — not even your connections. Your club won't get a notification when you log on, either. It also clears any ""in the club"" status straight away. Turn invisibility off and your Open-to-play setting comes back as it was — but ""in the club"" doesn't return on its own. If you're still there, set it again. Your club pins and profile stay on the map the whole time.","","","",""
"ios-app","Who breaks first","Who breaks first","","","",""
"ios-app","Who has my address","Who has my address","Hvem har adressen min","","",""
"ios-app","Who won?","Who won?","Hvem vant?","","",""
"ios-app","Who's online","Who's online","Hvem er online","","",""
"ios-app","Who's online in %@","Who's online in %@","Hvem er online i %@","","%@",""
"ios-app","Whoever joins 8nOut through your link is connected to you automatically.","Whoever joins 8nOut through your link is connected to you automatically.","Den som blir med i 8nOut via lenken din, kobles automatisk til deg.","","",""
"ios-app","Why are you reporting %@?","Why are you reporting %@?","Hvorfor rapporterer du %@?","","%@",""
"ios-app","Win rate","Win rate","Seiersprosent","","",""
"ios-app","Win rate %lld percent","Win rate %lld percent","Seiersprosent %lld prosent","","%lld",""
"ios-app","Winner","Winner","Vinner","","",""
"ios-app","Winner breaks","Winner breaks","","","",""
"ios-app","Wins / Losses","Wins / Losses","Seiere / Tap","","",""
"ios-app","Withdraw","Withdraw","","","",""
"ios-app","Withdraw invite","Withdraw invite","Trekk invitasjonen tilbake","","",""
"ios-app","Without a name, nobody can tell who you are in a club's list or in search.","Without a name, nobody can tell who you are in a club's list or in search.","Uten navn kan ingen se hvem du er i en klubbliste eller i søket.","","",""
"ios-app","Won","Won","Vunnet","","",""
"ios-app","Won your last %lld","Won your last %lld","Vunnet de siste %lld","","%lld",""
"ios-app","Write a message…","Write a message…","Skriv en melding…","","",""
"ios-app","You","You","Deg","","",""
"ios-app","You agreed to these versions when you signed in.","You agreed to these versions when you signed in.","Du godtok disse versjonene da du logget inn.","","",""
"ios-app","You and %@ are already connected.","You and %@ are already connected.","Du og %@ er allerede tilkoblet.","","%@",""
"ios-app","You and %@ are connected. Say hi and set up a game.","You and %@ are connected. Say hi and set up a game.","Du og %@ er tilkoblet. Si hei og avtal en kamp.","","%@",""
"ios-app","You can check on it any time under Clubs on your profile.","You can check on it any time under Clubs on your profile.","Du kan sjekke det når som helst under Klubber i profilen din.","","",""
"ios-app","You can skip this — read receipts just stay off for you either way.","You can skip this — read receipts just stay off for you either way.","Du kan hoppe over dette — lesekvitteringer forblir bare av for deg uansett.","","",""
"ios-app","You can't add a club right now.","You can't add a club right now.","","","",""
"ios-app","You come off the %@ board and your rating stops moving.","You come off the %@ board and your rating stops moving.","","","%@",""
"ios-app","You deleted this message","You deleted this message","Du slettet denne meldingen","","",""
"ios-app","You haven't added a club yet — add one first, then you can show as in the club.","You haven't added a club yet — add one first, then you can show as in the club.","","","",""
"ios-app","You haven't blocked anyone.","You haven't blocked anyone.","Du har ikke blokkert noen.","","",""
"ios-app","You invited %@","You invited %@","Du inviterte %@","","%@",""
"ios-app","You lead %lld–%lld","You lead %lld–%lld","Du leder %1$lld–%2$lld","","%lld",""
"ios-app","You lost","You lost","Du tapte","","",""
"ios-app","You need a club in that city before you can join. Clubs are checked before they count.","You need a club in that city before you can join. Clubs are checked before they count.","","","",""
"ios-app","You stopped sharing your address.","You stopped sharing your address.","Du deler ikke lenger adressen din.","","",""
"ios-app","You weren't on this season's board.","You weren't on this season's board.","","","",""
"ios-app","You won","You won","Du vant","","",""
"ios-app","You won't see each other on the map, any connection between you is removed, and any chat between you leaves your list. They won't be told they've been blocked.","You won't see each other on the map, any connection between you is removed, and any chat between you leaves your list. They won't be told they've been blocked.","Dere ser ikke hverandre på kartet, en kontakt mellom dere fjernes, og en samtale mellom dere forsvinner fra listen din. Vedkommende får ikke beskjed.","","",""
"ios-app","You · %@","You · %@","","","%@",""
"ios-app","You · invisible","You · invisible","Deg · usynlig","","",""
"ios-app","You'll lose each other's contact details, and any address shared for a game.","You'll lose each other's contact details, and any address shared for a game.","Dere mister hverandres kontaktinfo, og adresser som er delt for en kamp.","","",""
"ios-app","You'll show as at **%@** until **%@**. Your accepted connections will see this — no one else. Clear it in one tap any time, and it clears itself automatically once the time's up. It's entirely optional, and you can stop using it whenever you like.","You'll show as at **%@** until **%@**. Your accepted connections will see this — no one else. Clear it in one tap any time, and it clears itself automatically once the time's up. It's entirely optional, and you can stop using it whenever you like.","","","%@",""
"ios-app","You're %@ now","You're %@ now","Nå heter du %@","","%@",""
"ios-app","You're already connected","You're already connected","Dere er allerede tilkoblet","","",""
"ios-app","You're connected!","You're connected!","Dere er tilkoblet!","","",""
"ios-app","You're first on the list at %@","You're first on the list at %@","Du er først på klubblisten hos %@","","%@",""
"ios-app","You're in %@ and you play at a club here — that's all it takes.","You're in %@ and you play at a club here — that's all it takes.","","","%@",""
"ios-app","You're invisible right now — others don't see you as online or open to play.","You're invisible right now — others don't see you as online or open to play.","Du er usynlig nå — andre ser deg ikke som online eller klar for spill.","","",""
"ios-app","You're no longer connected — new messages can't be sent.","You're no longer connected — new messages can't be sent.","Dere er ikke lenger tilkoblet — nye meldinger kan ikke sendes.","","",""
"ios-app","You're no longer connected — this scoreboard can't be used.","You're no longer connected — this scoreboard can't be used.","","","",""
"ios-app","You're not on any club's list yet, so nobody finds you when they open a club on the map.","You're not on any club's list yet, so nobody finds you when they open a club on the map.","Du står ikke på noen klubbliste ennå, så ingen finner deg når de åpner en klubb på kartet.","","",""
"ios-app","You're now visible as active","You're now visible as active","Du er nå synlig som aktiv","","",""
"ios-app","You're on the ladder — you're not on the board yet. Play a match with another %@ member and log it, and your name appears here.","You're on the ladder — you're not on the board yet. Play a match with another %@ member and log it, and your name appears here.","","","%@",""
"ios-app","You're on the list at %@","You're on the list at %@","Du står på klubblisten hos %@","","%@",""
"ios-app","You're sending messages very quickly — give it a moment and try again.","You're sending messages very quickly — give it a moment and try again.","Du sender meldinger veldig raskt — vent litt og prøv igjen.","","",""
"ios-app","You've already got that club. Search for another one if you play somewhere else too.","You've already got that club. Search for another one if you play somewhere else too.","Den klubben har du allerede. Søk opp en annen hvis du spiller flere steder.","","",""
"ios-app","You've confirmed. Waiting for %@ to confirm too.","You've confirmed. Waiting for %@ to confirm too.","Du har bekreftet. Venter på bekreftelse fra %@.","","%@",""
"ios-app","You've left the ladder, but those boards still carry your name. Change how you appear, any time.","You've left the ladder, but those boards still carry your name. Change how you appear, any time.","Du har forlatt ladderen, men de tabellene viser fortsatt navnet ditt. Du kan endre hvordan du vises, når som helst.","","",""
"ios-app","You: %@","You: %@","Du: %@","","%@",""
"ios-app","YouTube","YouTube","","","",""
"ios-app","Your 8nOut account has been removed for a violation of our Terms of Service.","Your 8nOut account has been removed for a violation of our Terms of Service.","8nOut-kontoen din er fjernet på grunn av et brudd på Vilkårene for bruk.","","",""
"ios-app","Your 8nOut account has been suspended for a violation of our Terms of Service.","Your 8nOut account has been suspended for a violation of our Terms of Service.","8nOut-kontoen din er suspendert på grunn av et brudd på Vilkårene for bruk.","","",""
"ios-app","Your CueScore name and photo become your 8nOut name and photo.","Your CueScore name and photo become your 8nOut name and photo.","CueScore-navnet og -bildet ditt blir navnet og bildet ditt på 8nOut.","","",""
"ios-app","Your build: %@ · needed: %@","Your build: %@ · needed: %@","Din versjon: %@ · nødvendig: %@","","%@",""
"ios-app","Your city","Your city","","","",""
"ios-app","Your connect QR code","Your connect QR code","QR-koden din for tilkobling","","",""
"ios-app","Your current QR and link stop working right away. Anyone already connected with you stays connected.","Your current QR and link stop working right away. Anyone already connected with you stays connected.","Nåværende QR-kode og lenke slutter å virke med én gang. De som allerede er koblet til deg, forblir tilkoblet.","","",""
"ios-app","Your current rating — leave empty to remove it from your profile.","Your current rating — leave empty to remove it from your profile.","Din nåværende rating — la stå tom for å fjerne den fra profilen.","","",""
"ios-app","Your language change takes effect the next time you open 8nOut.","Your language change takes effect the next time you open 8nOut.","Språkendringen din trer i kraft neste gang du åpner 8nOut.","","",""
"ios-app","Your match record, your clubs and your account are untouched. This isn't account deletion.","Your match record, your clubs and your account are untouched. This isn't account deletion.","","","",""
"ios-app","Your name","Your name","Navnet ditt","","",""
"ios-app","Your name goes on that club's list — the same list you see when you open a club on the map.","Your name goes on that club's list — the same list you see when you open a club on the map.","Navnet ditt havner på klubblista — den samme listen du ser når du åpner en klubb på kartet.","","",""
"ios-app","Your name is on past season boards","Your name is on past season boards","Navnet ditt står på tidligere sesongtabeller","","",""
"ios-app","Your opponent can accept a time, or suggest another.","Your opponent can accept a time, or suggest another.","Motstanderen din kan godta et tidspunkt eller foreslå et annet.","","",""
"ios-app","Your positions and ratings stay in place; your name doesn't appear next to them.","Your positions and ratings stay in place; your name doesn't appear next to them.","Plasseringene og ratingene dine blir stående; navnet ditt vises ikke lenger ved siden av dem.","","",""
"ios-app","Your positions and ratings stay in place; your name doesn't appear next to them. This doesn't take you off the ladder.","Your positions and ratings stay in place; your name doesn't appear next to them. This doesn't take you off the ladder.","Plasseringene og ratingene dine blir stående; navnet ditt vises ikke lenger ved siden av dem. Dette fjerner deg ikke fra ladderen.","","",""
"ios-app","Your rating moves quickly over your first several matches, then settles down as it finds your level. Nothing you do speeds that up or slows it down.","Your rating moves quickly over your first several matches, then settles down as it finds your level. Nothing you do speeds that up or slows it down.","","","",""
"ios-app","Your rating moves when you and another %@ member log a match together.","Your rating moves when you and another %@ member log a match together.","","","%@",""
"ios-app","Your record starts here","Your record starts here","Statistikken din starter her","","",""
"ios-app","Your score","Your score","Din score","","",""
"ios-app","Your starting rating","Your starting rating","","","",""
"ios-app","Your town or city only — every member can see this, so skip the street address or postal code.","Your town or city only — every member can see this, so skip the street address or postal code.","Bare hjemstedet ditt — alle medlemmer kan se dette, så dropp den nøyaktige adressen eller postnummeret.","","",""
"ios-app","Zoom out for more clubs","Zoom out for more clubs","Zoom ut for flere klubber","","",""
"ios-app","and %lld more","and %lld more","og %lld til","","%lld",""
"ios-app","e.g. 512","e.g. 512","f.eks. 512","","",""
"ios-app","e.g. Amsterdam","e.g. Amsterdam","f.eks. Amsterdam","","",""
"ios-app","https://fairmatch.fargorate.com/…","https://fairmatch.fargorate.com/…","https://fairmatch.fargorate.com/…","","",""
"ios-app","https://wa.me/qr/…","https://wa.me/qr/…","https://wa.me/qr/…","","",""
"ios-app","including you","including you","deg inkludert","","",""
"ios-app","less than 1 kilometer away","less than 1 kilometer away","mindre enn 1 kilometer unna","","",""
"ios-app","of %lld to win rack","of %lld to win rack","","","%lld",""
"ios-app","on the table","on the table","","","",""
"ios-app","today","today","i dag","","",""
"ios-app","via CueScore","via CueScore","via CueScore","","",""
"ios-app","vs. %@","vs. %@","","","%@",""
"ios-app","vs. %@ · One Pocket · race to %lld","vs. %@ · One Pocket · race to %lld","","","%@; %lld",""
"ios-app","yesterday","yesterday","i går","","",""
"ios-app","~%@ km away","~%@ km away","","","%@",""
"ios-app","~<1 km away","~<1 km away","","","",""
"ios-app","—","—","","","",""
"help-centre","categories.getting-started.title","Getting started","","","",""
"help-centre","categories.getting-started.subtitle","What 8nOut is, and how to get it","","","",""
"help-centre","categories.setting-up.title","Setting up","","","",""
"help-centre","categories.setting-up.subtitle","The questions when you start","","","",""
"help-centre","categories.the-map.title","The map","","","",""
"help-centre","categories.the-map.subtitle","Finding players and clubs near you","","","",""
"help-centre","categories.connecting.title","Connecting","","","",""
"help-centre","categories.connecting.subtitle","Reaching another player on 8nOut","","","",""
"help-centre","categories.matches-cuescore.title","Matches & CueScore","","","",""
"help-centre","categories.matches-cuescore.subtitle","Your record, and CueScore matches","","","",""
"help-centre","categories.your-account.title","Your account","","","",""
"help-centre","categories.your-account.subtitle","Language, sign-in and settings","","","",""
"help-centre","categories.safety.title","Safety","","","",""
"help-centre","categories.safety.subtitle","Staying safe, and the policies","","","",""
"help-centre","categories.city-ladder.title","City Ladder","","","",""
"help-centre","categories.city-ladder.subtitle","Joining, ratings, your city's board, and past seasons","","","",""
"help-centre","entries.about-8nout.question","What is 8nOut?","Hva er 8nOut?","","",""
"help-centre","entries.about-8nout.summary","A map of One Pocket clubs and players across Europe. Find someone near you, connect, and arrange a game.","Et kart over One Pocket-klubber og spillere i hele Europa. Finn noen i nærheten av deg, koble deg til, og avtal et parti.","","",""
"help-centre","entries.about-8nout.body[0]","8nOut is a map for the European One Pocket community. It shows pool clubs across Europe, and the players who play at them.","8nOut er et kart for det europeiske One Pocket-miljøet. Det viser poolklubber i hele Europa, og spillerne som spiller der.","","",""
"help-centre","entries.about-8nout.body[1]","You make a profile, add the clubs you play at, and look around the map. When you find someone you would like to play, you send them a connection request. If they accept, the two of you can swap contact details and arrange a game.","Du lager en profil, legger til klubbene du spiller på, og ser deg rundt på kartet. Finner du noen du gjerne vil spille mot, sender du en tilkoblingsforespørsel. Godtar personen den, kan dere to utveksle kontaktinfo og avtale et parti.","","",""
"help-centre","entries.about-8nout.body[2]","You can keep your record here too. Finished matches you played on CueScore can be brought across, and games you arranged through 8nOut can be logged by hand.","Du kan holde oversikt over resultatene dine her også. Ferdigspilte kamper fra CueScore kan hentes inn, og partier du har avtalt gjennom 8nOut kan loggføres manuelt.","","",""
"help-centre","entries.about-8nout.body[3]","It is built by a One Pocket player, for One Pocket players. It is free to use, and there is nothing to buy inside it.","8nOut er laget av en One Pocket-spiller, for One Pocket-spillere. Det er gratis å bruke, og det er ingenting å kjøpe i appen.","","",""
"help-centre","entries.about-8nout.keywords[0]","about","om","","",""
"help-centre","entries.about-8nout.keywords[1]","what is","hva er","","",""
"help-centre","entries.about-8nout.keywords[2]","one pocket","one pocket","","",""
"help-centre","entries.about-8nout.keywords[3]","map","kart","","",""
"help-centre","entries.about-8nout.keywords[4]","europe","europa","","",""
"help-centre","entries.about-8nout.keywords[5]","community","fellesskap","","",""
"help-centre","entries.about-8nout.links[0].label","How do I get 8nOut?","","","",""
"help-centre","entries.about-8nout.links[1].label","Why do I have to connect first?","","","",""
"help-centre","entries.getting-8nout.question","How do I get 8nOut?","Hvordan får jeg tak i 8nOut?","","",""
"help-centre","entries.getting-8nout.summary","On iPhone and iPad, 8nOut is in beta through TestFlight. On Android and on a computer, use the web app at 8nout.com.","På iPhone og iPad er 8nOut i betaversjon via TestFlight. På Android og på PC bruker du nettappen på 8nout.com.","","",""
"help-centre","entries.getting-8nout.body[0]","8nOut is still in beta, so there are two ways in.","8nOut er fortsatt i betaversjon, så det finnes to måter å komme i gang på.","","",""
"help-centre","entries.getting-8nout.body[1]","On iPhone or iPad: go to 8nout.com and use the TestFlight button. TestFlight is Apple's own app for trying apps that are still being tested — you install TestFlight first, then 8nOut through it.","På iPhone eller iPad: gå til 8nout.com og bruk TestFlight-knappen. TestFlight er Apples egen app for å prøve apper som fortsatt testes — du installerer TestFlight først, og deretter 8nOut gjennom den.","","",""
"help-centre","entries.getting-8nout.body[2]","On Android, or on a computer: open 8nout.com and go to the web app. It does the same things. On a phone you can add it to your home screen, so it opens like any other app.","På Android, eller på PC: åpne 8nout.com og gå til nettappen. Den gjør det samme. På en telefon kan du legge den til startskjermen, slik at den åpnes som en hvilken som helst annen app.","","",""
"help-centre","entries.getting-8nout.body[3]","Either way you sign in with Apple or with Google, and there is nothing to pay.","Uansett logger du inn med Apple eller Google, og det er ingenting å betale.","","",""
"help-centre","entries.getting-8nout.body[4]","After you sign in, 8nOut asks three short questions so other players can find you. You can answer them then, or leave them for later.","Etter innlogging stiller 8nOut tre korte spørsmål, slik at andre spillere kan finne deg. Du kan svare på dem da, eller la dem stå til senere.","","",""
"help-centre","entries.getting-8nout.keywords[0]","download","laste ned","","",""
"help-centre","entries.getting-8nout.keywords[1]","install","installere","","",""
"help-centre","entries.getting-8nout.keywords[2]","testflight","testflight","","",""
"help-centre","entries.getting-8nout.keywords[3]","beta","beta","","",""
"help-centre","entries.getting-8nout.keywords[4]","android","android","","",""
"help-centre","entries.getting-8nout.keywords[5]","web app","nettapp","","",""
"help-centre","entries.getting-8nout.keywords[6]","sign in","logge inn","","",""
"help-centre","entries.getting-8nout.links[0].label","Is 8nOut free?","","","",""
"help-centre","entries.getting-8nout.links[1].label","The three questions when you start","","","",""
"help-centre","entries.cost.question","Is 8nOut free?","Er 8nOut gratis?","","",""
"help-centre","entries.cost.summary","Yes. Nothing to pay, and nothing to buy inside it.","Ja. Ingenting å betale, og ingenting å kjøpe i appen.","","",""
"help-centre","entries.cost.body[0]","Yes. 8nOut is free to use, and there is nothing to buy inside it.","Ja. 8nOut er gratis å bruke, og det er ingenting å kjøpe i appen.","","",""
"help-centre","entries.cost.body[1]","It is a small community project. One player runs it, for the European One Pocket community.","Det er et lite fellesskapsprosjekt. Én spiller driver det, for det europeiske One Pocket-miljøet.","","",""
"help-centre","entries.cost.body[2]","What happens with your details is set out in the Privacy Policy. We link that document rather than summarise it here, because a summary drifts from the thing it summarises and then two versions of the same promise exist.","Hva som skjer med opplysningene dine, står i personvernerklæringen. Vi lenker til det dokumentet i stedet for å oppsummere det her, fordi en oppsummering med tiden sklir bort fra det den oppsummerer, og da finnes det to versjoner av det samme løftet.","","",""
"help-centre","entries.cost.keywords[0]","free","gratis","","",""
"help-centre","entries.cost.keywords[1]","cost","kostnad","","",""
"help-centre","entries.cost.keywords[2]","price","pris","","",""
"help-centre","entries.cost.keywords[3]","pay","betale","","",""
"help-centre","entries.cost.keywords[4]","subscription","abonnement","","",""
"help-centre","entries.cost.links[0].label","Where the Terms and Privacy Policy are","","","",""
"help-centre","entries.skill-level.question","Do I need to be good at One Pocket?","Må jeg være god i One Pocket?","","",""
"help-centre","entries.skill-level.summary","No. It has a reputation as a connoisseur's game, but you only learn it by playing it — and most players here would rather teach than not play.","Nei. Det har rykte på seg som et spill for kjennere, men du lærer det bare ved å spille det — og de fleste spillerne her vil heller lære deg opp enn å ikke spille.","","",""
"help-centre","entries.skill-level.body[0]","No. One Pocket has a reputation as a game for experts, and it puts people off before they have played a single rack. It should not.","Nei. One Pocket har rykte på seg som et spill for eksperter, og det skremmer folk vekk før de har spilt et eneste rack. Slik burde det ikke være.","","",""
"help-centre","entries.skill-level.body[1]","Almost everything that makes the game good — the patience, the safety battles, reading the table two shots ahead — you learn by playing someone better than you and losing a few. Every strong One Pocket player in Europe went through exactly that. There is no other route in.","Nesten alt som gjør spillet bra — tålmodigheten, safety-duellene, det å lese bordet to slag fram i tid — lærer du ved å spille mot noen bedre enn deg og tape noen ganger. Alle sterke One Pocket-spillere i Europa har gått gjennom akkurat det. Det finnes ingen annen vei inn.","","",""
"help-centre","entries.skill-level.body[2]","If you are new to it, say so in your bio. It tends to make players more likely to invite you, not less. An evening spent showing someone the game is a good evening.","Er du ny, så si det i bioen din. Det gjør som regel at spillere inviterer deg oftere, ikke sjeldnere. En kveld der du viser noen spillet, er en god kveld.","","",""
"help-centre","entries.skill-level.body[3]","There is a Fargo Rating on your profile and it is optional. Leave it empty if you do not have one, or would rather not show it. It is self-reported.","Det finnes en Fargo Rating på profilen din, og den er valgfri. La den stå tom hvis du ikke har en, eller heller ikke vil vise den. Den er selvrapportert.","","",""
"help-centre","entries.skill-level.body[4]","One Pocket is a small world in Europe. Most people here would far rather play a keen beginner than nobody at all.","One Pocket er en liten verden i Europa. De fleste her vil mye heller spille mot en ivrig nybegynner enn mot ingen i det hele tatt.","","",""
"help-centre","entries.skill-level.keywords[0]","beginner","nybegynner","","",""
"help-centre","entries.skill-level.keywords[1]","new","ny","","",""
"help-centre","entries.skill-level.keywords[2]","skill","nivå","","",""
"help-centre","entries.skill-level.keywords[3]","fargo","fargo","","",""
"help-centre","entries.skill-level.keywords[4]","rating","rating","","",""
"help-centre","entries.skill-level.keywords[5]","learn","lære","","",""
"help-centre","entries.skill-level.links[0].label","Why do I have to connect first?","","","",""
"help-centre","entries.skill-level.links[1].label","How do I get on the map?","","","",""
"help-centre","entries.setup-questions.question","What are the three questions when I start?","Hva er de tre spørsmålene når jeg starter?","","",""
"help-centre","entries.setup-questions.summary","Your name, your country and town, and a club. Each one is about being findable — and you can leave at any point.","Navnet ditt, land og by, og en klubb. Alle handler om å være mulig å finne — og du kan slutte når som helst.","","",""
"help-centre","entries.setup-questions.body[0]","The first time you open 8nOut it asks three short questions. They take about a minute, and you can leave at any point.","Første gang du åpner 8nOut, stiller appen tre korte spørsmål. De tar omtrent ett minutt, og du kan slutte når som helst.","","",""
"help-centre","entries.setup-questions.body[1]","The first is the name you play under. This is the name on your row in a club's list, and the name other players search by. One word is fine — plenty of players here go by a handle.","Det første er navnet du spiller under. Dette er navnet på raden din i en klubbs liste, og navnet andre spillere søker på. Ett ord holder — mange spillere her bruker et kallenavn.","","",""
"help-centre","entries.setup-questions.body[2]","The second is your country and town. Players filter the map by country and town, so without yours you are hard to find.","Det andre er land og by. Spillere filtrerer kartet på land og by, så uten dine opplysninger er du vanskelig å finne.","","",""
"help-centre","entries.setup-questions.body[3]","The third is a club. Your name goes on that club's list — the same list you see when you open a club on the map. If your club is not on 8nOut yet, you can add it and we will check it.","Det tredje er en klubb. Navnet ditt havner på listen til den klubben — samme liste som du ser når du åpner en klubb på kartet. Er ikke klubben din på 8nOut ennå, kan du legge den til, så sjekker vi den.","","",""
"help-centre","entries.setup-questions.body[4]","After the three questions comes one optional extra: linking your CueScore profile. You can pass on it.","Etter de tre spørsmålene kommer én valgfri ekstra ting: å koble til CueScore-profilen din. Du kan hoppe over den.","","",""
"help-centre","entries.setup-questions.body[5]","Every screen has a way out, labelled Finish later, including the first one. No part of 8nOut is locked behind these questions. The map, connecting, your record and everything else work the same whether you answer them or not.","Hvert skjermbilde har en vei ut, merket Fullfør senere, også det første. Ingen del av 8nOut er stengt bak disse spørsmålene. Kartet, det å koble seg til, resultatene dine og alt annet fungerer likt enten du svarer på dem eller ikke.","","",""
"help-centre","entries.setup-questions.body[6]","What does change is how easy you are to find. Without a name, nobody can tell who you are in a club's list or in search. Without a club, you are not on any club's list, so nobody finds you when they open a club on the map. You can fill either one in whenever you like.","Det som endrer seg, er hvor lett du er å finne. Uten navn kan ingen se hvem du er i en klubbs liste eller i søk. Uten klubb står du på ingen klubbliste, så ingen finner deg når de åpner en klubb på kartet. Du kan fylle inn begge deler når det passer deg.","","",""
"help-centre","entries.setup-questions.keywords[0]","setup","oppsett","","",""
"help-centre","entries.setup-questions.keywords[1]","questions","spørsmål","","",""
"help-centre","entries.setup-questions.keywords[2]","onboarding","onboarding","","",""
"help-centre","entries.setup-questions.keywords[3]","name","navn","","",""
"help-centre","entries.setup-questions.keywords[4]","town","by","","",""
"help-centre","entries.setup-questions.keywords[5]","club","klubb","","",""
"help-centre","entries.setup-questions.keywords[6]","start","start","","",""
"help-centre","entries.setup-questions.keywords[7]","finish later","fullfør senere","","",""
"help-centre","entries.setup-questions.links[0].label","Can I finish setting up later?","","","",""
"help-centre","entries.setup-questions.links[1].label","How do I get on the map?","","","",""
"help-centre","entries.finishing-setup-later.question","Can I finish setting up later?","Kan jeg fullføre oppsettet senere?","","",""
"help-centre","entries.finishing-setup-later.summary","Yes. Every screen has Finish later, a card on your Profile brings it back, and dismissing that card three times stops it for good.","Ja. Hvert skjermbilde har Fullfør senere, et kort på Profilen din henter det tilbake, og lukker du det kortet tre ganger, stopper det for godt.","","",""
"help-centre","entries.finishing-setup-later.body[0]","Yes. Every screen has a way out, labelled Finish later, and taking it costs you nothing you cannot pick up again.","Ja. Hvert skjermbilde har en vei ut, merket Fullfør senere, og å bruke den koster deg ingenting du ikke kan ta opp igjen senere.","","",""
"help-centre","entries.finishing-setup-later.body[1]","If you leave partway, a card appears on your Profile showing what is still open, with a button back to where you stopped. You can use it whenever you feel like it.","Slutter du underveis, dukker det opp et kort på Profilen din som viser hva som fortsatt står åpent, med en knapp tilbake til der du sluttet. Du kan bruke det når det passer deg.","","",""
"help-centre","entries.finishing-setup-later.body[2]","If you would rather not be asked now, dismiss the card and it goes quiet for a week. Dismiss it a second time and it goes quiet for two weeks, a third time for a month — and after that third time the card does not come back at all.","Vil du heller ikke bli spurt nå, lukker du kortet, og det holder seg stille i en uke. Lukker du det en gang til, holder det seg stille i to uker, en tredje gang i en måned — og etter den tredje gangen kommer kortet ikke tilbake i det hele tatt.","","",""
"help-centre","entries.finishing-setup-later.body[3]","What is left after that is one quiet line on your Profile with a Finish link. It never interrupts you again, and it is there if you change your mind.","Det som blir igjen etterpå, er én stille linje på Profilen din med en Fullfør-lenke. Den avbryter deg aldri igjen, og den er der hvis du skifter mening.","","",""
"help-centre","entries.finishing-setup-later.body[4]","Dismissing is remembered by 8nOut rather than by the device, so quieting the card on your phone also quiets it in the web app.","8nOut husker lukkingen selv, ikke enheten, så gjør du kortet stille på telefonen, blir det stille i nettappen også.","","",""
"help-centre","entries.finishing-setup-later.body[5]","None of this changes what you can do in 8nOut. The questions make you easier to find; they do not stand between you and anything.","Ingenting av dette endrer hva du kan gjøre i 8nOut. Spørsmålene gjør deg lettere å finne; de står ikke i veien for noe.","","",""
"help-centre","entries.finishing-setup-later.keywords[0]","later","senere","","",""
"help-centre","entries.finishing-setup-later.keywords[1]","skip","hoppe over","","",""
"help-centre","entries.finishing-setup-later.keywords[2]","finish later","fullfør senere","","",""
"help-centre","entries.finishing-setup-later.keywords[3]","banner","banner","","",""
"help-centre","entries.finishing-setup-later.keywords[4]","dismiss","lukke","","",""
"help-centre","entries.finishing-setup-later.keywords[5]","reminder","påminnelse","","",""
"help-centre","entries.finishing-setup-later.keywords[6]","profile","profil","","",""
"help-centre","entries.finishing-setup-later.links[0].label","What the three questions are","","","",""
"help-centre","entries.finishing-setup-later.links[1].label","My club is not on the map","","","",""
"help-centre","entries.club-not-added.question","My club is not on the map. What now?","Klubben min er ikke på kartet. Hva nå?","","",""
"help-centre","entries.club-not-added.summary","Three different things can be going on — the club is waiting to be looked at, it was not added, or you have not picked one yet. Each has its own next step.","Tre ulike ting kan være tilfellet — klubben venter på å bli sjekket, den ble ikke lagt til, eller du har ikke valgt en ennå. Hver situasjon har sitt eget neste steg.","","",""
"help-centre","entries.club-not-added.body[0]","Clubs are added by the community, so yours may not be on 8nOut yet. There are three situations, and your Clubs list on your profile tells you which one you are in.","Klubber legges til av fellesskapet, så din er kanskje ikke på 8nOut ennå. Det finnes tre situasjoner, og Klubber-listen på profilen din viser hvilken du er i.","","",""
"help-centre","entries.club-not-added.body[1]","It is waiting to be looked at. You submitted a new venue and it is marked pending review. It is on your clubs already. Once it is approved, the club goes on the map and your name is on its list. Until then, you are not on any club's list. You can check on it any time under Clubs on your profile.","Den venter på å bli sjekket. Du har sendt inn et nytt spillested, og det er merket som venter på godkjenning. Den står allerede blant klubbene dine. Når den godkjennes, kommer klubben på kartet og navnet ditt på listen. Fram til da står du på ingen klubbliste. Du kan sjekke status når som helst under Klubber på profilen din.","","",""
"help-centre","entries.club-not-added.body[2]","It was not added. Not every venue makes it onto the map. It is still on your profile, but you are not on any club's list. Pick a club that is already on the map and you are on its list straight away.","Den ble ikke lagt til. Ikke alle spillesteder havner på kartet. Den blir stående på profilen din, men du står på ingen klubbliste. Velg en klubb som allerede er på kartet, så står du på den listen med en gang.","","",""
"help-centre","entries.club-not-added.body[3]","You have not picked one yet. Open Clubs on your profile and search for the club you play at. If it is there, choose it and you are on its list. If it is not there, you can submit it.","Du har ikke valgt en ennå. Åpne Klubber på profilen din og søk etter klubben du spiller på. Finnes den der, velg den, så står du på listen. Finnes den ikke, kan du sende den inn.","","",""
"help-centre","entries.club-not-added.body[4]","One thing worth knowing either way: the map is for public pool venues — a club, a hall, a bar with a table. A home or a private address is not added to it.","Én ting verdt å vite uansett: kartet er for offentlige poolsteder — en klubb, en hall, en bar med bord. Et hjem eller en privat adresse legges ikke til der.","","",""
"help-centre","entries.club-not-added.body[5]","Whichever of the three you are in, nothing else about your account changes, and everything else in 8nOut carries on working.","Uansett hvilken av de tre situasjonene du er i, endres ingenting annet ved kontoen din, og alt annet i 8nOut fortsetter å fungere.","","",""
"help-centre","entries.club-not-added.keywords[0]","club","klubb","","",""
"help-centre","entries.club-not-added.keywords[1]","missing","mangler","","",""
"help-centre","entries.club-not-added.keywords[2]","not on the map","ikke på kartet","","",""
"help-centre","entries.club-not-added.keywords[3]","pending","venter","","",""
"help-centre","entries.club-not-added.keywords[4]","review","godkjenning","","",""
"help-centre","entries.club-not-added.keywords[5]","not approved","ikke godkjent","","",""
"help-centre","entries.club-not-added.keywords[6]","venue","spillested","","",""
"help-centre","entries.club-not-added.links[0].label","How do I add a club to the map?","","","",""
"help-centre","entries.club-not-added.links[1].label","How do I get on the map?","","","",""
"help-centre","entries.ready-to-play.question","What does Ready to play mean?","Hva betyr Klar til spill?","","",""
"help-centre","entries.ready-to-play.summary","A switch on your profile, called Open to play. Turn it on and your row on a club's list reads Ready to play.","En bryter på profilen din, kalt Åpen for spill. Slår du den på, viser raden din i en klubbs liste Klar til spill.","","",""
"help-centre","entries.ready-to-play.body[0]","Open to play is a switch on your profile. It is the one thing on 8nOut that says you are up for a game at the moment, rather than in general.","Åpen for spill er en bryter på profilen din. Det er det eneste på 8nOut som viser at du er klar for et parti akkurat nå, i stedet for generelt.","","",""
"help-centre","entries.ready-to-play.body[1]","Turn it on and your row on your club's list reads Ready to play. So does your public profile, which anyone with the link can open, signed in or not. You are on the list either way.","Slår du den på, viser raden din i klubbens liste Klar til spill. Det samme gjør den offentlige profilen din, som hvem som helst med lenken kan åpne, innlogget eller ikke. Du står på listen uansett.","","",""
"help-centre","entries.ready-to-play.body[2]","If your club is still waiting to be looked at, there is no club list carrying your row yet. In that case your name carries Ready to play in player search and on your public profile.","Venter klubben din fortsatt på å bli sjekket, finnes det ingen klubbliste med raden din ennå. I så fall får navnet ditt Klar til spill i spillersøk og på den offentlige profilen din.","","",""
"help-centre","entries.ready-to-play.body[3]","Turn it off and nothing else changes. You are on the list either way — the switch only says whether you are up for a game right now.","Slår du den av, endres ingenting annet. Du står på listen uansett — bryteren viser bare om du er klar for et parti akkurat nå.","","",""
"help-centre","entries.ready-to-play.body[4]","It is a switch, not a promise. Turn it on before a weekend and off again on Monday. Nobody is told either way.","Det er en bryter, ikke et løfte. Slå den på før en helg og av igjen på mandag. Ingen får beskjed, uansett hvilken vei.","","",""
"help-centre","entries.ready-to-play.keywords[0]","ready to play","klar til spill","","",""
"help-centre","entries.ready-to-play.keywords[1]","open to play","åpen for spill","","",""
"help-centre","entries.ready-to-play.keywords[2]","available","tilgjengelig","","",""
"help-centre","entries.ready-to-play.keywords[3]","switch","bryter","","",""
"help-centre","entries.ready-to-play.keywords[4]","toggle","av/på","","",""
"help-centre","entries.ready-to-play.keywords[5]","up for a game","klar for et parti","","",""
"help-centre","entries.ready-to-play.links[0].label","How do I get on the map?","","","",""
"help-centre","entries.ready-to-play.links[1].label","Why do I have to connect first?","","","",""
"help-centre","entries.getting-on-the-map.question","How do I get on the map?","Hvordan kommer jeg på kartet?","","",""
"help-centre","entries.getting-on-the-map.summary","You do not get a pin of your own. Add the club you play at, and your name is on that club's list — which is what other players open.","Du får ikke en egen nål. Legg til klubben du spiller på, så kommer navnet ditt på den klubbens liste — det er den andre spillere åpner.","","",""
"help-centre","entries.getting-on-the-map.body[0]","The pins on the map are clubs. You do not get a pin of your own, and you do not need one.","Nålene på kartet er klubber. Du får ikke en egen nål, og du trenger heller ikke en.","","",""
"help-centre","entries.getting-on-the-map.body[1]","Add the club you play at, and your name goes on that club's list — the same list you see when you open a club on the map. That is how other players find you: they look at the clubs near them and see who plays there.","Legg til klubben du spiller på, så havner navnet ditt på den klubbens liste — samme liste som du ser når du åpner en klubb på kartet. Slik finner andre spillere deg: de ser på klubbene i nærheten og hvem som spiller der.","","",""
"help-centre","entries.getting-on-the-map.body[2]","You can add up to three clubs, so if you play in more than one place, add them all.","Du kan legge til opptil tre klubber, så spiller du flere steder, legg til dem alle.","","",""
"help-centre","entries.getting-on-the-map.body[3]","If your club is not on 8nOut yet, you can submit it. It goes on the map once it has been approved, and until then you are on no club's list.","Er ikke klubben din på 8nOut ennå, kan du sende den inn. Den kommer på kartet når den er godkjent, og fram til da står du på ingen klubbliste.","","",""
"help-centre","entries.getting-on-the-map.body[4]","The other thing worth filling in is your country and town. Players filter the map by country and town, so without yours you are hard to find.","Det andre som er verdt å fylle ut, er land og by. Spillere filtrerer kartet på land og by, så uten dine opplysninger er du vanskelig å finne.","","",""
"help-centre","entries.getting-on-the-map.keywords[0]","map","kart","","",""
"help-centre","entries.getting-on-the-map.keywords[1]","pin","nål","","",""
"help-centre","entries.getting-on-the-map.keywords[2]","visible","synlig","","",""
"help-centre","entries.getting-on-the-map.keywords[3]","findable","søkbar","","",""
"help-centre","entries.getting-on-the-map.keywords[4]","club list","klubbliste","","",""
"help-centre","entries.getting-on-the-map.keywords[5]","roster","spillerliste","","",""
"help-centre","entries.getting-on-the-map.keywords[6]","town","by","","",""
"help-centre","entries.getting-on-the-map.links[0].label","How do I add a club to the map?","","","",""
"help-centre","entries.getting-on-the-map.links[1].label","My club is not on the map","","","",""
"help-centre","entries.getting-on-the-map.links[2].label","How do I filter the map?","","","",""
"help-centre","entries.filtering-the-map.question","How do I filter the map?","Hvordan filtrerer jeg kartet?","","",""
"help-centre","entries.filtering-the-map.summary","Narrow it by open to play, country and city. The filters stack, and clearing them brings everything back.","Snevre det inn med åpen for spill, land og by. Filtrene kombineres, og å nullstille dem bringer alt tilbake.","","",""
"help-centre","entries.filtering-the-map.body[0]","The map gets busy, so you can narrow it down.","Kartet blir fort travelt, så du kan snevre det inn.","","",""
"help-centre","entries.filtering-the-map.body[1]","In the iPhone app, tap the filter button at the top right of the Map tab. You get three things: an Open to play only switch, a country and a city.","Trykk på filterknappen øverst til høyre i Kart-fanen i iPhone-appen. Du får tre ting: en bryter Kun åpen for spill, et land og en by.","","",""
"help-centre","entries.filtering-the-map.body[2]","In the web app the same three sit on the map itself, as controls you tap or choose from.","I nettappen sitter de samme tre direkte på kartet, som kontroller du trykker på eller velger fra.","","",""
"help-centre","entries.filtering-the-map.body[3]","The filters stack. Pick a country and then a city and the map narrows further and zooms to fit what is left. Clear them and everything comes back.","Filtrene kombineres. Velg et land og deretter en by, så snevres kartet ytterligere inn og zoomer til det som er igjen. Nullstill dem, og alt kommer tilbake.","","",""
"help-centre","entries.filtering-the-map.keywords[0]","filter","filter","","",""
"help-centre","entries.filtering-the-map.keywords[1]","search","søk","","",""
"help-centre","entries.filtering-the-map.keywords[2]","country","land","","",""
"help-centre","entries.filtering-the-map.keywords[3]","city","by","","",""
"help-centre","entries.filtering-the-map.keywords[4]","narrow","innsnevre","","",""
"help-centre","entries.filtering-the-map.keywords[5]","map","kart","","",""
"help-centre","entries.filtering-the-map.links[0].label","How do I get on the map?","","","",""
"help-centre","entries.adding-a-club.question","How do I add a club to the map?","Hvordan legger jeg til en klubb på kartet?","","",""
"help-centre","entries.adding-a-club.summary","Search for it first. If it is not there, submit it — a person reads every new venue, and it goes on the map once it is approved.","Søk først. Finnes den ikke, send den inn — et menneske leser gjennom hvert nytt spillested, og det kommer på kartet når det er godkjent.","","",""
"help-centre","entries.adding-a-club.body[0]","Clubs get onto the map because players put them there, so if yours is missing you can add it yourself.","Klubber kommer på kartet fordi spillere legger dem til, så mangler din, kan du legge den til selv.","","",""
"help-centre","entries.adding-a-club.body[1]","Go to your profile, open Clubs and choose to add a club. Search first — it may already be on 8nOut under a slightly different name. If it is there, pick it and you are done.","Gå til profilen din, åpne Klubber og velg å legge til en klubb. Søk først — den kan allerede være på 8nOut under et litt annet navn. Finnes den, velg den, så er du ferdig.","","",""
"help-centre","entries.adding-a-club.body[2]","If it is not there, submit it as a new venue. While you type the name, 8nOut shows matching clubs it already has — if yours appears, pick it and you are done.","Finnes den ikke, send den inn som nytt spillested. Mens du skriver navnet, viser 8nOut lignende klubber som allerede finnes — dukker din opp, velg den, så er du ferdig.","","",""
"help-centre","entries.adding-a-club.body[3]","A person reads every new venue before it goes on the map, so give it a little time. In the meantime it sits in your own club list, marked pending review.","Et menneske leser gjennom hvert nytt spillested før det kommer på kartet, så gi det litt tid. I mellomtiden ligger det i din egen klubbliste, merket som venter på godkjenning.","","",""
"help-centre","entries.adding-a-club.body[4]","Once it is approved, the club is on the map and your name is on its list. Until then, you are not on any club's list.","Når den er godkjent, står klubben på kartet og navnet ditt på listen. Fram til da står du på ingen klubbliste.","","",""
"help-centre","entries.adding-a-club.body[5]","One rule: the map is for public pool venues — clubs, halls, bars with a table. Never a home or a private address.","Én regel: kartet er for offentlige poolsteder — klubber, haller, barer med bord. Aldri et hjem eller en privat adresse.","","",""
"help-centre","entries.adding-a-club.keywords[0]","add club","legge til klubb","","",""
"help-centre","entries.adding-a-club.keywords[1]","new venue","nytt spillested","","",""
"help-centre","entries.adding-a-club.keywords[2]","submit","sende inn","","",""
"help-centre","entries.adding-a-club.keywords[3]","missing club","klubb mangler","","",""
"help-centre","entries.adding-a-club.keywords[4]","pool room","poolrom","","",""
"help-centre","entries.adding-a-club.keywords[5]","approval","godkjenning","","",""
"help-centre","entries.adding-a-club.links[0].label","My club is not on the map","","","",""
"help-centre","entries.adding-a-club.links[1].label","How do I get on the map?","","","",""
"help-centre","entries.map-numbers.question","What do the numbers above the map mean?","Hva betyr tallene over kartet?","","",""
"help-centre","entries.map-numbers.summary","Online now is how many members are active across 8nOut right now. Active games is how many live scoreboard games are in progress at the moment.","Online nå viser hvor mange medlemmer som er aktive på hele 8nOut akkurat nå. Aktive partier viser hvor mange live-resultattavler som pågår akkurat nå.","","",""
"help-centre","entries.map-numbers.body[0]","Online now counts members active across the whole of 8nOut right now — not just the ones near you or at your club.","Online nå teller medlemmer som er aktive på hele 8nOut akkurat nå — ikke bare dem i nærheten av deg eller ved klubben din.","","",""
"help-centre","entries.map-numbers.body[1]","Active games counts live scoreboard games in progress right now. It is a live count, not a list, so tapping it does not open anything.","Aktive partier teller live-resultattavler som pågår akkurat nå. Det er et løpende antall, ikke en liste, så å trykke på det åpner ingenting.","","",""
"help-centre","entries.map-numbers.keywords[0]","online now","online nå","","",""
"help-centre","entries.map-numbers.keywords[1]","active games","aktive partier","","",""
"help-centre","entries.map-numbers.keywords[2]","heartbeat","kartstatistikk","","",""
"help-centre","entries.map-numbers.keywords[3]","map stats","live-resultattavle","","",""
"help-centre","entries.map-numbers.keywords[4]","live scoreboard","tall over kartet","","",""
"help-centre","entries.map-numbers.keywords[5]","numbers above the map","","","",""
"help-centre","entries.map-numbers.links[0].label","How do I get on the map?","","","",""
"help-centre","entries.map-numbers.links[1].label","How do I filter the map?","","","",""
"help-centre","entries.how-connecting-works.question","Why do I have to connect before I can contact someone?","Hvorfor må jeg koble meg til før jeg kan kontakte noen?","","",""
"help-centre","entries.how-connecting-works.summary","Because being on the map is not the same as agreeing to be contacted. Connecting is how the other player says yes.","Fordi det å være på kartet ikke er det samme som å samtykke til å bli kontaktet. Å koble seg til er hvordan den andre spilleren sier ja.","","",""
"help-centre","entries.how-connecting-works.body[0]","Because being on the map is not the same as agreeing to be contacted.","Fordi det å være på kartet ikke er det samme som å samtykke til å bli kontaktet.","","",""
"help-centre","entries.how-connecting-works.body[1]","So on 8nOut you find someone, and then you ask. You send a connection request; they accept, or they do not. Contact details are only visible to accepted connections, so until they have accepted there is nothing of theirs to see, and nothing of yours either.","På 8nOut finner du altså noen, og så spør du. Du sender en tilkoblingsforespørsel; personen godtar den, eller ikke. Kontaktinfo er bare synlig for godkjente tilkoblinger, så fram til det er godtatt, er det ingenting av deres å se, og heller ikke ditt.","","",""
"help-centre","entries.how-connecting-works.body[2]","It works in your favour in both directions. If a request does not appeal to you, you decline it and that is the end of it — no message is sent, and the other player cannot reach you.","Det virker til din fordel begge veier. Appellerer ikke en forespørsel til deg, avslår du den, og da er saken avsluttet — ingen melding sendes, og den andre spilleren kan ikke nå deg.","","",""
"help-centre","entries.how-connecting-works.body[3]","This is the part of 8nOut people question most, so it is worth being plain about why. A map of players only works if players are willing to be on it, and knowing that a stranger cannot simply pick up your number is what makes that willingness possible. The small step of asking first is what buys it.","Dette er delen av 8nOut folk stiller flest spørsmål ved, så det er verdt å være tydelig på hvorfor. Et kart over spillere fungerer bare hvis spillere er villige til å stå på det, og å vite at en fremmed ikke bare kan ta nummeret ditt er det som gjør den viljen mulig. Det lille steget med å spørre først er det som kjøper det.","","",""
"help-centre","entries.how-connecting-works.body[4]","And it does not have to be slow. If you are standing next to the person, you do not need a request at all — show your connect code, they scan it, and you are connected on the spot.","Og det trenger ikke gå sakte. Står du rett ved siden av personen, trenger du ingen forespørsel i det hele tatt — vis fram tilkoblingskoden din, de skanner den, og dere er koblet til på stedet.","","",""
"help-centre","entries.how-connecting-works.keywords[0]","connect","koble til","","",""
"help-centre","entries.how-connecting-works.keywords[1]","request","forespørsel","","",""
"help-centre","entries.how-connecting-works.keywords[2]","contact","kontakt","","",""
"help-centre","entries.how-connecting-works.keywords[3]","accept","godta","","",""
"help-centre","entries.how-connecting-works.keywords[4]","decline","avslå","","",""
"help-centre","entries.how-connecting-works.keywords[5]","privacy","personvern","","",""
"help-centre","entries.how-connecting-works.keywords[6]","why","hvorfor","","",""
"help-centre","entries.how-connecting-works.links[0].label","What is my connect code?","","","",""
"help-centre","entries.how-connecting-works.links[1].label","How do I remove a connection?","","","",""
"help-centre","entries.connect-code.question","What is my connect code?","Hva er tilkoblingskoden min?","","",""
"help-centre","entries.connect-code.summary","Your own QR code and link. Show it to a player in front of you, they scan it, and you are connected straight away — no request to accept.","Din egen QR-kode og lenke. Vis den til en spiller foran deg, de skanner den, og dere er koblet sammen med det samme — ingen forespørsel å godta.","","",""
"help-centre","entries.connect-code.body[0]","Your connect code is the quick way to connect with somebody who is standing in front of you.","Tilkoblingskoden din er den raske måten å koble deg til noen som står foran deg.","","",""
"help-centre","entries.connect-code.body[1]","Open your profile, find the Open to play card and choose My connect code. It is in the same place on the iPhone app and in the web app. From there you can show your own QR code for someone to scan, scan theirs, or share your link by message or in a group.","Åpne profilen din, finn kortet Åpen for spill og velg Min tilkoblingskode. Den ligger på samme sted i iPhone-appen og nettappen. Derfra kan du vise fram din egen QR-kode for at noen skal skanne den, skanne deres, eller dele lenken din via melding eller i en gruppe.","","",""
"help-centre","entries.connect-code.body[2]","A scanned code, or an opened link, connects you both immediately. There is no request to send and nothing to accept — showing your code is the yes.","En skannet kode, eller en åpnet lenke, kobler dere begge sammen med det samme. Det er ingen forespørsel å sende og ingenting å godta — å vise fram koden din er selve jaet.","","",""
"help-centre","entries.connect-code.body[3]","If your code ever ends up somewhere you did not intend, a screenshot in a group chat for instance, you can reset it. Your current QR and link stop working right away, and anyone already connected with you stays connected.","Havner koden din et sted du ikke mente, for eksempel som skjermbilde i en gruppechat, kan du nullstille den. Den nåværende QR-koden og lenken slutter å fungere med det samme, og alle som allerede er koblet til deg, forblir tilkoblet.","","",""
"help-centre","entries.connect-code.keywords[0]","connect code","tilkoblingskode","","",""
"help-centre","entries.connect-code.keywords[1]","qr","qr","","",""
"help-centre","entries.connect-code.keywords[2]","scan","skanne","","",""
"help-centre","entries.connect-code.keywords[3]","link","lenke","","",""
"help-centre","entries.connect-code.keywords[4]","in person","personlig","","",""
"help-centre","entries.connect-code.keywords[5]","reset","nullstille","","",""
"help-centre","entries.connect-code.links[0].label","Why do I have to connect first?","","","",""
"help-centre","entries.removing-a-connection.question","How do I remove a connection?","Hvordan fjerner jeg en tilkobling?","","",""
"help-centre","entries.removing-a-connection.summary","Open the Connections tab, find the player and choose Remove. Matches you already played against each other stay in both records.","Åpne fanen Tilkoblinger, finn spilleren og velg Fjern. Kamper dere allerede har spilt mot hverandre, blir stående i begge historikkene.","","",""
"help-centre","entries.removing-a-connection.body[0]","A connection is not permanent. If you would rather not be connected to someone any more, you can undo it.","En tilkobling er ikke permanent. Vil du heller ikke lenger være tilkoblet noen, kan du gjøre det om.","","",""
"help-centre","entries.removing-a-connection.body[1]","Open the Connections tab, find the player and choose Remove.","Åpne fanen Tilkoblinger, finn spilleren og velg Fjern.","","",""
"help-centre","entries.removing-a-connection.body[2]","After that you will lose each other's contact details, and any address shared for a game.","Etterpå mister dere hverandres kontaktinfo, samt eventuell adresse som er delt for et parti.","","",""
"help-centre","entries.removing-a-connection.body[3]","Matches you already played against each other stay in both records. They happened, and neither of you loses your own history.","Kamper dere allerede har spilt mot hverandre, blir stående i begge historikkene. De skjedde, og ingen av dere mister sin egen historikk.","","",""
"help-centre","entries.removing-a-connection.body[4]","You can connect again later if you both want to. Removing is not a door that locks behind you.","Dere kan koble dere til igjen senere hvis dere begge ønsker det. Å fjerne er ikke en dør som låser seg bak deg.","","",""
"help-centre","entries.removing-a-connection.keywords[0]","remove","fjerne","","",""
"help-centre","entries.removing-a-connection.keywords[1]","disconnect","koble fra","","",""
"help-centre","entries.removing-a-connection.keywords[2]","undo","gjøre om","","",""
"help-centre","entries.removing-a-connection.keywords[3]","connection","tilkobling","","",""
"help-centre","entries.removing-a-connection.keywords[4]","revoke","tilbakekalle","","",""
"help-centre","entries.removing-a-connection.links[0].label","Why do I have to connect first?","","","",""
"help-centre","entries.logging-a-match.question","How do I record a game I played in person?","Hvordan registrerer jeg et parti jeg spilte personlig?","","",""
"help-centre","entries.logging-a-match.summary","Once a game you arranged in 8nOut has been accepted, the Challenges tab lets you log the result by hand.","Når et parti du har avtalt i 8nOut er godtatt, kan du registrere resultatet manuelt i fanen Utfordringer.","","",""
"help-centre","entries.logging-a-match.body[0]","Not every game happens on CueScore. If you arranged one through 8nOut, you can record the result yourself.","Ikke alle partier skjer på CueScore. Har du avtalt et gjennom 8nOut, kan du registrere resultatet selv.","","",""
"help-centre","entries.logging-a-match.body[1]","Invite the player from their profile or from your Connections. Once they have accepted, the game shows in your Challenges tab with a Log result button.","Inviter spilleren fra profilen deres eller fra Tilkoblinger. Når de har godtatt, dukker partiet opp i fanen Utfordringer med en knapp Registrer resultat.","","",""
"help-centre","entries.logging-a-match.body[2]","Choose who won and, if you want, the score. That is the whole thing.","Velg hvem som vant, og hvis du vil, resultatet. Det er hele saken.","","",""
"help-centre","entries.logging-a-match.body[3]","The result then counts in your record, and in the head-to-head between the two of you.","Resultatet telles deretter i historikken din, og i innbyrdes oppgjør mellom dere to.","","",""
"help-centre","entries.logging-a-match.body[4]","This route is for games arranged inside 8nOut. For a match you played on CueScore, you import it instead — that is a different answer.","Denne veien er for partier avtalt inne i 8nOut. For en kamp du spilte på CueScore, importerer du den i stedet — det er et annet svar.","","",""
"help-centre","entries.logging-a-match.keywords[0]","log","registrere","","",""
"help-centre","entries.logging-a-match.keywords[1]","record","resultat","","",""
"help-centre","entries.logging-a-match.keywords[2]","result","utfordring","","",""
"help-centre","entries.logging-a-match.keywords[3]","challenge","personlig","","",""
"help-centre","entries.logging-a-match.keywords[4]","in person","poengstilling","","",""
"help-centre","entries.logging-a-match.keywords[5]","score","manuelt","","",""
"help-centre","entries.logging-a-match.keywords[6]","manual","","","",""
"help-centre","entries.logging-a-match.links[0].label","Importing a CueScore match","","","",""
"help-centre","entries.importing-a-match.question","How do I add a match I played on CueScore?","Hvordan legger jeg til en kamp jeg spilte på CueScore?","","",""
"help-centre","entries.importing-a-match.summary","Paste the link of a finished match you played. 8nOut reads the final score and puts it in your record.","Lim inn lenken til en ferdigspilt kamp du spilte. 8nOut leser sluttresultatet og legger det inn i historikken din.","","",""
"help-centre","entries.importing-a-match.body[0]","Matches are created, played and scored on CueScore. 8nOut does not create anything there — it reads a match you have already finished and keeps the result in your record.","Kamper opprettes, spilles og føres på CueScore. 8nOut oppretter ingenting der — det leser en kamp du allerede har fullført, og lagrer resultatet i historikken din.","","",""
"help-centre","entries.importing-a-match.body[1]","You need your CueScore profile linked first. Then open your profile, go to Record and choose to import a CueScore match.","Du trenger CueScore-profilen din koblet til først. Åpne deretter profilen din, gå til Historikk og velg å importere en CueScore-kamp.","","",""
"help-centre","entries.importing-a-match.body[2]","On CueScore, open the match you played and copy its link. Paste it into 8nOut and look the match up. You will see the result, your opponent and the venue, and then you confirm the import.","Åpne kampen du spilte på CueScore, og kopier lenken. Lim den inn i 8nOut og slå opp kampen. Du ser da resultatet, motstanderen din og spillestedet, og bekrefter deretter importen.","","",""
"help-centre","entries.importing-a-match.body[3]","Two limits are worth knowing. The match has to be finished on CueScore, so finish it there first. And it has to be a match you played — 8nOut checks it against your own linked CueScore profile, so you cannot import somebody else's.","To begrensninger er verdt å vite. Kampen må være fullført på CueScore, så fullfør den der først. Og det må være en kamp du spilte — 8nOut sjekker dette mot din egen tilkoblede CueScore-profil, så du kan ikke importere noen andres kamp.","","",""
"help-centre","entries.importing-a-match.body[4]","Your opponent does not need to be on 8nOut. If they are, the match shows on their record too.","Motstanderen din trenger ikke å ha 8nOut. Har de det, vises kampen i historikken deres også.","","",""
"help-centre","entries.importing-a-match.body[5]","For a game you arranged inside 8nOut there is a second route that has nothing to do with CueScore: you log the result by hand.","For et parti du har avtalt inne i 8nOut, finnes en annen vei som ikke har noe med CueScore å gjøre: du registrerer resultatet manuelt.","","",""
"help-centre","entries.importing-a-match.keywords[0]","import","importere","","",""
"help-centre","entries.importing-a-match.keywords[1]","cuescore","cuescore","","",""
"help-centre","entries.importing-a-match.keywords[2]","match","kamp","","",""
"help-centre","entries.importing-a-match.keywords[3]","record","historikk","","",""
"help-centre","entries.importing-a-match.keywords[4]","result","resultat","","",""
"help-centre","entries.importing-a-match.keywords[5]","link","lenke","","",""
"help-centre","entries.importing-a-match.links[0].label","Recording a game you played in person","","","",""
"help-centre","entries.why-rotate-my-phone.question","Why is 8nOut suggesting I rotate my phone during a live match?","Hvorfor foreslår 8nOut at jeg roterer telefonen under en pågående kamp?","","",""
"help-centre","entries.why-rotate-my-phone.summary","It's a suggestion for a bigger scoreboard, not a requirement. Dismiss it with the small X, or just carry on playing in portrait.","Det er et forslag for en større resultattavle, ikke et krav. Lukk det med det lille krysset, eller bare fortsett å spille i stående format.","","",""
"help-centre","entries.why-rotate-my-phone.body[0]","During a live or pending match, 8nOut shows a small banner on the scoreboard: Rotate for a bigger scoreboard. Turning your phone sideways gives the scoreboard more room — that is the whole reason for it.","Under en pågående eller ventende kamp viser 8nOut et lite banner på resultattavlen: Roter for en større resultattavle. Å snu telefonen på siden gir resultattavlen mer plass — det er hele grunnen til det.","","",""
"help-centre","entries.why-rotate-my-phone.body[1]","It is a suggestion, not a requirement. 8nOut has never locked the scoreboard to one orientation. Every part of it works exactly the same in portrait, so leave your phone as it is if you would rather.","Det er et forslag, ikke et krav. 8nOut har aldri låst resultattavlen til én retning. Hver del fungerer akkurat likt i stående format, så la telefonen stå som den er hvis du foretrekker det.","","",""
"help-centre","entries.why-rotate-my-phone.body[2]","Both the player keeping score and anyone watching see the same banner, for as long as the match is live or pending. Dismiss it with the small X in the corner and it is gone for that visit to the scoreboard. Close the screen and open it again later, and the banner is back — dismissing it is not remembered.","Både spilleren som fører poeng og alle som ser på, ser det samme banneret, så lenge kampen er pågående eller venter. Lukk det med det lille krysset i hjørnet, og det er borte for det besøket på resultattavlen. Lukker du skjermen og åpner den igjen senere, er banneret tilbake — lukkingen huskes ikke.","","",""
"help-centre","entries.why-rotate-my-phone.body[3]","On the iPhone app the banner only appears in portrait, and never on an iPad. On the web app you will see the same banner on a phone-sized, portrait screen.","I iPhone-appen vises banneret bare i stående format, og aldri på en iPad. I nettappen ser du det samme banneret på en telefonstor, stående skjerm.","","",""
"help-centre","entries.why-rotate-my-phone.keywords[0]","rotate","rotere","","",""
"help-centre","entries.why-rotate-my-phone.keywords[1]","rotate my phone","rotere telefonen","","",""
"help-centre","entries.why-rotate-my-phone.keywords[2]","landscape","liggende","","",""
"help-centre","entries.why-rotate-my-phone.keywords[3]","orientation","retning","","",""
"help-centre","entries.why-rotate-my-phone.keywords[4]","scoreboard","resultattavle","","",""
"help-centre","entries.why-rotate-my-phone.keywords[5]","live match","pågående kamp","","",""
"help-centre","entries.why-rotate-my-phone.keywords[6]","banner","banner","","",""
"help-centre","entries.why-rotate-my-phone.keywords[7]","portrait","stående","","",""
"help-centre","entries.why-rotate-my-phone.links[0].label","Recording a game you played in person","","","",""
"help-centre","entries.why-rotate-my-phone.links[1].label","Importing a CueScore match","","","",""
"help-centre","entries.why-did-my-match-end-automatically.question","Why did my live match end without me tapping Finish match?","","","",""
"help-centre","entries.why-did-my-match-end-automatically.summary","Once a player reaches the race-to target, 8nOut ends the match automatically — nothing to tap or confirm. The same pop-up appears whether the match finished on its own or you ended it early.","","","",""
"help-centre","entries.why-did-my-match-end-automatically.body[0]","Every live match on 8nOut has a race to set for it — the number of racks a player needs to win. Reach that number and the match is over there and then. You do not need to tap Finish match to end it — 8nOut ends it for you, the moment the winning rack closes.","","","",""
"help-centre","entries.why-did-my-match-end-automatically.body[1]","Finish match is still there too, unchanged, for ending a match early — if you need to stop before the race is decided.","","","",""
"help-centre","entries.why-did-my-match-end-automatically.body[2]","Either way, the same pop-up appears with the final score. If you are the one keeping score, you get two choices: End, or Start new match. If you are only watching, you get End — only the player keeping score can start a rematch.","","","",""
"help-centre","entries.why-did-my-match-end-automatically.body[3]","Start new match copies over the race to, the alternate-break setting, and the venue and table from the match you just finished, so there is nothing to set up again. The one thing it always asks fresh is who breaks first — that is never decided for you.","","","",""
"help-centre","entries.why-did-my-match-end-automatically.body[4]","One thing worth knowing: once you tap Start new match, you can no longer go back and correct the match you just finished. The Edit result link only lives on that match's own summary screen, and starting a new match replaces it with the new one. If a result needs fixing, do that first — before you start again.","","","",""
"help-centre","entries.why-did-my-match-end-automatically.keywords[0]","race to","","","",""
"help-centre","entries.why-did-my-match-end-automatically.keywords[1]","auto finish","","","",""
"help-centre","entries.why-did-my-match-end-automatically.keywords[2]","automatically","","","",""
"help-centre","entries.why-did-my-match-end-automatically.keywords[3]","match finished","","","",""
"help-centre","entries.why-did-my-match-end-automatically.keywords[4]","finish match","","","",""
"help-centre","entries.why-did-my-match-end-automatically.keywords[5]","start new match","","","",""
"help-centre","entries.why-did-my-match-end-automatically.keywords[6]","rematch","","","",""
"help-centre","entries.why-did-my-match-end-automatically.keywords[7]","who breaks first","","","",""
"help-centre","entries.why-did-my-match-end-automatically.keywords[8]","edit result","","","",""
"help-centre","entries.why-did-my-match-end-automatically.keywords[9]","correct a result","","","",""
"help-centre","entries.why-did-my-match-end-automatically.keywords[10]","post-match pop-up","","","",""
"help-centre","entries.why-did-my-match-end-automatically.links[0].label","Rotating your phone during a live match","","","",""
"help-centre","entries.changing-your-language.question","How do I change the language?","Hvordan endrer jeg språket?","","",""
"help-centre","entries.changing-your-language.summary","In the iPhone app it is Settings, then Language. In the web app it is the Profile tab, then Language.","I iPhone-appen er det Innstillinger, deretter Språk. I nettappen er det fanen Profil, deretter Språk.","","",""
"help-centre","entries.changing-your-language.body[0]","8nOut comes in several languages — pick the one that suits you.","8nOut finnes på flere språk — velg det som passer deg best.","","",""
"help-centre","entries.changing-your-language.body[1]","In the iPhone app, open the Settings tab and find the Language section. You can choose System, which follows your iPhone's own language, or pick English (UK), Nederlands, Deutsch, Norsk (Bokmål), Español or Italiano directly.","Åpne fanen Innstillinger i iPhone-appen og finn Språk-delen. Du kan velge System, som følger iPhonens eget språk, eller velge English (UK), Nederlands, Deutsch, Norsk (Bokmål), Español eller Italiano direkte.","","",""
"help-centre","entries.changing-your-language.body[2]","On iPhone the change takes effect the next time you open 8nOut. That is how iOS handles app languages, so the app asks you to close it and open it again. Nothing has gone wrong.","På iPhone trer endringen i kraft neste gang du åpner 8nOut. Slik håndterer iOS appspråk, så appen ber deg lukke den og åpne den igjen. Ingenting har gått galt.","","",""
"help-centre","entries.changing-your-language.body[3]","In the web app, open the Profile tab and find the Language card. The same choices are there, and the change is immediate — nothing to reload and nothing to confirm.","Åpne fanen Profil i nettappen og finn kortet Språk. De samme valgene finnes der, og endringen skjer umiddelbart — ingenting å laste på nytt og ingenting å bekrefte.","","",""
"help-centre","entries.changing-your-language.body[4]","Your choice is kept where you made it. The iPhone app remembers it on that device, and the web app remembers it in that browser. They are separate settings, so changing one does not change the other.","Valget ditt lagres der du gjorde det. iPhone-appen husker det på den enheten, og nettappen husker det i den nettleseren. Det er separate innstillinger, så å endre den ene endrer ikke den andre.","","",""
"help-centre","entries.changing-your-language.body[5]","These Help answers are translated too, though — like some of 8nOut's other translations — the wording isn't always checked by a native speaker yet.","Disse hjelpesvarene er også oversatt, selv om teksten — som noen av 8nOuts andre oversettelser — ikke alltid er sjekket av en morsmålsbruker ennå.","","",""
"help-centre","entries.changing-your-language.keywords[0]","language","språk","","",""
"help-centre","entries.changing-your-language.keywords[1]","dutch","nederlandsk","","",""
"help-centre","entries.changing-your-language.keywords[2]","german","tysk","","",""
"help-centre","entries.changing-your-language.keywords[3]","norwegian","norsk","","",""
"help-centre","entries.changing-your-language.keywords[4]","english","engelsk","","",""
"help-centre","entries.changing-your-language.keywords[5]","settings","innstillinger","","",""
"help-centre","entries.changing-your-language.keywords[6]","translate","oversette","","",""
"help-centre","entries.changing-your-language.links[0].label","The text looks garbled or half-translated","","","",""
"help-centre","entries.changing-your-language.links[1].label","Why does some of the translated text sound a bit off?","","","",""
"help-centre","entries.browser-translation.question","Why does the text look garbled or half-translated?","Hvorfor ser teksten forvansket eller halvveis oversatt ut?","","",""
"help-centre","entries.browser-translation.summary","The app is already translated. If the text looks garbled, your browser is re-translating it — turn off auto-translate for 8nout.com in the address bar, and pick your language inside 8nOut instead.","Appen er allerede oversatt. Ser teksten forvansket ut, oversetter nettleseren den på nytt — slå av automatisk oversettelse for 8nout.com i adressefeltet, og velg språket ditt i 8nOut i stedet.","","",""
"help-centre","entries.browser-translation.body[0]","8nOut already speaks several languages. You don't need your browser to translate it.","8nOut snakker allerede flere språk. Du trenger ikke nettleseren til å oversette den.","","",""
"help-centre","entries.browser-translation.body[1]","If the words look wrong or garbled — say a Dutch page turned into broken English — it's almost always your browser's built-in translation switched on. It's re-translating a page that's already in the right language, and that's what mangles it.","Hvis teksten ser feil eller forvansket ut — for eksempel en nederlandsk side som blir til gebrokkent engelsk — er det nesten alltid nettleserens innebygde oversettelse som er slått på. Den oversetter en side som allerede er på riktig språk på nytt, og det er det som forvansker den.","","",""
"help-centre","entries.browser-translation.body[2]","To fix it, turn off auto-translate for 8nout.com. Look for the translate icon in your browser's address bar and choose ""Show original"", or ""Never translate this site"". (You'll find this in Chrome, Edge and Safari.)","Slik fikser du det: Slå av automatisk oversettelse for 8nout.com. Se etter oversettelsesikonet i adressefeltet i nettleseren og velg «Vis original» eller «Aldri oversett dette nettstedet». (Du finner dette i Chrome, Edge og Safari.)","","",""
"help-centre","entries.browser-translation.body[3]","Want a different language? Choose it in 8nOut's own settings — the app stays correctly translated, whichever one you pick.","Vil du ha et annet språk? Velg det i 8nOuts egne innstillinger — da forblir appen riktig oversatt, uansett hvilket språk du velger.","","",""
"help-centre","entries.browser-translation.keywords[0]","translate","oversette","","",""
"help-centre","entries.browser-translation.keywords[1]","translation","oversettelse","","",""
"help-centre","entries.browser-translation.keywords[2]","garbled","forvansket","","",""
"help-centre","entries.browser-translation.keywords[3]","language","språk","","",""
"help-centre","entries.browser-translation.keywords[4]","browser","nettleser","","",""
"help-centre","entries.browser-translation.keywords[5]","auto-translate","automatisk oversettelse","","",""
"help-centre","entries.browser-translation.links[0].label","How do I change the language?","","","",""
"help-centre","entries.browser-translation.links[1].label","Why does some of the translated text sound a bit off?","","","",""
"help-centre","entries.translation-quality.question","Why does some of the translated text sound a bit off?","Hvorfor høres noe av den oversatte teksten litt rar ut?","","",""
"help-centre","entries.translation-quality.summary","Most non-English text — in the app and in this Help Centre — is AI-assisted or volunteer-drafted, not checked word for word by a native speaker. Occasional rough phrasing is expected. Native speakers who'd like to help improve it are welcome to get in touch.","Det meste av ikke-engelsk tekst — i appen og i dette hjelpesenteret — er utarbeidet med KI-hjelp eller av frivillige, ikke sjekket ord for ord av en morsmålsbruker. Av og til litt stiv formulering er forventet. Morsmålsbrukere som ønsker å hjelpe med å gjøre det bedre, er velkomne til å ta kontakt.","","",""
"help-centre","entries.translation-quality.body[0]","Most of 8nOut's non-English text — in the app itself and in this Help Centre — is drafted with AI help or by volunteers, not checked word for word by a native speaker. So once in a while a sentence might read a bit stiff, or a word might land slightly wrong. That's expected, not a bug — we'd rather ship it imperfect than not translate it at all.","Det meste av 8nOuts ikke-engelske tekst — i selve appen og i dette hjelpesenteret — er utarbeidet med KI-hjelp eller av frivillige, ikke sjekket ord for ord av en morsmålsbruker. Så en gang iblant kan en setning virke litt stiv, eller et ord kan treffe litt feil. Det er forventet, ikke en feil — vi vil heller publisere det ufullkomment enn å ikke oversette det i det hele tatt.","","",""
"help-centre","entries.translation-quality.body[1]","This is about app and Help Centre text only. The Terms of Service and the Privacy Policy are handled separately, with their own review — what they say has to be exact, so they don't get the same rough-and-ready treatment.","Dette gjelder bare tekst i appen og hjelpesenteret. Brukervilkårene og personvernerklæringen behandles separat, med sin egen gjennomgang — det de sier må stemme nøyaktig, så de får ikke samme uferdige behandling.","","",""
"help-centre","entries.translation-quality.body[2]","If a sentence reads badly enough to bother you, that's useful to know. And if you're a native speaker of one of 8nOut's languages and would like to help make it better, get in touch — we'd welcome the help.","Plager en setning deg nok til å nevne det, er det nyttig å vite. Og er du morsmålsbruker av et av 8nOuts språk og ønsker å hjelpe med å gjøre det bedre, ta kontakt — vi setter pris på hjelpen.","","",""
"help-centre","entries.translation-quality.keywords[0]","translation","oversettelse","","",""
"help-centre","entries.translation-quality.keywords[1]","translate","oversette","","",""
"help-centre","entries.translation-quality.keywords[2]","language","språk","","",""
"help-centre","entries.translation-quality.keywords[3]","native speaker","morsmålsbruker","","",""
"help-centre","entries.translation-quality.keywords[4]","volunteer","frivillig","","",""
"help-centre","entries.translation-quality.keywords[5]","quality","kvalitet","","",""
"help-centre","entries.translation-quality.keywords[6]","help translate","hjelpe med å oversette","","",""
"help-centre","entries.translation-quality.keywords[7]","ai","ki","","",""
"help-centre","entries.translation-quality.links[0].label","How do I change the language?","","","",""
"help-centre","entries.translation-quality.links[1].label","Why does the text look garbled or half-translated?","","","",""
"help-centre","entries.signed-in-account.question","Which account am I signed in with?","Hvilken konto er jeg logget inn med?","","",""
"help-centre","entries.signed-in-account.summary","In the iPhone app, Settings shows Signed in with. In the web app it is on the Profile tab. Worth checking if your details look empty.","I iPhone-appen viser Innstillinger Logget inn med. I nettappen står det på fanen Profil. Verdt å sjekke hvis opplysningene dine ser tomme ut.","","",""
"help-centre","entries.signed-in-account.body[0]","You sign in to 8nOut with Apple or with Google. These are two different accounts, even when both are attached to the same email address.","Du logger inn på 8nOut med Apple eller med Google. Dette er to forskjellige kontoer, selv om begge er knyttet til samme e-postadresse.","","",""
"help-centre","entries.signed-in-account.body[1]","In the iPhone app, open the Settings tab and look under Account. Signed in with tells you which one you are using. In the web app it is on the Profile tab.","Åpne fanen Innstillinger i iPhone-appen og se under Konto. Logget inn med viser hvilken du bruker. I nettappen står det på fanen Profil.","","",""
"help-centre","entries.signed-in-account.body[2]","This is worth knowing because of one confusing thing. If you signed in with Google one day and with Apple the next, you are looking at a second, empty account — and right after answering the setup questions that looks as though your name, your town and your club have vanished.","Dette er verdt å vite på grunn av én forvirrende ting. Logger du inn med Google en dag og med Apple neste, ser du på en andre, tom konto — og rett etter å ha svart på oppsettsspørsmålene ser det ut som om navnet, byen og klubben din har forsvunnet.","","",""
"help-centre","entries.signed-in-account.body[3]","Nothing is lost. Sign out, sign back in with the one you used the first time, and everything is where you left it.","Ingenting er tapt. Logg ut, logg inn igjen med den du brukte første gang, og alt er der du forlot det.","","",""
"help-centre","entries.signed-in-account.body[4]","If you are not sure which one you started with, check Signed in with on the device where your details still look right.","Er du usikker på hvilken du startet med, sjekk Logget inn med på enheten der opplysningene dine fortsatt ser riktige ut.","","",""
"help-centre","entries.signed-in-account.keywords[0]","sign in","logge inn","","",""
"help-centre","entries.signed-in-account.keywords[1]","account","konto","","",""
"help-centre","entries.signed-in-account.keywords[2]","apple","apple","","",""
"help-centre","entries.signed-in-account.keywords[3]","google","google","","",""
"help-centre","entries.signed-in-account.keywords[4]","empty","tom","","",""
"help-centre","entries.signed-in-account.keywords[5]","missing","forsvunnet","","",""
"help-centre","entries.signed-in-account.keywords[6]","provider","leverandør","","",""
"help-centre","entries.signed-in-account.keywords[7]","two accounts","to kontoer","","",""
"help-centre","entries.where-the-policies-live.question","Where are the Terms and the Privacy Policy?","Hvor finner jeg brukervilkårene og personvernerklæringen?","","",""
"help-centre","entries.where-the-policies-live.summary","Both are on 8nout.com, and both are linked at the bottom of this answer. In the iPhone app they are in Settings.","Begge finnes på 8nout.com, og begge er lenket nederst i dette svaret. I iPhone-appen ligger de under Innstillinger.","","",""
"help-centre","entries.where-the-policies-live.body[0]","The Terms of Service and the Privacy Policy are the documents that actually bind us, so we link them rather than summarise them here. A summary can drift from the document it summarises, and then there are two versions of the same promise.","Brukervilkårene og personvernerklæringen er dokumentene som faktisk binder oss, så vi lenker til dem i stedet for å oppsummere dem her. En oppsummering kan sklir bort fra dokumentet den oppsummerer, og da finnes det to versjoner av det samme løftet.","","",""
"help-centre","entries.where-the-policies-live.body[1]","In the iPhone app, open the Settings tab and look under Legal. Both are there, each with its version number.","Åpne fanen Innstillinger i iPhone-appen og se under Juridisk. Begge finnes der, hver med sitt versjonsnummer.","","",""
"help-centre","entries.where-the-policies-live.body[2]","On the web, both are on 8nout.com, and the links under this answer go straight to them.","På nettet finnes begge på 8nout.com, og lenkene under dette svaret går rett dit.","","",""
"help-centre","entries.where-the-policies-live.body[3]","If you have a question about your own data, the Privacy Policy names the address to write to. It is a different address from general help, so a request about your data does not get lost behind a question about the map.","Har du et spørsmål om dine egne opplysninger, oppgir personvernerklæringen adressen du kan skrive til. Det er en annen adresse enn generell hjelp, slik at en forespørsel om opplysningene dine ikke havner bak et spørsmål om kartet.","","",""
"help-centre","entries.where-the-policies-live.keywords[0]","terms","vilkår","","",""
"help-centre","entries.where-the-policies-live.keywords[1]","privacy","personvern","","",""
"help-centre","entries.where-the-policies-live.keywords[2]","policy","erklæring","","",""
"help-centre","entries.where-the-policies-live.keywords[3]","legal","juridisk","","",""
"help-centre","entries.where-the-policies-live.keywords[4]","data","opplysninger","","",""
"help-centre","entries.where-the-policies-live.keywords[5]","gdpr","gdpr","","",""
"help-centre","entries.where-the-policies-live.keywords[6]","rights","rettigheter","","",""
"help-centre","entries.where-the-policies-live.links[0].label","Privacy Policy","","","",""
"help-centre","entries.where-the-policies-live.links[1].label","Terms of Service","","","",""
"help-centre","entries.appearing-as-former-member.question","I left a City Ladder — can I still change how my name appears on past boards?","Jeg forlot en City Ladder — kan jeg fortsatt endre hvordan navnet mitt vises på tidligere tavler?","","",""
"help-centre","entries.appearing-as-former-member.summary","Yes, any time. From your Profile, choose to appear as Former member instead of your name on past-season City Ladder boards. Your position and rating for that season aren't touched — only the name next to them changes.","Ja, når som helst. Velg fra Profilen din å vises som Tidligere medlem i stedet for navnet ditt på City Ladder-tavler fra tidligere sesonger. Plasseringen og ratingen din for den sesongen berøres ikke — bare navnet ved siden av endres.","","",""
"help-centre","entries.appearing-as-former-member.body[0]","A City Ladder season is saved once it closes, and if you were ranked in it your name stays on that saved board. Leaving the ladder doesn't take your name off a season that has already been recorded.","En City Ladder-sesong lagres når den avsluttes, og var du rangert i den, blir navnet ditt stående på den lagrede tavlen. Å forlate stigen fjerner ikke navnet ditt fra en sesong som allerede er registrert.","","",""
"help-centre","entries.appearing-as-former-member.body[1]","You can change that from your Profile. If you have a season saved under your name, you'll see a line telling you so, with a button: How my name appears in past seasons. It's there whether or not you're still on the ladder.","Det kan du endre fra Profilen din. Har du en sesong lagret under navnet ditt, ser du en linje som forteller deg det, med en knapp: Hvordan navnet mitt vises i tidligere sesonger. Den finnes der uansett om du fortsatt er på stigen eller ikke.","","",""
"help-centre","entries.appearing-as-former-member.body[2]","Choose it, and those saved boards show you as Former member instead of your name from then on. Your position and rating for that season aren't touched — only the name next to them changes.","Velg den, og de lagrede tavlene viser deg fra da av som Tidligere medlem i stedet for navnet ditt. Plasseringen og ratingen din for den sesongen berøres ikke — bare navnet ved siden av endres.","","",""
"help-centre","entries.appearing-as-former-member.body[3]","You can do this whenever suits you, right when you leave or long afterwards. It's a separate choice from leaving itself: a member still on the ladder who wants an older season de-identified can use the same control from the board screen, without quitting.","Du kan gjøre dette når det passer deg, rett når du slutter eller lenge etterpå. Det er et eget valg atskilt fra det å slutte: et medlem som fortsatt er på stigen og ønsker å de-identifisere en eldre sesong, kan bruke den samme kontrollen fra tavleskjermen, uten å slutte.","","",""
"help-centre","entries.appearing-as-former-member.keywords[0]","city ladder","city ladder","","",""
"help-centre","entries.appearing-as-former-member.keywords[1]","former member","tidligere medlem","","",""
"help-centre","entries.appearing-as-former-member.keywords[2]","past season","tidligere sesong","","",""
"help-centre","entries.appearing-as-former-member.keywords[3]","archive","arkiv","","",""
"help-centre","entries.appearing-as-former-member.keywords[4]","name","navn","","",""
"help-centre","entries.appearing-as-former-member.keywords[5]","leaving the ladder","forlate stigen","","",""
"help-centre","entries.appearing-as-former-member.keywords[6]","de-identify","de-identifisere","","",""
"help-centre","entries.appearing-as-former-member.links[0].label","What happens to old seasons, and can I leave the ladder?","","","",""
"help-centre","entries.joining-the-ladder.question","What is the City Ladder, and how do I join one?","","","",""
"help-centre","entries.joining-the-ladder.summary","A rating that moves with your results, shared with everyone playing in your own city. Join if you're in that city and have an approved club there.","","","",""
"help-centre","entries.joining-the-ladder.body[0]","The City Ladder is a running rating for everyone playing in your city. Play a match against another member and it moves — win and you climb, lose and you drop — and there's a shared board showing where everyone in your city currently stands.","","","",""
"help-centre","entries.joining-the-ladder.body[1]","Joining is opt-in, and you can only be on one city's ladder at a time — the city on your own profile. You'll also need an approved club there; a club still waiting on review doesn't count yet, so if joining isn't showing as an option, that's the first thing worth checking.","","","",""
"help-centre","entries.joining-the-ladder.body[2]","Not every city has a ladder running yet. Open the ladder card on your profile and 8nOut tells you which cities do — if yours isn't one of them yet, that's all it will say for now.","","","",""
"help-centre","entries.joining-the-ladder.body[3]","You join, and leave, from your own profile, whenever you like. None of it touches your match record, your clubs or your account — it's the ladder itself that changes, nothing else.","","","",""
"help-centre","entries.joining-the-ladder.keywords[0]","city ladder","","","",""
"help-centre","entries.joining-the-ladder.keywords[1]","ladder","","","",""
"help-centre","entries.joining-the-ladder.keywords[2]","join","","","",""
"help-centre","entries.joining-the-ladder.keywords[3]","rating","","","",""
"help-centre","entries.joining-the-ladder.keywords[4]","standings","","","",""
"help-centre","entries.joining-the-ladder.keywords[5]","board","","","",""
"help-centre","entries.joining-the-ladder.keywords[6]","approved club","","","",""
"help-centre","entries.joining-the-ladder.keywords[7]","opt-in","","","",""
"help-centre","entries.joining-the-ladder.keywords[8]","rank","","","",""
"help-centre","entries.joining-the-ladder.links[0].label","How does my ladder rating work?","","","",""
"help-centre","entries.joining-the-ladder.links[1].label","Who can see the ladder standings?","","","",""
"help-centre","entries.joining-the-ladder.links[2].label","My club is not on the map","","","",""
"help-centre","entries.ladder-rating.question","How does my ladder rating work?","","","",""
"help-centre","entries.ladder-rating.summary","It's a rating that moves with your results, not a running score. Win and it climbs, lose and it drops — more for a bigger upset.","","","",""
"help-centre","entries.ladder-rating.body[0]","Everyone starts at the same rating: 1500. From there, it moves with your results against other members of your own city's ladder — up when you win, down when you lose. It's a rating rather than a points total, so there's nothing to build up and nothing that resets partway through.","","","",""
"help-centre","entries.ladder-rating.body[1]","The size of the move depends on who you're playing. Beating someone rated well above you moves your rating more than beating someone close to your own level, and losing to someone rated well below you costs more than losing to someone near you.","","","",""
"help-centre","entries.ladder-rating.body[2]","It also settles down the more you play. Your rating moves quickly across your first several matches while it finds your level, then more gently once it has.","","","",""
"help-centre","entries.ladder-rating.body[3]","Any match you log with another member of your own city's ladder counts — logged by hand, from a live scoreboard, or imported from CueScore, it makes no difference which. A match against someone not on your city's ladder doesn't move your rating either way.","","","",""
"help-centre","entries.ladder-rating.keywords[0]","rating","","","",""
"help-centre","entries.ladder-rating.keywords[1]","ladder rating","","","",""
"help-centre","entries.ladder-rating.keywords[2]","elo","","","",""
"help-centre","entries.ladder-rating.keywords[3]","how it works","","","",""
"help-centre","entries.ladder-rating.keywords[4]","climb","","","",""
"help-centre","entries.ladder-rating.keywords[5]","1500","","","",""
"help-centre","entries.ladder-rating.keywords[6]","starting rating","","","",""
"help-centre","entries.ladder-rating.links[0].label","What is the City Ladder, and how do I join one?","","","",""
"help-centre","entries.ladder-rating.links[1].label","Recording a game you played in person","","","",""
"help-centre","entries.ladder-rating.links[2].label","Adding a match I played on CueScore","","","",""
"help-centre","entries.ladder-standings.question","Who can see the ladder standings, and what happens if I stop playing?","","","",""
"help-centre","entries.ladder-standings.summary","Only members of your own city's ladder — rank, name, rating and when you last played — nothing more than that, and no way to challenge or message anyone from the board itself.","","","",""
"help-centre","entries.ladder-standings.body[0]","The standings board is visible to members of your own city's ladder — nobody outside it, and no other city's board. What it shows is rank, name, rating and when you last played — nothing more than that.","","","",""
"help-centre","entries.ladder-standings.body[1]","You can't challenge or message anyone from the board itself — tapping a row does nothing, on purpose. That's also why blocking someone doesn't take them off your city's board: the board doesn't check blocks, because there's no way to reach anyone from it in the first place. Everywhere else in 8nOut — messaging, connecting, challenges — blocking works exactly as you'd expect.","","","",""
"help-centre","entries.ladder-standings.body[2]","You'll be in one of three positions. Ranked and on the board, if you've played recently. Joined but not yet ranked, if you haven't logged your first match yet — play one with another member here and you'll appear. Or off the board for now, if it's been a while: 60 days without a logged match is what moves you off it.","","","",""
"help-centre","entries.ladder-standings.body[3]","Going quiet doesn't cost you anything. Your rating stays exactly where it was for as long as you're off the board, and one logged match puts you straight back at that same rating. Either way, you can always see your own current rating on your own profile, even while you're hidden from everyone else's view of the board.","","","",""
"help-centre","entries.ladder-standings.keywords[0]","standings","","","",""
"help-centre","entries.ladder-standings.keywords[1]","board","","","",""
"help-centre","entries.ladder-standings.keywords[2]","who can see","","","",""
"help-centre","entries.ladder-standings.keywords[3]","ranked","","","",""
"help-centre","entries.ladder-standings.keywords[4]","not ranked yet","","","",""
"help-centre","entries.ladder-standings.keywords[5]","off the board","","","",""
"help-centre","entries.ladder-standings.keywords[6]","60 days","","","",""
"help-centre","entries.ladder-standings.keywords[7]","avatar","","","",""
"help-centre","entries.ladder-standings.keywords[8]","block","","","",""
"help-centre","entries.ladder-standings.keywords[9]","challenge from board","","","",""
"help-centre","entries.ladder-standings.links[0].label","What is the City Ladder, and how do I join one?","","","",""
"help-centre","entries.ladder-standings.links[1].label","Why do I have to connect first?","","","",""
"help-centre","entries.ladder-seasons.question","What happens to old seasons, and can I leave the ladder?","","","",""
"help-centre","entries.ladder-seasons.summary","Season boards are saved permanently, with your name on them — even after you leave. There's a Former member option if you'd rather your name wasn't there.","","","",""
"help-centre","entries.ladder-seasons.body[0]","A season is a stretch of time on the ladder. When one ends, that moment's standings are saved as a permanent record — a picture of exactly how the board stood. Your rating itself doesn't reset: it keeps moving straight into the next season, uninterrupted.","","","",""
"help-centre","entries.ladder-seasons.body[1]","Season archives are kept for good. There's no cut-off where old boards disappear, and that stays true even after you leave the ladder yourself. If someone is removed from a season's record, their spot is left empty rather than closed up, so nobody else's placing quietly shifts.","","","",""
"help-centre","entries.ladder-seasons.body[2]","If you'd rather your name wasn't attached to those old boards going forward, you can switch on Show me as ""Former member"" — either on the leave screen when you leave, or any time before that from the board screen. It replaces your name on every past season's standings without touching the ranks or ratings themselves, and it's off by default. The switch only works while you're still on the ladder, though — once you've left, it's no longer there to tap. Already left? Email privacy@8nout.com and we'll switch it on for you, free, without you needing to rejoin the ladder or delete your account.","","","",""
"help-centre","entries.ladder-seasons.body[3]","Leaving the ladder itself is simple, and separate from all of that. Come off it from your profile and your rating stops moving — it isn't kept, so if you join again later you start over at 1500, the same as any new member. None of this touches your match record, your clubs or your account.","","","",""
"help-centre","entries.ladder-seasons.keywords[0]","season","","","",""
"help-centre","entries.ladder-seasons.keywords[1]","archive","","","",""
"help-centre","entries.ladder-seasons.keywords[2]","leave","","","",""
"help-centre","entries.ladder-seasons.keywords[3]","leaving ladder","","","",""
"help-centre","entries.ladder-seasons.keywords[4]","former member","","","",""
"help-centre","entries.ladder-seasons.keywords[5]","rating reset","","","",""
"help-centre","entries.ladder-seasons.keywords[6]","1500","","","",""
"help-centre","entries.ladder-seasons.keywords[7]","history","","","",""
"help-centre","entries.ladder-seasons.keywords[8]","permanent","","","",""
"help-centre","entries.ladder-seasons.links[0].label","What is the City Ladder, and how do I join one?","","","",""
"help-centre","entries.ladder-seasons.links[1].label","How does my ladder rating work?","","","",""
"help-centre","entries.ladder-seasons.links[2].label","I left a City Ladder — can I still change how my name appears on past boards?","","","",""
"help-centre","entries.exporting-the-board.question","Can I print or share the ladder board?","","","",""
"help-centre","entries.exporting-the-board.summary","You can export a dated snapshot to print or put up at your club. It's not a live link — it's a picture of the board at that moment, and it won't update.","","","",""
"help-centre","entries.exporting-the-board.body[0]","Any member of the ladder can export the standings board — including to print and put up on a noticeboard at a club. It's worth knowing that before you join: your name and position could end up on a printed sheet somewhere, the same as they're already on the board itself.","","","",""
"help-centre","entries.exporting-the-board.body[1]","What you get is called Export the board, not Share, because there isn't a link. It's a dated snapshot: rank, name and rating, exactly as the board stood when you exported it. Last-played dates are left off, and so is anything you hadn't loaded on screen yet — if you want the whole board on the sheet, tap Show more until you reach the bottom, then export. Once it's exported it doesn't update — a stamp on it says as of when, and points back to the app for the current standings.","","","",""
"help-centre","entries.exporting-the-board.body[2]","There's no shareable link on it. On the iPhone app it opens the normal share sheet as an image; on the web app it uses your browser's own print dialog. Either way, whoever you hand it to sees that one moment, nothing more.","","","",""
"help-centre","entries.exporting-the-board.keywords[0]","export","","","",""
"help-centre","entries.exporting-the-board.keywords[1]","print","","","",""
"help-centre","entries.exporting-the-board.keywords[2]","share board","","","",""
"help-centre","entries.exporting-the-board.keywords[3]","printable","","","",""
"help-centre","entries.exporting-the-board.keywords[4]","noticeboard","","","",""
"help-centre","entries.exporting-the-board.keywords[5]","snapshot","","","",""
"help-centre","entries.exporting-the-board.keywords[6]","qr code","","","",""
"help-centre","entries.exporting-the-board.keywords[7]","link","","","",""
"help-centre","entries.exporting-the-board.links[0].label","What is the City Ladder, and how do I join one?","","","",""
"help-centre","entries.exporting-the-board.links[1].label","Who can see the ladder standings?","","","",""
"help-centre","entries.live-scoreboard.question","What is the live scoreboard?","","","",""
"help-centre","entries.live-scoreboard.summary","A real-time, rack-by-rack score tracker for a match between two connected players. Start one from an accepted challenge, a connection's profile, or their pin on the map — tap who breaks first and you're straight into it.","","","",""
"help-centre","entries.live-scoreboard.body[0]","The live scoreboard tracks a One Pocket match rack by rack, in real time, between two connected players. One of you keeps score as you play; you both watch the same board update on your own phone.","","","",""
"help-centre","entries.live-scoreboard.body[1]","You can start one from an accepted challenge in the Challenges tab, from a connection's own profile, or from their pin on the map — the same button in all three places. Either way you need to already be connected, the same rule as everywhere else in 8nOut.","","","",""
"help-centre","entries.live-scoreboard.body[2]","Setting one up takes a few quick taps: how many racks you're racing to, how the break works, and where you're playing if you want to note it. The last step is who breaks first — tap your name, tap theirs, or ask 8nOut to flip for you. There's no separate Start button: picking who breaks first is what starts the match, straight away.","","","",""
"help-centre","entries.live-scoreboard.body[3]","While you're playing, Point adds a rack to whoever's turn it currently shows, and Opp. pt adds one to the other player. Foul takes a point away from whoever's turn it is, and it can carry on below zero if they're already on none. If the turn is ever showing the wrong player, Switch corrects it — Point and Opp. pt immediately follow whichever name is highlighted after that. Undo takes back your last tap.","","","",""
"help-centre","entries.live-scoreboard.body[4]","Timeout pauses the match without ending it — for a real break in play, not something you need to remember to use. Tap it and the board shows paused for both of you; tap Resume when you're ready to carry on.","","","",""
"help-centre","entries.live-scoreboard.body[5]","Nothing lives only on your phone. Every point is saved the moment it's tapped in, so backgrounding the app, or being interrupted mid-game, loses nothing — open 8nOut again and the board is exactly where you left it. If you close the scoreboard screen itself rather than just switching apps, the match keeps running: go back to the same challenge, connection or map pin and you'll see Rejoin the live scoreboard instead of Start.","","","",""
"help-centre","entries.live-scoreboard.body[6]","Whoever's keeping score finishes the match and confirms the winner. It then sits in both your records, with the rack-by-rack detail behind it — visible only to the two of you, never anyone else. Nothing is added to either record unless the match is actually finished; a scoreboard that's started but never played, or drifts stale, doesn't hang around forever — see the Privacy Policy for exactly how long.","","","",""
"help-centre","entries.live-scoreboard.keywords[0]","live scoreboard","","","",""
"help-centre","entries.live-scoreboard.keywords[1]","scoreboard","","","",""
"help-centre","entries.live-scoreboard.keywords[2]","score","","","",""
"help-centre","entries.live-scoreboard.keywords[3]","live","","","",""
"help-centre","entries.live-scoreboard.keywords[4]","timeout","","","",""
"help-centre","entries.live-scoreboard.keywords[5]","rack","","","",""
"help-centre","entries.live-scoreboard.keywords[6]","race to","","","",""
"help-centre","entries.live-scoreboard.keywords[7]","who breaks first","","","",""
"help-centre","entries.live-scoreboard.keywords[8]","point","","","",""
"help-centre","entries.live-scoreboard.keywords[9]","opp pt","","","",""
"help-centre","entries.live-scoreboard.keywords[10]","foul","","","",""
"help-centre","entries.live-scoreboard.keywords[11]","switch turn","","","",""
"help-centre","entries.live-scoreboard.keywords[12]","undo","","","",""
"help-centre","entries.live-scoreboard.keywords[13]","challenge","","","",""
"help-centre","entries.live-scoreboard.keywords[14]","connection profile","","","",""
"help-centre","entries.live-scoreboard.keywords[15]","map pin","","","",""
"help-centre","entries.live-scoreboard.links[0].label","Why do I have to connect first?","","","",""
"help-centre","entries.live-scoreboard.links[1].label","Recording a game you played in person","","","",""
"help-centre","entries.live-scoreboard.links[2].label","Privacy Policy","","","",""
