"surface","key","english_source","current_translation","suggested_translation","placeholders","notes"
"web-app","common.loading","Loading…","Laden…","","",""
"web-app","common.back","Back","","","",""
"web-app","common.cancel","Cancel","Annuleren","","",""
"web-app","common.save","Save","Opslaan","","",""
"web-app","common.close","Close","Sluiten","","",""
"web-app","common.done","Done","Klaar","","",""
"web-app","common.connect","Connect","Verbinden","","",""
"web-app","common.edit","Edit","Bewerken","","",""
"web-app","common.remove","Remove","Verwijderen","","",""
"web-app","common.tryAgain","Try again","Opnieuw proberen","","",""
"web-app","common.actionFailed","Couldn't do that right now. Try again.","Dat lukte nu even niet. Probeer het opnieuw.","","",""
"web-app","common.errIncompleteSignup","Finish setting up your account first.","","","",""
"web-app","common.retry","Retry","Opnieuw proberen","","",""
"web-app","common.sending","Sending…","Verzenden…","","",""
"web-app","common.opening","Opening…","Openen…","","",""
"web-app","common.working","Working…","Bezig…","","",""
"web-app","common.signOut","Sign out","Uitloggen","","",""
"web-app","common.decline","Decline","Afwijzen","","",""
"web-app","common.accept","Accept","Accepteren","","",""
"web-app","common.navigate","Navigate →","Navigeren →","","",""
"web-app","common.player","Player","Speler","","",""
"web-app","common.club","Club","Club","","",""
"web-app","common.unknownPlayer","Unknown player","Onbekende speler","","",""
"web-app","common.homeTable","Home table","Eigen tafel","","",""
"web-app","common.new","New","","","",""
"web-app","common.you"," (You)"," (Jij)","","",""
"web-app","common.matchesNoun.one","match","partij","","",""
"web-app","common.matchesNoun.other","matches","partijen","","",""
"web-app","common.matchLabel.one","Match","Partij","","",""
"web-app","common.matchLabel.other","Matches","Partijen","","",""
"web-app","status.readyToPlay","Ready to play","Klaar om te spelen","","",""
"web-app","status.openToPlay","Open to play","Open om te spelen","","",""
"web-app","status.won","Won","Gewonnen","","",""
"web-app","status.lost","Lost","Verloren","","",""
"web-app","legal.terms","Terms of Service","Servicevoorwaarden","","",""
"web-app","legal.privacy","Privacy Policy","Privacybeleid","","",""
"web-app","legal.heading","Legal","Juridisch","","",""
"web-app","legal.agreedTag","agreed","akkoord","","",""
"web-app","consent.agree","I have read and agree to the","Ik ga akkoord met de","","",""
"web-app","consent.and","and","en","","",""
"web-app","consent.age","I confirm I am at least {age} years old.","Ik bevestig dat ik minstens {age} jaar oud ben.","","{age}",""
"web-app","tabs.map","Map","Kaart","","",""
"web-app","tabs.connections","Connections","Connecties","","",""
"web-app","tabs.challenges","Challenges","Uitdagingen","","",""
"web-app","tabs.profile","Profile","Profiel","","",""
"web-app","home.tagline","Find and challenge One Pocket players near you.","Vind One Pocket-spelers bij jou in de buurt en daag ze uit.","","",""
"web-app","home.pitch","The map shows One Pocket clubs across Europe. Players connect, get invited, and arrange games in the app — see you at the table.","De kaart toont One Pocket-clubs door heel Europa. Spelers maken connectie, nodigen elkaar uit en spreken af in de app — tot bij de tafel.","","",""
"web-app","home.getAppSub","Connect with players near you, set up a game, and track your record.","","","",""
"web-app","home.privacy","Privacy","Privacy","","",""
"web-app","home.legalContact","Legal contact","","","",""
"web-app","home.blog","Blog","Blog","","",""
"web-app","legal.contactPoints","Legal contact points","","","",""
"web-app","home.mapData","Map data ©","Kaartgegevens ©","","",""
"web-app","home.osm","OpenStreetMap","OpenStreetMap","","",""
"web-app","home.contributors","contributors","bijdragers","","",""
"web-app","home.followFacebook","8nOut on Facebook","8nOut op Facebook","","",""
"web-app","home.followYouTube","8nOut on YouTube","8nOut op YouTube","","",""
"web-app","venueMap.loading","Loading clubs…","Clubs laden…","","",""
"web-app","venueMap.error","Couldn't load the club map right now — try again in a bit.","Kan de clubkaart nu niet laden — probeer het zo opnieuw.","","",""
"web-app","venueMap.poolClub","Pool club","Poolclub","","",""
"web-app","venueMap.resetView","Reset map view","Kaartweergave resetten","","",""
"web-app","signin.heading","Find and challenge One Pocket players near you.","Vind One Pocket-spelers bij jou in de buurt en daag ze uit.","","",""
"web-app","signin.google","Continue with Google","Doorgaan met Google","","",""
"web-app","signin.apple","Continue with Apple","Doorgaan met Apple","","",""
"web-app","signin.email","Continue with email","","","",""
"web-app","signin.emailHeading","Sign in with email","","","",""
"web-app","legalGate.title","One more thing","Nog één ding","","",""
"web-app","legalGate.body","We've updated our Terms of Service and Privacy Policy. Please review and agree to continue using 8nOut.","We hebben onze Servicevoorwaarden en ons Privacybeleid bijgewerkt. Bekijk ze en ga akkoord om 8nOut te blijven gebruiken.","","",""
"web-app","legalGate.saving","Saving…","Opslaan…","","",""
"web-app","legalGate.agree","Agree and continue","Akkoord en doorgaan","","",""
"web-app","legalGate.errSave","Couldn't save your agreement. Please try again.","Kan je akkoord niet opslaan. Probeer het opnieuw.","","",""
"web-app","legalGate.errVerify","Couldn't verify your agreement. Please try again.","Kan je akkoord niet verifiëren. Probeer het opnieuw.","","",""
"web-app","legalGate.errGeneric","Something went wrong recording your agreement. Please try again.","Er ging iets mis bij het vastleggen van je akkoord. Probeer het opnieuw.","","",""
"web-app","emailSignIn.nameLabel","Name","","","",""
"web-app","emailSignIn.namePlaceholder","Your name","","","",""
"web-app","emailSignIn.emailLabel","Email","","","",""
"web-app","emailSignIn.emailPlaceholder","you@example.com","","","",""
"web-app","emailSignIn.note","We'll email you a one-time code — no password to set or remember.","","","",""
"web-app","emailSignIn.cta","Send code","","","",""
"web-app","emailSignIn.badFormat","That doesn't look like a valid email address.","","","",""
"web-app","emailSignIn.sendFailed","Couldn't send your code. Check your connection and try again.","","","",""
"web-app","emailSignIn.errSecurityCheck","We couldn't complete a quick security check. Nothing you did wrong — try again in a moment.","","","",""
"web-app","otp.instruction","Enter the code we sent to {email}","","","{email}",""
"web-app","otp.cta","Continue","","","",""
"web-app","otp.verifying","Verifying…","","","",""
"web-app","otp.resend","Resend code","","","",""
"web-app","otp.resendCooldown","Resend code in {seconds}s","","","{seconds}",""
"web-app","otp.err.invalid","That code doesn't match. Check the 6 digits and try again.","","","",""
"web-app","otp.err.expired","That code has expired. Request a new one below.","","","",""
"web-app","otp.err.rateLimited","You've tried too many times. Wait a few minutes, then try again.","","","",""
"web-app","otp.err.verifyFailed","Something went wrong. Try again.","","","",""
"web-app","signupFloor.title","Nothing to fill in here","","","",""
"web-app","signupFloor.body","Tap Finish later below, or sign out and back in — either way, you'll pick up right where you left off.","","","",""
"web-app","onboarding.title","Welcome — link your CueScore profile","Welkom — koppel je CueScore-profiel","","",""
"web-app","onboarding.body","Pull in your name and photo so other One Pocket players recognise you. You can always do this later in Profile.","Haal je naam en foto op zodat andere One Pocket-spelers je herkennen. Je kunt dit ook later doen in je profiel.","","",""
"web-app","onboarding.field","CueScore player ID or profile link","CueScore-speler-ID of profiellink","","",""
"web-app","onboarding.placeholder","1161837 or cuescore.com/player/…","1161837 of cuescore.com/player/…","","",""
"web-app","onboarding.skip","Skip for now","Nu overslaan","","",""
"web-app","onboarding.linking","Linking…","Koppelen…","","",""
"web-app","onboarding.link","Link CueScore","CueScore koppelen","","",""
"web-app","install.cta","Install 8nOut for one-tap access","Installeer 8nOut voor toegang met één tik","","",""
"web-app","install.add","Add to Home Screen","Zet op beginscherm","","",""
"web-app","install.dismiss","Dismiss","Niet nu","","",""
"web-app","install.iosHint","Install: tap the Share icon, then “Add to Home Screen.”","Installeren: tik op het deel-icoon en dan op 'Zet op beginscherm'.","","",""
"web-app","getApp.betaLineTop","Try the beta on","","","",""
"web-app","getApp.betaBrand","TestFlight","","","",""
"web-app","getApp.betaAria","Join the 8nOut beta on TestFlight","","","",""
"web-app","getApp.appStoreAria","Download 8nOut on the App Store","","","",""
"web-app","getApp.openWebApp","Open the web app","","","",""
"web-app","getApp.installPwa","Install 8nOut","","","",""
"web-app","getApp.qrHint","Scan to get it on your phone","","","",""
"web-app","getApp.chipTitle","Get 8nOut on iPhone","","","",""
"web-app","getApp.chipSubBeta","One-tap invites & game alerts","","","",""
"web-app","getApp.chipSubLaunch","Free on the App Store","","","",""
"web-app","getApp.chipCta","Get","","","",""
"web-app","getApp.chipDismiss","Dismiss","","","",""
"web-app","getApp.betaOptIn","Join the TestFlight beta","","","",""
"web-app","map.allCountries","All countries","Alle landen","","",""
"web-app","map.allCities","All cities","Alle steden","","",""
"web-app","map.viewClub","{name} — view club","{name} — club bekijken","","{name}",""
"web-app","map.letsConnect","Let's connect","Laten we verbinden","","",""
"web-app","map.playersHere","Players here","Spelers hier","","",""
"web-app","map.rosterEmpty","Players who add this club appear here.","Spelers die deze club toevoegen, verschijnen hier.","","",""
"web-app","map.rosterFailed","Couldn't load who's here.","","","",""
"web-app","map.reportVenue","Report venue","","","",""
"web-app","map.venueReported","Thanks — we'll review this venue.","","","",""
"web-app","connections.title","Connections","Connecties","","",""
"web-app","connections.searchPlaceholder","Find players by name","Zoek spelers op naam","","",""
"web-app","connections.connected","Connected","Verbonden","","",""
"web-app","connections.requested","Requested","Aangevraagd","","",""
"web-app","connections.respond","Respond","Reageren","","",""
"web-app","connections.requests","Requests","Verzoeken","","",""
"web-app","connections.connectedHeading","Connected","Verbonden","","",""
"web-app","connections.empty","No connections yet. Find players on the map.","Nog geen connecties. Vind spelers op de kaart.","","",""
"web-app","connections.invite","Invite to play","Uitnodigen voor een partij","","",""
"web-app","connections.inviteTitle","Invite {name} to play","{name} uitnodigen voor een partij","","{name}",""
"web-app","connections.sendInvite","Send invite","Uitnodiging versturen","","",""
"web-app","connections.inviteSent","Invite sent.","Uitnodiging verstuurd.","","",""
"web-app","connections.requestSent","Request sent.","Verzoek verstuurd.","","",""
"web-app","connections.requestFailed","Couldn't send the request. Try again.","","","",""
"web-app","connections.recordLabel","Record:","Statistiek:","","",""
"web-app","connections.h2h","Head-to-head with you","Onderling tegen jou","","",""
"web-app","connections.h2hSub","{count} {noun} · last played {date}","{count} {noun} · laatst gespeeld {date}","","{count}; {date}; {noun}",""
"web-app","connections.fargoLabel","Fargo Rating:","Fargo Rating:","","",""
"web-app","connections.verify","Verify","Verifiëren","","",""
"web-app","search.title","Find players","Spelers vinden","","",""
"web-app","search.morePlayers","More players","Meer spelers","","",""
"web-app","search.noMatch","No players match ""{q}""","Geen spelers gevonden voor ""{q}""","","{q}",""
"web-app","search.noMatchSub","Check the spelling, or invite them with your connect code.","Controleer de spelling, of nodig ze uit met je connectiecode.","","",""
"web-app","search.loadError","Couldn't load players","Kan spelers niet laden","","",""
"web-app","search.loadErrorSub","Check your connection and try again.","Controleer je internetverbinding en probeer het opnieuw.","","",""
"web-app","search.showMyCode","Show my connect code","Mijn connectiecode tonen","","",""
"web-app","h2h.youLead","You lead {a}–{b}","Jij leidt {a}–{b}","","{a}; {b}",""
"web-app","h2h.theyLead","{name} leads {a}–{b}","{name} leidt {a}–{b}","","{a}; {b}; {name}",""
"web-app","h2h.allSquare","All square, {a}–{b}","Gelijk, {a}–{b}","","{a}; {b}",""
"web-app","cuescore.viewProfile","View CueScore profile","CueScore-profiel bekijken","","",""
"web-app","cuescore.heading","CueScore","CueScore","","",""
"web-app","cuescore.linkedCaption","Your CueScore profile is linked.","Je CueScore-profiel is gekoppeld.","","",""
"web-app","cuescore.linkCaption","Link your CueScore profile to bring across your name and photo.","Koppel je CueScore-profiel om je naam en foto over te nemen.","","",""
"web-app","cuescore.unlink","Unlink CueScore profile","CueScore-profiel ontkoppelen","","",""
"web-app","cuescore.unlinkTitle","Unlink your CueScore profile?","Je CueScore-profiel ontkoppelen?","","",""
"web-app","cuescore.unlinkConfirm","Unlink","Ontkoppelen","","",""
"web-app","cuescore.unlinkError","Couldn't unlink right now. Try again.","Ontkoppelen lukte nu even niet. Probeer het opnieuw.","","",""
"web-app","cuescore.errorInvalidInput","That doesn't look like a CueScore player ID or profile link.","Dat lijkt niet op een CueScore-speler-ID of profiellink.","","",""
"web-app","cuescore.errorNotFound","No CueScore player found with that ID or profile link.","Geen CueScore-speler gevonden met dat ID of die profiellink.","","",""
"web-app","cuescore.errorAlreadyLinked","That CueScore profile is already linked to another 8nOut account.","Dit CueScore-profiel is al gekoppeld aan een ander 8nOut-account.","","",""
"web-app","cuescore.errorFailed","Couldn't link right now. Try again.","Koppelen lukte nu even niet. Probeer het opnieuw.","","",""
"web-app","plays.at","Plays at","Speelt bij","","",""
"web-app","contact.heading","Contact","Contact","","",""
"web-app","contact.call","Call {phone}","Bel {phone}","","{phone}",""
"web-app","contact.onlyConnections","Only visible to accepted connections.","Alleen zichtbaar voor geaccepteerde connecties.","","",""
"web-app","contact.phoneLabel","Phone","Telefoon","","",""
"web-app","contact.phoneHelp","For players who'd rather call or text. Shown only to accepted connections.","Voor spelers die liever bellen of appen. Alleen zichtbaar voor geaccepteerde connecties.","","",""
"web-app","contact.ownNumber","This is my own phone number","Dit is mijn eigen telefoonnummer","","",""
"web-app","contact.visibilityHelp","Visible only to players whose connection you've accepted — never on your public profile or the website.","Alleen zichtbaar voor spelers van wie je de connectie hebt geaccepteerd — nooit op je openbare profiel of de website.","","",""
"web-app","contact.errSave","Couldn't save contact.","Kan contactgegevens niet opslaan.","","",""
"web-app","schedule.today","Today","Vandaag","","",""
"web-app","schedule.now","Now","Nu","","",""
"web-app","schedule.option1","Option 1","Optie 1","","",""
"web-app","schedule.option2","Option 2","Optie 2","","",""
"web-app","schedule.addSecond","+ Add a second option","+ Tweede optie toevoegen","","",""
"web-app","schedule.place","Place","Plek","","",""
"web-app","schedule.decideLater","Decide later","Later beslissen","","",""
"web-app","schedule.errPickTime","Pick at least one time.","Kies minstens één tijd.","","",""
"web-app","challenges.title","Challenges","Uitdagingen","","",""
"web-app","challenges.needsResponse","Needs your response","Wacht op je reactie","","",""
"web-app","challenges.pickTimeSuffix","— pick a time","— kies een tijd","","",""
"web-app","challenges.acceptAt","Accept: {time}","Accepteren: {time}","","{time}",""
"web-app","challenges.suggestAnother","Suggest another time","Andere tijd voorstellen","","",""
"web-app","challenges.waitingReply","Waiting for a reply","Wachten op antwoord","","",""
"web-app","challenges.waitingFor","Waiting for {name} to reply","Wachten tot {name} reageert","","{name}",""
"web-app","challenges.answered","Answered","Beantwoord","","",""
"web-app","challenges.resultPrompt","Did this game happen?","Is deze partij doorgegaan?","","",""
"web-app","challenges.didntHappen","Didn't happen","Niet doorgegaan","","",""
"web-app","challenges.dismissBody","This deletes the game for both of you. Nothing is logged.","Dit verwijdert de partij voor jullie allebei. Er wordt niets vastgelegd.","","",""
"web-app","challenges.dismissConfirm","Delete game","Partij verwijderen","","",""
"web-app","challenges.withdraw","Withdraw invite","Uitnodiging intrekken","","",""
"web-app","challenges.status.accepted","Accepted","Geaccepteerd","","",""
"web-app","challenges.status.declined","Declined","Afgewezen","","",""
"web-app","challenges.status.expired","Expired","Verlopen","","",""
"web-app","challenges.empty","No active challenges yet. Invite a connection to play.","Nog geen actieve uitdagingen. Nodig een connectie uit voor een partij.","","",""
"web-app","challenges.lastPlayed","Last played","Laatst gespeeld","","",""
"web-app","challenges.addCalendar","Add to calendar","Aan agenda toevoegen","","",""
"web-app","challenges.googleCalendar","Google Calendar","Google Agenda","","",""
"web-app","challenges.counterTitle","Suggest another time to {name}","Stel {name} een andere tijd voor","","{name}",""
"web-app","challenges.send","Send","Versturen","","",""
"web-app","challenges.hide","Hide invite","Uitnodiging verbergen","","",""
"web-app","challenges.unhide","Unhide","Weer tonen","","",""
"web-app","challenges.hiddenCount","Hidden ({count})","Verborgen ({count})","","{count}",""
"web-app","challenges.hiddenNote","A hidden invite disappears on its own after a few days.","Een verborgen uitnodiging verdwijnt vanzelf na een paar dagen.","","",""
"web-app","record.heading","Record","Statistiek","","",""
"web-app","record.recordLabel","Record","Statistiek","","",""
"web-app","record.showLess","Show less","Minder tonen","","",""
"web-app","record.seeAll","See all →","Alles bekijken →","","",""
"web-app","record.form","Form","Vorm","","",""
"web-app","record.last5","Last 5","Laatste 5","","",""
"web-app","record.winRate","Win rate","Winstpercentage","","",""
"web-app","record.winRateAria","Win rate {pct} percent","Winstpercentage {pct} procent","","{pct}",""
"web-app","record.formAria","Last {count}, oldest to newest: {list}","Laatste {count}, oud naar nieuw: {list}","","{count}; {list}",""
"web-app","record.matchCountFull.one","1 match","1 partij","","",""
"web-app","record.matchCountFull.other","{count} matches","{count} partijen","","{count}",""
"web-app","record.wonLast","Won your last {count}","Je laatste {count} gewonnen","","{count}",""
"web-app","record.lastPlayed","Last played {date}","Laatst gespeeld {date}","","{date}",""
"web-app","record.lastPlayedSep"," · last played {date}"," · laatst gespeeld {date}","","{date}",""
"web-app","record.viaCueScore","via CueScore","via CueScore","","",""
"web-app","record.youWon","You won","Jij won","","",""
"web-app","record.youLost","You lost","Jij verloor","","",""
"web-app","record.oppWon","{name} won","{name} won","","{name}",""
"web-app","record.logResult","Log result","Resultaat vastleggen","","",""
"web-app","record.whoWon","Who won?","Wie won?","","",""
"web-app","record.yourScore","Your score (optional)","Jouw score (optioneel)","","",""
"web-app","record.oppScore","{name}'s score","Score van {name}","","{name}",""
"web-app","record.importTitle","Import a CueScore match","CueScore-partij importeren","","",""
"web-app","record.matchImported","Match imported","Partij geïmporteerd","","",""
"web-app","record.matchLinkLabel","CueScore match link","CueScore-partijlink","","",""
"web-app","record.matchLinkPlaceholder","…/match/?matchId=…","…/match/?matchId=…","","",""
"web-app","record.lookingUp","Looking up…","Opzoeken…","","",""
"web-app","record.lookUp","Look up match","Partij opzoeken","","",""
"web-app","record.notYourMatch","This match isn't linked to your CueScore profile — you can only import your own matches.","Deze partij is niet gekoppeld aan je CueScore-profiel — je kunt alleen je eigen partijen importeren.","","",""
"web-app","record.vsPrefix","vs","tegen","","",""
"web-app","record.tableLabel","Table","Tafel","","",""
"web-app","record.notFinished","This match isn't finished yet — finish it on CueScore first.","Deze partij is nog niet afgelopen — rond hem eerst af op CueScore.","","",""
"web-app","record.importing","Importing…","Importeren…","","",""
"web-app","record.importThis","Import this match","Deze partij importeren","","",""
"web-app","record.errNotFound","Couldn't find that match.","Kan die partij niet vinden.","","",""
"web-app","record.errImport","Couldn't import that match.","Kan die partij niet importeren.","","",""
"web-app","record.startsHere","Your record starts here","Je statistiek begint hier","","",""
"web-app","record.emptyLinked","Import a finished CueScore match — every game counts, win or lose.","Importeer een afgeronde CueScore-partij — elke partij telt, of je nu wint of verliest.","","",""
"web-app","record.emptyUnlinked","Link your CueScore profile to import your match results — every game counts, win or lose.","Koppel je CueScore-profiel om je resultaten te importeren — elke partij telt, of je nu wint of verliest.","","",""
"web-app","record.importCta","Import a CueScore match","CueScore-partij importeren","","",""
"web-app","record.linkCta","Link CueScore to import results","CueScore koppelen om resultaten te importeren","","",""
"web-app","record.howItWorks","How importing works","Hoe importeren werkt","","",""
"web-app","record.howTitle","How importing works","Hoe importeren werkt","","",""
"web-app","record.howStep1","Finish your match on CueScore.","Rond je partij af op CueScore.","","",""
"web-app","record.howStep2","Open the match and copy its link.","Open de partij en kopieer de link.","","",""
"web-app","record.howStep3","Paste it here — 8nOut reads the final score and adds it to your record, win or lose.","Plak hem hier — 8nOut leest de eindstand en voegt hem toe aan je statistiek, of je nu wint of verliest.","","",""
"web-app","record.howFootnote","The opponent doesn't need to be on 8nOut. If they are, the match shows on their record too.","Je tegenstander hoeft niet op 8nOut te zitten. Zit hij er wel op, dan verschijnt de partij ook in zijn statistiek.","","",""
"web-app","discipline.onePocket","One Pocket","One Pocket","","",""
"web-app","scoreboard.entry.challenge","Start scoreboard","","","",""
"web-app","scoreboard.entry.logAlt","Already played? Log result","","","",""
"web-app","scoreboard.entry.connection","Start a live scoreboard","","","",""
"web-app","scoreboard.entry.connectionNote","Play right now, no scheduled challenge needed.","","","",""
"web-app","scoreboard.entry.rejoinChallenge","Rejoin scoreboard","","","",""
"web-app","scoreboard.entry.rejoinConnection","Rejoin the live scoreboard","","","",""
"web-app","scoreboard.entry.rejoinNote","{name} already started one.","","","{name}",""
"web-app","scoreboard.create.title","New scoreboard","","","",""
"web-app","scoreboard.create.raceTo","Race to {n}","","","{n}",""
"web-app","scoreboard.create.raceTo.hint","1–200","","","",""
"web-app","scoreboard.create.break","Break","","","",""
"web-app","scoreboard.create.alternate","Alternate","","","",""
"web-app","scoreboard.create.winnerBreaks","Winner breaks","","","",""
"web-app","scoreboard.create.firstBreaker","Who breaks first","","","",""
"web-app","scoreboard.create.whoBreaks.hint","Tap a name to start the match.","","","",""
"web-app","scoreboard.create.you","You","","","",""
"web-app","scoreboard.create.venue","Venue","","","",""
"web-app","scoreboard.create.venue.none","No venue","","","",""
"web-app","scoreboard.create.venue.emptyHint","No clubs saved yet — add one from your Profile","","","",""
"web-app","scoreboard.create.table","Table number (optional)","","","",""
"web-app","scoreboard.create.start","Start","","","",""
"web-app","scoreboard.flip","Flip for me","","","",""
"web-app","scoreboard.create.flip","Flip for me — starts the match","","","",""
"web-app","scoreboard.create.breaker.a11y.self","Start the match with you breaking first","","","",""
"web-app","scoreboard.create.breaker.a11y.opponent","Start the match with {name} breaking first","","","{name}",""
"web-app","scoreboard.create.breaker.a11y.flip","Flip a coin to decide who breaks, and start the match","","","",""
"web-app","scoreboard.status.pending","Pending","","","",""
"web-app","scoreboard.status.live","Live","","","",""
"web-app","scoreboard.rackOf","Rack {n} of race to {raceTo}","","","{n}; {raceTo}",""
"web-app","scoreboard.setScore.a11y.lead","You lead {mine} to {theirs} in racks. {balls} balls on the table.","","","{balls}; {mine}; {theirs}",""
"web-app","scoreboard.setScore.a11y.trail","You trail {mine} to {theirs} in racks. {balls} balls on the table.","","","{balls}; {mine}; {theirs}",""
"web-app","scoreboard.setScore.a11y.tie","You're tied {mine} to {theirs} in racks. {balls} balls on the table.","","","{balls}; {mine}; {theirs}",""
"web-app","scoreboard.rotatePrompt","Rotate for a bigger scoreboard","","","",""
"web-app","scoreboard.rotatePrompt.dismiss","Dismiss rotate suggestion","","","",""
"web-app","scoreboard.racksChip","Racks {n}","","","{n}",""
"web-app","scoreboard.onTable","on the table","","","",""
"web-app","scoreboard.toWinRack","of {target} to win rack","","","{target}",""
"web-app","scoreboard.breaking","Breaking","","","",""
"web-app","scoreboard.action.undo","Undo","","","",""
"web-app","scoreboard.action.switch","Switch","","","",""
"web-app","scoreboard.action.point","Point","","","",""
"web-app","scoreboard.action.oppPoint","Opp. pt","","","",""
"web-app","scoreboard.action.foul","Foul","","","",""
"web-app","scoreboard.timeout","Timeout","","","",""
"web-app","scoreboard.timeout.remaining","Timeout — {time} remaining","","","{time}",""
"web-app","scoreboard.timeout.over","Timeout — {time} over","","","{time}",""
"web-app","scoreboard.resume","Resume","","","",""
"web-app","scoreboard.finishMatch","Finish match","","","",""
"web-app","scoreboard.watching","{name} is keeping score — watching live","","","{name}",""
"web-app","scoreboard.finish.title","Confirm final result","","","",""
"web-app","scoreboard.finish.confirm","Make sure this is right before finishing.","","","",""
"web-app","scoreboard.finish.continuePlaying","Continue playing","","","",""
"web-app","scoreboard.recorded.self","Recorded by you","","","",""
"web-app","scoreboard.recorded.other","Recorded by {name}","","","{name}",""
"web-app","scoreboard.correct.self","Edit result","","","",""
"web-app","scoreboard.correct.other","Doesn't look right? Message {name}","","","{name}",""
"web-app","scoreboard.expired.title","This match wasn't finished","","","",""
"web-app","scoreboard.expired.body","No score was recorded before this session timed out. Nothing was saved to your record.","","","",""
"web-app","scoreboard.expired.startNew","Start a new scoreboard","","","",""
"web-app","scoreboard.expired.logManually","Log the result manually","","","",""
"web-app","scoreboard.stat.racksWon","Racks won","","","",""
"web-app","scoreboard.stat.winPct","Win %","","","",""
"web-app","scoreboard.stat.avgRack","Avg rack time","","","",""
"web-app","scoreboard.stat.breakWins","Break-and-wins","","","",""
"web-app","scoreboard.stat.racksStolen","Racks stolen","","","",""
"web-app","scoreboard.stat.timeouts","Timeouts","","","",""
"web-app","scoreboard.won","Won","","","",""
"web-app","scoreboard.lost","Lost","","","",""
"web-app","scoreboard.vsRaceTo","vs. {name} · One Pocket · race to {raceTo}","","","{name}; {raceTo}",""
"web-app","scoreboard.brokeRack","{name} broke","","","{name}",""
"web-app","scoreboard.close","Close","","","",""
"web-app","scoreboard.errorGeneric","Couldn't do that right now. Try again.","","","",""
"web-app","scoreboard.messageThreadReady","Opened your conversation — check the Chat tab to continue it.","","","",""
"web-app","scoreboard.postMatch.kicker","Match finished","","","",""
"web-app","scoreboard.postMatch.end","End","","","",""
"web-app","scoreboard.postMatch.startNewMatch","Start new match","","","",""
"web-app","scoreboard.postMatch.startNewMatch.a11y","Start a new match against {name}","","","{name}",""
"web-app","scoreboard.postMatch.spectatorNote","{name} kept score for this match","","","{name}",""
"web-app","scoreboard.postMatch.back","Back","","","",""
"web-app","profile.title","Profile","Profiel","","",""
"web-app","profile.loading","Loading profile…","Profiel laden…","","",""
"web-app","profile.changePhoto","Change photo","Foto wijzigen","","",""
"web-app","profile.openToPlay","Open to play","Open om te spelen","","",""
"web-app","profile.notOpenNow","Not open right now","Nu niet open","","",""
"web-app","profile.connectNote","Connecting is how you swap contact details.","Door te verbinden wisselen jullie contactgegevens uit.","","",""
"web-app","profile.respondNote","{name} asked to connect with you.","{name} wil met je verbinden.","","{name}",""
"web-app","profile.bio","Bio","Bio","","",""
"web-app","profile.bioEmpty","Add a short bio and your home town.","Voeg een korte bio en je woonplaats toe.","","",""
"web-app","profile.fargoRating","Fargo Rating","Fargo Rating","","",""
"web-app","profile.ratingSelfReported","{rating} · self-reported","{rating} · zelf opgegeven","","{rating}",""
"web-app","profile.notSet","Not set","Niet ingesteld","","",""
"web-app","profile.name.heading","Name","Naam","","",""
"web-app","profile.name.caption","So we can prepare a possible future ratings lookup and sort the player list by name. Other members can see it, like the rest of your profile.","Zodat we een mogelijke toekomstige ratingopzoekfunctie kunnen voorbereiden en de spelerslijst op naam kunnen sorteren. Andere leden kunnen dit zien, net als de rest van je profiel.","","",""
"web-app","profile.clubsUpTo3","Up to 3 clubs.","Maximaal 3 clubs.","","",""
"web-app","profile.miniUnavailable","This player's profile isn't available.","Het profiel van deze speler is niet beschikbaar.","","",""
"web-app","clubs.heading","Clubs","Clubs","","",""
"web-app","clubs.none","No clubs yet.","Nog geen clubs.","","",""
"web-app","clubs.add","+ Add a club","+ Club toevoegen","","",""
"web-app","clubs.addTitle","Add a club","Club toevoegen","","",""
"web-app","clubs.searchLabel","Search pool rooms","Poolzalen zoeken","","",""
"web-app","clubs.searchPlaceholder","Club name","Clubnaam","","",""
"web-app","clubs.noMatch","No matching clubs.","Geen overeenkomende clubs.","","",""
"web-app","clubs.cantFind","Can't find it? Add a new venue","","","",""
"web-app","clubs.newTitle","New venue","","","",""
"web-app","clubs.nameLabel","Name","","","",""
"web-app","clubs.addressLabel","Address","","","",""
"web-app","clubs.addressPlaceholder","Street, city, country","","","",""
"web-app","clubs.submitForReview","Submit for review","","","",""
"web-app","clubs.submitting","Checking the address…","","","",""
"web-app","clubs.submitAnyway","None of these — submit anyway","","","",""
"web-app","clubs.didYouMean","Did you mean?","","","",""
"web-app","clubs.suggest.title","Already on 8nOut?","Al op 8nOut?","","",""
"web-app","clubs.suggest.hint","Pick your club and it's added straight away — only a new venue needs review.","Kies je club en hij is meteen toegevoegd — alleen een nieuwe club wordt eerst beoordeeld.","","",""
"web-app","clubs.backToSearch","Back to search","","","",""
"web-app","clubs.submittedPending","Submitted for review — it appears on the map once approved.","Ingediend ter beoordeling — zodra hij is goedgekeurd, staat hij op de kaart.","","",""
"web-app","clubs.placedIn","Placed in {city}, {country}","","","{city}; {country}",""
"web-app","clubs.pendingReview","Pending review","In behandeling","","",""
"web-app","clubs.rejected","Not approved","Niet goedgekeurd","","",""
"web-app","clubs.rejectedReason","Not approved — {reason}","","","{reason}",""
"web-app","clubs.err.geocoderUnavailable","Couldn't reach the address lookup right now — try again shortly.","","","",""
"web-app","clubs.err.submitFailed","Couldn't submit that venue. Please try again.","","","",""
"web-app","clubs.geo.typed.title","We couldn't place this address on the map","","","",""
"web-app","clubs.geo.typed.body","Check the address above — street, city and country — then submit again.","","","",""
"web-app","clubs.geo.sourced.title","We couldn't place this address on the map","","","",""
"web-app","clubs.geo.sourced.body","We filled this in from CueScore. Edit it above and submit again — change as much as you need.","","","",""
"web-app","clubs.geo.tried","What we looked up","","","",""
"web-app","clubs.geo.down.title","The address lookup is unavailable","","","",""
"web-app","clubs.geo.down.body","Nothing you typed is wrong — the problem is at our end.","","","",""
"web-app","clubs.confirm.title","Is that close enough?","","","",""
"web-app","clubs.confirm.body","We could only find the general area — add more detail if you can, or submit it as it is.","","","",""
"web-app","clubs.confirm.yes","Submit it as it is","","","",""
"web-app","clubs.confirm.no","Add more detail","","","",""
"web-app","clubs.cuescore.lead","Fastest way: paste the club's CueScore venue link — the one that ends in a number. Or add it manually below.","","","",""
"web-app","clubs.cuescore.urlPlaceholder","https://cuescore.com/venue/…","","","",""
"web-app","clubs.cuescore.urlLabel","CueScore venue link","","","",""
"web-app","clubs.cuescore.lookup","Look up","","","",""
"web-app","clubs.cuescore.looking","Reading…","","","",""
"web-app","clubs.cuescore.sourced","Sourced from CueScore","","","",""
"web-app","clubs.cuescore.matched","This club is already on 8nOut.","","","",""
"web-app","clubs.cuescore.addToClubs","Add to my clubs","","","",""
"web-app","clubs.cuescore.lookAnother","Look up another","","","",""
"web-app","clubs.cuescore.unavailable","That club can't be added from CueScore. Add it manually below.","","","",""
"web-app","clubs.cuescore.err.rate_limited","Too many CueScore lookups just now — try again later, or add it manually.","","","",""
"web-app","clubs.cuescore.err.bad_url","That link has no venue number in it. We need the club's CueScore venue page — the link ends in a number, like cuescore.com/venue/Club+Name/60451687. Or add it manually below.","","","",""
"web-app","clubs.cuescore.err.unreachable","Couldn't reach CueScore right now — try again shortly, or add it manually.","","","",""
"web-app","clubs.cuescore.err.not_found","We couldn't find a CueScore venue with that number — double-check the link, or add the club manually below.","","","",""
"web-app","clubs.cuescore.err.forbidden","You can't add a club right now.","","","",""
"web-app","clubs.websiteLabel","Website (optional)","","","",""
"web-app","clubs.websitePlaceholder","https://mokumpool.nl","","","",""
"web-app","clubs.websiteHint","A website or Facebook page — either works.","","","",""
"web-app","clubs.websiteInvalid","That doesn't look like a valid web address — check it and try again.","","","",""
"web-app","report.reasonLabel","Reason","Reden","","",""
"web-app","report.detailPlaceholder","Anything else we should know? (optional)","Nog iets wat we moeten weten? (optioneel)","","",""
"web-app","report.send","Send","Versturen","","",""
"web-app","report.venue.privateResidence","This is a home or private address","Dit is een woning of privéadres","","",""
"web-app","report.venue.notAVenue","Not a real pool venue","Geen echte poolclub","","",""
"web-app","report.venue.closedOrWrong","Closed, or wrong details","Gesloten, of onjuiste gegevens","","",""
"web-app","report.venue.other","Something else","Iets anders","","",""
"web-app","report.reportPlayer","Report player","Speler melden","","",""
"web-app","report.blockPlayer","Block player","Speler blokkeren","","",""
"web-app","report.alsoBlock","Also block this player","Deze speler ook blokkeren","","",""
"web-app","report.blockConfirm","Block {name}? You won't see each other on the map, any connection between you is removed, and any chat between you leaves your list. They won't be told they've been blocked.","{name} blokkeren? Jullie zien elkaar niet meer op de kaart, een connectie tussen jullie wordt verwijderd en een gesprek tussen jullie verdwijnt uit je lijst. Diegene krijgt hier geen melding van.","","{name}",""
"web-app","report.playerReported","Report sent.","Melding verstuurd.","","",""
"web-app","report.playerReportedBlocked","Reported and blocked.","Gemeld en geblokkeerd.","","",""
"web-app","report.player.harassment","Harassment or abuse","Intimidatie of misbruik","","",""
"web-app","report.player.spam","Spam","Spam","","",""
"web-app","report.player.inappropriatePhoto","Inappropriate photo","Ongepaste foto","","",""
"web-app","report.player.fakeProfile","Fake profile","Nepprofiel","","",""
"web-app","report.player.other","Something else","Iets anders","","",""
"web-app","report.reportMessage","Report message","Bericht melden","","",""
"web-app","report.message.harassment","Harassment or abuse","Intimidatie of misbruik","","",""
"web-app","report.message.spam","Spam","Spam","","",""
"web-app","report.message.moneyPlaySolicitation","Asking to play for money","Voorstel om voor geld te spelen","","",""
"web-app","report.message.other","Something else","Iets anders","","",""
"web-app","report.goodFaith","I'm making this report in good faith and believe the information in it is accurate and complete.","Ik doe deze melding te goeder trouw en geloof dat de informatie erin juist en volledig is.","","",""
"web-app","reportDecision.title","About your report","Over je melding","","",""
"web-app","reportDecision.actioned","We reviewed your report and acted on it under our Terms of Service.","We hebben je melding beoordeeld en er op grond van onze Servicevoorwaarden naar gehandeld.","","",""
"web-app","reportDecision.dismissed","We reviewed your report and didn't find a breach of our rules.","We hebben je melding beoordeeld en geen overtreding van onze regels gevonden.","","",""
"web-app","moderation.noAutomation","No automated tools were used in this decision — a person reviewed it.","Bij deze beslissing zijn geen geautomatiseerde middelen gebruikt — een persoon heeft dit beoordeeld.","","",""
"web-app","moderation.redress","If you think this is wrong, contact us at privacy@8nout.com. Your right to go to court is unaffected.","Vind je dit onterecht, neem dan contact op via privacy@8nout.com. Je recht om naar de rechter te stappen blijft bestaan.","","",""
"web-app","tabs.chat","Chat","Chat","","",""
"web-app","chat.title","Chat","Chat","","",""
"web-app","chat.emptyTitle","No conversations yet.","Nog geen gesprekken.","","",""
"web-app","chat.emptySteer","Start one with a connection.","Begin er een met een connectie.","","",""
"web-app","chat.emptyCta","Go to Connections","Ga naar Connecties","","",""
"web-app","chat.previewYou","You: {text}","Jij: {text}","","{text}",""
"web-app","chat.unreadA11y","{count} unread","{count} ongelezen","","{count}",""
"web-app","chat.mutedA11y","Muted","Gedempt","","",""
"web-app","chat.hiddenCount","Hidden ({count})","Verborgen ({count})","","{count}",""
"web-app","chat.unhide","Unhide","Weer tonen","","",""
"web-app","chat.hiddenNote","A hidden conversation comes back when a new message arrives.","Een verborgen gesprek komt terug bij een nieuw bericht.","","",""
"web-app","chat.retentionFootnote","Messages are deleted automatically 60 days after they're sent.","Berichten worden 60 dagen na verzending automatisch verwijderd.","","",""
"web-app","chat.threadEmpty","Say hi and arrange a game.","Zeg hoi en plan een partij.","","",""
"web-app","chat.challengeCard","Invitation to play","Uitnodiging voor een partij","","",""
"web-app","chat.challengeExpired","Invitation expired","Uitnodiging verlopen","","",""
"web-app","chat.cardYouInvited","You invited {name}","Je hebt {name} uitgenodigd","","{name}",""
"web-app","chat.cardInvitedYou","{name} invited you","{name} heeft je uitgenodigd","","{name}",""
"web-app","chat.cardView","View in Challenges","In Uitdagingen bekijken","","",""
"web-app","chat.deletedPlayer","Deleted player","Verwijderde speler","","",""
"web-app","chat.composePlaceholder","Write a message…","Schrijf een bericht…","","",""
"web-app","chat.errNotConnected","You're no longer connected — new messages can't be sent.","Jullie zijn niet meer verbonden — nieuwe berichten kunnen niet worden verstuurd.","","",""
"web-app","chat.errTooLong","That message is too long — the limit is 2,000 characters.","Dat bericht is te lang — de limiet is 2.000 tekens.","","",""
"web-app","chat.errTooFast","You're sending messages very quickly — give it a moment and try again.","Je verstuurt berichten erg snel — wacht even en probeer het opnieuw.","","",""
"web-app","chat.errUnavailable","Messaging is unavailable right now — try again later.","Berichten versturen kan nu even niet — probeer het later opnieuw.","","",""
"web-app","chat.filterBlocked","This message can't be sent — it contains language that isn't allowed on 8nOut. Edit it and try again.","Dit bericht kan niet worden verstuurd — het bevat taal die niet is toegestaan op 8nOut. Pas het aan en probeer het opnieuw.","","",""
"web-app","chat.deleteForEveryone","Delete for everyone","Verwijderen voor iedereen","","",""
"web-app","chat.deleteConfirmTitle","Delete for everyone?","Verwijderen voor iedereen?","","",""
"web-app","chat.learnMore","Learn more","Meer informatie","","",""
"web-app","chat.deletedByYou","You deleted this message","Je hebt dit bericht verwijderd","","",""
"web-app","chat.deletedMessage","This message was deleted","Dit bericht is verwijderd","","",""
"web-app","chat.hide","Hide conversation","Gesprek verbergen","","",""
"web-app","chat.hideBody","This hides the conversation from your list — nothing is deleted, and {name} won't notice anything. It comes back if they message you again.","Dit verbergt het gesprek uit je lijst — er wordt niets verwijderd en {name} merkt er niets van. Bij een nieuw bericht van {name} komt het terug.","","{name}",""
"web-app","chat.mute","Mute notifications","Meldingen dempen","","",""
"web-app","chat.unmute","Unmute","Dempen opheffen","","",""
"web-app","chat.firstNotice.heading","How chat works","Zo werkt de chat","","",""
"web-app","chat.reaction.trigger","React","Reageren","","",""
"web-app","chat.reaction.thumbsUp","Thumbs up","Duim omhoog","","",""
"web-app","chat.reaction.thumbsDown","Thumbs down","Duim omlaag","","",""
"web-app","chat.reaction.heart","Heart","Hart","","",""
"web-app","chat.reaction.laugh","Laughing","Lachend","","",""
"web-app","chat.reaction.surprised","Surprised","Verrast","","",""
"web-app","chat.reaction.pray","Praying hands","Biddende handen","","",""
"web-app","chat.reaction.remove","Remove reaction","Reactie verwijderen","","",""
"web-app","chat.reaction.includingYou","including you","jou inbegrepen","","",""
"web-app","chat.sentMark","Sent","Verzonden","","",""
"web-app","chat.typingIndicatorA11y","{name} is typing…","{name} is aan het typen…","","{name}",""
"web-app","appearance.heading","Appearance","Weergave","","",""
"web-app","appearance.system","System","Systeem","","",""
"web-app","appearance.light","Light","Licht","","",""
"web-app","appearance.dark","Dark","Donker","","",""
"web-app","language.heading","Language","Taal","","",""
"web-app","invite.heading","Invite a player","Nodig een speler uit","","",""
"web-app","invite.body","Share your link — whoever joins is connected to you automatically.","Deel je link — wie zich aanmeldt, wordt automatisch met je verbonden.","","",""
"web-app","invite.linkCopied","Link copied!","Link gekopieerd!","","",""
"web-app","invite.share","Share invite link","Uitnodigingslink delen","","",""
"web-app","invite.shareTitle","8nOut invite","8nOut-uitnodiging","","",""
"web-app","invite.shareText","Join me on 8nOut — find and connect with One Pocket players.","Kom bij me op 8nOut — vind One Pocket-spelers en maak connectie.","","",""
"web-app","bio.about","About you","Over jou","","",""
"web-app","bio.aboutPlaceholder","One Pocket only. Always up for a session.","Alleen One Pocket. Altijd in voor een sessie.","","",""
"web-app","bio.homeTown","Home town","Woonplaats","","",""
"web-app","bio.homeTownPlaceholder","e.g. Amsterdam","bijv. Amsterdam","","",""
"web-app","bio.homeTownHint","Your town or city only — every member can see this, so skip the street address or postal code.","Alleen je woonplaats — elk lid kan dit zien, dus laat het exacte adres of de postcode weg.","","",""
"web-app","bio.country","Country","Land","","",""
"web-app","bio.countryPlaceholder","Netherlands","Nederland","","",""
"web-app","rating.label","Rating (self-reported)","Rating (zelf opgegeven)","","",""
"web-app","rating.placeholder","e.g. 550","bijv. 550","","",""
"web-app","rating.fairmatchLabel","FairMatch profile URL (optional)","FairMatch-profiel-URL (optioneel)","","",""
"web-app","rating.fairmatchPlaceholder","https://fairmatch.fargorate.com/…","https://fairmatch.fargorate.com/…","","",""
"web-app","rating.errRange","Enter a rating between 0 and 900.","Voer een rating tussen 0 en 900 in.","","",""
"web-app","rating.errHttps","Include https:// in the link.","Zet https:// in de link.","","",""
"web-app","connectCode.aria","My connect code","Mijn connectiecode","","",""
"web-app","connectCode.entrySub","Show or scan to connect in person","","","",""
"web-app","connectCode.title","Connect code","Connectiecode","","",""
"web-app","connectCode.myCode","My code","Mijn code","","",""
"web-app","connectCode.scan","Scan","Scannen","","",""
"web-app","connectCode.qrAlt","Your connect QR code","Jouw connectie-QR-code","","",""
"web-app","connectCode.caption","Have another player scan this to connect with you on 8nOut.","Laat een andere speler dit scannen om met je te verbinden op 8nOut.","","",""
"web-app","connectCode.shareLink","Share link","Link delen","","",""
"web-app","connectCode.resetTitle","Reset your code?","Je code resetten?","","",""
"web-app","connectCode.resetBody","Your current QR and link stop working right away. Anyone already connected with you stays connected.","Je huidige QR en link werken meteen niet meer. Wie al met je verbonden is, blijft verbonden.","","",""
"web-app","connectCode.resetCode","Reset code","Code resetten","","",""
"web-app","connectCode.resetMyCode","Reset my code","Mijn code resetten","","",""
"web-app","connectCode.newReady","New code ready","Nieuwe code klaar","","",""
"web-app","connectCode.errReset","Couldn't reset your code.","Kan je code niet resetten.","","",""
"web-app","connectCode.alreadyConnected","You're already connected","Jullie zijn al verbonden","","",""
"web-app","connectCode.connected","You're connected!","Jullie zijn verbonden!","","",""
"web-app","connectCode.alreadyBody","You and {name} are already connected.","Jij en {name} zijn al verbonden.","","{name}",""
"web-app","connectCode.connectedBody","You and {name} are connected. Say hi and set up a game.","Jij en {name} zijn verbonden. Zeg hallo en plan een partij.","","{name}",""
"web-app","connectCode.view","View {name}","{name} bekijken","","{name}",""
"web-app","connectCode.pasteLabel","Paste a link instead","Plak in plaats daarvan een link","","",""
"web-app","connectCode.pastePlaceholder","Paste an 8nOut invite link","Plak een 8nOut-uitnodigingslink","","",""
"web-app","connectCode.backToCamera","Back to camera","Terug naar camera","","",""
"web-app","connectCode.cameraOff","Camera access is off","Cameratoegang staat uit","","",""
"web-app","connectCode.cameraOffBody","Your browser is blocking the camera. You can paste the player's link instead, or allow the camera in your browser and try again.","Je browser blokkeert de camera. Je kunt in plaats daarvan de link van de speler plakken, of de camera in je browser toestaan en het opnieuw proberen.","","",""
"web-app","connectCode.scanHelp","Point at another player's 8nOut code","Richt op de 8nOut-code van een andere speler","","",""
"web-app","connectCode.notCode","That's not an 8nOut code — keep pointing at their code.","Dat is geen 8nOut-code — blijf op hun code richten.","","",""
"web-app","connectCode.ownCode","That's your own code. Have the other player scan it instead.","Dat is je eigen code. Laat de andere speler hem scannen.","","",""
"web-app","connectCode.codeInactive","This code isn't active anymore. Ask them to show a fresh one.","Deze code is niet meer actief. Vraag om een nieuwe.","","",""
"web-app","inviteLanding.invalidTitle","This invite link is no longer valid","Deze uitnodigingslink is niet meer geldig","","",""
"web-app","inviteLanding.invalidBody","Ask your friend for a fresh link, or open the app and find players near you.","Vraag je vriend om een nieuwe link, of open de app en vind spelers bij jou in de buurt.","","",""
"web-app","inviteLanding.open8nOut","Open 8nOut","8nOut openen","","",""
"web-app","inviteLanding.invitedYou","{name} invited you to 8nOut","{name} heeft je uitgenodigd voor 8nOut","","{name}",""
"web-app","inviteLanding.body","8nOut is the map of the European One Pocket community — find players and clubs near you, connect, and arrange a game. Join and you'll be connected with {name} straight away.","8nOut is de kaart van de Europese One Pocket-community — vind spelers en clubs bij jou in de buurt, maak connectie en plan een partij. Word lid en je bent meteen verbonden met {name}.","","{name}",""
"web-app","inviteLanding.openWebApp","Open the web app","Open de web-app","","",""
"web-app","inviteLanding.getAppPrimary","Get 8nOut","","","",""
"web-app","inviteLanding.openWebAppSecondary","Open the web app instead","","","",""
"web-app","inviteLanding.installedHint","Already have 8nOut? Open this link on your phone, or paste it into the app — you'll be connected with {name}.","","","{name}",""
"web-app","publicProfile.errorLoad","Couldn't load this profile right now — try again in a bit.","Kan dit profiel nu niet laden — probeer het zo opnieuw.","","",""
"web-app","publicProfile.notFound","Profile not found","Profiel niet gevonden","","",""
"web-app","publicProfile.notFoundBody","This link doesn't point to an 8nOut player.","Deze link verwijst niet naar een 8nOut-speler.","","",""
"web-app","publicProfile.photoAlt","{name}'s photo","Foto van {name}","","{name}",""
"web-app","publicProfile.verifyFairmatch","verify on FairMatch","verifiëren op FairMatch","","",""
"web-app","publicProfile.selfReported","(self-reported)","(zelf opgegeven)","","",""
"web-app","publicProfile.cuescore","CueScore","CueScore","","",""
"web-app","publicProfile.viewProfile","View profile","Profiel bekijken","","",""
"web-app","publicProfile.homeTablePrivate","Home table — address stays private until shared","Eigen tafel — adres blijft privé tot je het deelt","","",""
"web-app","admin.consoleLink","Moderator console","","","",""
"web-app","admin.notFound","Page not found","","","",""
"web-app","admin.notFoundBody","The page you're looking for doesn't exist.","","","",""
"web-app","admin.brand","8nOut","","","",""
"web-app","admin.pill","Admin","","","",""
"web-app","admin.role.moderator","Moderator","","","",""
"web-app","admin.nav.section","Moderation","","","",""
"web-app","admin.nav.overview","Overview","","","",""
"web-app","admin.nav.venues","Venue queue","","","",""
"web-app","admin.nav.reports","Reports","","","",""
"web-app","admin.back","Back to 8nOut","","","",""
"web-app","admin.refresh","Refresh","","","",""
"web-app","admin.loading","Loading…","","","",""
"web-app","admin.error","Couldn't load this right now — try refresh.","","","",""
"web-app","admin.overview.title","Overview","","","",""
"web-app","admin.overview.subtitle","The map at a glance","","","",""
"web-app","admin.stat.players","Players","","","",""
"web-app","admin.stat.venuesLive","Venues live","","","",""
"web-app","admin.stat.signups","Sign-ups","","","",""
"web-app","admin.stat.openReports","Open reports","","","",""
"web-app","admin.stat.per7days","/ 7 days","","","",""
"web-app","admin.stat.newThisWeek","{count} this week","","","{count}",""
"web-app","admin.stat.pendingReview.one","1 pending review","","","",""
"web-app","admin.stat.pendingReview.other","{count} pending review","","","{count}",""
"web-app","admin.stat.noPending","None pending","","","",""
"web-app","admin.stat.needsReview","needs review","","","",""
"web-app","admin.stat.allClear","All clear","","","",""
"web-app","admin.stat.goToVenues","Go to the venue queue","","","",""
"web-app","admin.stat.goToReports","Go to reports","","","",""
"web-app","admin.stat.onlineNow","Online now","","","",""
"web-app","admin.stat.active24h","Active 24h","","","",""
"web-app","admin.stat.onlineNowSub","In the last 10 min","","","",""
"web-app","admin.stat.active24hSub","In the last 24 hours","","","",""
"web-app","admin.overview.attnVenues.one","1 venue awaiting review","","","",""
"web-app","admin.overview.attnVenues.other","{count} venues awaiting review","","","{count}",""
"web-app","admin.overview.attnReports.one","1 open report","","","",""
"web-app","admin.overview.attnReports.other","{count} open reports","","","{count}",""
"web-app","admin.overview.attnSub","Pending your review","","","",""
"web-app","admin.overview.review","Review →","","","",""
"web-app","admin.overview.recent","Recent activity","","","",""
"web-app","admin.overview.recentNote","Latest first","","","",""
"web-app","admin.overview.recentEmpty","No recent activity.","","","",""
"web-app","admin.overview.recentPlayers","Players","","","",""
"web-app","admin.overview.recentVenues","Venues","","","",""
"web-app","admin.overview.recentPlayersEmpty","No recent player activity.","","","",""
"web-app","admin.overview.recentVenuesEmpty","No recent venue activity.","","","",""
"web-app","admin.overview.recentError","Couldn't load activity.","","","",""
"web-app","admin.overview.loadMore","Load more","","","",""
"web-app","admin.overview.kindAll","All","","","",""
"web-app","admin.overview.kindPlayer","Player","","","",""
"web-app","admin.overview.kindVenue","Venue","","","",""
"web-app","admin.overview.kindReport","Report","","","",""
"web-app","admin.overview.allClearTitle","You're all caught up","","","",""
"web-app","admin.overview.allClearSub","Nothing waiting for review and no open reports.","","","",""
"web-app","admin.overview.funnel.title","Onboarding funnel","","","",""
"web-app","admin.overview.funnel.note","Read-only","","","",""
"web-app","admin.overview.funnel.windowAll","All time","","","",""
"web-app","admin.overview.funnel.window90","Last 90 days","","","",""
"web-app","admin.overview.funnel.window30","Last 30 days","","","",""
"web-app","admin.overview.funnel.cohort","{total} signed up in this window · {mature} old enough to count (7+ days) · {completed} completed onboarding","","","{completed}; {mature}; {total}",""
"web-app","admin.overview.funnel.cohortEmpty","{total} signed up in this window","","","{total}",""
"web-app","admin.overview.funnel.timeTitle","Time to complete","","","",""
"web-app","admin.overview.funnel.timeMeta","based on {completed} completions","","","{completed}",""
"web-app","admin.overview.funnel.avgLabel","Average","","","",""
"web-app","admin.overview.funnel.medianLabel","Median","","","",""
"web-app","admin.overview.funnel.bucketUnder5m","<5m","","","",""
"web-app","admin.overview.funnel.bucket5to30m","5–30m","","","",""
"web-app","admin.overview.funnel.bucket30mTo2h","30m–2h","","","",""
"web-app","admin.overview.funnel.bucket2hTo24h","2h–24h","","","",""
"web-app","admin.overview.funnel.bucket1to7d","1–7d","","","",""
"web-app","admin.overview.funnel.bucketOver7d","7d+","","","",""
"web-app","admin.overview.funnel.fillTitle","Per-step fill rate","","","",""
"web-app","admin.overview.funnel.fillMeta","of {mature} mature members","","","{mature}",""
"web-app","admin.overview.funnel.fillEmpty","No members in this window yet.","","","",""
"web-app","admin.overview.funnel.stepName","Name","","","",""
"web-app","admin.overview.funnel.stepCity","City","","","",""
"web-app","admin.overview.funnel.stepClub","Club","","","",""
"web-app","admin.overview.funnel.stepCuescore","CueScore","","","",""
"web-app","admin.overview.funnel.avoidTitle","Prompt avoidance","","","",""
"web-app","admin.overview.funnel.avoidMeta","of {mature} mature members","","","{mature}",""
"web-app","admin.overview.funnel.dismiss0","Never dismissed","","","",""
"web-app","admin.overview.funnel.dismiss1","Dismissed once","","","",""
"web-app","admin.overview.funnel.dismiss2","Dismissed twice","","","",""
"web-app","admin.overview.funnel.dismiss3plus","Dismissed 3+ times","","","",""
"web-app","admin.overview.funnel.avoidSub","avg {n} dismissals per member · {snoozed} currently snoozed","","","{n}; {snoozed}",""
"web-app","admin.overview.funnel.suppressedTag","Hidden — sample too small","","","",""
"web-app","admin.overview.funnel.suppressedTitle","Not enough data yet","","","",""
"web-app","admin.overview.funnel.suppressedTime.one","Only 1 member completed onboarding in this window — showing an exact time here could point to a specific person, so it stays hidden until there's more data.","","","",""
"web-app","admin.overview.funnel.suppressedTime.other","Only {count} members completed onboarding in this window — showing an exact time here could point to a specific person, so it stays hidden until there's more data.","","","{count}",""
"web-app","admin.overview.funnel.suppressedAvoid.one","Only 1 member in this window is old enough to count — not enough to show dismissal patterns without pointing at someone specific.","","","",""
"web-app","admin.overview.funnel.suppressedAvoid.other","Only {count} members in this window are old enough to count — not enough to show dismissal patterns without pointing at someone specific.","","","{count}",""
"web-app","admin.overview.funnel.error","Couldn't load the onboarding funnel.","","","",""
"web-app","admin.activity.venueApproved","{name} approved — live on the map","","","{name}",""
"web-app","admin.activity.venueRejected","{name} rejected","","","{name}",""
"web-app","admin.activity.venueModerated","{name} moderated","","","{name}",""
"web-app","admin.activity.venueSubmitted","New venue submitted: {name}","","","{name}",""
"web-app","admin.activity.playerJoined","New player: {name}","","","{name}",""
"web-app","admin.activity.reportFiled","Report filed — {reason}","","","{reason}",""
"web-app","admin.activity.by","by {name}","","","{name}",""
"web-app","admin.venues.title","Venue queue","","","",""
"web-app","admin.venues.subtitle.one","1 awaiting review · newest first","","","",""
"web-app","admin.venues.subtitle.other","{count} awaiting review · newest first","","","{count}",""
"web-app","admin.venues.subtitleEmpty","0 awaiting review","","","",""
"web-app","admin.venues.emptyTitle","Nothing to review — nice.","","","",""
"web-app","admin.venues.emptySub","New venue submissions land here the moment a player adds one. You're all caught up.","","","",""
"web-app","admin.venues.loadError","Couldn't load the venue queue — try refresh.","","","",""
"web-app","admin.venue.pendingReview","Pending review","","","",""
"web-app","admin.venue.geocodedAddress","Geocoded address","","","",""
"web-app","admin.venue.submittedAs","Submitted as: {text}","","","{text}",""
"web-app","admin.venue.submittedBy","by {name}","","","{name}",""
"web-app","admin.venue.submittedAgo","Submitted {ago}","","","{ago}",""
"web-app","admin.venue.cuescore","Imported from CueScore","","","",""
"web-app","admin.venue.approve","Approve & publish","","","",""
"web-app","admin.venue.reject","Reject…","","","",""
"web-app","admin.venue.editName","Edit","","","",""
"web-app","admin.venue.editNameAria","Edit venue name","","","",""
"web-app","admin.venue.nameInputLabel","Venue name","","","",""
"web-app","admin.venue.saveName","Save","","","",""
"web-app","admin.venue.cancelEdit","Cancel","","","",""
"web-app","admin.venue.safety.residential","Looks residential","","","",""
"web-app","admin.venue.safety.residentialSub","This reads like a private home. A home table belongs on a profile (connections-only), not the public venue map.","","","",""
"web-app","admin.venue.safety.business","Reads as a business","","","",""
"web-app","admin.venue.safety.businessSub","This reads like a public venue. Approving publishes it to the map right away.","","","",""
"web-app","admin.venue.safety.neutral","No strong signal","","","",""
"web-app","admin.venue.safety.neutralSub","The place-class isn't conclusive — check the map and address before deciding.","","","",""
"web-app","admin.venue.viewOsm","View on OpenStreetMap","","","",""
"web-app","admin.venue.osmShort","OSM ↗","","","",""
"web-app","admin.venue.mapUnavailable","Map unavailable","","","",""
"web-app","admin.venue.websiteLabel","Website","","","",""
"web-app","admin.venue.openWebsite","Open ↗","","","",""
"web-app","admin.venue.websiteReviewNote","We haven't checked where this leads — including whether it promotes money games. Open it and judge for yourself before you approve.","","","",""
"web-app","admin.venue.websiteReviewNoteShort","We haven't checked where this leads — open it before you approve.","","","",""
"web-app","admin.venue.edit.websiteLabel","Website URL","","","",""
"web-app","admin.venue.edit.websiteHint","Paste the club's website or Facebook page, or leave blank to clear it.","","","",""
"web-app","admin.venue.completenessTitle","Completeness","","","",""
"web-app","admin.venue.completeness.address","Address","","","",""
"web-app","admin.venue.completeness.city","City","","","",""
"web-app","admin.venue.completeness.country","Country","","","",""
"web-app","admin.venue.completeness.logo","Logo","","","",""
"web-app","admin.venue.completeness.website","Website","","","",""
"web-app","admin.reject.title","Reason for rejection","","","",""
"web-app","admin.reject.dsa","shown to submitter · DSA Art. 17","","","",""
"web-app","admin.reject.sub","The submitter will see this on their submission. Keep it factual and kind.","","","",""
"web-app","admin.reject.placeholder","Explain why this can't go on the map…","","","",""
"web-app","admin.reject.chip.privateResidence","Private residence","","","",""
"web-app","admin.reject.chip.notAVenue","Not a public venue","","","",""
"web-app","admin.reject.chip.closedOrWrong","Closed / wrong details","","","",""
"web-app","admin.reject.chip.duplicate","Duplicate","","","",""
"web-app","admin.reject.chip.other","Other…","","","",""
"web-app","admin.reject.cancel","Cancel","","","",""
"web-app","admin.reject.send","Send rejection","","","",""
"web-app","admin.reject.prefill.privateResidence","This looks like a private home. 8nOut only maps public pool venues — you can add your home table on your profile instead, where it stays visible to your connections only.","","","",""
"web-app","admin.reject.prefill.notAVenue","This doesn't look like a public pool venue, so it can't go on the map.","","","",""
"web-app","admin.reject.prefill.closedOrWrong","These details look closed or incorrect, so this can't go on the map right now.","","","",""
"web-app","admin.reject.prefill.duplicate","This venue is already on the map, so this submission is a duplicate.","","","",""
"web-app","admin.reports.title","Reports","","","",""
"web-app","admin.reports.subtitle.one","1 open · oldest first","","","",""
"web-app","admin.reports.subtitle.other","{count} open · oldest first","","","{count}",""
"web-app","admin.reports.subtitleEmpty","0 open","","","",""
"web-app","admin.reports.emptyTitle","No open reports.","","","",""
"web-app","admin.reports.emptySub","The community's behaving. New reports show up here.","","","",""
"web-app","admin.reports.loadError","Couldn't load reports — try refresh.","","","",""
"web-app","admin.report.kind.venue","Venue","","","",""
"web-app","admin.report.kind.player","Player","","","",""
"web-app","admin.report.kind.photo","Photo","","","",""
"web-app","admin.report.kind.report","Report","","","",""
"web-app","admin.report.reportedBy","reported by {name} · {ago}","","","{ago}; {name}",""
"web-app","admin.report.liveOnMap","Live on map","","","",""
"web-app","admin.report.venuePending","Pending","","","",""
"web-app","admin.report.venueRejected","Already rejected","","","",""
"web-app","admin.report.photoBy","Photo by {name}","","","{name}",""
"web-app","admin.report.takedown","Take down venue…","","","",""
"web-app","admin.report.dismiss","Dismiss","","","",""
"web-app","admin.report.markActioned","Mark actioned","","","",""
"web-app","admin.report.actionedNote","Marks the report resolved. It does not delete the photo.","","","",""
"web-app","admin.report.noDetail","No note added.","","","",""
"web-app","admin.reason.harassment","Harassment","","","",""
"web-app","admin.reason.spam","Spam","","","",""
"web-app","admin.reason.inappropriatePhoto","Inappropriate photo","","","",""
"web-app","admin.reason.fakeProfile","Fake profile","","","",""
"web-app","admin.reason.privateResidence","Private residence","","","",""
"web-app","admin.reason.notAVenue","Not a public venue","","","",""
"web-app","admin.reason.closedOrWrong","Closed / wrong details","","","",""
"web-app","admin.reason.other","Other","","","",""
"web-app","admin.reason.moneyPlaySolicitation","Money-play solicitation","","","",""
"web-app","admin.report.kind.message","Message","","","",""
"web-app","admin.report.openWindow","Open message window…","","","",""
"web-app","admin.report.noBody","The message text is never shown here. Open the logged window to read it.","","","",""
"web-app","admin.report.target24","24h target","","","",""
"web-app","admin.report.target48","48h target","","","",""
"web-app","admin.report.overdue","Past target","","","",""
"web-app","admin.window.title","Message window","","","",""
"web-app","admin.window.readOnly","Read-only","","","",""
"web-app","admin.window.loggedNote","Opening this window is recorded — who, when, and which messages were returned — so message access stays accountable.","","","",""
"web-app","admin.window.bounds","Shows the reported message and up to 5 messages either side, within 24 hours of it — this conversation only.","","","",""
"web-app","admin.window.reported","Reported message","","","",""
"web-app","admin.window.deletedTag","Deleted by sender","","","",""
"web-app","admin.window.cardRow","Challenge card","","","",""
"web-app","admin.window.deletedMember","Deleted member","","","",""
"web-app","admin.window.closedReport","This report is decided. Re-open it to view the window — re-opening is recorded.","","","",""
"web-app","admin.window.purgedAnchor","This message no longer exists — the attempt was still logged.","","","",""
"web-app","admin.hold.place","Place hold…","","","",""
"web-app","admin.hold.reasonLabel","Reason (recorded)","","","",""
"web-app","admin.hold.confirm","Place hold","","","",""
"web-app","admin.hold.held","On hold","","","",""
"web-app","admin.hold.heldUntil","On hold · expires {date}","","","{date}",""
"web-app","admin.hold.extend","Extend as H2…","","","",""
"web-app","admin.hold.autoPlaced","H1 hold — automatic","","","",""
"web-app","admin.hold.release","Release hold…","","","",""
"web-app","admin.hold.releaseReasonLabel","Reason for release (recorded)","","","",""
"web-app","admin.hold.releaseConfirm","Release hold","","","",""
"web-app","admin.toast.holdPlaced","Hold placed","","","",""
"web-app","admin.toast.holdReleased","Hold released","","","",""
"web-app","admin.toast.published","Published to the map","","","",""
"web-app","admin.toast.rejected","Rejection sent","","","",""
"web-app","admin.toast.takendown","Taken down","","","",""
"web-app","admin.toast.dismissed","Report dismissed","","","",""
"web-app","admin.toast.actioned","Report marked actioned","","","",""
"web-app","admin.toast.error","Something went wrong — try again.","","","",""
"web-app","admin.time.justNow","just now","","","",""
"web-app","admin.time.minutesAgo","{count}m ago","","","{count}",""
"web-app","admin.time.hoursAgo","{count}h ago","","","{count}",""
"web-app","admin.time.daysAgo","{count}d ago","","","{count}",""
"web-app","admin.nav.members","Members","","","",""
"web-app","admin.roles.title","Members","","","",""
"web-app","admin.roles.subtitle","Search members and manage roles","","","",""
"web-app","admin.roles.searchPlaceholder","Search by name…","","","",""
"web-app","admin.roles.you","You","","","",""
"web-app","admin.roles.changeRoleFor","Change role for {name}","","","{name}",""
"web-app","admin.roles.role.owner","Owner","","","",""
"web-app","admin.roles.role.moderator_1","Moderator 1","","","",""
"web-app","admin.roles.role.moderator_2","Moderator 2","","","",""
"web-app","admin.roles.role.player","Player","","","",""
"web-app","admin.roles.memberId","Member id","","","",""
"web-app","admin.roles.save","Save","","","",""
"web-app","admin.roles.toast.saved","Role updated","","","",""
"web-app","admin.roles.err.lastOwner","You can't change the last owner — promote another owner first.","","","",""
"web-app","admin.roles.emptyTitle","No members found","","","",""
"web-app","admin.roles.emptySub","No one matches that search. Try a different name.","","","",""
"web-app","admin.roles.filterIncomplete","Show incomplete signups only","","","",""
"web-app","admin.nav.venuesManage","Venues","","","",""
"web-app","admin.venuesManage.title","All venues","","","",""
"web-app","admin.venuesManage.subtitle","Search, edit, merge and remove venues — every status","","","",""
"web-app","admin.venuesManage.searchPlaceholder","Search name, address or city…","","","",""
"web-app","admin.venuesManage.filter.all","All","","","",""
"web-app","admin.venuesManage.filter.pending","Pending","","","",""
"web-app","admin.venuesManage.filter.approved","Live","","","",""
"web-app","admin.venuesManage.filter.rejected","Rejected","","","",""
"web-app","admin.venuesManage.status.pending","Pending","","","",""
"web-app","admin.venuesManage.status.approved","Live","","","",""
"web-app","admin.venuesManage.status.rejected","Rejected","","","",""
"web-app","admin.venuesManage.showing.one","1 venue","","","",""
"web-app","admin.venuesManage.showing.other","{count} venues","","","{count}",""
"web-app","admin.venuesManage.loadMore","Load more","","","",""
"web-app","admin.venuesManage.emptyTitle","No venues here","","","",""
"web-app","admin.venuesManage.emptySub","Nothing matches that filter or search. Try a different one.","","","",""
"web-app","admin.venuesManage.loadError","Couldn't load venues — try refresh.","","","",""
"web-app","admin.venuesManage.view","View","","","",""
"web-app","admin.venuesManage.hide","Hide","","","",""
"web-app","admin.venuesManage.edit","Edit","","","",""
"web-app","admin.venuesManage.merge","Merge…","","","",""
"web-app","admin.venuesManage.remove","Remove…","","","",""
"web-app","admin.venuesManage.toast.saved","Venue updated","","","",""
"web-app","admin.venuesManage.toast.removed","Venue removed","","","",""
"web-app","admin.venuesManage.toast.merged","Venues merged","","","",""
"web-app","admin.venue.sourcedCuescore","Sourced from CueScore","","","",""
"web-app","admin.venue.cuescoreLinked","CueScore","","","",""
"web-app","admin.venue.clubCount.one","1 club","","","",""
"web-app","admin.venue.clubCount.other","{count} clubs","","","{count}",""
"web-app","admin.venue.edit.title","Edit venue","","","",""
"web-app","admin.venue.edit.nameLabel","Name","","","",""
"web-app","admin.venue.edit.logoLabel","Logo URL","","","",""
"web-app","admin.venue.edit.logoPlaceholder","https://…","","","",""
"web-app","admin.venue.edit.logoHint","Paste an image URL, or leave blank for no logo.","","","",""
"web-app","admin.venue.edit.save","Save","","","",""
"web-app","admin.venue.edit.cancel","Cancel","","","",""
"web-app","admin.venue.merge.title","Merge into another venue","","","",""
"web-app","admin.venue.merge.intro","Pick the canonical venue to fold “{name}” into. Its clubs move over and “{name}” is retired.","","","{name}",""
"web-app","admin.venue.merge.searchPlaceholder","Search live venues…","","","",""
"web-app","admin.venue.merge.noTarget","No live venues match — try another search.","","","",""
"web-app","admin.venue.merge.confirmSub","Every club on “{from}” moves to “{into}”, and “{from}” becomes rejected. This can't be undone.","","","{from}; {into}",""
"web-app","admin.venue.merge.button","Merge venues","","","",""
"web-app","admin.venue.merge.back","Back","","","",""
"web-app","admin.venue.merge.cancel","Cancel","","","",""
"web-app","admin.cuescore.addButton","Add via CueScore","","","",""
"web-app","admin.cuescore.title","Add a venue from CueScore","","","",""
"web-app","admin.cuescore.intro","Paste a CueScore venue link. We read it once and prefill a submission for you to review — it still goes through moderation.","","","",""
"web-app","admin.cuescore.urlPlaceholder","https://cuescore.com/venue/…","","","",""
"web-app","admin.cuescore.urlLabel","CueScore venue link","","","",""
"web-app","admin.cuescore.lookup","Look up","","","",""
"web-app","admin.cuescore.looking","Reading…","","","",""
"web-app","admin.cuescore.close","Close","","","",""
"web-app","admin.cuescore.back","Back","","","",""
"web-app","admin.cuescore.matched","Already on 8nOut","","","",""
"web-app","admin.cuescore.lookAnother","Look up another","","","",""
"web-app","admin.cuescore.findIt","Find it","","","",""
"web-app","admin.cuescore.nameLabel","Name","","","",""
"web-app","admin.cuescore.addressLabel","Address","","","",""
"web-app","admin.cuescore.addressHint","This becomes the club's map pin, so keep it complete and accurate.","","","",""
"web-app","admin.cuescore.add","Add for review","","","",""
"web-app","admin.cuescore.adding","Adding…","","","",""
"web-app","admin.cuescore.addAnyway","Add anyway","","","",""
"web-app","admin.cuescore.candidatesTitle","Similar venues are already on the map:","","","",""
"web-app","admin.cuescore.switchOn","CueScore reads: On","","","",""
"web-app","admin.cuescore.switchOff","CueScore reads: Off","","","",""
"web-app","admin.cuescore.switchHint","Turn all CueScore reads (venue add + match import) on or off","","","",""
"web-app","admin.cuescore.toast.on","CueScore reads enabled","","","",""
"web-app","admin.cuescore.toast.off","CueScore reads disabled","","","",""
"web-app","admin.cuescore.toast.added","Sent for review","","","",""
"web-app","admin.cuescore.err.disabled","CueScore reads are turned off right now.","","","",""
"web-app","admin.cuescore.err.rate_limited","Too many CueScore reads just now — try again later.","","","",""
"web-app","admin.cuescore.err.bad_url","No venue id in that link. Use the venue page URL — cuescore.com/venue/Club+Name/60451687 — or paste the numeric venue id on its own.","","","",""
"web-app","admin.cuescore.err.unreachable","Couldn't reach CueScore right now — try again shortly.","","","",""
"web-app","admin.cuescore.err.forbidden","You don't have permission to do that.","","","",""
"web-app","admin.cuescore.err.geocode","That address didn't match the map. Edit it above, then add again.","","","",""
"web-app","admin.cuescore.err.geocoder_unavailable","The address lookup is unavailable right now. Try again shortly.","","","",""
"web-app","suspended.title","Account suspended","Account geschorst","","",""
"web-app","suspended.body","Your 8nOut account has been suspended for a violation of our Terms of Service.","Je 8nOut-account is geschorst wegens een schending van onze Servicevoorwaarden.","","",""
"web-app","suspended.body.incompleteSignup","Your 8nOut account was suspended because sign-up was never completed.","","","",""
"web-app","suspended.redress","If you believe this was a mistake, you can contact us at privacy@8nout.com to ask us to review it. If you disagree with our decision, you also have the right to take the matter to court. More on this is in our Terms of Service (section 13).","Als je denkt dat dit een vergissing was, kun je contact met ons opnemen via privacy@8nout.com om te vragen het te beoordelen. Als je het niet eens bent met onze beslissing, heb je ook het recht om de zaak aan de rechter voor te leggen. Meer hierover vind je in onze Servicevoorwaarden (sectie 13).","","",""
"web-app","removed.title","Account removed","Account verwijderd","","",""
"web-app","removed.body","Your 8nOut account has been removed for a violation of our Terms of Service.","Je 8nOut-account is verwijderd wegens een schending van onze Servicevoorwaarden.","","",""
"web-app","removed.redress","If you believe this decision was wrong, you can contact us at privacy@8nout.com. Because the account and its data have been deleted we cannot restore them, but you can still contest this decision, including before a court. More on this is in our Terms of Service (section 13).","Als je denkt dat deze beslissing onjuist was, kun je contact met ons opnemen via privacy@8nout.com. Omdat het account en de bijbehorende gegevens zijn verwijderd, kunnen we ze niet herstellen, maar je kunt deze beslissing nog steeds aanvechten, ook bij een rechter. Meer hierover vind je in onze Servicevoorwaarden (sectie 13).","","",""
"web-app","moderation.reasonLine","Reason: {reason}","Reden: {reason}","","{reason}",""
"web-app","moderation.reason.harassment","Harassment or abuse","Intimidatie of misbruik","","",""
"web-app","moderation.reason.spam","Spam","Spam","","",""
"web-app","moderation.reason.fakeProfile","Fake profile","Nepprofiel","","",""
"web-app","moderation.reason.inappropriateContent","Inappropriate content","Ongepaste inhoud","","",""
"web-app","moderation.reason.safetyThreat","Threats or safety concern","Bedreigingen of veiligheidszorg","","",""
"web-app","moderation.reason.termsViolation","Terms of Service violation","Schending van de Servicevoorwaarden","","",""
"web-app","moderation.reason.other","Other","Overig","","",""
"web-app","admin.nav.lookup","Member lookup","","","",""
"web-app","admin.report.removeMember","Remove member…","","","",""
"web-app","admin.lookup.title","Member lookup","","","",""
"web-app","admin.lookup.subtitle","Find a member to review or remove","","","",""
"web-app","admin.lookup.searchPlaceholder","Search by name or paste a member id…","","","",""
"web-app","admin.lookup.startTitle","Search for a member","","","",""
"web-app","admin.lookup.startSub","Type a name or paste a member id to look them up.","","","",""
"web-app","admin.lookup.openReports","{count} open reports","","","{count}",""
"web-app","admin.lookup.manage","Manage…","","","",""
"web-app","admin.detail.viewButton","View detail","","","",""
"web-app","admin.detail.close","Close","","","",""
"web-app","admin.detail.cancel","Cancel","","","",""
"web-app","admin.detail.open","Open detail","","","",""
"web-app","admin.detail.done","Done","","","",""
"web-app","admin.detail.reasonLead","Opening this member's details is recorded — who, when, and why — so moderator access stays accountable. Give a short reason or link an open report.","","","",""
"web-app","admin.detail.reasonLabel","Reason for viewing","","","",""
"web-app","admin.detail.reasonPlaceholder","e.g. reviewing a harassment report…","","","",""
"web-app","admin.detail.linkReportLabel","Link an open report (optional)","","","",""
"web-app","admin.detail.noReport","No linked report","","","",""
"web-app","admin.detail.suspendedBanner","This member is suspended. Contact, precise address, photos and bio were purged on suspension.","","","",""
"web-app","admin.detail.removedOnSuspension","Removed on suspension.","","","",""
"web-app","admin.detail.sec.completeness","Completeness","","","",""
"web-app","admin.detail.sec.identity","Identity","","","",""
"web-app","admin.detail.sec.bio","Bio","","","",""
"web-app","admin.detail.sec.rating","Rating & CueScore","","","",""
"web-app","admin.detail.sec.photos","Photos","","","",""
"web-app","admin.detail.sec.clubs","Clubs","","","",""
"web-app","admin.detail.sec.record","Record","","","",""
"web-app","admin.detail.sec.modActions","Moderation history","","","",""
"web-app","admin.detail.sec.reportsAbout","Reports about this member","","","",""
"web-app","admin.detail.sec.reportsFiled","Reports this member filed","","","",""
"web-app","admin.detail.completeness.name","Name","","","",""
"web-app","admin.detail.completeness.city","City","","","",""
"web-app","admin.detail.completeness.club","Club","","","",""
"web-app","admin.detail.completeness.cuescore","CueScore","","","",""
"web-app","admin.completeness.summary","{filled} of {total} filled in","","","{filled}; {total}",""
"web-app","admin.completeness.filled","Filled in","","","",""
"web-app","admin.completeness.open","Open","","","",""
"web-app","admin.completeness.clubBreakdown","{approved} approved · {pending} pending · {rejected} rejected","","","{approved}; {pending}; {rejected}",""
"web-app","admin.detail.memberSince","Member since","","","",""
"web-app","admin.detail.home","Home","","","",""
"web-app","admin.detail.email","Sign-in email (incomplete signup)","","","",""
"web-app","admin.detail.noBio","No bio.","","","",""
"web-app","admin.detail.fargo","Fargo rating","","","",""
"web-app","admin.detail.notSet","Not set","","","",""
"web-app","admin.detail.cuescore","CueScore","","","",""
"web-app","admin.detail.cuescoreOpen","Open profile #{id}","","","{id}",""
"web-app","admin.detail.notLinked","Not linked","","","",""
"web-app","admin.detail.noPhotos","No photos.","","","",""
"web-app","admin.detail.unnamedClub","Unnamed club","","","",""
"web-app","admin.detail.noClubs","No clubs listed.","","","",""
"web-app","admin.detail.wins"," wins","","","",""
"web-app","admin.detail.losses"," losses","","","",""
"web-app","admin.detail.connections"," connections","","","",""
"web-app","admin.detail.lastPlayed","Last played {when}","","","{when}",""
"web-app","admin.detail.noGames","No recorded games.","","","",""
"web-app","admin.detail.noModActions","No moderation actions on file.","","","",""
"web-app","admin.detail.noReportsAbout","No reports about this member.","","","",""
"web-app","admin.detail.noReportsFiled","This member hasn't filed any reports.","","","",""
"web-app","admin.remove.close","Close","","","",""
"web-app","admin.remove.loading","Loading member…","","","",""
"web-app","admin.remove.notFound","Member not found.","","","",""
"web-app","admin.remove.cantAct","You can only remove a member below your role.","","","",""
"web-app","admin.remove.status.active","Active","","","",""
"web-app","admin.remove.status.suspended","Suspended","","","",""
"web-app","admin.remove.reasonLabel","Reason category","","","",""
"web-app","admin.remove.cat.harassment","Harassment or abuse","","","",""
"web-app","admin.remove.cat.spam","Spam","","","",""
"web-app","admin.remove.cat.fakeProfile","Fake or impersonating profile","","","",""
"web-app","admin.remove.cat.inappropriateContent","Inappropriate content","","","",""
"web-app","admin.remove.cat.safetyThreat","Safety threat","","","",""
"web-app","admin.remove.cat.termsViolation","Terms of Service violation","","","",""
"web-app","admin.remove.cat.other","Something else","","","",""
"web-app","admin.remove.cat.incompleteSignup","Sign-up never completed","","","",""
"web-app","admin.remove.detailLabel","Internal note (optional)","","","",""
"web-app","admin.remove.detailPlaceholder","Context for the record — not shown to the member…","","","",""
"web-app","admin.remove.withhold","Withhold the reason from the member (act first)","","","",""
"web-app","admin.remove.evidenceLabel","Evidence (reports on file)","","","",""
"web-app","admin.remove.noEvidence","No reports on file for this member.","","","",""
"web-app","admin.remove.suspendHint","Reversible. Purges the home address, contact, photos and bio; keeps the audit trail.","","","",""
"web-app","admin.remove.suspend","Suspend member","","","",""
"web-app","admin.remove.reinstateHint","This member is suspended. Reinstating clears it — but purged data is not restored.","","","",""
"web-app","admin.remove.reinstate","Reinstate member","","","",""
"web-app","admin.remove.deleteHint","Irreversible. Erases the account; keeps de-identified match & report evidence.","","","",""
"web-app","admin.remove.eraseDisabled","Permanent erase is disabled for now. Use Suspend above.","","","",""
"web-app","admin.remove.tombstone","Block re-registration (abuse only)","","","",""
"web-app","admin.remove.confirmLabel","Type {name} to confirm deletion","","","{name}",""
"web-app","admin.remove.delete","Permanently delete","","","",""
"web-app","admin.remove.cancel","Cancel","","","",""
"web-app","admin.remove.manageShort","Remove…","","","",""
"web-app","admin.remove.toast.suspended","Member suspended","","","",""
"web-app","admin.remove.toast.reinstated","Member reinstated","","","",""
"web-app","admin.remove.toast.deleted","Member removed","","","",""
"web-app","admin.remove.err.lastOwner","You can't remove the last owner — promote another owner first.","","","",""
"web-app","admin.remove.err.forbidden","You don't have permission to remove this member.","","","",""
"web-app","admin.nav.blog","Blog","","","",""
"web-app","admin.blog.title","Blog","","","",""
"web-app","admin.blog.subtitle","Draft, review and publish moderator stories","","","",""
"web-app","admin.blog.loadError","Couldn't load posts — try refresh.","","","",""
"web-app","admin.blog.helpAria","About authorship & review","","","",""
"web-app","admin.blog.help.title","Who can see this","","","",""
"web-app","admin.blog.help.body","Every draft, edit and review action is recorded — who wrote the post, who reviewed it, and when. Other moderators can see this record. Members and the public never do.","","","",""
"web-app","admin.blog.help.close","Close","","","",""
"web-app","admin.blog.status.draft","Draft","","","",""
"web-app","admin.blog.status.pendingReview","Pending review","","","",""
"web-app","admin.blog.status.published","Published","","","",""
"web-app","admin.blog.status.rejected","Rejected","","","",""
"web-app","admin.blog.status.archived","Archived","","","",""
"web-app","admin.blog.filter.myDrafts","My drafts","","","",""
"web-app","admin.blog.filter.pendingReview","Pending review","","","",""
"web-app","admin.blog.filter.published","Published","","","",""
"web-app","admin.blog.filter.archived","Archived","","","",""
"web-app","admin.blog.empty.drafts.title","No drafts yet","","","",""
"web-app","admin.blog.empty.drafts.sub","Start a new post and it lands here.","","","",""
"web-app","admin.blog.empty.pendingReview.title","Nothing waiting for review","","","",""
"web-app","admin.blog.empty.pendingReview.sub","Submitted drafts show up here for a second moderator to check.","","","",""
"web-app","admin.blog.empty.published.title","Nothing published yet","","","",""
"web-app","admin.blog.empty.published.sub","Published posts appear here, newest first.","","","",""
"web-app","admin.blog.empty.archived.title","Nothing archived","","","",""
"web-app","admin.blog.empty.archived.sub","Posts you take down move here.","","","",""
"web-app","admin.blog.action.new","New post","","","",""
"web-app","admin.blog.action.saveDraft","Save draft","","","",""
"web-app","admin.blog.action.submitForReview","Submit for review","","","",""
"web-app","admin.blog.action.approveAndPublish","Approve & publish","","","",""
"web-app","admin.blog.action.reject","Reject…","","","",""
"web-app","admin.blog.action.reopenDraft","Reopen draft","","","",""
"web-app","admin.blog.action.archive","Archive","","","",""
"web-app","admin.blog.action.hardDelete","Delete permanently","","","",""
"web-app","admin.blog.archiveHint","Reversible. Takes the post off the public blog immediately; reopen it as a draft any time.","","","",""
"web-app","admin.blog.hardDeleteHint","Irreversible. Erases the post and its full revision history.","","","",""
"web-app","admin.blog.hardDeleteConfirmLabel","Type “{title}” to confirm deletion","","","{title}",""
"web-app","admin.blog.compliance.check","Check for issues","","","",""
"web-app","admin.blog.compliance.checking","Checking…","","","",""
"web-app","admin.blog.compliance.cleanTitle","No issues found","","","",""
"web-app","admin.blog.compliance.cleanSub","Nothing flagged — this post is clear.","","","",""
"web-app","admin.blog.compliance.flaggedTitle","Wording needs review","","","",""
"web-app","admin.blog.compliance.flaggedSub","This post contains wording that needs review. Check the list below, then edit before you submit or publish.","","","",""
"web-app","admin.blog.compliance.flaggedListLabel","Flagged:","","","",""
"web-app","admin.blog.compliance.hint","Runs automatically before you submit or publish — use this button to check anytime while you're writing.","","","",""
"web-app","admin.blog.compliance.errorTitle","Couldn't check","","","",""
"web-app","admin.blog.compliance.errorSub","The compliance check didn't run — try again before approving.","","","",""
"web-app","admin.blog.compliance.retry","Try again","","","",""
"web-app","admin.blog.reject.title","Reason for rejection","","","",""
"web-app","admin.blog.reject.sub","The author sees this note when they reopen the draft. Keep it factual and useful.","","","",""
"web-app","admin.blog.reject.placeholder","Explain what needs to change before this can be approved…","","","",""
"web-app","admin.blog.reject.cancel","Cancel","","","",""
"web-app","admin.blog.reject.send","Send rejection","","","",""
"web-app","admin.blog.rejectedNotice","This draft was rejected. See the reviewer's note below, make your changes, then resubmit.","","","",""
"web-app","admin.blog.rejectedReasonLabel","Reviewer's note","","","",""
"web-app","admin.blog.selfReview.notice","You can't approve or publish your own post — ask another moderator to review it.","","","",""
"web-app","admin.blog.err.notFound","Couldn't find this post — it may have been deleted or moved. Refresh the list and try again.","","","",""
"web-app","admin.blog.err.invalidTransition","This action isn't available for the post's current status — refresh the list to see where it stands.","","","",""
"web-app","admin.blog.err.selfReview","You can't review your own post — ask another moderator to approve, publish, or reject it.","","","",""
"web-app","admin.blog.err.notModerator","You don't have permission to do that.","","","",""
"web-app","admin.blog.err.badSlug","That URL isn't available — use lowercase letters, numbers and hyphens only.","","","",""
"web-app","admin.blog.err.incomplete","Add a title and some body text before you submit this for review.","","","",""
"web-app","admin.blog.err.flagged","This post contains wording that needs review — run the compliance check to see what to fix.","","","",""
"web-app","admin.blog.err.notOwner","Only an owner can delete a post permanently.","","","",""
"web-app","admin.blog.err.failed","Couldn't do that right now. Try again.","","","",""
"web-app","admin.blog.toast.draftSaved","Draft saved","","","",""
"web-app","admin.blog.toast.submitted","Sent for review","","","",""
"web-app","admin.blog.toast.published","Published — usually live within a few hours.","","","",""
"web-app","admin.blog.toast.rejected","Rejection sent","","","",""
"web-app","admin.blog.toast.reopened","Draft reopened","","","",""
"web-app","admin.blog.toast.archived","Archived","","","",""
"web-app","admin.blog.toast.deleted","Post deleted","","","",""
"web-app","admin.blog.editor.field.title","Title","","","",""
"web-app","admin.blog.editor.field.summary","Summary","","","",""
"web-app","admin.blog.editor.field.summaryHint","Shown as the preview snippet on the blog index and in link previews.","","","",""
"web-app","admin.blog.editor.field.category","Category","","","",""
"web-app","admin.blog.editor.field.subcategory","Subcategory (optional)","","","",""
"web-app","admin.blog.editor.field.categoryHint","Free text for now — click a suggestion to fill it in, or type your own if none fit yet.","","","",""
"web-app","admin.blog.editor.field.suggestedLabel","Suggested:","","","",""
"web-app","admin.blog.editor.field.links","Links (optional)","","","",""
"web-app","admin.blog.editor.field.addLink","+ Add link","","","",""
"web-app","admin.blog.editor.field.linkHrefInvalid","Enter a link starting with https:// or mailto:","","","",""
"web-app","admin.blog.editor.field.body","Body","","","",""
"web-app","admin.blog.editor.previewLabel","Preview","","","",""
"web-app","admin.blog.editor.toolbar.bold","Bold","","","",""
"web-app","admin.blog.editor.toolbar.italic","Italic","","","",""
"web-app","admin.blog.editor.toolbar.link","Link","","","",""
"web-app","admin.blog.editor.toolbar.h2","Heading 2","","","",""
"web-app","admin.blog.editor.toolbar.h3","Heading 3","","","",""
"web-app","admin.blog.editor.toolbar.bulletList","Bullet list","","","",""
"web-app","admin.blog.editor.toolbar.numberedList","Numbered list","","","",""
"web-app","admin.blog.editor.toolbar.quote","Quote","","","",""
"web-app","admin.blog.editor.linkUrlLabel","Link URL","","","",""
"web-app","admin.blog.editor.linkUrlPlaceholder","https://…","","","",""
"web-app","admin.blog.editor.lockedBanner","This post is live, so editing is locked here. To change it: archive the post, reopen the archived copy as a draft, edit it, then send it back through review. There's no quick-fix shortcut for small edits yet — every live change goes through the same two-moderator check as a first publish.","","","",""
"web-app","admin.blog.editor.reopenDraftHint","Optional — editing and resubmitting already work without it. This just clears the Rejected status back to Draft.","","","",""
"web-app","admin.blog.editor.archivedLockedBanner","This post is archived and off the public blog. Editing is locked here — reopen it as a draft to make changes.","","","",""
"web-app","admin.blog.editor.reopenDraftHintArchived","Moves this post to Draft and unlocks editing. It stays off the public blog until you submit it and it's approved again.","","","",""
"web-app","admin.blog.editor.conflict.title","This post has changed","","","",""
"web-app","admin.blog.editor.conflict.body","Another moderator saved a change to this draft after you opened it. Reload to see their version, or save anyway to overwrite it with yours.","","","",""
"web-app","admin.blog.editor.conflict.reload","Reload latest","","","",""
"web-app","admin.blog.editor.conflict.saveAnyway","Save anyway","","","",""
"web-app","admin.blog.editor.toolbar.image","Inline image","","","",""
"web-app","admin.blog.editor.image.formTitle","Inline image details","","","",""
"web-app","admin.blog.editor.image.inlineHint","Appears exactly where you insert it in the post — there's no separate cover or featured image.","","","",""
"web-app","admin.blog.editor.image.dropPrompt","Drag a photo here, or click to choose one from your device","","","",""
"web-app","admin.blog.editor.image.dropActive","Drop to upload","","","",""
"web-app","admin.blog.editor.image.hint","JPEG only, up to 4 MB. Uploaded photos are checked and cleaned up automatically.","","","",""
"web-app","admin.blog.editor.image.uploading","Uploading…","","","",""
"web-app","admin.blog.editor.image.uploaded","Photo added — fill in the details below, then insert it.","","","",""
"web-app","admin.blog.editor.image.uploadError","Couldn't upload that photo — try again.","","","",""
"web-app","admin.blog.editor.image.tooLarge","That photo's too big. The editor accepts JPEGs up to 4 MB — try a smaller file.","","","",""
"web-app","admin.blog.editor.image.wrongType","Only JPEG photos are supported here. Save it as a .jpg and try again.","","","",""
"web-app","admin.blog.editor.image.externalUrlNotSupported","Links to photos elsewhere aren't supported — upload the file itself. That's what checks it and strips its location data before it goes live.","","","",""
"web-app","admin.blog.editor.image.altLabel","Alt text","","","",""
"web-app","admin.blog.editor.image.altPlaceholder","Describe what's in the photo, for people using a screen reader","","","",""
"web-app","admin.blog.editor.image.captionLabel","Caption (optional)","","","",""
"web-app","admin.blog.editor.image.captionPlaceholder","A short caption shown under the photo","","","",""
"web-app","admin.blog.editor.image.size.label","Size","","","",""
"web-app","admin.blog.editor.image.size.hint","How large this photo appears in the finished post.","","","",""
"web-app","admin.blog.editor.image.size.option.small","Small","","","",""
"web-app","admin.blog.editor.image.size.option.medium","Medium","","","",""
"web-app","admin.blog.editor.image.size.option.large","Large","","","",""
"web-app","admin.blog.editor.image.size.option.full","Full width","","","",""
"web-app","admin.blog.editor.image.insert","Insert image","","","",""
"web-app","admin.blog.editor.image.cancel","Cancel","","","",""
"web-app","admin.blog.consent.question","Can you recognise a specific person in this photo?","","","",""
"web-app","admin.blog.consent.questionHint","A clear face or close-up counts. A wide venue shot, a scoreboard, hands on a cue, or a crowd with no one person as the focus doesn't. Not sure? Choose Yes.","","","",""
"web-app","admin.blog.consent.yes","Yes","","","",""
"web-app","admin.blog.consent.no","No","","","",""
"web-app","admin.blog.consent.basisLabel","How do you have their permission?","","","",""
"web-app","admin.blog.consent.option.directConsent","They gave their OK for this photo","","","",""
"web-app","admin.blog.consent.option.directConsentHint","The strongest option — use it when the person themself agreed to this specific use.","","","",""
"web-app","admin.blog.consent.option.self","It's a photo of me","","","",""
"web-app","admin.blog.consent.option.selfHint","You're the person in the photo — no extra details needed.","","","",""
"web-app","admin.blog.consent.option.eventPolicy","The event's photo policy covers this","","","",""
"web-app","admin.blog.consent.option.eventPolicyHint","Only choose this if the event has a written policy that specifically allows reuse by outside organisations like 8nOut — not standard ""photography may occur"" signage. This is the weakest option, and reviewers check it closely.","","","",""
"web-app","admin.blog.consent.noteLabel","Details","","","",""
"web-app","admin.blog.consent.notePlaceholder.directConsent","Who gave the OK, how (in person, message, email) and roughly when","","","",""
"web-app","admin.blog.consent.notePlaceholder.eventPolicy","Name the event, and describe or link the actual policy","","","",""
"web-app","admin.blog.rights.label","Where does this photo come from?","","","",""
"web-app","admin.blog.rights.option.ownPhoto","I took this photo myself","","","",""
"web-app","admin.blog.rights.option.licensed","It's licensed for this use","","","",""
"web-app","admin.blog.rights.option.publicDomainCc","It's public domain or Creative Commons","","","",""
"web-app","admin.blog.rights.option.tournamentPermission","Official tournament photography, used with permission","","","",""
"web-app","admin.blog.rights.noteLabel","Details","","","",""
"web-app","admin.blog.rights.notePlaceholder.licensed","Name the licence and where the photo is from","","","",""
"web-app","admin.blog.rights.notePlaceholder.publicDomainCc","Which one, if you know it (e.g. CC BY 4.0, public domain)","","","",""
"web-app","admin.blog.rights.notePlaceholder.tournamentPermission","Who gave permission to use it (name the person or organiser)","","","",""
"web-app","admin.blog.rights.attest.ownPhoto","I confirm I took this photo myself.","","","",""
"web-app","admin.blog.rights.attest.licensed","I confirm this photo is licensed for this use, as described above.","","","",""
"web-app","admin.blog.rights.attest.publicDomainCc","I confirm this photo is public domain or Creative Commons licensed, as described above.","","","",""
"web-app","admin.blog.rights.attest.tournamentPermission","I confirm the organiser named above gave permission for 8nOut to use this photo.","","","",""
"web-app","admin.blog.err.imageIncomplete","Every image needs alt text and a rights source, plus a consent basis if it shows someone recognisable — check the image details before you save.","","","",""
"web-app","admin.blog.err.imageNotUploaded","This image wasn't uploaded through the editor, so it can't be saved. Only photos added with Insert image get checked for size, type and location data — remove it and upload the photo again.","","","",""
"web-app","admin.blog.review.image.sectionTitle","Images","","","",""
"web-app","admin.blog.review.image.personLabel","Identifiable person","","","",""
"web-app","admin.blog.review.image.consentLabel","Consent basis","","","",""
"web-app","admin.blog.review.image.rightsLabel","Rights","","","",""
"web-app","admin.blog.review.image.eventPolicyFlag","Weakest basis — check the details closely","","","",""
"web-app","admin.blog.review.image.checkHint","Check the photo itself, and whether the consent and rights details given actually hold up — not just that they're filled in.","","","",""
"web-app","admin.blog.review.linksLabel","Links","","","",""
"web-app","admin.blog.help.imagesTitle","Photos, consent and rights","","","",""
"web-app","admin.blog.help.imagesBody","Every inset image needs alt text, and is recorded the same way as authorship and review — other moderators can see who added it, when, and what they attested.","","","",""
"web-app","admin.blog.help.imagesPlacementBody","Posts don't have a separate cover or featured image. Every photo you add here is an inline image — it appears exactly where you insert it in the post body.","","","",""
"web-app","admin.blog.help.imagesConsentBody","If a photo shows someone recognisable, the moderator adding it records how they have that person's permission. ""The event's photo policy covers this"" is the weakest basis — it needs the actual policy named, not general photography signage — so reviewers check it hardest.","","","",""
"web-app","admin.blog.help.imagesRightsBody","Every image also records where it comes from — the moderator's own photo, a licence, public domain or Creative Commons, or tournament photography used with permission — so there's a real record of the right to use it, not just a checkbox.","","","",""
"web-app","admin.blog.help.imagesReviewBody","When you review a post with images, check the photo itself and whether the consent and rights details given actually hold up — not just that the fields are filled in.","","","",""
"web-app","admin.blog.help.imagesRevocationBody","If someone asks for a photo of them to come down, removing it from 8nOut is guaranteed same-day. Anything already cached or archived elsewhere — search engines, browser caches — is best-effort, not something we can promise.","","","",""
"web-app","admin.blog.meta.submittedBy","Submitted by {name}","","","{name}",""
"web-app","admin.blog.meta.submittedAgo","Submitted {ago}","","","{ago}",""
"web-app","admin.blog.meta.editedAgo","Edited {ago}","","","{ago}",""
"web-app","admin.blog.meta.publishedOn","Published {date}","","","{date}",""
"web-app","admin.blog.meta.liveSince","Published {date}","","","{date}",""
"web-app","admin.blog.meta.rejectedByAgo","Rejected by {name}, {ago}","","","{ago}; {name}",""
"web-app","admin.blog.meta.sentBackAgo","Sent back by {name}, {ago}","","","{ago}; {name}",""
"web-app","admin.blog.meta.autosaved","Autosaved {ago}","","","{ago}",""
"web-app","admin.blog.meta.deletedAccount","a deleted account","","","",""
"web-app","admin.blog.searchPlaceholder","Search by title…","","","",""
"web-app","admin.blog.backToPosts","Back to posts","","","",""
"web-app","admin.blog.image.loading","Loading photo…","","","",""
"web-app","admin.blog.image.expired","Preview timed out — reload to see it again.","","","",""
"web-app","admin.blog.image.reload","Reload photo","","","",""
"web-app","admin.blog.err.publishing","This post's photos are still being made public — click Approve & publish again in a moment.","","","",""
"web-app","admin.blog.help.imagesPublishingBody","If Approve & publish says the photos are still being made public, wait a moment and click it again — this finishes on its own, nothing is lost.","","","",""
"web-app","admin.blog.soloPublish.ackHeading","No second reviewer for this post","","","",""
"web-app","admin.blog.soloPublish.ackBody","This post shows someone recognisable or names a member, and you're currently the only moderator on 8nOut. Normally a second moderator checks whether that person would be comfortable appearing here before it publishes — right now, there isn't one to do that.","","","",""
"web-app","admin.blog.soloPublish.ackLabel","I understand I'm the only one making that judgment, and I'm personally accepting responsibility for it — not just on 8nOut's behalf.","","","",""
"web-app","admin.blog.soloPublish.ackLabelStandalone","I'm the only moderator reviewing this post, and I'm personally accepting responsibility for deciding whether the person it shows or names would be comfortable with that.","","","",""
"web-app","admin.blog.soloPublish.waitingNotice","Cooling-off period: {time} left before you can publish this alone. Come back then, or ask another moderator to review it now.","","","{time}",""
"web-app","admin.blog.soloPublish.pillWaiting","Solo review · {time} left","","","{time}",""
"web-app","admin.blog.soloPublish.pillReady","Solo review · ready to publish","","","",""
"web-app","admin.blog.soloPublish.soleModeratorNote","You're currently the only moderator on 8nOut.","","","",""
"web-app","admin.blog.err.soloNotReady","This can't be published solo yet — check the acknowledgment and cooling-off status above, or ask another moderator to review it.","","","",""
"web-app","admin.blog.err.soloCoolingOff","The cooling-off period for solo publishing hasn't finished yet — try again once the timer above reaches zero, or ask another moderator to review it now.","","","",""
"web-app","admin.blog.err.soloSecondModeratorJoined","Another moderator joined since you started this review, so solo publishing isn't available for this post anymore — ask them to review it instead.","","","",""
"web-app","admin.blog.err.selfReviewStale","This post still shows you as its last reviewer — refresh the page and try again, or ask another moderator to pick it up.","","","",""
"web-app","admin.blog.help.soloPublishBody","If you're the only moderator, you can publish a post that shows someone recognisable or names a member — on your own, after a short cooling-off period and a personal acknowledgment that you're the only one checking it. This is recorded the same way as everything else here, and stops being available the moment a second moderator joins.","","","",""
"web-app","admin.blog.classify.title","Before you submit","","","",""
"web-app","admin.blog.classify.question","Does this post name, quote, describe the result of, or otherwise let a reader identify a specific real member — beyond general references to the community?","","","",""
"web-app","admin.blog.classify.questionHint","Naming someone, quoting them, giving their match result, or describing them clearly enough that a reader would know who it is — all count, even without a photo. A general mention of the community, or an unnamed player, doesn't. Not sure? Choose Yes.","","","",""
"web-app","admin.blog.classify.confirm","Submit for review","","","",""
"web-app","admin.blog.classify.cancel","Cancel","","","",""
"web-app","presence.activeNow","Who's online","Wie is online","","",""
"web-app","presence.seeAll","See all","Alles bekijken","","",""
"web-app","presence.cityListTitle","Online in {city}","Online in {city}","","{city}",""
"web-app","presence.loadMore","Load more","Meer laden","","",""
"web-app","presence.noneActiveSub","Check back soon — players show up as they get to a table.","Kom straks terug — spelers verschijnen zodra ze aan een tafel staan.","","",""
"web-app","presence.online","In the app now","Nu in de app","","",""
"web-app","presence.recentlyActive","Active earlier today","Eerder vandaag actief","","",""
"web-app","presence.you","You","Jij","","",""
"web-app","presence.youInvisible","You · invisible","Jij · onzichtbaar","","",""
"web-app","presence.goInvisible","Go invisible","Onzichtbaar worden","","",""
"web-app","presence.goInvisibleSub","Hides your online status, your Open-to-play badge, and ""in the club"" from everyone — including your connections.","","","",""
"web-app","presence.goInvisibleFooter","While you're invisible: no one sees you as online, open to play, or in the club — not even your connections. Your club won't get a notification when you log on, either. It also clears any ""in the club"" status straight away. Turn invisibility off and your Open-to-play setting comes back as it was — but ""in the club"" doesn't return on its own. If you're still there, set it again. Your club pins and profile stay on the map the whole time.","","","",""
"web-app","presence.invisibleOwnerNote","You're invisible right now — others don't see you as online or open to play.","Je bent nu onzichtbaar — anderen zien je niet als online of open om te spelen.","","",""
"web-app","presence.firstNoticeHeading","You're now visible as active","Je bent nu zichtbaar als actief","","",""
"web-app","presence.firstNoticeBody","8nOut now shows other signed-in members when you're active — a simple ""online"" or ""recently active"" status next to your map pin, so people can see who's around for a game. It is never your location and is never shown to the public. It's on by default; you can turn it off for everyone, at any time, with Go invisible. See the Privacy Policy for details.","8nOut laat andere ingelogde leden nu zien wanneer je actief bent — een eenvoudige status ""online"" of ""recent actief"" naast je kaartpositie, zodat mensen kunnen zien wie er is voor een spel. Het is nooit je locatie en wordt nooit aan het publiek getoond. Het staat standaard aan; je kunt het op elk moment voor iedereen uitzetten met Onzichtbaar worden. Zie het Privacybeleid voor details.","","",""
"web-app","presence.firstNoticeDismiss","Got it","Oké","","",""
"web-app","presence.gotIt","Got it","Begrepen","","",""
"web-app","presence.globalOnlineLabel","Online now","Nu online","","",""
"web-app","presence.globalCountA11y.one","1 player online across 8nOut right now","1 speler is nu online op 8nOut","","",""
"web-app","presence.globalCountA11y.other","{count} players online across 8nOut right now","{count} spelers zijn nu online op 8nOut","","{count}",""
"web-app","presence.activeGamesLabel","Active games","","","",""
"web-app","presence.activeGamesCountA11y.one","{count} live scoreboard game in progress right now","","","{count}",""
"web-app","presence.activeGamesCountA11y.other","{count} live scoreboard games in progress right now","","","{count}",""
"web-app","presence.activeGamesCountA11yZero","No live scoreboard games in progress right now","","","",""
"web-app","presence.cityOnlineHeader","Who's online in {city}","Wie is online in {city}","","{city}",""
"web-app","presence.cityUnsetPrompt","Set your city to see who's online near you","Stel je plaats in om te zien wie er online is in de buurt","","",""
"web-app","presence.cityEmpty","No one's online in {city} right now","Er is nu niemand online in {city}","","{city}",""
"web-app","presence.zoomOutHint","Zoom out for more clubs","Zoom uit voor meer clubs","","",""
"web-app","presence.nearMeClubHeader","My clubs","Mijn clubs","","",""
"web-app","presence.nearMeCityHeader","In {city}","In {city}","","{city}",""
"web-app","presence.nearMeEmpty","No one's online in your clubs or in {city} right now","Er is nu niemand online in je clubs of in {city}","","{city}",""
"web-app","presence.nearMeDistanceA11yBelowOne","less than 1 kilometer away","minder dan 1 kilometer verderop","","",""
"web-app","presence.nearMeDistanceA11y.one","approximately 1 kilometer away","ongeveer 1 kilometer verderop","","",""
"web-app","presence.nearMeDistanceA11y.other","approximately {count} kilometers away","ongeveer {count} kilometer verderop","","{count}",""
"web-app","presence.nearMeAddClubNudge","Add a club to see players from your regular spots too","Club toevoegen om ook spelers van je vaste clubs te zien","","",""
"web-app","availability.setButton","I'm in the club","","","",""
"web-app","availability.pickerTitle","Which club, and for how long?","","","",""
"web-app","availability.pickerVenueLabel","Club","","","",""
"web-app","availability.pickerVenueEmpty","You haven't added a club yet — add one first, then you can show as in the club.","","","",""
"web-app","availability.pickerDurationLabel","Until","","","",""
"web-app","availability.duration.1h","1 hour","","","",""
"web-app","availability.duration.3h","3 hours","","","",""
"web-app","availability.duration.8h","8 hours","","","",""
"web-app","availability.firstNoticeHeading","Before you show as ""in the club""","","","",""
"web-app","availability.firstNoticeBody","You'll show as at **{venue}** until **{time}**. Your accepted connections will see this — no one else. Clear it in one tap any time, and it clears itself automatically once the time's up. It's entirely optional, and you can stop using it whenever you like.","","","{time}; {venue}",""
"web-app","availability.confirmButton","Show me as in the club","","","",""
"web-app","availability.statusLabel","At {venue} until {time}","","","{time}; {venue}",""
"web-app","availability.statusLabelA11y","In the club at {venue} until {time}","","","{time}; {venue}",""
"web-app","availability.clear","Clear","","","",""
"web-app","availability.invisibleDisabled","Turn off Go invisible to set this.","","","",""
"web-app","availability.repeatNotice","Visible to your connections only. Clear anytime.","","","",""
"web-app","availability.saveError","Couldn't save — check your connection and try again.","","","",""
"web-app","venue.inClubUntil","In the club until {time}","","","{time}",""
"web-app","venue.connectionsHereA11y","{count} of your connections here now","","","{count}",""
"web-app","availability.playingNoticeHeading","Before you confirm you're playing","Voordat je bevestigt dat je speelt","","",""
"web-app","availability.playingNoticeBodyOwner","Confirming shows you and **{name}** playing together, at **{venue}** until **{time}** — on your own club pin, that club's list, and the City list. Only members connected to **both of you** can see it, a smaller group than who sees you're in the club. {name} confirms separately, and nothing shows until they have too. End it in one tap, any time. It's optional — skip it and your own ""in the club"" status (if you have one) stays exactly as it is. One more thing: confirming replaces any ""in the club"" status you currently have — it ends the moment you confirm here. You can only be in one place at a time.","Bevestigen laat zien dat jij en **{name}** samen spelen — bij **{venue}** tot **{time}** — op je eigen clubpin, in de lijst van die club en in de stadslijst. Alleen leden die met **jullie allebei** verbonden zijn, zien dit — een kleinere groep dan wie ziet dat je in de club bent. {name} bevestigt apart, en er wordt niets getoond totdat {name} dat ook heeft gedaan. Stop er op elk moment mee met één tik. Het is optioneel — sla je het over, dan blijft je ""in de club""-status (als je die hebt) precies zoals hij is. Nog iets: bevestigen vervangt je huidige ""in de club""-status — die stopt op het moment dat je hier bevestigt. Je kunt namelijk maar op één plek tegelijk zijn.","","{name}; {time}; {venue}",""
"web-app","availability.playingNoticeBodyGuest","Confirming shows you and **{name}** playing together, at **{venue}** until **{time}** — on the City list, to members connected to **both of you**. You won't get a pin at {venue} — that's {name}'s club, not yours. {name} confirms separately, and nothing shows until they have too. End it in one tap, any time. It's optional — skip it and your own ""in the club"" status (if you have one) stays exactly as it is. One more thing: confirming replaces any ""in the club"" status you currently have — it ends the moment you confirm here. You can only be in one place at a time.","Bevestigen laat zien dat jij en **{name}** samen spelen — bij **{venue}** tot **{time}** — in de stadslijst, voor leden die met **jullie allebei** verbonden zijn. Je krijgt geen pin bij {venue} — die club is van {name}, niet van jou. {name} bevestigt apart, en er wordt niets getoond totdat {name} dat ook heeft gedaan. Stop er op elk moment mee met één tik. Het is optioneel — sla je het over, dan blijft je ""in de club""-status (als je die hebt) precies zoals hij is. Nog iets: bevestigen vervangt je huidige ""in de club""-status — die stopt op het moment dat je hier bevestigt. Je kunt namelijk maar op één plek tegelijk zijn.","","{name}; {time}; {venue}",""
"web-app","availability.playingReminderOwner","On your club pin and the City list, to connections of both of you. End it anytime.","Op je clubpin en in de stadslijst, voor wie met jullie allebei verbonden is. Stop op elk moment.","","",""
"web-app","availability.playingReminderGuest","On the City list only, to connections of both of you. End it anytime.","Alleen in de stadslijst, voor wie met jullie allebei verbonden is. Stop op elk moment.","","",""
"web-app","availability.confirmPlayingButton","Confirm you're playing","Spelen bevestigen","","",""
"web-app","availability.playingStatusLabel","Playing with {name} at {venue} until {time}","Speelt met {name} bij {venue} tot {time}","","{name}; {time}; {venue}",""
"web-app","availability.playingStatusLabelA11y","Playing with {name} at {venue} until {time}","Speelt met {name} bij {venue} tot {time}","","{name}; {time}; {venue}",""
"web-app","availability.waitingForPartner","You've confirmed. Waiting for {name} to confirm too.","Je hebt bevestigd. Wachten op bevestiging van {name}.","","{name}",""
"web-app","availability.endPlayingButton","We're done","Klaar","","",""
"web-app","availability.stillPlayingButton","Still playing","Doorspelen","","",""
"web-app","venue.playingUntil","Playing with {name} until {time}","Speelt met {name} tot {time}","","{name}; {time}",""
"web-app","availability.playingFallback","Playing at {venue} until {time}","","","{time}; {venue}",""
"web-app","venue.playingFallback","Playing until {time}","","","{time}",""
"web-app","connections.sentHeading","Sent requests","Verzonden verzoeken","","",""
"web-app","connections.awaitingReply","Waiting for a reply","Wacht op antwoord","","",""
"web-app","connections.withdraw","Withdraw","Intrekken","","",""
"web-app","connections.remove","Remove","Verwijderen","","",""
"web-app","connections.removeConfirm","Remove connection","Connectie verwijderen","","",""
"web-app","connections.removeExplain","You'll lose each other's contact details, and any address shared for a game.","Jullie verliezen elkaars contactgegevens, en een adres dat voor een partij is gedeeld.","","",""
"web-app","connections.playNowConfirmTitle","Play now at {place}?","Nu spelen bij {place}?","","{place}",""
"web-app","connections.playNowChangePlace","Choose a different place","Een andere plek kiezen","","",""
"web-app","blocked.title","Blocked players","Geblokkeerde spelers","","",""
"web-app","blocked.unblock","Unblock","Deblokkeren","","",""
"web-app","blocked.explain","Blocked players can't see you on the map and can't contact you. They aren't told.","Geblokkeerde spelers zien je niet op de kaart en kunnen geen contact opnemen. Ze krijgen geen melding.","","",""
"web-app","locationShares.title","Who has my address","Wie heeft mijn adres","","",""
"web-app","locationShares.empty","Nobody has your exact address right now.","Op dit moment heeft niemand je exacte adres.","","",""
"web-app","locationShares.footer","These players can see your exact address. You share it for a set time, and can stop sooner.","Deze spelers zien je exacte adres. Je deelt het voor een beperkte tijd en kunt eerder stoppen.","","",""
"web-app","locationShares.ends","Ends {relative} · {absolute}","Eindigt {relative} · {absolute}","","{absolute}; {relative}",""
"web-app","locationShares.noExpiry","No end time","Geen eindtijd","","",""
"web-app","locationShares.stopSharing","Stop sharing","Niet meer delen","","",""
"web-app","locationShares.stopped","You stopped sharing your address.","Je deelt je adres niet meer.","","",""
"web-app","clubs.venueWarning","Add a public pool club — not a home or private address.","Voeg een openbare poolclub toe — geen woning of privéadres.","","",""
"web-app","onboarding.finishLater","Finish later","Later afmaken","","",""
"web-app","onboarding.next","Next","Volgende","","",""
"web-app","onboarding.stepCount","{current} of {total}","{current} van {total}","","{current}; {total}",""
"web-app","onboarding.stepCountA11y","Question {current} of {total}","Vraag {current} van {total}","","{current}; {total}",""
"web-app","onboarding.rackDoneA11y","All {total} answered","Alle {total} beantwoord","","{total}",""
"web-app","onboarding.name.q","What name do you play under?","Onder welke naam speel je?","","",""
"web-app","onboarding.name.why","This is the name on your row in a club's list, and the name other players search by.","Dit is de naam op je regel in de lijst van een club, en de naam waarop andere spelers zoeken.","","",""
"web-app","onboarding.name.label","Your name","Je naam","","",""
"web-app","onboarding.name.hint","One word is fine — plenty of players here go by a handle.","Eén woord is prima — veel spelers hier gebruiken een bijnaam.","","",""
"web-app","onboarding.firstLast.q","What's your first and last name?","Wat zijn je voor- en achternaam?","","",""
"web-app","onboarding.firstLast.why","Helps us prepare for a possible future ratings lookup and for sorting the player list by name. Other members can see it, like the rest of your profile.","Helpt ons ons voor te bereiden op een mogelijke toekomstige ratingopzoekfunctie en op het sorteren van de spelerslijst op naam. Andere leden kunnen dit zien, net als de rest van je profiel.","","",""
"web-app","onboarding.firstLast.firstLabel","First name","Voornaam","","",""
"web-app","onboarding.firstLast.lastLabel","Last name","Achternaam","","",""
"web-app","onboarding.firstLast.hint","This is separate from the name you play under — your display name doesn't change.","Dit staat los van de naam waaronder je speelt — je weergavenaam verandert niet.","","",""
"web-app","onboarding.city.q","Which country and town do you play in?","In welk land en welke plaats speel je?","","",""
"web-app","onboarding.city.why","Players filter the map by country and town. Without yours, you're hard to find.","Spelers filteren de kaart op land en plaats. Zonder die van jou ben je moeilijk te vinden.","","",""
"web-app","onboarding.club.q","Which club do you play at?","Bij welke club speel je?","","",""
"web-app","onboarding.club.why","Your name goes on that club's list — the same list you see when you open a club on the map.","Je naam komt op de lijst van die club — dezelfde lijst die je ziet als je op de kaart een club opent.","","",""
"web-app","onboarding.club.notListedBody","Clubs are added by the community, so yours may not be here yet. Add it and we'll check it — it goes on the map once it's approved.","Clubs worden door de community toegevoegd, dus die van jou staat er misschien nog niet bij. Voeg hem toe, dan bekijken wij hem — zodra hij is goedgekeurd, staat hij op de kaart.","","",""
"web-app","onboarding.club.exitHint","Not sure yet? Finish later","Nog niet zeker? Later afmaken","","",""
"web-app","clubs.errorFailed","Couldn't add that club just now. Try again.","Die club kon nu even niet worden toegevoegd. Probeer het opnieuw.","","",""
"web-app","clubs.errorRejected","{venue} wasn't added to the map. Pick a club that's already on the map instead.","{venue} is niet op de kaart gezet. Kies in plaats daarvan een club die al op de kaart staat.","","{venue}",""
"web-app","clubs.errorCap","Three clubs is the limit. Remove one first, then you can add this one.","Drie clubs is het maximum. Verwijder er eerst een, dan kun je deze toevoegen.","","",""
"web-app","clubs.errorDuplicate","You've already got that club. Search for another one if you play somewhere else too.","Die club heb je al. Zoek een andere als je ook ergens anders speelt.","","",""
"web-app","onboarding.payoff.headline","You're on the list at {venue}","Je staat op de lijst bij {venue}","","{venue}",""
"web-app","onboarding.payoff.headlineFirst","You're first on the list at {venue}","Jij bent de eerste op de lijst bij {venue}","","{venue}",""
"web-app","onboarding.payoff.seat","Players who add this club appear here.","Spelers die deze club toevoegen, verschijnen hier.","","",""
"web-app","onboarding.payoff.toggleCaption","Turn it on and your row here reads Ready to play. So does your public profile, which anyone with the link can open, signed in or not. You're on the list either way.","Zet je dit aan, dan staat er op je regel hier Klaar om te spelen. Op je openbare profiel ook — dat kan iedereen met de link openen, ingelogd of niet. Op de lijst sta je hoe dan ook.","","",""
"web-app","onboarding.payoff.andMore","and {count} more","en nog {count}","","{count}",""
"web-app","onboarding.payoff.rosterFailed","Couldn't load the rest of the list.","De rest van de lijst kon niet worden geladen.","","",""
"web-app","onboarding.payoff.toggleFailed","Couldn't change that just now. Try again.","Dat lukte nu even niet. Probeer het opnieuw.","","",""
"web-app","onboarding.pending.headline","Thanks — we'll check {venue}","Bedankt — we bekijken {venue}","","{venue}",""
"web-app","onboarding.pending.body","It's on your clubs already. Once it's approved, the club goes on the map and your name is on its list. Until then, you're not on any club's list.","Hij staat al bij jouw clubs. Zodra hij is goedgekeurd, komt de club op de kaart en staat je naam op de lijst. Tot die tijd sta je op geen enkele clublijst.","","",""
"web-app","onboarding.pending.whereToCheck","You can check on it any time under Clubs on your profile.","Je kunt het altijd bekijken onder Clubs in je profiel.","","",""
"web-app","onboarding.payoff.toggleCaptionPending","Turn it on and your name carries Ready to play in player search and on your public profile, which anyone with the link can open, signed in or not.","Zet je dit aan, dan staat Klaar om te spelen bij je naam in het zoeken naar spelers en op je openbare profiel — dat kan iedereen met de link openen, ingelogd of niet.","","",""
"web-app","onboarding.rejected.headlineOne","{venue} wasn't added to the map","{venue} is niet op de kaart gezet","","{venue}",""
"web-app","onboarding.rejected.headlineMany","{count} of your clubs weren't added to the map","{count} van je clubs zijn niet op de kaart gezet","","{count}",""
"web-app","onboarding.rejected.body","It's still on your profile, but you're not on any club's list. Pick a club that's already on the map and you're on its list straight away.","Hij staat nog in je profiel, maar je staat op geen enkele clublijst. Kies een club die al op de kaart staat, dan sta je meteen op de lijst.","","",""
"web-app","onboarding.rejected.bodyMany","They're still on your profile, but you're not on any club's list. Pick a club that's already on the map and you're on its list straight away.","Ze staan nog in je profiel, maar je staat op geen enkele clublijst. Kies een club die al op de kaart staat, dan sta je meteen op de lijst.","","",""
"web-app","onboarding.rejected.reason","Reason: {reason}","Reden: {reason}","","{reason}",""
"web-app","onboarding.rejected.removeConfirm","Remove {venue} from your clubs?","{venue} uit je clubs verwijderen?","","{venue}",""
"web-app","onboarding.rejected.removeExplain","This takes it off your profile. Nothing else changes.","Daarmee verdwijnt hij uit je profiel. Verder verandert er niets.","","",""
"web-app","onboarding.cuescore.title","Play on CueScore?","Speel je op CueScore?","","",""
"web-app","onboarding.cuescore.replaceNotice","Your CueScore name and photo become your 8nOut name and photo.","Je CueScore-naam en -foto worden je naam en foto op 8nOut.","","",""
"web-app","onboarding.cuescore.linkedChip","CueScore linked","CueScore gekoppeld","","",""
"web-app","onboarding.cuescore.replacedName","You're {name} now","Je bent nu {name}","","{name}",""
"web-app","onboarding.cuescore.replacedBody","That's the name on your row, in player search, and on your profile.","Dat is voortaan de naam op je regel, in het zoeken naar spelers en op je profiel.","","",""
"web-app","onboarding.playsAt.title","Where do you usually play?","Waar speel je meestal?","","",""
"web-app","onboarding.playsAt.club","At a club","Bij een club","","",""
"web-app","onboarding.playsAt.home","At home","Thuis","","",""
"web-app","onboarding.playsAt.both","Both","Allebei","","",""
"web-app","onboarding.playsAt.notice","Helps us decide whether to build a home-table feature. It's private, and skipping changes nothing else about your account. If you already have one, it stays visible to your connections only — never public.","Helpt ons te beslissen of we een functie voor een eigen tafel moeten bouwen. Dit blijft privé, en overslaan verandert verder niets aan je account. Heb je er al een, dan blijft die alleen zichtbaar voor je connecties — nooit openbaar.","","",""
"web-app","onboarding.playsAt.save","Save","Opslaan","","",""
"web-app","onboarding.playsAt.skip","Skip for now","Nu overslaan","","",""
"web-app","onboarding.banner.title","Finish setting up","Profiel afmaken","","",""
"web-app","onboarding.banner.missing.name","Without a name, nobody can tell who you are in a club's list or in search.","Zonder naam kan niemand zien wie je bent in een clublijst of in het zoeken.","","",""
"web-app","onboarding.banner.missing.firstLast","Without your first and last name, you won't be included when ratings lookup and name-based sorting are ready.","Zonder je voor- en achternaam doe je niet mee zodra de ratingopzoekfunctie en het sorteren op naam klaar zijn.","","",""
"web-app","onboarding.banner.missing.club","You're not on any club's list yet, so nobody finds you when they open a club on the map.","Je staat nog op geen enkele clublijst, dus niemand vindt je als iemand op de kaart een club opent.","","",""
"web-app","onboarding.banner.cta.name","Add your name","Naam toevoegen","","",""
"web-app","onboarding.banner.cta.firstLast","Add your full name","Volledige naam toevoegen","","",""
"web-app","onboarding.banner.cta.city","Add your town","Plaats toevoegen","","",""
"web-app","onboarding.banner.notNow","Not now","Niet nu","","",""
"web-app","onboarding.banner.quiet","Setup unfinished","Instellen niet afgerond","","",""
"web-app","onboarding.banner.quietCta","Finish","Afmaken","","",""
"web-app","onboarding.banner.rejectedCta","Find your club","Zoek je club","","",""
"web-app","help.title","Help","Help","","",""
"web-app","help.search","Search help…","Zoek in de help…","","",""
"web-app","help.noResults","No answers for ""{q}""","Geen antwoorden voor ""{q}""","","{q}",""
"web-app","help.noResultsSub","Try another word, or write to us.","Probeer een ander woord, of schrijf ons.","","",""
"web-app","help.allHelp","All help","Terug naar Help","","",""
"web-app","help.related","Related","Zie ook","","",""
"web-app","help.englishShots","These screenshots are in English. Your app itself is in whichever language you've chosen.","","","",""
"web-app","help.stillStuck","Still stuck?","Kom je er niet uit?","","",""
"web-app","help.emailUs","Email us","Mail ons","","",""
"web-app","help.heading","How can we help?","","","",""
"web-app","help.subline","Short answers to the questions players ask most.","","","",""
"web-app","help.empty","No answers are published yet.","","","",""
"web-app","account.signedInWith","Signed in with","Ingelogd met","","",""
"web-app","receipts.notice.title","Read receipts are here","Leesbevestigingen zijn er","","",""
"web-app","receipts.notice.sectionA.kicker","How it works","","","",""
"web-app","receipts.notice.sectionA.body","When you and a connection both have this on, you'll see when your message has been read — and they'll see the same about yours. Turn it off any time; nothing else about chat changes.","Als jij en een connectie dit allebei aan hebben staan, zie je wanneer je bericht is gelezen — en zij zien hetzelfde bij jou. Zet het op elk moment uit; verder verandert er niets aan de chat.","","",""
"web-app","receipts.toggle.label","Read receipts","Leesbevestigingen","","",""
"web-app","receipts.toggle.sub","Only works when the other person has it on too.","Werkt alleen als de ander het ook aan heeft staan.","","",""
"web-app","receipts.notice.sectionB.kicker","One quick question","Nog één korte vraag","","",""
"web-app","receipts.notice.sectionB.body","Which age group are you in? We use this only to set your read-receipts default — nothing else changes.","In welke leeftijdsgroep zit je? Dit gebruiken we alleen om je standaardinstelling voor leesbevestigingen te bepalen — verder verandert er niets.","","",""
"web-app","receipts.ageband.1617","16 or 17","16 of 17","","",""
"web-app","receipts.ageband.18plus","18 or older","18 of ouder","","",""
"web-app","receipts.ageband.decline","Prefer not to say","Zeg ik liever niet","","",""
"web-app","receipts.ageband.reassure","You can skip this — read receipts just stay off for you either way.","Je kunt dit overslaan — leesbevestigingen blijven voor jou dan gewoon uit.","","",""
"web-app","receipts.notice.continue","Continue","Doorgaan","","",""
"web-app","receipts.settings.upgradeRow.label","I'm 18 or older now","Ik ben nu 18 of ouder","","",""
"web-app","receipts.settings.upgradeRow.sub","Updates your age group on file.","Werkt je geregistreerde leeftijdsgroep bij.","","",""
"web-app","receipts.settings.upgradeRow.button","Update","Bijwerken","","",""
"web-app","receipts.settings.footer","Read receipts only work when you and the other person both have them on. Turn yours off and it stops for both of you straight away.","Leesbevestigingen werken alleen als jij en de ander ze allebei aan hebben staan. Zet die van jou uit, en het stopt meteen voor jullie allebei.","","",""
"web-app","receipts.readMark","Read","Gelezen","","",""
"web-app","typing.toggle.label","Typing indicators","Typindicator","","",""
"web-app","typing.toggle.sub","Only works when the other person has it on too.","Werkt alleen als de ander het ook aan heeft staan.","","",""
"web-app","typing.settings.footer","Turning this on lets the person you're messaging see, in real time, when you're typing a reply to them. Typing indicators only work when you and the other person both have them on. Turn yours off and it stops for both of you straight away.","Als je dit aanzet, ziet degene met wie je chat in realtime wanneer je een bericht aan het typen bent. De typindicator werkt alleen als jij en de ander hem allebei aan hebben staan. Zet die van jou uit, en het stopt meteen voor jullie allebei.","","",""
"web-app","clubAlerts.toggle.label","Club alerts","","","",""
"web-app","clubAlerts.toggle.sub","Notified when someone at one of your clubs comes online.","","","",""
"web-app","ladder.pending.joinDisclosureArchive","When a season ends, the standings are saved exactly as they stood — with your name — and that stays true even if you leave the ladder later. You can ask to appear as “Former member” instead, any time.","Als een seizoen eindigt, wordt de ranglijst precies bewaard zoals die stond — met je naam — en dat blijft zo, ook als je later de ladder verlaat. Je kunt op elk moment vragen om in plaats daarvan als ""Voormalig lid"" te worden weergegeven.","","",""
"web-app","ladder.pending.joinDisclosurePrint","Any member can export the standings — including to put up on a noticeboard at a club.","Elk lid kan de ranglijst exporteren — ook om op te hangen op het mededelingenbord van een club.","","",""
"web-app","ladder.pending.exportStamp","Standings as of {date} — current standings live in the 8nOut app. This sheet doesn't update.","Stand per {date} — de actuele ranglijst vind je in de 8nOut-app. Dit blad wordt niet bijgewerkt.","","{date}",""
"web-app","ladder.pending.leaveArchivePermanence","This doesn't touch your past seasons. Leaving removes you from the current board, not your history. Saved standings from earlier seasons still show your name — unless you also switch on “Former member” below.","Dit raakt je eerdere seizoenen niet. Als je de ladder verlaat, verdwijn je van de huidige ranglijst — niet uit je geschiedenis. Bewaarde ranglijsten van eerdere seizoenen tonen nog steeds je naam — tenzij je hieronder ook ""Voormalig lid"" aanzet.","","",""
"web-app","ladder.heading","City Ladder","","","",""
"web-app","ladder.card.loadError","Couldn't load your ladder standing.","","","",""
"web-app","ladder.card.seeBoard","See the board","","","",""
"web-app","ladder.card.seeBoardCount","See the board · {n} ranked","","","{n}",""
"web-app","ladder.card.footer","Your rating moves when you and another {city} member log a match together.","","","{city}",""
"web-app","ladder.card.eligible","The {city} Ladder is open to you","","","{city}",""
"web-app","ladder.card.eligibleSub","You're in {city} and you play at a club here — that's all it takes.","Je zit in {city} en speelt hier bij een club — meer is niet nodig.","","{city}",""
"web-app","ladder.card.join","Join the {city} Ladder","Word lid van de {city} Ladder","","{city}",""
"web-app","ladder.card.noClub","The {city} Ladder is for players with a club in the city","De {city} Ladder is voor spelers met een club in de stad","","{city}",""
"web-app","ladder.card.noClubSub","Add the room you play at and it opens up. Clubs are checked before they count.","","","",""
"web-app","ladder.card.noCity","Ladders are running in {list}. Nothing in {city} yet.","Er zijn al ladders actief in {list}. Nog niet in {city}.","","{city}; {list}",""
"web-app","ladder.card.forgetHeadline","Your name is on past season boards","Je naam staat op eerdere seizoenstabellen","","",""
"web-app","ladder.card.forgetSub","You've left the ladder, but those boards still carry your name. Change how you appear, any time.","Je hebt de ladder verlaten, maar die tabellen tonen je naam nog steeds. Je kunt op elk moment wijzigen hoe je wordt weergegeven.","","",""
"web-app","ladder.fig.rank","Rank","","","",""
"web-app","ladder.fig.rating","Rating","","","",""
"web-app","ladder.fig.matches","Matches","","","",""
"web-app","ladder.fig.yourRating","Your rating","","","",""
"web-app","ladder.fig.yourRatingKept","Your rating, kept","","","",""
"web-app","ladder.fig.finished","Finished","","","",""
"web-app","ladder.fig.ratingThen","Rating then","","","",""
"web-app","ladder.state.notRankedChip","{city} · not ranked yet","","","{city}",""
"web-app","ladder.state.hiddenChip","{city} · off the board for now","{city} · nu niet op de ranglijst","","{city}",""
"web-app","ladder.state.unranked","You're on the ladder — you're not on the board yet. Play a match with another {city} member and log it, and your name appears here.","Je staat op de ladder — alleen nog niet op de ranglijst. Speel een partij met een ander {city}-lid en leg die vast, en je naam verschijnt hier.","","{city}",""
"web-app","ladder.state.hidden","You're not on the board right now. It shows players who've played in the last 60 days — your last was {date}. Log one match and you're straight back in at {rating}.","Je staat nu niet op de ranglijst. Die toont spelers die de afgelopen 60 dagen hebben gespeeld — jouw laatste keer was {date}. Leg één partij vast en je staat meteen weer op {rating}.","","{date}; {rating}",""
"web-app","ladder.state.hiddenNoDate","You're not on the board right now. It shows players who've played in the last 60 days. Log one match and you're straight back in at {rating}.","Je staat nu niet op de ranglijst. Die toont spelers die de afgelopen 60 dagen hebben gespeeld. Leg één partij vast en je staat meteen weer op {rating}.","","{rating}",""
"web-app","ladder.board.title","{city} Ladder","","","{city}",""
"web-app","ladder.board.season","Season","","","",""
"web-app","ladder.board.currentSeason","Current season","","","",""
"web-app","ladder.board.finalStandings","Final standings · {label}","","","{label}",""
"web-app","ladder.board.closedOn","Closed {date}","","","{date}",""
"web-app","ladder.board.loadError","Couldn't load the {city} board.","","","{city}",""
"web-app","ladder.board.empty","Nobody in {city} has logged a qualifying match yet. Play one with another member here and you'll both be on it.","","","{city}",""
"web-app","ladder.board.emptyArchive","Nothing was saved for your city in this season.","","","",""
"web-app","ladder.board.showMore","Show more","","","",""
"web-app","ladder.board.footer","{n} players ranked. Players who haven't played in 60 days aren't shown.","","","{n}",""
"web-app","ladder.board.archiveFooter","A saved picture of the board on {date}. It doesn't change.","","","{date}",""
"web-app","ladder.col.player","Player","","","",""
"web-app","ladder.col.rating","Rating","","","",""
"web-app","ladder.col.played","Played","","","",""
"web-app","ladder.you","You","","","",""
"web-app","ladder.plate.you","You","","","",""
"web-app","ladder.plate.notInSeason","You weren't on this season's board.","","","",""
"web-app","ladder.join.title","Join the ladder","","","",""
"web-app","ladder.join.fromProfile","From your profile","","","",""
"web-app","ladder.join.seeTitle","Other {city} members will see you","","","{city}",""
"web-app","ladder.join.seeBody","Your name, your position and your rating — nobody else, no other city.","","","",""
"web-app","ladder.join.archiveTitle","Season boards are saved permanently","Seizoensranglijsten blijven permanent bewaard","","",""
"web-app","ladder.join.printTitle","The board can be printed and pinned up","De ranglijst kan worden geprint en opgehangen","","",""
"web-app","ladder.join.startingRating","Everyone starts at 1500. It moves with your results — quickly at first, then more slowly as it settles.","","","",""
"web-app","ladder.join.cta","Join the {city} Ladder","","","{city}",""
"web-app","ladder.leave.cta","Leave the {city} Ladder","","","{city}",""
"web-app","ladder.leave.title","Leave the ladder","","","",""
"web-app","ladder.leave.what","You come off the {city} board and your rating stops moving.","","","{city}",""
"web-app","ladder.leave.rating","Your rating isn't kept. If you join again later you'd start over at 1500, like everyone new.","Je rating blijft niet bewaard. Als je later opnieuw meedoet, begin je weer op 1500 — net als iedereen die nieuw is.","","",""
"web-app","ladder.leave.notDeletion","Your match record, your clubs and your account are untouched. This isn't account deletion.","","","",""
"web-app","ladder.leave.pastSeasons","Past seasons","","","",""
"web-app","ladder.leave.forget","Show me as “Former member”","Toon als ""Voormalig lid""","","",""
"web-app","ladder.leave.forgetSub","Your positions and ratings stay in place; your name doesn't appear next to them.","Je posities en ratings blijven staan; je naam verschijnt er niet meer naast.","","",""
"web-app","ladder.leave.confirm","Leave the {city} Ladder","","","{city}",""
"web-app","ladder.forget.cta","How my name appears in past seasons","Hoe mijn naam in eerdere seizoenen verschijnt","","",""
"web-app","ladder.forget.done","Done — past season boards now show you as “Former member”.","Klaar — eerdere seizoensranglijsten tonen je nu als ""Voormalig lid"".","","",""
"web-app","ladder.forget.confirmTitle","Show me as “Former member” on past season boards","Toon als ""Voormalig lid"" op eerdere seizoensranglijsten","","",""
"web-app","ladder.forget.confirmBody","Your positions and ratings stay in place; your name doesn't appear next to them. This doesn't take you off the ladder.","Je posities en ratings blijven staan; je naam verschijnt er niet meer naast. Je verdwijnt hierdoor niet van de ladder.","","",""
"web-app","ladder.export.cta","Export board","","","",""
"web-app","ladder.export.title","Export the board","","","",""
"web-app","ladder.export.snapshot","A dated picture of the board as it stands right now. It's a snapshot, not a link — whoever you give it to sees this moment only, and it won't update.","","","",""
"web-app","ladder.export.droppedColumn","Last-played dates are left off the printed board. Rank, name and rating only.","","","",""
"web-app","ladder.export.print","Save or print","","","",""
"web-app","ladder.print.kicker","One Pocket · 8nOut","","","",""
"web-app","ladder.print.title","{city} City Ladder","","","{city}",""
"web-app","ladder.print.current","Current standings","","","",""
"web-app","ladder.print.finalStandings","Final standings · {label}","","","{label}",""
"web-app","ladder.print.twoDates","Final standings · closed {closed} — exported {exported}","Eindstand · gesloten {closed} — geëxporteerd {exported}","","{closed}; {exported}",""
"web-app","ladder.rules.entry","How the rating works","Zo werkt de rating","","",""
"web-app","ladder.rules.where","Everyone starts at 1500. When you and another member of your city's ladder log a match together, the winner's rating goes up and the loser's goes down.","","","",""
"web-app","ladder.rules.gap","Beating someone rated well above you moves your rating more than beating someone close to you. Losing to someone well below you costs more than losing to someone close.","","","",""
"web-app","ladder.rules.speed","Your rating moves quickly over your first several matches, then settles down as it finds your level.","","","",""
"web-app","ladder.rules.recency","The board shows players who've played in the last 60 days. If you go quiet you come off it — your rating is kept exactly as it was, and one match puts you straight back.","","","",""
"web-app","ladder.rules.counts","Any match you log with another member of the same city's ladder counts, however you log it: by hand, from the live scoreboard, or imported from CueScore. Matches against anyone else don't move your rating.","","","",""
"web-app","ladder.error.wrongCity","That ladder is for players whose home town is that city.","","","",""
"web-app","ladder.error.noApprovedClub","You need a club in that city before you can join. Clubs are checked before they count.","","","",""
"web-app","ladder.error.cityClosed","That ladder isn't taking new members right now.","","","",""
"web-app","admin.nav.ladder","Ladder","","","",""
"web-app","admin.ladder.cities","Cities","","","",""
"web-app","admin.ladder.addCity","Add a city","","","",""
"web-app","admin.ladder.city","City","","","",""
"web-app","admin.ladder.country","Country","","","",""
"web-app","admin.ladder.members","Members","","","",""
"web-app","admin.ladder.ranked","Ranked","","","",""
"web-app","admin.ladder.openToJoin","Open to join","","","",""
"web-app","admin.ladder.closedNote","Members stay enrolled when a city is closed to joining; their board keeps working.","","","",""
"web-app","admin.ladder.manualEnrol","Manual enrolment","","","",""
"web-app","admin.ladder.manualEnrolSub","For when the city on a profile doesn't match. Skips the club and home-town checks. Use when a member is genuinely local and the data disagrees.","","","",""
"web-app","admin.ladder.searchMember","Member id","","","",""
"web-app","admin.ladder.enrol","Enrol","","","",""
"web-app","admin.ladder.seasons","Seasons","","","",""
"web-app","admin.ladder.closeSeason","Close season","","","",""
"web-app","admin.ladder.closeSeasonConfirm","Closing saves every city board as final standings, then opens the next season. Saved boards are permanent and there is no undo.","","","",""
"web-app","admin.ladder.typeToConfirm","Type {label} to confirm","","","{label}",""
"web-app","admin.ladder.done","Done.","","","",""
"web-app","admin.ladder.legalGateBlocked","Can't open to new members yet — City Ladder requires Privacy 3.7 / Terms 1.8 to be live first.","","","",""
"web-app","group.newGroupCta","New group","Nieuwe groep","","",""
"web-app","group.create.title","New group","Nieuwe groep","","",""
"web-app","group.create.nameLabel","Group name","Groepsnaam","","",""
"web-app","group.create.namePlaceholder","e.g. Weekend Regulars","bijv. Weekendploeg","","",""
"web-app","group.addMembersHeading","Add members · from your connections","Leden toevoegen · uit je connecties","","",""
"web-app","group.picker.instructions","You can add players you're connected with. They don't need to be connected with anyone else in the group.","Je kunt spelers toevoegen met wie je verbonden bent. Ze hoeven met niemand anders in de groep verbonden te zijn.","","",""
"web-app","group.picker.memberCounter","{count}/{max} members","{count}/{max} leden","","{count}; {max}",""
"web-app","group.emptyConnections","No connections yet. Find players on the map, connect, then come back to start a group.","Nog geen connecties. Vind spelers op de kaart, maak verbinding en kom dan terug om een groep te starten.","","",""
"web-app","chat.errGroupInvalidName","Give the group a name — up to 60 characters.","Geef de groep een naam — maximaal 60 tekens.","","",""
"web-app","chat.errGroupFull","This group is full — the limit is {max} members.","Deze groep zit vol — de limiet is {max} leden.","","{max}",""
"web-app","chat.errGroupNotMember","You're no longer in this group — new messages can't be sent.","Je bent geen lid meer van deze groep — nieuwe berichten kunnen niet worden verstuurd.","","",""
"web-app","chat.errGroupUnavailable","Group messaging is unavailable right now — try again later.","Groepsberichten versturen kan nu even niet — probeer het later opnieuw.","","",""
"web-app","chat.errGroupAlreadyMember","They're already in this group.","Deze persoon zit al in de groep.","","",""
"web-app","chat.errGroupNoConnection","You need to be connected with {name} to add them.","Je moet verbonden zijn met {name} om deze persoon toe te voegen.","","{name}",""
"web-app","chat.errGroupLeftCantRejoin","You've left this group and can't rejoin it.","Je hebt deze groep verlaten en kunt niet opnieuw lid worden.","","",""
"web-app","group.badge.connected","Connected","Verbonden","","",""
"web-app","group.badge.notConnected","Not connected","Niet verbonden","","",""
"web-app","group.badge.a11yConnected","Connected to {name}","Verbonden met {name}","","{name}",""
"web-app","group.badge.a11yNotConnected","Not connected to {name}","Niet verbonden met {name}","","{name}",""
"web-app","group.badge.me","You","Jij","","",""
"web-app","group.badgeFooter","Being in a group together doesn't connect you. “Connected” means you and that person have both accepted a connection request. “Not connected” means you haven't.","Samen in een groep zitten maakt jullie nog niet verbonden. “Verbonden” betekent dat jullie allebei een connectieverzoek hebben geaccepteerd. “Niet verbonden” betekent dat dat niet zo is.","","",""
"web-app","group.capBanner","Group is full. Someone needs to leave before another member can be added.","De groep zit vol. Iemand moet de groep verlaten voordat er een nieuw lid kan worden toegevoegd.","","",""
"web-app","group.inviteRow","Invite a connection","Connectie uitnodigen","","",""
"web-app","group.viewMembers","View members","Leden bekijken","","",""
"web-app","group.leaveConfirm.title","Leave group","Groep verlaten","","",""
"web-app","group.leaveConfirm.button","Leave","Verlaten","","",""
"web-app","group.leaveConfirm.message","You'll keep read access to everything sent in this group while you were a member. You won't be able to rejoin — even if someone invites you again.","Je houdt leestoegang tot alles wat in deze groep is verstuurd zolang je lid was. Je kunt niet opnieuw lid worden — ook niet als iemand je opnieuw uitnodigt.","","",""
"web-app","group.leftNotice","You left this group — you can't send new messages.","Je hebt deze groep verlaten — je kunt geen nieuwe berichten meer versturen.","","",""
"web-app","group.threadEmpty","Say hi to the group.","Zeg hoi tegen de groep.","","",""
"web-app","group.reportContextFrom","From {name}","Van {name}","","{name}",""
"web-app","group.reportContextIn","In {name}","In {name}","","{name}",""
"web-app","group.membersSubtitle","{count} members","{count} leden","","{count}",""
"web-app","group.addMember","Add","Toevoegen","","",""
"web-app","group.added","Added","Toegevoegd","","",""
"web-app","group.noMoreToInvite","Everyone you're connected with is already in this group, or has left it.","Iedereen met wie je verbonden bent, zit al in de groep of heeft die verlaten.","","",""
"web-app","group.previewSender","{name}: {text}","{name}: {text}","","{name}; {text}",""
"web-app","group.emptyListSecondary","Start one with a connection, or create a group.","Begin er een met een connectie, of maak een groep aan.","","",""
"web-app","admin.report.kind.groupMessage","Group message","Group message","","",""
"ios-app","0","0","0","","",""
"ios-app","1","1","1","","",""
"ios-app","1500","1500","","","",""
"ios-app"," · last played %@"," · last played %@"," · laatst gespeeld %@","","%@",""
"ios-app","#","#","","","",""
"ios-app","%@ (You)","%@ (You)","%@ (Jij)","","%@",""
"ios-app","%@ City Ladder","%@ City Ladder","","","%@",""
"ios-app","%@ Ladder","%@ Ladder","","","%@",""
"ios-app","%@ already started one.","%@ already started one.","","","%@",""
"ios-app","%@ asked to connect with you.","%@ asked to connect with you.","%@ wil met je verbinden.","","%@",""
"ios-app","%@ broke","%@ broke","","","%@",""
"ios-app","%@ invited you","%@ invited you","%@ heeft je uitgenodigd","","%@",""
"ios-app","%@ is keeping score — watching live","%@ is keeping score — watching live","","","%@",""
"ios-app","%@ is typing…","%@ is typing…","%@ is aan het typen…","","%@",""
"ios-app","%@ kept score for this match","%@ kept score for this match","","","%@",""
"ios-app","%@ ladder standings","%@ ladder standings","","","%@",""
"ios-app","%@ leads %lld–%lld","%@ leads %lld–%lld","%1$@ leidt %2$lld–%3$lld","","%@; %lld",""
"ios-app","%@ wasn't added to the map","%@ wasn't added to the map","%@ is niet op de kaart gezet","","%@",""
"ios-app","%@ wasn't added to the map. Pick a club that's already on the map instead.","%@ wasn't added to the map. Pick a club that's already on the map instead.","%@ is niet op de kaart gezet. Kies in plaats daarvan een club die al op de kaart staat.","","%@",""
"ios-app","%@ · not ranked yet","%@ · not ranked yet","","","%@",""
"ios-app","%@ · off the board for now","%@ · off the board for now","","","%@",""
"ios-app","%@ — pick a time","%@ — pick a time","%@ — kies een tijd","","%@",""
"ios-app","%@%@","%@%@","%@%@","","%@",""
"ios-app","%@'s score","%@'s score","Score van %@","","%@",""
"ios-app","%@, %@","%@, %@","%@, %@","","%@",""
"ios-app","%@, Connected to %@","%@, Connected to %@","","","%@",""
"ios-app","%@, Not connected to %@","%@, Not connected to %@","","","%@",""
"ios-app","%lld","%lld","","","%lld",""
"ios-app","%lld / %lld members","%lld / %lld members","%lld / %lld leden","","%lld",""
"ios-app","%lld days ago","%lld days ago","%lld dagen geleden","","%lld",""
"ios-app","%lld of %lld","%lld of %lld","%lld van %lld","","%lld",""
"ios-app","%lld of your clubs weren't added to the map","%lld of your clubs weren't added to the map","%lld van je clubs zijn niet op de kaart gezet","","%lld",""
"ios-app","%lld of your connections here now","%lld of your connections here now","","","%lld",""
"ios-app","%lld players ranked. Players who haven't played in 60 days aren't shown.","%lld players ranked. Players who haven't played in 60 days aren't shown.","","","%lld",""
"ios-app","%lld unread","%lld unread","%lld ongelezen","","%lld",""
"ios-app","%lld%%","%lld%%","%lld%%","","%lld",""
"ios-app","%lld–%lld","%lld–%lld","%lld–%lld","","%lld",""
"ios-app","(%lld)","(%lld)","","","%lld",""
"ios-app","**Your rating isn't kept.** If you join again later you'd start over at 1500, like everyone new.","**Your rating isn't kept.** If you join again later you'd start over at 1500, like everyone new.","","","",""
"ios-app","+%lld","+%lld","","","%lld",""
"ios-app","+31 6 12 34 56 78","+31 6 12 34 56 78","+31 6 12 34 56 78","","",""
"ios-app",", ",", ","","","",""
"ios-app","1 hour","1 hour","","","",""
"ios-app","16 or 17","16 or 17","16 of 17","","",""
"ios-app","18 or older","18 or older","18 of ouder","","",""
"ios-app","1–200","1–200","","","",""
"ios-app","3 hours","3 hours","","","",""
"ios-app","400+","400+","400+","","",""
"ios-app","500+","500+","500+","","",""
"ios-app","600+","600+","600+","","",""
"ios-app","700+","700+","700+","","",""
"ios-app","8 hours","8 hours","","","",""
"ios-app","8nOut","8nOut","8nOut","","",""
"ios-app","8nOut now shows other signed-in members when you're active — a simple ""online"" or ""recently active"" status next to your map pin, so people can see who's around for a game. It is never your location and is never shown to the public. It's on by default; you can turn it off for everyone, at any time, with Go invisible. See the Privacy Policy for details.","8nOut now shows other signed-in members when you're active — a simple ""online"" or ""recently active"" status next to your map pin, so people can see who's around for a game. It is never your location and is never shown to the public. It's on by default; you can turn it off for everyone, at any time, with Go invisible. See the Privacy Policy for details.","8nOut laat andere ingelogde leden nu zien wanneer je actief bent — een eenvoudige status ""online"" of ""recent actief"" naast je kaartpositie, zodat mensen kunnen zien wie er is voor een spel. Het is nooit je locatie en wordt nooit aan het publiek getoond. Het staat standaard aan; je kunt het op elk moment voor iedereen uitzetten met Onzichtbaar worden. Zie het Privacybeleid voor details.","","",""
"ios-app","8nout.com","8nout.com","","","",""
"ios-app","A dated picture of the board as it stands right now. **It's a snapshot, not a link** — whoever you give it to sees this moment only, and it won't update.","A dated picture of the board as it stands right now. **It's a snapshot, not a link** — whoever you give it to sees this moment only, and it won't update.","","","",""
"ios-app","A hidden conversation comes back when a new message arrives.","A hidden conversation comes back when a new message arrives.","Een verborgen gesprek komt terug bij een nieuw bericht.","","",""
"ios-app","A hidden invite disappears on its own after a few days.","A hidden invite disappears on its own after a few days.","Een verborgen uitnodiging verdwijnt vanzelf na een paar dagen.","","",""
"ios-app","A saved picture of the board on %@. It doesn't change.","A saved picture of the board on %@. It doesn't change.","","","%@",""
"ios-app","A website or Facebook page — either works.","A website or Facebook page — either works.","","","",""
"ios-app","About","About","Over","","",""
"ios-app","About you","About you","Over jou","","",""
"ios-app","About your report","About your report","Over je melding","","",""
"ios-app","Accept","Accept","Accepteren","","",""
"ios-app","Accept: %@","Accept: %@","Accepteren: %@","","%@",""
"ios-app","Accepted","Accepted","Geaccepteerd","","",""
"ios-app","Account","Account","Account","","",""
"ios-app","Account removed","Account removed","Account verwijderd","","",""
"ios-app","Account suspended","Account suspended","Account geschorst","","",""
"ios-app","Active earlier today","Active earlier today","Eerder vandaag actief","","",""
"ios-app","Active games","Active games","","","",""
"ios-app","Active now","Active now","Nu actief","","",""
"ios-app","Add","Add","Toevoegen","","",""
"ios-app","Add a club","Add a club","Club toevoegen","","",""
"ios-app","Add a club to see players from your regular spots too","Add a club to see players from your regular spots too","Club toevoegen om ook spelers van je vaste clubs te zien","","",""
"ios-app","Add a public pool club — not a home or private address.","Add a public pool club — not a home or private address.","Voeg een openbare poolclub toe — geen woning of privéadres.","","",""
"ios-app","Add a second option","Add a second option","Tweede optie toevoegen","","",""
"ios-app","Add a short bio","Add a short bio","Voeg een korte bio toe","","",""
"ios-app","Add contact details","Add contact details","Contactgegevens toevoegen","","",""
"ios-app","Add from CueScore","Add from CueScore","","","",""
"ios-app","Add members · from your connections","Add members · from your connections","Leden toevoegen · uit je connecties","","",""
"ios-app","Add more detail","Add more detail","","","",""
"ios-app","Add the room you play at and it opens up. Clubs are checked before they count.","Add the room you play at and it opens up. Clubs are checked before they count.","","","",""
"ios-app","Add to calendar","Add to calendar","Aan agenda toevoegen","","",""
"ios-app","Add to my clubs","Add to my clubs","","","",""
"ios-app","Add your Fargo Rating","Add your Fargo Rating","Voeg je Fargo Rating toe","","",""
"ios-app","Add your full name","Add your full name","Volledige naam toevoegen","","",""
"ios-app","Add your name","Add your name","Naam toevoegen","","",""
"ios-app","Add your town","Add your town","Plaats toevoegen","","",""
"ios-app","Added","Added","Toegevoegd","","",""
"ios-app","Agree and continue","Agree and continue","Akkoord en doorgaan","","",""
"ios-app","All %lld answered","All %lld answered","Alle %lld beantwoord","","%lld",""
"ios-app","All cities","All cities","Alle steden","","",""
"ios-app","All countries","All countries","Alle landen","","",""
"ios-app","All of your data is permanently erased. This can't be undone.","All of your data is permanently erased. This can't be undone.","Al je gegevens worden permanent gewist. Dit kan niet ongedaan worden gemaakt.","","",""
"ios-app","All square, %lld–%lld","All square, %lld–%lld","Gelijk, %1$lld–%2$lld","","%lld",""
"ios-app","Already on 8nOut","Already on 8nOut","","","",""
"ios-app","Already on 8nOut?","Already on 8nOut?","Al op 8nOut?","","",""
"ios-app","Already played? Log result","Already played? Log result","","","",""
"ios-app","Also block this player","Also block this player","Deze speler ook blokkeren","","",""
"ios-app","Alternate","Alternate","","","",""
"ios-app","Answered","Answered","Beantwoord","","",""
"ios-app","Any match you log with another member of the same city's ladder, however you log it: by hand, from the live scoreboard, or imported from CueScore. Matches against anyone else don't move your rating.","Any match you log with another member of the same city's ladder, however you log it: by hand, from the live scoreboard, or imported from CueScore. Matches against anyone else don't move your rating.","","","",""
"ios-app","Any member can export the standings — including to put up on a noticeboard at a club.","Any member can export the standings — including to put up on a noticeboard at a club.","Elk lid kan de ranglijst exporteren — ook om op te hangen op het mededelingenbord van een club.","","",""
"ios-app","Anything else we should know? (optional)","Anything else we should know? (optional)","Nog iets wat we moeten weten? (optioneel)","","",""
"ios-app","Appearance","Appearance","Weergave","","",""
"ios-app","Asking to play for money","Asking to play for money","Voorstel om voor geld te spelen","","",""
"ios-app","At %@ until %@","At %@ until %@","","","%@",""
"ios-app","At a club","At a club","Bij een club","","",""
"ios-app","At home","At home","Thuis","","",""
"ios-app","Back","Back","","","",""
"ios-app","Back to camera","Back to camera","Terug naar camera","","",""
"ios-app","Back to search","Back to search","Terug naar zoeken","","",""
"ios-app","Beating someone rated well above you moves your rating more than beating someone close to you. Losing to someone well below you costs more than losing to someone close.","Beating someone rated well above you moves your rating more than beating someone close to you. Losing to someone well below you costs more than losing to someone close.","","","",""
"ios-app","Before you confirm you're playing","Before you confirm you're playing","Voordat je bevestigt dat je speelt","","",""
"ios-app","Before you join","Before you join","","","",""
"ios-app","Before you show as ""in the club""","Before you show as ""in the club""","","","",""
"ios-app","Being in a group together doesn't connect you. ""Connected"" means you and that person have both accepted a connection request. ""Not connected"" means you haven't.","Being in a group together doesn't connect you. ""Connected"" means you and that person have both accepted a connection request. ""Not connected"" means you haven't.","Samen in een groep zitten maakt jullie nog niet verbonden. “Verbonden” betekent dat jullie allebei een connectieverzoek hebben geaccepteerd. “Niet verbonden” betekent dat dat niet zo is.","","",""
"ios-app","Block","Block","Blokkeren","","",""
"ios-app","Block %@?","Block %@?","%@ blokkeren?","","%@",""
"ios-app","Block player","Block player","Speler blokkeren","","",""
"ios-app","Blocked players","Blocked players","Geblokkeerde spelers","","",""
"ios-app","Both","Both","Allebei","","",""
"ios-app","Break","Break","","","",""
"ios-app","Breaking","Breaking","","","",""
"ios-app","Call","Call","Bellen","","",""
"ios-app","Call %@","Call %@","Bel %@","","%@",""
"ios-app","Call to play!!","Call to play!!","Zin in een partij!","","",""
"ios-app","Can't find it? Add a new venue","Can't find it? Add a new venue","Niet gevonden? Voeg een nieuwe locatie toe","","",""
"ios-app","Cancel","Cancel","Annuleren","","",""
"ios-app","Challenges","Challenges","Uitdagingen","","",""
"ios-app","Change photo","Change photo","Foto wijzigen","","",""
"ios-app","Changing the language takes effect the next time you open 8nOut.","Changing the language takes effect the next time you open 8nOut.","De taalwijziging gaat in de volgende keer dat je 8nOut opent.","","",""
"ios-app","Chat","Chat","Chat","","",""
"ios-app","Check back soon — players show up as they get to a table.","Check back soon — players show up as they get to a table.","Kom straks terug — spelers verschijnen zodra ze aan een tafel staan.","","",""
"ios-app","Check the address above — street, city and country — then submit again.","Check the address above — street, city and country — then submit again.","","","",""
"ios-app","Check the spelling, or invite them with your connect code.","Check the spelling, or invite them with your connect code.","Controleer de spelling, of nodig ze uit met je connectiecode.","","",""
"ios-app","Check your connection and try again.","Check your connection and try again.","Controleer je internetverbinding en probeer het opnieuw.","","",""
"ios-app","Checking the address…","Checking the address…","","","",""
"ios-app","Choose a different place","Choose a different place","","","",""
"ios-app","Choose from library","Choose from library","Kies uit bibliotheek","","",""
"ios-app","City","City","Stad","","",""
"ios-app","City Ladder","City Ladder","","","",""
"ios-app","Clear","Clear","","","",""
"ios-app","Close","Close","","","",""
"ios-app","Closed %@","Closed %@","","","%@",""
"ios-app","Closed, or wrong details","Closed, or wrong details","","","",""
"ios-app","Club","Club","","","",""
"ios-app","Club alerts","Club alerts","","","",""
"ios-app","Clubs","Clubs","Clubs","","",""
"ios-app","Clubs are added by the community, so yours may not be here yet. Add it and we'll check it — it goes on the map once it's approved.","Clubs are added by the community, so yours may not be here yet. Add it and we'll check it — it goes on the map once it's approved.","Clubs worden door de community toegevoegd, dus die van jou staat er misschien nog niet bij. Voeg hem toe, dan bekijken wij hem — zodra hij is goedgekeurd, staat hij op de kaart.","","",""
"ios-app","Confirm final result","Confirm final result","","","",""
"ios-app","Confirm you're playing","Confirm you're playing","Spelen bevestigen","","",""
"ios-app","Connect","Connect","Verbinden","","",""
"ios-app","Connect code","Connect code","Connectiecode","","",""
"ios-app","Connected","Connected","Verbonden","","",""
"ios-app","Connected to %@","Connected to %@","Verbonden met %@","","%@",""
"ios-app","Connecting is how you swap contact details.","Connecting is how you swap contact details.","Door te verbinden wisselen jullie contactgegevens uit.","","",""
"ios-app","Connections","Connections","Connecties","","",""
"ios-app","Contact","Contact","Contact","","",""
"ios-app","Continue","Continue","Doorgaan","","",""
"ios-app","Continue playing","Continue playing","","","",""
"ios-app","Continue with Google","Continue with Google","Doorgaan met Google","","",""
"ios-app","Couldn't add that club just now. Try again.","Couldn't add that club just now. Try again.","Die club kon nu even niet worden toegevoegd. Probeer het opnieuw.","","",""
"ios-app","Couldn't change that just now. Try again.","Couldn't change that just now. Try again.","Dat lukte nu even niet. Probeer het opnieuw.","","",""
"ios-app","Couldn't do that right now. Try again.","Couldn't do that right now. Try again.","Dat lukte nu even niet. Probeer het opnieuw.","","",""
"ios-app","Couldn't link right now. Try again.","Couldn't link right now. Try again.","Koppelen lukte nu even niet. Probeer het opnieuw.","","",""
"ios-app","Couldn't load players","Couldn't load players","Kan spelers niet laden","","",""
"ios-app","Couldn't load the %@ board.","Couldn't load the %@ board.","","","%@",""
"ios-app","Couldn't load the club list just now.","Couldn't load the club list just now.","","","",""
"ios-app","Couldn't load the rest of the list.","Couldn't load the rest of the list.","De rest van de lijst kon niet worden geladen.","","",""
"ios-app","Couldn't load your ladder standing.","Couldn't load your ladder standing.","","","",""
"ios-app","Couldn't open the chat","Couldn't open the chat","","","",""
"ios-app","Couldn't reach CueScore right now — try again shortly, or add it manually.","Couldn't reach CueScore right now — try again shortly, or add it manually.","","","",""
"ios-app","Couldn't save — check your connection and try again.","Couldn't save — check your connection and try again.","","","",""
"ios-app","Couldn't send the request. Try again.","Couldn't send the request. Try again.","","","",""
"ios-app","Couldn't submit that venue. Please try again.","Couldn't submit that venue. Please try again.","","","",""
"ios-app","Couldn't unlink right now. Try again.","Couldn't unlink right now. Try again.","Ontkoppelen lukte nu even niet. Probeer het opnieuw.","","",""
"ios-app","Country","Country","Land","","",""
"ios-app","Create","Create","","","",""
"ios-app","Create and add","Create and add","Aanmaken en toevoegen","","",""
"ios-app","CueScore","CueScore","CueScore","","",""
"ios-app","CueScore linked","CueScore linked","CueScore gekoppeld","","",""
"ios-app","CueScore lookups are turned off right now — add the club manually below.","CueScore lookups are turned off right now — add the club manually below.","","","",""
"ios-app","CueScore match","CueScore match","CueScore-partij","","",""
"ios-app","CueScore player ID or profile link","CueScore player ID or profile link","CueScore-speler-ID of profiellink","","",""
"ios-app","CueScore profile","CueScore profile","CueScore-profiel","","",""
"ios-app","Current season","Current season","","","",""
"ios-app","Current standings","Current standings","","","",""
"ios-app","Dark","Dark","Donker","","",""
"ios-app","Decide later","Decide later","Later beslissen","","",""
"ios-app","Decline","Decline","Afwijzen","","",""
"ios-app","Declined","Declined","Afgewezen","","",""
"ios-app","Delete account","Delete account","Account verwijderen","","",""
"ios-app","Delete everything","Delete everything","Alles verwijderen","","",""
"ios-app","Delete for everyone","Delete for everyone","Verwijderen voor iedereen","","",""
"ios-app","Delete for everyone?","Delete for everyone?","Verwijderen voor iedereen?","","",""
"ios-app","Delete game","Delete game","Partij verwijderen","","",""
"ios-app","Delete your account?","Delete your account?","Je account verwijderen?","","",""
"ios-app","Deleted member","Deleted member","","","",""
"ios-app","Deleted player","Deleted player","Verwijderde speler","","",""
"ios-app","Did this game happen?","Did this game happen?","Is deze partij doorgegaan?","","",""
"ios-app","Did you mean?","Did you mean?","","","",""
"ios-app","Didn't happen","Didn't happen","Niet doorgegaan","","",""
"ios-app","Didn't happen?","Didn't happen?","Niet doorgegaan?","","",""
"ios-app","Discipline","Discipline","Discipline","","",""
"ios-app","Dismiss rotate suggestion","Dismiss rotate suggestion","","","",""
"ios-app","Doesn't look right? Message %@","Doesn't look right? Message %@","","","%@",""
"ios-app","Done","Done","Klaar","","",""
"ios-app","Edit","Edit","Bewerken","","",""
"ios-app","Edit bio","Edit bio","Bio bewerken","","",""
"ios-app","Edit bio & home town","Edit bio & home town","Bio en woonplaats bewerken","","",""
"ios-app","Edit name","Edit name","Naam bewerken","","",""
"ios-app","Edit result","Edit result","","","",""
"ios-app","Email us","Email us","","","",""
"ios-app","End","End","","","",""
"ios-app","Ends %@ · %@","Ends %@ · %@","Eindigt %@ · %@","","%@",""
"ios-app","Everyone starts at","Everyone starts at","","","",""
"ios-app","Everyone starts at 1500. When you and another member of your city's ladder log a match together, the winner's rating goes up and the loser's goes down.","Everyone starts at 1500. When you and another member of your city's ladder log a match together, the winner's rating goes up and the loser's goes down.","","","",""
"ios-app","Everyone you're connected with is already in this group, or has left it.","Everyone you're connected with is already in this group, or has left it.","Iedereen met wie je verbonden bent, zit al in de groep of heeft die verlaten.","","",""
"ios-app","Expired","Expired","Verlopen","","",""
"ios-app","Export the board","Export the board","","","",""
"ios-app","Facebook","Facebook","","","",""
"ios-app","FairMatch profile link (optional)","FairMatch profile link (optional)","FairMatch-profiellink (optioneel)","","",""
"ios-app","Fake profile","Fake profile","Nepprofiel","","",""
"ios-app","Fargo Rating","Fargo Rating","Fargo Rating","","",""
"ios-app","Fastest way: paste the club's CueScore venue link — the one that ends in a number. Or add it manually below.","Fastest way: paste the club's CueScore venue link — the one that ends in a number. Or add it manually below.","","","",""
"ios-app","Final standings · %@","Final standings · %@","","","%@",""
"ios-app","Final standings · closed %@ — exported %@","Final standings · closed %@ — exported %@","","","%@",""
"ios-app","Find and challenge One Pocket players near you.","Find and challenge One Pocket players near you.","Vind One Pocket-spelers bij jou in de buurt en daag ze uit.","","",""
"ios-app","Find players","Find players","Spelers vinden","","",""
"ios-app","Find players by name","Find players by name","Zoek spelers op naam","","",""
"ios-app","Find players on the map, connect, then come back to start a group.","Find players on the map, connect, then come back to start a group.","Vind spelers op de kaart, maak verbinding en kom dan terug om een groep te starten.","","",""
"ios-app","Find your club","Find your club","Zoek je club","","",""
"ios-app","Finish","Finish","Afmaken","","",""
"ios-app","Finish later","Finish later","Later afmaken","","",""
"ios-app","Finish match","Finish match","","","",""
"ios-app","Finish setting up","Finish setting up","Profiel afmaken","","",""
"ios-app","Finish your match on CueScore.","Finish your match on CueScore.","Rond je partij af op CueScore.","","",""
"ios-app","First name","First name","Voornaam","","",""
"ios-app","Flip a coin to decide who breaks, and start the match","Flip a coin to decide who breaks, and start the match","","","",""
"ios-app","Flip for me — starts the match","Flip for me — starts the match","","","",""
"ios-app","Follow us","Follow us","","","",""
"ios-app","For players who'd rather call or text. Shown only to accepted connections.","For players who'd rather call or text. Shown only to accepted connections.","Voor spelers die liever bellen of appen. Alleen zichtbaar voor geaccepteerde connecties.","","",""
"ios-app","Form","Form","Vorm","","",""
"ios-app","From %@","From %@","Van %@","","%@",""
"ios-app","From your profile","From your profile","","","",""
"ios-app","Give the group a name — up to 60 characters.","Give the group a name — up to 60 characters.","Geef de groep een naam — maximaal 60 tekens.","","",""
"ios-app","Go invisible","Go invisible","Onzichtbaar worden","","",""
"ios-app","Go to Connections","Go to Connections","Ga naar Connecties","","",""
"ios-app","Got it","Got it","Oké","","",""
"ios-app","Group is full (%lld/%lld). Someone needs to leave before another member can be added.","Group is full (%lld/%lld). Someone needs to leave before another member can be added.","","","%lld",""
"ios-app","Group messaging is unavailable right now — try again later.","Group messaging is unavailable right now — try again later.","Groepsberichten versturen kan nu even niet — probeer het later opnieuw.","","",""
"ios-app","Group name","Group name","Groepsnaam","","",""
"ios-app","Group options","Group options","","","",""
"ios-app","Harassment or abuse","Harassment or abuse","Intimidatie of misbruik","","",""
"ios-app","Has a home table — private until connected","Has a home table — private until connected","","","",""
"ios-app","Have another player scan this to connect with you on 8nOut.","Have another player scan this to connect with you on 8nOut.","Laat een andere speler dit scannen om met je te verbinden op 8nOut.","","",""
"ios-app","Head-to-head with you","Head-to-head with you","Onderling tegen jou","","",""
"ios-app","Heart","Heart","Hart","","",""
"ios-app","Help","Help","","","",""
"ios-app","Help isn't available","Help isn't available","","","",""
"ios-app","Helps us decide whether to build a home-table feature. It's private, and skipping changes nothing else about your account. If you already have one, it stays visible to your connections only — never public.","Helps us decide whether to build a home-table feature. It's private, and skipping changes nothing else about your account. If you already have one, it stays visible to your connections only — never public.","Helpt ons te beslissen of we een functie voor een eigen tafel moeten bouwen. Dit blijft privé, en overslaan verandert verder niets aan je account. Heb je er al een, dan blijft die alleen zichtbaar voor je connecties — nooit openbaar.","","",""
"ios-app","Helps us prepare for a possible future ratings lookup and for sorting the player list by name. Other members can see it, like the rest of your profile.","Helps us prepare for a possible future ratings lookup and for sorting the player list by name. Other members can see it, like the rest of your profile.","Helpt ons ons voor te bereiden op een mogelijke toekomstige ratingopzoekfunctie en op het sorteren van de spelerslijst op naam. Andere leden kunnen dit zien, net als de rest van je profiel.","","",""
"ios-app","Hidden (%lld)","Hidden (%lld)","Verborgen (%lld)","","%lld",""
"ios-app","Hide conversation","Hide conversation","Gesprek verbergen","","",""
"ios-app","Hide invite","Hide invite","Uitnodiging verbergen","","",""
"ios-app","Home","Home","Thuis","","",""
"ios-app","Home table","Home table","Eigen tafel","","",""
"ios-app","Home table — address stays private until shared","Home table — address stays private until shared","Eigen tafel — adres blijft privé tot je het deelt","","",""
"ios-app","Home town","Home town","Woonplaats","","",""
"ios-app","How chat works","How chat works","Zo werkt de chat","","",""
"ios-app","How fast it moves","How fast it moves","","","",""
"ios-app","How importing works","How importing works","Hoe importeren werkt","","",""
"ios-app","How it works","How it works","","","",""
"ios-app","How my name appears in past seasons","How my name appears in past seasons","Hoe mijn naam in eerdere seizoenen verschijnt","","",""
"ios-app","How the rating works","How the rating works","","","",""
"ios-app","I confirm I am at least %lld years old.","I confirm I am at least %lld years old.","Ik bevestig dat ik minstens %lld jaar oud ben.","","%lld",""
"ios-app","I have read and agree to the [Terms of Service](%@) and [Privacy Policy](%@).","I have read and agree to the [Terms of Service](%@) and [Privacy Policy](%@).","Ik heb de [Servicevoorwaarden](%1$@) en het [Privacybeleid](%2$@) gelezen en ga ermee akkoord.","","%@",""
"ios-app","I'm 18 or older now","I'm 18 or older now","Ik ben nu 18 of ouder","","",""
"ios-app","I'm in the club","I'm in the club","","","",""
"ios-app","I'm making this report in good faith and believe the information in it is accurate and complete.","I'm making this report in good faith and believe the information in it is accurate and complete.","Ik doe deze melding te goeder trouw en geloof dat de informatie erin juist en volledig is.","","",""
"ios-app","If you believe this decision was wrong, you can contact us at [privacy@8nout.com](mailto:privacy@8nout.com). Because the account and its data have been deleted we cannot restore them, but you can still contest this decision, including before a court. More on this is in our Terms of Service (section 13).","If you believe this decision was wrong, you can contact us at [privacy@8nout.com](mailto:privacy@8nout.com). Because the account and its data have been deleted we cannot restore them, but you can still contest this decision, including before a court. More on this is in our Terms of Service (section 13).","Als je denkt dat deze beslissing onjuist was, kun je contact met ons opnemen via [privacy@8nout.com](mailto:privacy@8nout.com). Omdat het account en de bijbehorende gegevens zijn verwijderd, kunnen we ze niet herstellen, maar je kunt deze beslissing nog steeds aanvechten, ook bij een rechter. Meer hierover vind je in onze Servicevoorwaarden (sectie 13).","","",""
"ios-app","If you believe this was a mistake, you can contact us at [privacy@8nout.com](mailto:privacy@8nout.com) to ask us to review it. If you disagree with our decision, you also have the right to take the matter to court. More on this is in our Terms of Service (section 13).","If you believe this was a mistake, you can contact us at [privacy@8nout.com](mailto:privacy@8nout.com) to ask us to review it. If you disagree with our decision, you also have the right to take the matter to court. More on this is in our Terms of Service (section 13).","Als je denkt dat dit een vergissing was, kun je contact met ons opnemen via [privacy@8nout.com](mailto:privacy@8nout.com) om te vragen het te beoordelen. Als je het niet eens bent met onze beslissing, heb je ook het recht om de zaak aan de rechter voor te leggen. Meer hierover vind je in onze Servicevoorwaarden (sectie 13).","","",""
"ios-app","If you think this is wrong, contact us at privacy@8nout.com. Your right to go to court is unaffected.","If you think this is wrong, contact us at privacy@8nout.com. Your right to go to court is unaffected.","Vind je dit onterecht, neem dan contact op via privacy@8nout.com. Je recht om naar de rechter te stappen blijft bestaan.","","",""
"ios-app","Import a CueScore match","Import a CueScore match","CueScore-partij importeren","","",""
"ios-app","Import a finished CueScore match — every game counts, win or lose.","Import a finished CueScore match — every game counts, win or lose.","Importeer een afgeronde CueScore-partij — elke partij telt, of je nu wint of verliest.","","",""
"ios-app","Import match","Import match","Partij importeren","","",""
"ios-app","Import this match","Import this match","Deze partij importeren","","",""
"ios-app","Importing…","Importing…","Importeren…","","",""
"ios-app","In %@","In %@","In %@","","%@",""
"ios-app","In the app now","In the app now","Nu in de app","","",""
"ios-app","In the club at %@ until %@","In the club at %@ until %@","","","%@",""
"ios-app","In the club until %@","In the club until %@","","","%@",""
"ios-app","Inappropriate content","Inappropriate content","Ongepaste inhoud","","",""
"ios-app","Inappropriate photo","Inappropriate photo","Ongepaste foto","","",""
"ios-app","Invitation expired","Invitation expired","Uitnodiging verlopen","","",""
"ios-app","Invitation to play","Invitation to play","Uitnodiging voor een partij","","",""
"ios-app","Invite a connection","Invite a connection","Connectie uitnodigen","","",""
"ios-app","Invite a connection to play from the Connections tab.","Invite a connection to play from the Connections tab.","Nodig een connectie uit voor een partij via het tabblad Connecties.","","",""
"ios-app","Invite a player","Invite a player","Nodig een speler uit","","",""
"ios-app","Invite link","Invite link","Uitnodigingslink","","",""
"ios-app","Invite sent","Invite sent","Uitnodiging verstuurd","","",""
"ios-app","Invite to play","Invite to play","Uitnodigen voor een partij","","",""
"ios-app","Is that close enough?","Is that close enough?","","","",""
"ios-app","It moves with your results — quickly at first, then more slowly as it settles.","It moves with your results — quickly at first, then more slowly as it settles.","","","",""
"ios-app","It's on your clubs already. Once it's approved, the club goes on the map and your name is on its list. Until then, you're not on any club's list.","It's on your clubs already. Once it's approved, the club goes on the map and your name is on its list. Until then, you're not on any club's list.","Hij staat al bij jouw clubs. Zodra hij is goedgekeurd, komt de club op de kaart en staat je naam op de lijst. Tot die tijd sta je op geen enkele clublijst.","","",""
"ios-app","It's still on your profile, but you're not on any club's list. Pick a club that's already on the map and you're on its list straight away.","It's still on your profile, but you're not on any club's list. Pick a club that's already on the map and you're on its list straight away.","Hij staat nog in je profiel, maar je staat op geen enkele clublijst. Kies een club die al op de kaart staat, dan sta je meteen op de lijst.","","",""
"ios-app","Join","Join","","","",""
"ios-app","Join the %@ Ladder","Join the %@ Ladder","","","%@",""
"ios-app","Join the ladder","Join the ladder","","","",""
"ios-app","Language","Language","Taal","","",""
"ios-app","Last 5","Last 5","Laatste 5","","",""
"ios-app","Last name","Last name","Achternaam","","",""
"ios-app","Last played","Last played","Laatst gespeeld","","",""
"ios-app","Last played %@","Last played %@","Laatst gespeeld %@","","%@",""
"ios-app","Last-played dates are left off the printed board. Rank, name and rating only.","Last-played dates are left off the printed board. Rank, name and rating only.","","","",""
"ios-app","Laughing","Laughing","Lachend","","",""
"ios-app","Learn more","Learn more","Meer informatie","","",""
"ios-app","Leave","Leave","","","",""
"ios-app","Leave group","Leave group","Groep verlaten","","",""
"ios-app","Leave the %@ Ladder","Leave the %@ Ladder","","","%@",""
"ios-app","Leave the ladder","Leave the ladder","","","",""
"ios-app","Legal","Legal","Juridisch","","",""
"ios-app","Legal contact points","Legal contact points","","","",""
"ios-app","Let's connect","Let's connect","Laten we verbinden","","",""
"ios-app","Light","Light","Licht","","",""
"ios-app","Link CueScore","Link CueScore","CueScore koppelen","","",""
"ios-app","Link CueScore profile","Link CueScore profile","CueScore-profiel koppelen","","",""
"ios-app","Link CueScore to import results","Link CueScore to import results","CueScore koppelen om resultaten te importeren","","",""
"ios-app","Link added · number hidden","Link added · number hidden","Link toegevoegd · nummer verborgen","","",""
"ios-app","Link your CueScore profile so other One Pocket players recognise you — your name and photo come straight from CueScore. You can always do this later in Profile.","Link your CueScore profile so other One Pocket players recognise you — your name and photo come straight from CueScore. You can always do this later in Profile.","Koppel je CueScore-profiel zodat andere One Pocket-spelers je herkennen — je naam en foto komen rechtstreeks van CueScore. Je kunt dit ook later doen in je profiel.","","",""
"ios-app","Link your CueScore profile to import your match results — every game counts, win or lose.","Link your CueScore profile to import your match results — every game counts, win or lose.","Koppel je CueScore-profiel om je resultaten te importeren — elke partij telt, of je nu wint of verliest.","","",""
"ios-app","Linked","Linked","Gekoppeld","","",""
"ios-app","Live","Live","","","",""
"ios-app","Load more","Load more","Meer laden","","",""
"ios-app","Loading…","Loading…","","","",""
"ios-app","Log result","Log result","Resultaat vastleggen","","",""
"ios-app","Look up","Look up","","","",""
"ios-app","Look up another","Look up another","","","",""
"ios-app","Look up match","Look up match","Partij opzoeken","","",""
"ios-app","Looking up…","Looking up…","Opzoeken…","","",""
"ios-app","Lost","Lost","Verloren","","",""
"ios-app","Make sure this is right before finishing.","Make sure this is right before finishing.","","","",""
"ios-app","Map","Map","Kaart","","",""
"ios-app","Map data","Map data","","","",""
"ios-app","Map data © OpenStreetMap contributors","Map data © OpenStreetMap contributors","","","",""
"ios-app","Match","Match","Partij","","",""
"ios-app","Match finished","Match finished","","","",""
"ios-app","Match finished. %@, %@ against %@.","Match finished. %@, %@ against %@.","","","%@",""
"ios-app","Match imported","Match imported","Partij geïmporteerd","","",""
"ios-app","Matches","Matches","Partijen","","",""
"ios-app","Members","Members","","","",""
"ios-app","Messages are deleted automatically 60 days after they're sent.","Messages are deleted automatically 60 days after they're sent.","Berichten worden 60 dagen na verzending automatisch verwijderd.","","",""
"ios-app","Messaging is unavailable right now — try again later.","Messaging is unavailable right now — try again later.","Berichten versturen kan nu even niet — probeer het later opnieuw.","","",""
"ios-app","More options for %@","More options for %@","","","%@",""
"ios-app","More players","More players","Meer spelers","","",""
"ios-app","Mute notifications","Mute notifications","Meldingen dempen","","",""
"ios-app","Muted","Muted","Gedempt","","",""
"ios-app","My clubs","My clubs","Mijn clubs","","",""
"ios-app","My connect code","My connect code","Mijn connectiecode","","",""
"ios-app","My public profile","My public profile","Mijn openbare profiel","","",""
"ios-app","Name","Name","Naam","","",""
"ios-app","Navigate to %@","Navigate to %@","Navigeer naar %@","","%@",""
"ios-app","Nearby players","Nearby players","Spelers in de buurt","","",""
"ios-app","Needs your response","Needs your response","Wacht op je reactie","","",""
"ios-app","New","New","","","",""
"ios-app","New code ready","New code ready","Nieuwe code klaar","","",""
"ios-app","New group","New group","Nieuwe groep","","",""
"ios-app","New scoreboard","New scoreboard","","","",""
"ios-app","New venue","New venue","Nieuwe locatie","","",""
"ios-app","Next","Next","Volgende","","",""
"ios-app","No CueScore player found with that ID or profile link.","No CueScore player found with that ID or profile link.","Geen CueScore-speler gevonden met dat ID of die profiellink.","","",""
"ios-app","No active challenges yet.","No active challenges yet.","Nog geen actieve uitdagingen.","","",""
"ios-app","No answers are published yet.","No answers are published yet.","","","",""
"ios-app","No answers for ""%@""","No answers for ""%@""","","","%@",""
"ios-app","No automated tools were used in this decision — a person reviewed it.","No automated tools were used in this decision — a person reviewed it.","Bij deze beslissing zijn geen geautomatiseerde middelen gebruikt — een persoon heeft dit beoordeeld.","","",""
"ios-app","No clubs saved yet — add one from your Profile","No clubs saved yet — add one from your Profile","","","",""
"ios-app","No connections yet","No connections yet","Nog geen connecties","","",""
"ios-app","No connections yet — find players on the map, or tap the invite button above to redeem a link a friend sent you.","No connections yet — find players on the map, or tap the invite button above to redeem a link a friend sent you.","Nog geen connecties — vind spelers op de kaart, of tik op de uitnodigingsknop hierboven om een link van een vriend in te wisselen.","","",""
"ios-app","No conversations yet.","No conversations yet.","Nog geen gesprekken.","","",""
"ios-app","No end time","No end time","Geen eindtijd","","",""
"ios-app","No live scoreboard games in progress right now","No live scoreboard games in progress right now","","","",""
"ios-app","No one's online in %@ right now","No one's online in %@ right now","Er is nu niemand online in %@","","%@",""
"ios-app","No one's online in your clubs or in %@ right now","No one's online in your clubs or in %@ right now","Er is nu niemand online in je clubs of in %@","","%@",""
"ios-app","No players found.","No players found.","Geen spelers gevonden.","","",""
"ios-app","No players match ""%@""","No players match ""%@""","Geen spelers gevonden voor ""%@""","","%@",""
"ios-app","No score was recorded before this session timed out. Nothing was saved to your record.","No score was recorded before this session timed out. Nothing was saved to your record.","","","",""
"ios-app","No venue","No venue","","","",""
"ios-app","Nobody has your exact address right now.","Nobody has your exact address right now.","Op dit moment heeft niemand je exacte adres.","","",""
"ios-app","Nobody in %@ has logged a qualifying match yet. Play one with another member here and you'll both be on it.","Nobody in %@ has logged a qualifying match yet. Play one with another member here and you'll both be on it.","","","%@",""
"ios-app","None of these — submit anyway","None of these — submit anyway","","","",""
"ios-app","Not a real pool venue","Not a real pool venue","","","",""
"ios-app","Not approved","Not approved","Niet goedgekeurd","","",""
"ios-app","Not approved — %@","Not approved — %@","","","%@",""
"ios-app","Not connected","Not connected","Niet verbonden","","",""
"ios-app","Not connected to %@","Not connected to %@","Niet verbonden met %@","","%@",""
"ios-app","Not now","Not now","Niet nu","","",""
"ios-app","Not open","Not open","Niet open","","",""
"ios-app","Not open right now","Not open right now","Nu niet open","","",""
"ios-app","Not sure yet? Finish later","Not sure yet? Finish later","Nog niet zeker? Later afmaken","","",""
"ios-app","Nothing was saved for your city in this season.","Nothing was saved for your city in this season.","","","",""
"ios-app","Nothing you typed is wrong — the problem is at our end.","Nothing you typed is wrong — the problem is at our end.","","","",""
"ios-app","Now","Now","Nu","","",""
"ios-app","OK","OK","OK","","",""
"ios-app","ONE POCKET · 8NOUT","ONE POCKET · 8NOUT","","","",""
"ios-app","On the City list only, to connections of both of you. End it anytime.","On the City list only, to connections of both of you. End it anytime.","Alleen in de stadslijst, voor wie met jullie allebei verbonden is. Stop op elk moment.","","",""
"ios-app","On your club pin and the City list, to connections of both of you. End it anytime.","On your club pin and the City list, to connections of both of you. End it anytime.","Op je clubpin en in de stadslijst, voor wie met jullie allebei verbonden is. Stop op elk moment.","","",""
"ios-app","One Pocket","One Pocket","One Pocket","","",""
"ios-app","One Pocket only. Always up for a session.","One Pocket only. Always up for a session.","Alleen One Pocket. Altijd in voor een sessie.","","",""
"ios-app","One more thing","One more thing","Nog één ding","","",""
"ios-app","One quick question","One quick question","Nog één korte vraag","","",""
"ios-app","One word is fine — plenty of players here go by a handle.","One word is fine — plenty of players here go by a handle.","Eén woord is prima — veel spelers hier gebruiken een bijnaam.","","",""
"ios-app","Online in %@","Online in %@","Online in %@","","%@",""
"ios-app","Online now","Online now","Nu online","","",""
"ios-app","Only the player who started this scoreboard can update it.","Only the player who started this scoreboard can update it.","","","",""
"ios-app","Only works when the other person has it on too.","Only works when the other person has it on too.","Werkt alleen als de ander het ook aan heeft staan.","","",""
"ios-app","Open 8nout.com/help","Open 8nout.com/help","","","",""
"ios-app","Open Settings","Open Settings","Instellingen openen","","",""
"ios-app","Open TestFlight","Open TestFlight","TestFlight openen","","",""
"ios-app","Open TestFlight and install the latest build.","Open TestFlight and install the latest build.","Open TestFlight en installeer de nieuwste build.","","",""
"ios-app","Open the match and copy its link.","Open the match and copy its link.","Open de partij en kopieer de link.","","",""
"ios-app","Open the match on CueScore and paste its link (…/match/?matchId=…).","Open the match on CueScore and paste its link (…/match/?matchId=…).","Open de partij op CueScore en plak de link (…/match/?matchId=…).","","",""
"ios-app","Open to play","Open to play","Open om te spelen","","",""
"ios-app","Open to play only","Open to play only","Alleen open om te spelen","","",""
"ios-app","Opens the full list of players","Opens the full list of players","","","",""
"ios-app","Opens this club's page","Opens this club's page","","","",""
"ios-app","Opponent","Opponent","Tegenstander","","",""
"ios-app","Option 1","Option 1","Optie 1","","",""
"ios-app","Option 2","Option 2","Optie 2","","",""
"ios-app","Overall","Overall","Totaal","","",""
"ios-app","PLAYER","PLAYER","","","",""
"ios-app","Past seasons","Past seasons","","","",""
"ios-app","Paste CueScore match link","Paste CueScore match link","CueScore-partijlink plakken","","",""
"ios-app","Paste a CueScore venue link","Paste a CueScore venue link","","","",""
"ios-app","Paste a link instead","Paste a link instead","Plak in plaats daarvan een link","","",""
"ios-app","Paste an 8nOut invite link","Paste an 8nOut invite link","Plak een 8nOut-uitnodigingslink","","",""
"ios-app","Paste it here — 8nOut reads the final score and adds it to your record, win or lose.","Paste it here — 8nOut reads the final score and adds it to your record, win or lose.","Plak hem hier — 8nOut leest de eindstand en voegt hem toe aan je statistiek, of je nu wint of verliest.","","",""
"ios-app","Paste the 8nOut invite link a friend sent you — you'll be connected instantly.","Paste the 8nOut invite link a friend sent you — you'll be connected instantly.","Plak de 8nOut-uitnodigingslink die een vriend je stuurde — je bent meteen verbonden.","","",""
"ios-app","Paste your invite link","Paste your invite link","Plak je uitnodigingslink","","",""
"ios-app","Pending","Pending","","","",""
"ios-app","Pending review","Pending review","In behandeling","","",""
"ios-app","Pending review — it appears on the map once approved.","Pending review — it appears on the map once approved.","","","",""
"ios-app","Permanently deletes your profile, locations, connections, challenges and match history. This can't be undone.","Permanently deletes your profile, locations, connections, challenges and match history. This can't be undone.","Verwijdert je profiel, locaties, connecties, uitdagingen en partijgeschiedenis permanent. Dit kan niet ongedaan worden gemaakt.","","",""
"ios-app","Phone","Phone","Telefoon","","",""
"ios-app","Phone number · optional","Phone number · optional","Telefoonnummer · optioneel","","",""
"ios-app","Pick an existing club above, or submit yours anyway.","Pick an existing club above, or submit yours anyway.","","","",""
"ios-app","Pick your club and it's added straight away — only a new venue needs review.","Pick your club and it's added straight away — only a new venue needs review.","Kies je club en hij is meteen toegevoegd — alleen een nieuwe club wordt eerst beoordeeld.","","",""
"ios-app","Place","Place","Plek","","",""
"ios-app","Placed in %@, %@","Placed in %@, %@","","","%@",""
"ios-app","Play a match with another %@ member and log it — you'll be on the board straight away.","Play a match with another %@ member and log it — you'll be on the board straight away.","","","%@",""
"ios-app","Play now at %@?","Play now at %@?","","","%@",""
"ios-app","Play on CueScore?","Play on CueScore?","Speel je op CueScore?","","",""
"ios-app","Play right now, no scheduled challenge needed.","Play right now, no scheduled challenge needed.","","","",""
"ios-app","Played","Played","","","",""
"ios-app","Player","Player","","","",""
"ios-app","Players filter the map by country and town. Without yours, you're hard to find.","Players filter the map by country and town. Without yours, you're hard to find.","Spelers filteren de kaart op land en plaats. Zonder die van jou ben je moeilijk te vinden.","","",""
"ios-app","Players here","Players here","Spelers hier","","",""
"ios-app","Players who add this club appear here.","Players who add this club appear here.","Spelers die deze club toevoegen, verschijnen hier.","","",""
"ios-app","Players who frequent this club appear here once they add it to their profile.","Players who frequent this club appear here once they add it to their profile.","Spelers die deze club vaak bezoeken, verschijnen hier zodra ze hem aan hun profiel toevoegen.","","",""
"ios-app","Playing at %@ until %@","Playing at %@ until %@","","","%@",""
"ios-app","Playing until %@","Playing until %@","","","%@",""
"ios-app","Playing with %@ at %@ until %@","Playing with %@ at %@ until %@","Speelt met %@ bij %@ tot %@","","%@",""
"ios-app","Playing with %@ until %@","Playing with %@ until %@","Speelt met %@ tot %@","","%@",""
"ios-app","Playing, at %@ until %@","Playing, at %@ until %@","","","%@",""
"ios-app","Plays at","Plays at","Speelt bij","","",""
"ios-app","Praying hands","Praying hands","Biddende handen","","",""
"ios-app","Prefer not to say","Prefer not to say","Zeg ik liever niet","","",""
"ios-app","Preparing…","Preparing…","","","",""
"ios-app","Presence","Presence","","","",""
"ios-app","Preview","Preview","","","",""
"ios-app","Preview full size","Preview full size","","","",""
"ios-app","Preview of the printed board","Preview of the printed board","","","",""
"ios-app","Privacy","Privacy","Privacy","","",""
"ios-app","Privacy Policy","Privacy Policy","Privacybeleid","","",""
"ios-app","Profile","Profile","Profiel","","",""
"ios-app","Question %lld of %lld","Question %lld of %lld","Vraag %lld van %lld","","%lld",""
"ios-app","RATING","RATING","","","",""
"ios-app","Race format","Race format","","","",""
"ios-app","Race to","Race to","","","",""
"ios-app","Race to %lld","Race to %lld","","","%lld",""
"ios-app","Rack %lld of race to %lld","Rack %lld of race to %lld","","","%lld",""
"ios-app","Racks %lld","Racks %lld","","","%lld",""
"ios-app","Rating","Rating","Rating","","",""
"ios-app","Ratings & profiles","Ratings & profiles","Ratings en profielen","","",""
"ios-app","React","React","Reageren","","",""
"ios-app","Read","Read","Gelezen","","",""
"ios-app","Read receipts","Read receipts","Leesbevestigingen","","",""
"ios-app","Read receipts are here","Read receipts are here","Leesbevestigingen zijn er","","",""
"ios-app","Read receipts only work when you and the other person both have them on. Turn yours off and it stops for both of you straight away.","Read receipts only work when you and the other person both have them on. Turn yours off and it stops for both of you straight away.","Leesbevestigingen werken alleen als jij en de ander ze allebei aan hebben staan. Zet die van jou uit, en het stopt meteen voor jullie allebei.","","",""
"ios-app","Read this online","Read this online","","","",""
"ios-app","Reading…","Reading…","","","",""
"ios-app","Ready to play","Ready to play","Klaar om te spelen","","",""
"ios-app","Reason","Reason","Reden","","",""
"ios-app","Reason: %@","Reason: %@","Reden: %@","","%@",""
"ios-app","Recent matches","Recent matches","Recente partijen","","",""
"ios-app","Record","Record","Statistiek","","",""
"ios-app","Recorded by %@","Recorded by %@","","","%@",""
"ios-app","Recorded by you","Recorded by you","","","",""
"ios-app","Redeem invite","Redeem invite","Uitnodiging inwisselen","","",""
"ios-app","Redeem invite link","Redeem invite link","Uitnodigingslink inwisselen","","",""
"ios-app","Rejoin scoreboard","Rejoin scoreboard","","","",""
"ios-app","Rejoin the live scoreboard","Rejoin the live scoreboard","","","",""
"ios-app","Related","Related","","","",""
"ios-app","Remove","Remove","Verwijderen","","",""
"ios-app","Remove %@ from your clubs?","Remove %@ from your clubs?","%@ uit je clubs verwijderen?","","%@",""
"ios-app","Remove club","Remove club","Club verwijderen","","",""
"ios-app","Remove connection","Remove connection","","","",""
"ios-app","Remove contact details","Remove contact details","Contactgegevens verwijderen","","",""
"ios-app","Remove reaction","Remove reaction","Reactie verwijderen","","",""
"ios-app","Remove second option","Remove second option","Tweede optie verwijderen","","",""
"ios-app","Report","Report","Melden","","",""
"ios-app","Report message","Report message","Bericht melden","","",""
"ios-app","Report player","Report player","Speler melden","","",""
"ios-app","Report sent.","Report sent.","","","",""
"ios-app","Report venue","Report venue","","","",""
"ios-app","Reported and blocked.","Reported and blocked.","","","",""
"ios-app","Request sent","Request sent","Verzoek verstuurd","","",""
"ios-app","Requested","Requested","Aangevraagd","","",""
"ios-app","Requests","Requests","Verzoeken","","",""
"ios-app","Reset code","Reset code","Code resetten","","",""
"ios-app","Reset my code","Reset my code","Mijn code resetten","","",""
"ios-app","Reset your code?","Reset your code?","Je code resetten?","","",""
"ios-app","Respond","Respond","Reageren","","",""
"ios-app","Restart 8nOut to apply","Restart 8nOut to apply","Herstart 8nOut om toe te passen","","",""
"ios-app","Result","Result","Resultaat","","",""
"ios-app","Resume","Resume","","","",""
"ios-app","Retry","Retry","Opnieuw proberen","","",""
"ios-app","Rotate for a bigger scoreboard","Rotate for a bigger scoreboard","","","",""
"ios-app","Save","Save","Opslaan","","",""
"ios-app","Save and finish","Save and finish","Opslaan en klaar","","",""
"ios-app","Save or print","Save or print","","","",""
"ios-app","Say hi and arrange a game.","Say hi and arrange a game.","Zeg hoi en plan een partij.","","",""
"ios-app","Say hi to the group.","Say hi to the group.","Zeg hoi tegen de groep.","","",""
"ios-app","Score (optional)","Score (optional)","Score (optioneel)","","",""
"ios-app","Search address or venue name","Search address or venue name","Zoek op adres of locatienaam","","",""
"ios-app","Search help…","Search help…","","","",""
"ios-app","Search pool rooms","Search pool rooms","Poolzalen zoeken","","",""
"ios-app","See all","See all","Alles bekijken","","",""
"ios-app","See the board","See the board","","","",""
"ios-app","See the board · %lld ranked","See the board · %lld ranked","","","%lld",""
"ios-app","See yourself the way other players do, and share a link anyone can open — it shows only what's already public.","See yourself the way other players do, and share a link anyone can open — it shows only what's already public.","Zie jezelf zoals andere spelers je zien, en deel een link die iedereen kan openen — hij toont alleen wat al openbaar is.","","",""
"ios-app","Self-reported","Self-reported","Zelf opgegeven","","",""
"ios-app","Self-reported — other players can check it on FairMatch if you add your profile link.","Self-reported — other players can check it on FairMatch if you add your profile link.","Zelf opgegeven — andere spelers kunnen het op FairMatch controleren als je je profiellink toevoegt.","","",""
"ios-app","Send","Send","Versturen","","",""
"ios-app","Send invite","Send invite","Uitnodiging versturen","","",""
"ios-app","Sent","Sent","Verzonden","","",""
"ios-app","Sent requests","Sent requests","","","",""
"ios-app","Set your city to see who's online near you","Set your city to see who's online near you","Stel je plaats in om te zien wie er online is in de buurt","","",""
"ios-app","Settings","Settings","Instellingen","","",""
"ios-app","Setup unfinished","Setup unfinished","Instellen niet afgerond","","",""
"ios-app","Share invite link","Share invite link","Uitnodigingslink delen","","",""
"ios-app","Share link","Share link","Link delen","","",""
"ios-app","Share my profile link","Share my profile link","Mijn profiellink delen","","",""
"ios-app","Show less","Show less","Minder tonen","","",""
"ios-app","Show me as ""Former member""","Show me as ""Former member""","Toon als ""Voormalig lid""","","",""
"ios-app","Show me as ""Former member"" on past season boards","Show me as ""Former member"" on past season boards","Toon als ""Voormalig lid"" op eerdere seizoensranglijsten","","",""
"ios-app","Show me as in the club","Show me as in the club","","","",""
"ios-app","Show more","Show more","","","",""
"ios-app","Show my connect code","Show my connect code","Mijn connectiecode tonen","","",""
"ios-app","Show your code — or scan another player's — to connect in person.","Show your code — or scan another player's — to connect in person.","Laat je code zien — of scan die van een andere speler — om in het echt met elkaar te verbinden.","","",""
"ios-app","Sign out","Sign out","Uitloggen","","",""
"ios-app","Signed in with","Signed in with","Ingelogd met","","",""
"ios-app","Signing in with Apple","Signing in with Apple","","","",""
"ios-app","Signing in with Apple.","Signing in with Apple.","","","",""
"ios-app","Signing in with Google","Signing in with Google","","","",""
"ios-app","Signing in with Google.","Signing in with Google.","","","",""
"ios-app","Skip for now","Skip for now","Nu overslaan","","",""
"ios-app","So we can prepare a possible future ratings lookup and sort the player list by name. Other members can see it, like the rest of your profile.","So we can prepare a possible future ratings lookup and sort the player list by name. Other members can see it, like the rest of your profile.","Zodat we een mogelijke toekomstige ratingopzoekfunctie kunnen voorbereiden en de spelerslijst op naam kunnen sorteren. Andere leden kunnen dit zien, net als de rest van je profiel.","","",""
"ios-app","Something else","Something else","Iets anders","","",""
"ios-app","Something went wrong loading the answers on this device. The full help centre is on the web, and it works without an account.","Something went wrong loading the answers on this device. The full help centre is on the web, and it works without an account.","","","",""
"ios-app","Sourced from CueScore","Sourced from CueScore","","","",""
"ios-app","Spam","Spam","Spam","","",""
"ios-app","Standings as of %@ — current standings live in the 8nOut app. This sheet doesn't update.","Standings as of %@ — current standings live in the 8nOut app. This sheet doesn't update.","Stand per %@ — de actuele ranglijst vind je in de 8nOut-app. Dit blad wordt niet bijgewerkt.","","%@",""
"ios-app","Start a live scoreboard","Start a live scoreboard","","","",""
"ios-app","Start a new match against %@","Start a new match against %@","","","%@",""
"ios-app","Start new match","Start new match","","","",""
"ios-app","Start one with a connection.","Start one with a connection.","Begin er een met een connectie.","","",""
"ios-app","Start scoreboard","Start scoreboard","","","",""
"ios-app","Staying on the board","Staying on the board","","","",""
"ios-app","Still playing","Still playing","Doorspelen","","",""
"ios-app","Still stuck?","Still stuck?","","","",""
"ios-app","Stop sharing","Stop sharing","Niet meer delen","","",""
"ios-app","Submit for review","Submit for review","","","",""
"ios-app","Submit it as it is","Submit it as it is","","","",""
"ios-app","Submitted for review","Submitted for review","","","",""
"ios-app","Suggest another time","Suggest another time","Andere tijd voorstellen","","",""
"ios-app","Suggestion: rotate for a bigger scoreboard","Suggestion: rotate for a bigger scoreboard","","","",""
"ios-app","Surprised","Surprised","Verrast","","",""
"ios-app","System","System","Systeem","","",""
"ios-app","Table","Table","Tafel","","",""
"ios-app","Table number (optional)","Table number (optional)","","","",""
"ios-app","Tap a name to start the match.","Tap a name to start the match.","","","",""
"ios-app","Terms of Service","Terms of Service","Servicevoorwaarden","","",""
"ios-app","Thanks — we'll check %@","Thanks — we'll check %@","Bedankt — we bekijken %@","","%@",""
"ios-app","That CueScore profile is already linked to another 8nOut account.","That CueScore profile is already linked to another 8nOut account.","Dit CueScore-profiel is al gekoppeld aan een ander 8nOut-account.","","",""
"ios-app","That club can't be added from CueScore. Add it manually below.","That club can't be added from CueScore. Add it manually below.","","","",""
"ios-app","That doesn't look like a CueScore player ID or profile link.","That doesn't look like a CueScore player ID or profile link.","Dat lijkt niet op een CueScore-speler-ID of profiellink.","","",""
"ios-app","That doesn't look like a valid web address — check it and try again.","That doesn't look like a valid web address — check it and try again.","","","",""
"ios-app","That ladder is for players whose home town is that city.","That ladder is for players whose home town is that city.","","","",""
"ios-app","That ladder isn't taking new members right now.","That ladder isn't taking new members right now.","","","",""
"ios-app","That link has no venue number in it. We need the club's CueScore venue page — the link ends in a number, like cuescore.com/venue/Club+Name/60451687. Or add it manually below.","That link has no venue number in it. We need the club's CueScore venue page — the link ends in a number, like cuescore.com/venue/Club+Name/60451687. Or add it manually below.","","","",""
"ios-app","That message is too long — the limit is 2,000 characters.","That message is too long — the limit is 2,000 characters.","Dat bericht is te lang — de limiet is 2.000 tekens.","","",""
"ios-app","That's the name on your row, in player search, and on your profile.","That's the name on your row, in player search, and on your profile.","Dat is voortaan de naam op je regel, in het zoeken naar spelers en op je profiel.","","",""
"ios-app","The %@ Ladder is for players with a club in the city","The %@ Ladder is for players with a club in the city","","","%@",""
"ios-app","The %@ Ladder is open to you","The %@ Ladder is open to you","","","%@",""
"ios-app","The address is used to place the venue on the map — it's a public pool room, not a private address.","The address is used to place the venue on the map — it's a public pool room, not a private address.","Het adres wordt gebruikt om de locatie op de kaart te zetten — het is een openbare poolzaal, geen privéadres.","","",""
"ios-app","The address lookup is unavailable","The address lookup is unavailable","","","",""
"ios-app","The board shows players who've played in the last 60 days. If you go quiet you come off it — your rating is kept exactly as it was, and one match puts you straight back.","The board shows players who've played in the last 60 days. If you go quiet you come off it — your rating is kept exactly as it was, and one match puts you straight back.","","","",""
"ios-app","The board shows players who've played in the last 60 days. Log one match and you're back at %lld — nothing was lost.","The board shows players who've played in the last 60 days. Log one match and you're back at %lld — nothing was lost.","","","%lld",""
"ios-app","The board starts with the first match","The board starts with the first match","","","",""
"ios-app","The link may be old, or the answer may have moved. Everything we've written is on the help page.","The link may be old, or the answer may have moved. Everything we've written is on the help page.","","","",""
"ios-app","The opponent doesn't need to be on 8nOut. If they are, the match shows on their record too.","The opponent doesn't need to be on 8nOut. If they are, the match shows on their record too.","Je tegenstander hoeft niet op 8nOut te zitten. Zit hij er wel op, dan verschijnt de partij ook in zijn statistiek.","","",""
"ios-app","These players can see your exact address. You share it for a set time, and can stop sooner.","These players can see your exact address. You share it for a set time, and can stop sooner.","Deze spelers zien je exacte adres. Je deelt het voor een beperkte tijd en kunt eerder stoppen.","","",""
"ios-app","These screenshots are in English. Your app itself is in whichever language you've chosen.","These screenshots are in English. Your app itself is in whichever language you've chosen.","","","",""
"ios-app","They're already in this group.","They're already in this group.","Deze persoon zit al in de groep.","","",""
"ios-app","They're still on your profile, but you're not on any club's list. Pick a club that's already on the map and you're on its list straight away.","They're still on your profile, but you're not on any club's list. Pick a club that's already on the map and you're on its list straight away.","Ze staan nog in je profiel, maar je staat op geen enkele clublijst. Kies een club die al op de kaart staat, dan sta je meteen op de lijst.","","",""
"ios-app","This deletes the game for both of you. Nothing is logged.","This deletes the game for both of you. Nothing is logged.","Dit verwijdert de partij voor jullie allebei. Er wordt niets vastgelegd.","","",""
"ios-app","This doesn't touch your past seasons. Leaving removes you from the current board, not your history. Saved standings from earlier seasons still show your name — unless you also switch on ""Former member"" below.","This doesn't touch your past seasons. Leaving removes you from the current board, not your history. Saved standings from earlier seasons still show your name — unless you also switch on ""Former member"" below.","Dit raakt je eerdere seizoenen niet. Als je de ladder verlaat, verdwijn je van de huidige ranglijst — niet uit je geschiedenis. Bewaarde ranglijsten van eerdere seizoenen tonen nog steeds je naam — tenzij je hieronder ook ""Voormalig lid"" aanzet.","","",""
"ios-app","This group is full — the limit is %lld members.","This group is full — the limit is %lld members.","Deze groep zit vol — de limiet is %lld leden.","","%lld",""
"ios-app","This hides the conversation from your list — nothing is deleted, and %@ won't notice anything. It comes back if they message you again.","This hides the conversation from your list — nothing is deleted, and %@ won't notice anything. It comes back if they message you again.","Dit verbergt het gesprek uit je lijst — er wordt niets verwijderd en %@ merkt er niets van. Bij een nieuw bericht van %@ komt het terug.","","%@",""
"ios-app","This is a home or private address","This is a home or private address","","","",""
"ios-app","This is my own phone number","This is my own phone number","Dit is mijn eigen telefoonnummer","","",""
"ios-app","This is separate from the name you play under — your display name doesn't change.","This is separate from the name you play under — your display name doesn't change.","Dit staat los van de naam waaronder je speelt — je weergavenaam verandert niet.","","",""
"ios-app","This is the name on your row in a club's list, and the name other players search by.","This is the name on your row in a club's list, and the name other players search by.","Dit is de naam op je regel in de lijst van een club, en de naam waarop andere spelers zoeken.","","",""
"ios-app","This is the name other players see — copied from CueScore when you linked. It doesn't change on its own.","This is the name other players see — copied from CueScore when you linked. It doesn't change on its own.","Dit is de naam die andere spelers zien — bij het koppelen overgenomen van CueScore. Hij verandert niet vanzelf.","","",""
"ios-app","This match isn't finished yet — finish it on CueScore first.","This match isn't finished yet — finish it on CueScore first.","Deze partij is nog niet afgelopen — rond hem eerst af op CueScore.","","",""
"ios-app","This match isn't linked to your CueScore profile, so you can't import it — you can only import your own matches.","This match isn't linked to your CueScore profile, so you can't import it — you can only import your own matches.","Deze partij is niet gekoppeld aan je CueScore-profiel, dus je kunt hem niet importeren — je kunt alleen je eigen partijen importeren.","","",""
"ios-app","This match wasn't finished","This match wasn't finished","","","",""
"ios-app","This message can't be sent — it contains language that isn't allowed on 8nOut. Edit it and try again.","This message can't be sent — it contains language that isn't allowed on 8nOut. Edit it and try again.","Dit bericht kan niet worden verstuurd — het bevat taal die niet is toegestaan op 8nOut. Pas het aan en probeer het opnieuw.","","",""
"ios-app","This message was deleted","This message was deleted","Dit bericht is verwijderd","","",""
"ios-app","This player's profile isn't available.","This player's profile isn't available.","Het profiel van deze speler is niet beschikbaar.","","",""
"ios-app","This session timed out. Nothing was saved to your record.","This session timed out. Nothing was saved to your record.","","","",""
"ios-app","This takes it off your profile. Nothing else changes.","This takes it off your profile. Nothing else changes.","Daarmee verdwijnt hij uit je profiel. Verder verandert er niets.","","",""
"ios-app","This version of 8nOut is too old to work properly. Some things will fail in confusing ways until you update, so we've paused here rather than let that happen.","This version of 8nOut is too old to work properly. Some things will fail in confusing ways until you update, so we've paused here rather than let that happen.","Deze versie van 8nOut is te oud om goed te werken. Tot je bijwerkt zouden sommige dingen op verwarrende manieren misgaan, dus we pauzeren hier.","","",""
"ios-app","Threats or safety concern","Threats or safety concern","Bedreigingen of veiligheidszorg","","",""
"ios-app","Three clubs is the limit. Remove one first, then you can add this one.","Three clubs is the limit. Remove one first, then you can add this one.","Drie clubs is het maximum. Verwijder er eerst een, dan kun je deze toevoegen.","","",""
"ios-app","Thumbs down","Thumbs down","Duim omlaag","","",""
"ios-app","Thumbs up","Thumbs up","Duim omhoog","","",""
"ios-app","Time suggested","Time suggested","Tijd voorgesteld","","",""
"ios-app","Timeout","Timeout","","","",""
"ios-app","Timeout — %@ over","Timeout — %@ over","","","%@",""
"ios-app","Timeout — %@ remaining","Timeout — %@ remaining","","","%@",""
"ios-app","Today","Today","Vandaag","","",""
"ios-app","Too many CueScore lookups just now — try again later, or add it manually.","Too many CueScore lookups just now — try again later, or add it manually.","","","",""
"ios-app","Try again","Try again","Opnieuw proberen","","",""
"ios-app","Try another word, or write to us.","Try another word, or write to us.","","","",""
"ios-app","Turn it on and your name carries Ready to play in player search and on your public profile, which anyone with the link can open, signed in or not.","Turn it on and your name carries Ready to play in player search and on your public profile, which anyone with the link can open, signed in or not.","Zet je dit aan, dan staat Klaar om te spelen bij je naam in het zoeken naar spelers en op je openbare profiel — dat kan iedereen met de link openen, ingelogd of niet.","","",""
"ios-app","Turn it on and your row here reads Ready to play. So does your public profile, which anyone with the link can open, signed in or not. You're on the list either way.","Turn it on and your row here reads Ready to play. So does your public profile, which anyone with the link can open, signed in or not. You're on the list either way.","Zet je dit aan, dan staat er op je regel hier Klaar om te spelen. Op je openbare profiel ook — dat kan iedereen met de link openen, ingelogd of niet. Op de lijst sta je hoe dan ook.","","",""
"ios-app","Turn off Go invisible to set this.","Turn off Go invisible to set this.","","","",""
"ios-app","Turn on camera","Turn on camera","Camera inschakelen","","",""
"ios-app","Turning this on lets the person you're messaging see, in real time, when you're typing a reply to them. Typing indicators only work when you and the other person both have them on. Turn yours off and it stops for both of you straight away.","Turning this on lets the person you're messaging see, in real time, when you're typing a reply to them. Typing indicators only work when you and the other person both have them on. Turn yours off and it stops for both of you straight away.","Als je dit aanzet, ziet degene met wie je chat in realtime wanneer je een bericht aan het typen bent. De typindicator werkt alleen als jij en de ander hem allebei aan hebben staan. Zet die van jou uit, en het stopt meteen voor jullie allebei.","","",""
"ios-app","Typing indicators","Typing indicators","Typindicator","","",""
"ios-app","Unblock","Unblock","Deblokkeren","","",""
"ios-app","Unhide","Unhide","Weer tonen","","",""
"ios-app","Unknown player","Unknown player","Onbekende speler","","",""
"ios-app","Unlink","Unlink","Ontkoppelen","","",""
"ios-app","Unlink CueScore profile","Unlink CueScore profile","CueScore-profiel ontkoppelen","","",""
"ios-app","Unlink your CueScore profile?","Unlink your CueScore profile?","Je CueScore-profiel ontkoppelen?","","",""
"ios-app","Unmute","Unmute","Dempen opheffen","","",""
"ios-app","Until","Until","","","",""
"ios-app","Up to 3 frequented clubs — remove one via its ⋯ menu","Up to 3 frequented clubs — remove one via its ⋯ menu","Maximaal 3 vaste clubs — verwijder er een via het ⋯-menu","","",""
"ios-app","Update 8nOut to continue","Update 8nOut to continue","Werk 8nOut bij om door te gaan","","",""
"ios-app","Update rating","Update rating","Rating bijwerken","","",""
"ios-app","Updates your age group on file.","Updates your age group on file.","Werkt je geregistreerde leeftijdsgroep bij.","","",""
"ios-app","Use CueScore photo","Use CueScore photo","CueScore-foto gebruiken","","",""
"ios-app","Venue","Venue","Locatie","","",""
"ios-app","Verify","Verify","","","",""
"ios-app","Verify on FairMatch","Verify on FairMatch","Verifiëren op FairMatch","","",""
"ios-app","View %@","View %@","%@ bekijken","","%@",""
"ios-app","View CueScore profile","View CueScore profile","CueScore-profiel bekijken","","",""
"ios-app","View in Challenges","View in Challenges","In Uitdagingen bekijken","","",""
"ios-app","View members","View members","Leden bekijken","","",""
"ios-app","View profile","View profile","Profiel bekijken","","",""
"ios-app","Visible only to players whose connection you've accepted — never on your public profile or the website.","Visible only to players whose connection you've accepted — never on your public profile or the website.","Alleen zichtbaar voor spelers van wie je de connectie hebt geaccepteerd — nooit op je openbare profiel of de website.","","",""
"ios-app","Visible to your connections only. Clear anytime.","Visible to your connections only. Clear anytime.","","","",""
"ios-app","Waiting for %@ to reply","Waiting for %@ to reply","Wachten tot %@ reageert","","%@",""
"ios-app","Waiting for a reply","Waiting for a reply","Wachten op antwoord","","",""
"ios-app","We could only find the general area — add more detail if you can, or submit it as it is.","We could only find the general area — add more detail if you can, or submit it as it is.","","","",""
"ios-app","We couldn't find a CueScore venue with that number — double-check the link, or add the club manually below.","We couldn't find a CueScore venue with that number — double-check the link, or add the club manually below.","","","",""
"ios-app","We couldn't place this address on the map","We couldn't place this address on the map","","","",""
"ios-app","We don't have that answer","We don't have that answer","","","",""
"ios-app","We filled this in from CueScore. Edit it above and submit again — change as much as you need.","We filled this in from CueScore. Edit it above and submit again — change as much as you need.","","","",""
"ios-app","We reviewed your report and acted on it under our Terms of Service.","We reviewed your report and acted on it under our Terms of Service.","We hebben je melding beoordeeld en er op grond van onze Servicevoorwaarden naar gehandeld.","","",""
"ios-app","We reviewed your report and didn't find a breach of our rules.","We reviewed your report and didn't find a breach of our rules.","We hebben je melding beoordeeld en geen overtreding van onze regels gevonden.","","",""
"ios-app","We're done","We're done","Klaar","","",""
"ios-app","We've updated our Terms of Service and Privacy Policy. Please review and agree to continue using 8nOut.","We've updated our Terms of Service and Privacy Policy. Please review and agree to continue using 8nOut.","We hebben onze Servicevoorwaarden en ons Privacybeleid bijgewerkt. Bekijk ze en ga akkoord om 8nOut te blijven gebruiken.","","",""
"ios-app","Website (optional)","Website (optional)","","","",""
"ios-app","Welcome to 8nOut","Welcome to 8nOut","Welkom bij 8nOut","","",""
"ios-app","What counts","What counts","","","",""
"ios-app","What happens","What happens","","","",""
"ios-app","What name do you play under?","What name do you play under?","Onder welke naam speel je?","","",""
"ios-app","What we looked up","What we looked up","","","",""
"ios-app","What you're making","What you're making","","","",""
"ios-app","What's your first and last name?","What's your first and last name?","Wat zijn je voor- en achternaam?","","",""
"ios-app","When","When","Wanneer","","",""
"ios-app","When a season ends, the standings are saved exactly as they stood — with your name — and that stays true even if you leave the ladder later. You can ask to appear as ""Former member"" instead, any time.","When a season ends, the standings are saved exactly as they stood — with your name — and that stays true even if you leave the ladder later. You can ask to appear as ""Former member"" instead, any time.","Als een seizoen eindigt, wordt de ranglijst precies bewaard zoals die stond — met je naam — en dat blijft zo, ook als je later de ladder verlaat. Je kunt op elk moment vragen om in plaats daarvan als ""Voormalig lid"" te worden weergegeven.","","",""
"ios-app","When you and a connection both have this on, you'll see when your message has been read — and they'll see the same about yours. Turn it off any time; nothing else about chat changes.","When you and a connection both have this on, you'll see when your message has been read — and they'll see the same about yours. Turn it off any time; nothing else about chat changes.","Als jij en een connectie dit allebei aan hebben staan, zie je wanneer je bericht is gelezen — en zij zien hetzelfde bij jou. Zet het op elk moment uit; verder verandert er niets aan de chat.","","",""
"ios-app","Where","Where","Waar","","",""
"ios-app","Where do you usually play?","Where do you usually play?","Waar speel je meestal?","","",""
"ios-app","Where your rating comes from","Where your rating comes from","","","",""
"ios-app","Which age group are you in? We use this only to set your read-receipts default — nothing else changes.","Which age group are you in? We use this only to set your read-receipts default — nothing else changes.","In welke leeftijdsgroep zit je? Dit gebruiken we alleen om je standaardinstelling voor leesbevestigingen te bepalen — verder verandert er niets.","","",""
"ios-app","Which club do you play at?","Which club do you play at?","Bij welke club speel je?","","",""
"ios-app","Which club, and for how long?","Which club, and for how long?","","","",""
"ios-app","Which country and town do you play in?","Which country and town do you play in?","In welk land en welke plaats speel je?","","",""
"ios-app","While you're invisible, no one sees you as online or open to play — not even your connections. Turn it off and your previous Open-to-play setting comes back. Your club pins and profile stay on the map.","While you're invisible, no one sees you as online or open to play — not even your connections. Turn it off and your previous Open-to-play setting comes back. Your club pins and profile stay on the map.","Zolang je onzichtbaar bent, ziet niemand je als online of open om te spelen — ook je connecties niet. Zet het uit en je vorige 'Open om te spelen'-instelling komt terug. Je clubpins en profiel blijven op de kaart staan.","","",""
"ios-app","While you're invisible: no one sees you as online, open to play, or in the club — not even your connections. Your club won't get a notification when you log on, either. It also clears any ""in the club"" status straight away. Turn invisibility off and your Open-to-play setting comes back as it was — but ""in the club"" doesn't return on its own. If you're still there, set it again. Your club pins and profile stay on the map the whole time.","While you're invisible: no one sees you as online, open to play, or in the club — not even your connections. Your club won't get a notification when you log on, either. It also clears any ""in the club"" status straight away. Turn invisibility off and your Open-to-play setting comes back as it was — but ""in the club"" doesn't return on its own. If you're still there, set it again. Your club pins and profile stay on the map the whole time.","","","",""
"ios-app","Who breaks first","Who breaks first","","","",""
"ios-app","Who has my address","Who has my address","Wie heeft mijn adres","","",""
"ios-app","Who won?","Who won?","Wie won?","","",""
"ios-app","Who's online","Who's online","Wie is online","","",""
"ios-app","Who's online in %@","Who's online in %@","Wie is online in %@","","%@",""
"ios-app","Whoever joins 8nOut through your link is connected to you automatically.","Whoever joins 8nOut through your link is connected to you automatically.","Wie via jouw link lid wordt van 8nOut, wordt automatisch met je verbonden.","","",""
"ios-app","Why are you reporting %@?","Why are you reporting %@?","Waarom meld je %@?","","%@",""
"ios-app","Win rate","Win rate","Winstpercentage","","",""
"ios-app","Win rate %lld percent","Win rate %lld percent","Winstpercentage %lld procent","","%lld",""
"ios-app","Winner","Winner","Winnaar","","",""
"ios-app","Winner breaks","Winner breaks","","","",""
"ios-app","Wins / Losses","Wins / Losses","Winst / Verlies","","",""
"ios-app","Withdraw","Withdraw","","","",""
"ios-app","Withdraw invite","Withdraw invite","Uitnodiging intrekken","","",""
"ios-app","Without a name, nobody can tell who you are in a club's list or in search.","Without a name, nobody can tell who you are in a club's list or in search.","Zonder naam kan niemand zien wie je bent in een clublijst of in het zoeken.","","",""
"ios-app","Without your first and last name, you won't be included when ratings lookup and name-based sorting are ready.","Without your first and last name, you won't be included when ratings lookup and name-based sorting are ready.","Zonder je voor- en achternaam doe je niet mee zodra de ratingopzoekfunctie en het sorteren op naam klaar zijn.","","",""
"ios-app","Won","Won","Gewonnen","","",""
"ios-app","Won your last %lld","Won your last %lld","Je laatste %lld gewonnen","","%lld",""
"ios-app","Write a message…","Write a message…","Schrijf een bericht…","","",""
"ios-app","You","You","Jij","","",""
"ios-app","You and %@ are already connected.","You and %@ are already connected.","Jij en %@ zijn al verbonden.","","%@",""
"ios-app","You and %@ are connected. Say hi and set up a game.","You and %@ are connected. Say hi and set up a game.","Jij en %@ zijn verbonden. Zeg hallo en plan een partij.","","%@",""
"ios-app","You can add players you're connected with. They don't need to be connected with anyone else in the group.","You can add players you're connected with. They don't need to be connected with anyone else in the group.","Je kunt spelers toevoegen met wie je verbonden bent. Ze hoeven met niemand anders in de groep verbonden te zijn.","","",""
"ios-app","You can check on it any time under Clubs on your profile.","You can check on it any time under Clubs on your profile.","Je kunt het altijd bekijken onder Clubs in je profiel.","","",""
"ios-app","You can skip this — read receipts just stay off for you either way.","You can skip this — read receipts just stay off for you either way.","Je kunt dit overslaan — leesbevestigingen blijven voor jou dan gewoon uit.","","",""
"ios-app","You can't add a club right now.","You can't add a club right now.","","","",""
"ios-app","You come off the %@ board and your rating stops moving.","You come off the %@ board and your rating stops moving.","","","%@",""
"ios-app","You deleted this message","You deleted this message","Je hebt dit bericht verwijderd","","",""
"ios-app","You haven't added a club yet — add one first, then you can show as in the club.","You haven't added a club yet — add one first, then you can show as in the club.","","","",""
"ios-app","You haven't blocked anyone.","You haven't blocked anyone.","Je hebt niemand geblokkeerd.","","",""
"ios-app","You invited %@","You invited %@","Je hebt %@ uitgenodigd","","%@",""
"ios-app","You lead %lld–%lld","You lead %lld–%lld","Jij leidt %1$lld–%2$lld","","%lld",""
"ios-app","You left this group — you can't send new messages.","You left this group — you can't send new messages.","Je hebt deze groep verlaten — je kunt geen nieuwe berichten meer versturen.","","",""
"ios-app","You lost","You lost","Jij verloor","","",""
"ios-app","You need a club in that city before you can join. Clubs are checked before they count.","You need a club in that city before you can join. Clubs are checked before they count.","","","",""
"ios-app","You need to be connected with %@ to add them.","You need to be connected with %@ to add them.","Je moet verbonden zijn met %@ om deze persoon toe te voegen.","","%@",""
"ios-app","You need to be connected with {name} to add them.","You need to be connected with {name} to add them.","Je moet verbonden zijn met {name} om deze persoon toe te voegen.","","{name}",""
"ios-app","You stopped sharing your address.","You stopped sharing your address.","Je deelt je adres niet meer.","","",""
"ios-app","You weren't on this season's board.","You weren't on this season's board.","","","",""
"ios-app","You won","You won","Jij won","","",""
"ios-app","You won't see each other on the map, any connection between you is removed, and any chat between you leaves your list. They won't be told they've been blocked.","You won't see each other on the map, any connection between you is removed, and any chat between you leaves your list. They won't be told they've been blocked.","Jullie zien elkaar niet meer op de kaart, een connectie tussen jullie wordt verwijderd en een gesprek tussen jullie verdwijnt uit je lijst. Diegene krijgt hier geen melding van.","","",""
"ios-app","You · %@","You · %@","","","%@",""
"ios-app","You · invisible","You · invisible","Jij · onzichtbaar","","",""
"ios-app","You'll keep read access to everything sent in this group while you were a member. You won't be able to rejoin — even if someone invites you again.","You'll keep read access to everything sent in this group while you were a member. You won't be able to rejoin — even if someone invites you again.","Je houdt leestoegang tot alles wat in deze groep is verstuurd zolang je lid was. Je kunt niet opnieuw lid worden — ook niet als iemand je opnieuw uitnodigt.","","",""
"ios-app","You'll lose each other's contact details, and any address shared for a game.","You'll lose each other's contact details, and any address shared for a game.","","","",""
"ios-app","You'll show as at **%@** until **%@**. Your accepted connections will see this — no one else. Clear it in one tap any time, and it clears itself automatically once the time's up. It's entirely optional, and you can stop using it whenever you like.","You'll show as at **%@** until **%@**. Your accepted connections will see this — no one else. Clear it in one tap any time, and it clears itself automatically once the time's up. It's entirely optional, and you can stop using it whenever you like.","","","%@",""
"ios-app","You're %@ now","You're %@ now","Je bent nu %@","","%@",""
"ios-app","You're already connected","You're already connected","Jullie zijn al verbonden","","",""
"ios-app","You're connected!","You're connected!","Jullie zijn verbonden!","","",""
"ios-app","You're first on the list at %@","You're first on the list at %@","Jij bent de eerste op de lijst bij %@","","%@",""
"ios-app","You're in %@ and you play at a club here — that's all it takes.","You're in %@ and you play at a club here — that's all it takes.","","","%@",""
"ios-app","You're invisible right now — others don't see you as online or open to play.","You're invisible right now — others don't see you as online or open to play.","Je bent nu onzichtbaar — anderen zien je niet als online of open om te spelen.","","",""
"ios-app","You're no longer connected — new messages can't be sent.","You're no longer connected — new messages can't be sent.","Jullie zijn niet meer verbonden — nieuwe berichten kunnen niet worden verstuurd.","","",""
"ios-app","You're no longer connected — this scoreboard can't be used.","You're no longer connected — this scoreboard can't be used.","","","",""
"ios-app","You're no longer in this group — new messages can't be sent.","You're no longer in this group — new messages can't be sent.","Je bent geen lid meer van deze groep — nieuwe berichten kunnen niet worden verstuurd.","","",""
"ios-app","You're not on any club's list yet, so nobody finds you when they open a club on the map.","You're not on any club's list yet, so nobody finds you when they open a club on the map.","Je staat nog op geen enkele clublijst, dus niemand vindt je als iemand op de kaart een club opent.","","",""
"ios-app","You're now visible as active","You're now visible as active","Je bent nu zichtbaar als actief","","",""
"ios-app","You're on the ladder — you're not on the board yet. Play a match with another %@ member and log it, and your name appears here.","You're on the ladder — you're not on the board yet. Play a match with another %@ member and log it, and your name appears here.","","","%@",""
"ios-app","You're on the list at %@","You're on the list at %@","Je staat op de lijst bij %@","","%@",""
"ios-app","You're sending messages very quickly — give it a moment and try again.","You're sending messages very quickly — give it a moment and try again.","Je verstuurt berichten erg snel — wacht even en probeer het opnieuw.","","",""
"ios-app","You've already got that club. Search for another one if you play somewhere else too.","You've already got that club. Search for another one if you play somewhere else too.","Die club heb je al. Zoek een andere als je ook ergens anders speelt.","","",""
"ios-app","You've confirmed. Waiting for %@ to confirm too.","You've confirmed. Waiting for %@ to confirm too.","Je hebt bevestigd. Wachten op bevestiging van %@.","","%@",""
"ios-app","You've left the ladder, but those boards still carry your name. Change how you appear, any time.","You've left the ladder, but those boards still carry your name. Change how you appear, any time.","Je hebt de ladder verlaten, maar die tabellen tonen je naam nog steeds. Je kunt op elk moment wijzigen hoe je wordt weergegeven.","","",""
"ios-app","You've left this group and can't rejoin it.","You've left this group and can't rejoin it.","Je hebt deze groep verlaten en kunt niet opnieuw lid worden.","","",""
"ios-app","You: %@","You: %@","Jij: %@","","%@",""
"ios-app","YouTube","YouTube","","","",""
"ios-app","Your 8nOut account has been removed for a violation of our Terms of Service.","Your 8nOut account has been removed for a violation of our Terms of Service.","Je 8nOut-account is verwijderd wegens een schending van onze Servicevoorwaarden.","","",""
"ios-app","Your 8nOut account has been suspended for a violation of our Terms of Service.","Your 8nOut account has been suspended for a violation of our Terms of Service.","Je 8nOut-account is geschorst wegens een schending van onze Servicevoorwaarden.","","",""
"ios-app","Your CueScore name and photo become your 8nOut name and photo.","Your CueScore name and photo become your 8nOut name and photo.","Je CueScore-naam en -foto worden je naam en foto op 8nOut.","","",""
"ios-app","Your build: %@ · needed: %@","Your build: %@ · needed: %@","Jouw build: %@ · nodig: %@","","%@",""
"ios-app","Your city","Your city","","","",""
"ios-app","Your connect QR code","Your connect QR code","Jouw connectie-QR-code","","",""
"ios-app","Your current QR and link stop working right away. Anyone already connected with you stays connected.","Your current QR and link stop working right away. Anyone already connected with you stays connected.","Je huidige QR en link werken meteen niet meer. Wie al met je verbonden is, blijft verbonden.","","",""
"ios-app","Your current rating — leave empty to remove it from your profile.","Your current rating — leave empty to remove it from your profile.","Je huidige rating — laat leeg om hem van je profiel te verwijderen.","","",""
"ios-app","Your language change takes effect the next time you open 8nOut.","Your language change takes effect the next time you open 8nOut.","Je taalwijziging gaat in de volgende keer dat je 8nOut opent.","","",""
"ios-app","Your match record, your clubs and your account are untouched. This isn't account deletion.","Your match record, your clubs and your account are untouched. This isn't account deletion.","","","",""
"ios-app","Your name","Your name","Je naam","","",""
"ios-app","Your name goes on that club's list — the same list you see when you open a club on the map.","Your name goes on that club's list — the same list you see when you open a club on the map.","Je naam komt op de lijst van die club — dezelfde lijst die je ziet als je op de kaart een club opent.","","",""
"ios-app","Your name is on past season boards","Your name is on past season boards","Je naam staat op eerdere seizoenstabellen","","",""
"ios-app","Your opponent can accept a time, or suggest another.","Your opponent can accept a time, or suggest another.","Je tegenstander kan een tijd accepteren of een andere voorstellen.","","",""
"ios-app","Your positions and ratings stay in place; your name doesn't appear next to them.","Your positions and ratings stay in place; your name doesn't appear next to them.","Je posities en ratings blijven staan; je naam verschijnt er niet meer naast.","","",""
"ios-app","Your positions and ratings stay in place; your name doesn't appear next to them. This doesn't take you off the ladder.","Your positions and ratings stay in place; your name doesn't appear next to them. This doesn't take you off the ladder.","Je posities en ratings blijven staan; je naam verschijnt er niet meer naast. Je verdwijnt hierdoor niet van de ladder.","","",""
"ios-app","Your rating moves quickly over your first several matches, then settles down as it finds your level. Nothing you do speeds that up or slows it down.","Your rating moves quickly over your first several matches, then settles down as it finds your level. Nothing you do speeds that up or slows it down.","","","",""
"ios-app","Your rating moves when you and another %@ member log a match together.","Your rating moves when you and another %@ member log a match together.","","","%@",""
"ios-app","Your record starts here","Your record starts here","Je statistiek begint hier","","",""
"ios-app","Your score","Your score","Jouw score","","",""
"ios-app","Your starting rating","Your starting rating","","","",""
"ios-app","Your town or city only — every member can see this, so skip the street address or postal code.","Your town or city only — every member can see this, so skip the street address or postal code.","Alleen je woonplaats — elk lid kan dit zien, dus laat het exacte adres of de postcode weg.","","",""
"ios-app","Zoom out for more clubs","Zoom out for more clubs","Zoom uit voor meer clubs","","",""
"ios-app","agreed","agreed","akkoord","","",""
"ios-app","and %lld more","and %lld more","en nog %lld","","%lld",""
"ios-app","e.g. 512","e.g. 512","bijv. 512","","",""
"ios-app","e.g. Amsterdam","e.g. Amsterdam","bijv. Amsterdam","","",""
"ios-app","e.g. Weekend Regulars","e.g. Weekend Regulars","bijv. Weekendploeg","","",""
"ios-app","https://fairmatch.fargorate.com/…","https://fairmatch.fargorate.com/…","https://fairmatch.fargorate.com/…","","",""
"ios-app","https://wa.me/qr/…","https://wa.me/qr/…","https://wa.me/qr/…","","",""
"ios-app","including you","including you","jou inbegrepen","","",""
"ios-app","less than 1 kilometer away","less than 1 kilometer away","minder dan 1 kilometer verderop","","",""
"ios-app","of %lld to win rack","of %lld to win rack","","","%lld",""
"ios-app","on the table","on the table","","","",""
"ios-app","this player","this player","","","",""
"ios-app","today","today","vandaag","","",""
"ios-app","via CueScore","via CueScore","via CueScore","","",""
"ios-app","vs. %@","vs. %@","","","%@",""
"ios-app","vs. %@ · One Pocket · race to %lld","vs. %@ · One Pocket · race to %lld","","","%@; %lld",""
"ios-app","yesterday","yesterday","gisteren","","",""
"ios-app","~%@ km away","~%@ km away","","","%@",""
"ios-app","~<1 km away","~<1 km away","","","",""
"ios-app","—","—","","","",""
"help-centre","categories.getting-started.title","Getting started","","","",""
"help-centre","categories.getting-started.subtitle","What 8nOut is, and how to get it","","","",""
"help-centre","categories.setting-up.title","Setting up","","","",""
"help-centre","categories.setting-up.subtitle","The questions when you start","","","",""
"help-centre","categories.the-map.title","The map","","","",""
"help-centre","categories.the-map.subtitle","Finding players and clubs near you","","","",""
"help-centre","categories.connecting.title","Connecting","","","",""
"help-centre","categories.connecting.subtitle","Reaching another player on 8nOut","","","",""
"help-centre","categories.matches-cuescore.title","Matches & CueScore","","","",""
"help-centre","categories.matches-cuescore.subtitle","Your record, and CueScore matches","","","",""
"help-centre","categories.your-account.title","Your account","","","",""
"help-centre","categories.your-account.subtitle","Language, sign-in and settings","","","",""
"help-centre","categories.safety.title","Safety","","","",""
"help-centre","categories.safety.subtitle","Staying safe, and the policies","","","",""
"help-centre","categories.city-ladder.title","City Ladder","","","",""
"help-centre","categories.city-ladder.subtitle","Joining, ratings, your city's board, and past seasons","","","",""
"help-centre","entries.about-8nout.question","What is 8nOut?","Wat is 8nOut?","","",""
"help-centre","entries.about-8nout.summary","A map of One Pocket clubs and players across Europe. Find someone near you, connect, and arrange a game.","Een kaart van One Pocket-clubs en spelers in heel Europa. Vind iemand bij jou in de buurt, maak contact en spreek een potje af.","","",""
"help-centre","entries.about-8nout.body[0]","8nOut is a map for the European One Pocket community. It shows pool clubs across Europe, and the players who play at them.","8nOut is een kaart voor de Europese One Pocket-gemeenschap. Je ziet poolclubs door heel Europa, en de spelers die daar spelen.","","",""
"help-centre","entries.about-8nout.body[1]","You make a profile, add the clubs you play at, and look around the map. When you find someone you would like to play, you send them a connection request. If they accept, the two of you can swap contact details and arrange a game.","Je maakt een profiel aan, voegt de clubs toe waar je speelt, en kijkt rond op de kaart. Vind je iemand met wie je graag zou spelen, dan stuur je een connectieverzoek. Accepteert die persoon het, dan kunnen jullie contactgegevens uitwisselen en een potje afspreken.","","",""
"help-centre","entries.about-8nout.body[2]","You can keep your record here too. Finished matches you played on CueScore can be brought across, and games you arranged through 8nOut can be logged by hand.","Je kunt hier ook je resultaten bijhouden. Afgeronde wedstrijden die je op CueScore hebt gespeeld, kun je overnemen, en potjes die je via 8nOut hebt afgesproken, kun je handmatig invoeren.","","",""
"help-centre","entries.about-8nout.body[3]","It is built by a One Pocket player, for One Pocket players. It is free to use, and there is nothing to buy inside it.","8nOut is gemaakt door een One Pocket-speler, voor One Pocket-spelers. Het is gratis te gebruiken, en er is niets te koop in de app.","","",""
"help-centre","entries.about-8nout.keywords[0]","about","over","","",""
"help-centre","entries.about-8nout.keywords[1]","what is","wat is","","",""
"help-centre","entries.about-8nout.keywords[2]","one pocket","one pocket","","",""
"help-centre","entries.about-8nout.keywords[3]","map","kaart","","",""
"help-centre","entries.about-8nout.keywords[4]","europe","europa","","",""
"help-centre","entries.about-8nout.keywords[5]","community","gemeenschap","","",""
"help-centre","entries.about-8nout.links[0].label","How do I get 8nOut?","","","",""
"help-centre","entries.about-8nout.links[1].label","Why do I have to connect first?","","","",""
"help-centre","entries.getting-8nout.question","How do I get 8nOut?","Hoe kom ik aan 8nOut?","","",""
"help-centre","entries.getting-8nout.summary","On iPhone and iPad, 8nOut is in beta through TestFlight. On Android and on a computer, use the web app at 8nout.com.","Op iPhone en iPad is 8nOut in bèta via TestFlight. Op Android en op de computer gebruik je de webapp op 8nout.com.","","",""
"help-centre","entries.getting-8nout.body[0]","8nOut is still in beta, so there are two ways in.","8nOut is nog in bèta, dus er zijn twee manieren om erin te komen.","","",""
"help-centre","entries.getting-8nout.body[1]","On iPhone or iPad: go to 8nout.com and use the TestFlight button. TestFlight is Apple's own app for trying apps that are still being tested — you install TestFlight first, then 8nOut through it.","Op iPhone of iPad: ga naar 8nout.com en gebruik de TestFlight-knop. TestFlight is Apples eigen app om apps te proberen die nog getest worden — je installeert eerst TestFlight, en daarna 8nOut daarbinnen.","","",""
"help-centre","entries.getting-8nout.body[2]","On Android, or on a computer: open 8nout.com and go to the web app. It does the same things. On a phone you can add it to your home screen, so it opens like any other app.","Op Android, of op de computer: open 8nout.com en ga naar de webapp. Die doet hetzelfde. Op een telefoon kun je hem aan je startscherm toevoegen, zodat hij opent als elke andere app.","","",""
"help-centre","entries.getting-8nout.body[3]","Either way you sign in with Apple or with Google, and there is nothing to pay.","In beide gevallen log je in met Apple of met Google, en er valt niets te betalen.","","",""
"help-centre","entries.getting-8nout.body[4]","After you sign in, 8nOut asks a short set of questions — most help other players find you. You can answer them then, or leave them for later.","Na het inloggen stelt 8nOut een aantal korte vragen — de meeste zodat andere spelers je kunnen vinden. Je kunt ze dan beantwoorden, of voor later bewaren.","","",""
"help-centre","entries.getting-8nout.keywords[0]","download","downloaden","","",""
"help-centre","entries.getting-8nout.keywords[1]","install","installeren","","",""
"help-centre","entries.getting-8nout.keywords[2]","testflight","testflight","","",""
"help-centre","entries.getting-8nout.keywords[3]","beta","bèta","","",""
"help-centre","entries.getting-8nout.keywords[4]","android","android","","",""
"help-centre","entries.getting-8nout.keywords[5]","web app","webapp","","",""
"help-centre","entries.getting-8nout.keywords[6]","sign in","inloggen","","",""
"help-centre","entries.getting-8nout.links[0].label","Is 8nOut free?","","","",""
"help-centre","entries.getting-8nout.links[1].label","The setup questions when you start","","","",""
"help-centre","entries.cost.question","Is 8nOut free?","Is 8nOut gratis?","","",""
"help-centre","entries.cost.summary","Yes. Nothing to pay, and nothing to buy inside it.","Ja. Niets te betalen, en niets te koop in de app.","","",""
"help-centre","entries.cost.body[0]","Yes. 8nOut is free to use, and there is nothing to buy inside it.","Ja. 8nOut is gratis te gebruiken, en er is niets te koop in de app.","","",""
"help-centre","entries.cost.body[1]","It is a small community project. One player runs it, for the European One Pocket community.","Het is een klein community-project. Eén speler runt het, voor de Europese One Pocket-gemeenschap.","","",""
"help-centre","entries.cost.body[2]","What happens with your details is set out in the Privacy Policy. We link that document rather than summarise it here, because a summary drifts from the thing it summarises and then two versions of the same promise exist.","Wat er met je gegevens gebeurt, staat in het Privacybeleid. We linken naar dat document in plaats van het hier samen te vatten, want een samenvatting raakt op den duur los van het document dat ze samenvat, en dan bestaan er twee versies van dezelfde belofte.","","",""
"help-centre","entries.cost.keywords[0]","free","gratis","","",""
"help-centre","entries.cost.keywords[1]","cost","kosten","","",""
"help-centre","entries.cost.keywords[2]","price","prijs","","",""
"help-centre","entries.cost.keywords[3]","pay","betalen","","",""
"help-centre","entries.cost.keywords[4]","subscription","abonnement","","",""
"help-centre","entries.cost.links[0].label","Where the Terms and Privacy Policy are","","","",""
"help-centre","entries.skill-level.question","Do I need to be good at One Pocket?","Moet ik goed zijn in One Pocket?","","",""
"help-centre","entries.skill-level.summary","No. It has a reputation as a connoisseur's game, but you only learn it by playing it — and most players here would rather teach than not play.","Nee. Het staat bekend als een spel voor kenners, maar je leert het alleen door het te spelen — en de meeste spelers hier leren je liever iets dan dat ze niet spelen.","","",""
"help-centre","entries.skill-level.body[0]","No. One Pocket has a reputation as a game for experts, and it puts people off before they have played a single rack. It should not.","Nee. One Pocket staat bekend als een spel voor experts, en dat schrikt mensen af voordat ze ook maar één rack hebben gespeeld. Dat zou niet moeten.","","",""
"help-centre","entries.skill-level.body[1]","Almost everything that makes the game good — the patience, the safety battles, reading the table two shots ahead — you learn by playing someone better than you and losing a few. Every strong One Pocket player in Europe went through exactly that. There is no other route in.","Bijna alles wat het spel goed maakt — het geduld, de safety-gevechten, de tafel twee zetten vooruit lezen — leer je door tegen iemand beter dan jij te spelen en een paar keer te verliezen. Elke sterke One Pocket-speler in Europa is precies dat pad gegaan. Er is geen andere ingang.","","",""
"help-centre","entries.skill-level.body[2]","If you are new to it, say so in your bio. It tends to make players more likely to invite you, not less. An evening spent showing someone the game is a good evening.","Ben je nieuw in het spel, zet dat dan in je bio. Spelers nodigen je daardoor eerder uit, niet minder vaak. Een avond waarin je iemand het spel laat zien, is een goede avond.","","",""
"help-centre","entries.skill-level.body[3]","There is a Fargo Rating on your profile and it is optional. Leave it empty if you do not have one, or would rather not show it. It is self-reported.","Op je profiel staat een Fargo Rating, en die is optioneel. Laat hem leeg als je er geen hebt, of als je hem liever niet laat zien. Hij wordt door jou zelf opgegeven.","","",""
"help-centre","entries.skill-level.body[4]","One Pocket is a small world in Europe. Most people here would far rather play a keen beginner than nobody at all.","One Pocket is een kleine wereld in Europa. De meeste mensen hier spelen liever tegen een enthousiaste beginner dan tegen niemand.","","",""
"help-centre","entries.skill-level.keywords[0]","beginner","beginner","","",""
"help-centre","entries.skill-level.keywords[1]","new","nieuw","","",""
"help-centre","entries.skill-level.keywords[2]","skill","niveau","","",""
"help-centre","entries.skill-level.keywords[3]","fargo","fargo","","",""
"help-centre","entries.skill-level.keywords[4]","rating","rating","","",""
"help-centre","entries.skill-level.keywords[5]","learn","leren","","",""
"help-centre","entries.skill-level.links[0].label","Why do I have to connect first?","","","",""
"help-centre","entries.skill-level.links[1].label","How do I get on the map?","","","",""
"help-centre","entries.setup-questions.question","What does 8nOut ask when I start?","Wat vraagt 8nOut als ik begin?","","",""
"help-centre","entries.setup-questions.summary","Your name, your first and last name, your country and town, and a club. Most of these help other players find you — first and last name is different, for a possible future ratings lookup. You can leave at any point.","Je naam, je voor- en achternaam, je land en woonplaats, en een club. De meeste zijn er zodat andere spelers je kunnen vinden — voor- en achternaam is anders: dat is voor een mogelijke toekomstige ratingopzoekfunctie. Je kunt op elk moment stoppen.","","",""
"help-centre","entries.setup-questions.body[0]","The first time you open 8nOut it asks a short set of questions. They take about a minute, and you can leave at any point.","De eerste keer dat je 8nOut opent, stelt de app een aantal korte vragen. Ze kosten ongeveer een minuut, en je kunt op elk moment stoppen.","","",""
"help-centre","entries.setup-questions.body[1]","One question is the name you play under. This is the name on your row in a club's list, and the name other players search by. One word is fine — plenty of players here go by a handle.","Een van de vragen is de naam waaronder je speelt. Dit is de naam op jouw regel in de lijst van een club, en de naam waarop andere spelers zoeken. Eén woord is prima — veel spelers hier gebruiken een bijnaam.","","",""
"help-centre","entries.setup-questions.body[2]","Another asks for your first and last name. It helps us prepare for a possible future ratings lookup, and for sorting the player list by name — other members can see it, like the rest of your profile. It is separate from the name you play under, which does not change.","Een andere vraagt naar je voor- en achternaam. Dit helpt ons ons voor te bereiden op een mogelijke toekomstige ratingopzoekfunctie en op het sorteren van de spelerslijst op naam — andere leden kunnen dit zien, net als de rest van je profiel. Dit staat los van de naam waaronder je speelt, die niet verandert.","","",""
"help-centre","entries.setup-questions.body[3]","Another is your country and town. Players filter the map by country and town, so without yours you are hard to find.","Een andere is je land en woonplaats. Spelers filteren de kaart op land en plaats, dus zonder die van jou ben je moeilijk te vinden.","","",""
"help-centre","entries.setup-questions.body[4]","Between the country/town question and the club question comes one optional extra: linking your CueScore profile. You can pass on it.","Tussen de vraag over land/woonplaats en de vraag over de club komt nog één optioneel extraatje: je CueScore-profiel koppelen. Je kunt dat overslaan.","","",""
"help-centre","entries.setup-questions.body[5]","Last is a club. Your name goes on that club's list — the same list you see when you open a club on the map. If your club is not on 8nOut yet, you can add it and we will check it.","De laatste is een club. Je naam komt op de lijst van die club — dezelfde lijst die je ziet als je een club op de kaart opent. Staat jouw club nog niet op 8nOut, dan kun je hem toevoegen en controleren we hem.","","",""
"help-centre","entries.setup-questions.body[6]","Every screen has a way out, labelled Finish later, including the first one. No part of 8nOut is locked behind these questions. The map, connecting, your record and everything else work the same whether you answer them or not.","Elk scherm heeft een uitweg, met de knop Later afronden, ook het eerste. Geen enkel deel van 8nOut zit achter slot bij deze vragen. De kaart, connecties maken, je resultaten en al het andere werken hetzelfde, of je ze nu beantwoordt of niet.","","",""
"help-centre","entries.setup-questions.body[7]","What does change is how easy you are to find. Without a name, nobody can tell who you are in a club's list or in search. Without a club, you are not on any club's list, so nobody finds you when they open a club on the map. You can fill either one in whenever you like.","Wat wel verandert, is hoe makkelijk je te vinden bent. Zonder naam kan niemand zien wie je bent in de lijst van een club of in het zoeken. Zonder club sta je op geen enkele clublijst, dus vindt niemand je als ze een club op de kaart openen. Je kunt beide op elk gewenst moment alsnog invullen.","","",""
"help-centre","entries.setup-questions.keywords[0]","setup","instellen","","",""
"help-centre","entries.setup-questions.keywords[1]","questions","vragen","","",""
"help-centre","entries.setup-questions.keywords[2]","onboarding","onboarding","","",""
"help-centre","entries.setup-questions.keywords[3]","name","naam","","",""
"help-centre","entries.setup-questions.keywords[4]","town","woonplaats","","",""
"help-centre","entries.setup-questions.keywords[5]","club","club","","",""
"help-centre","entries.setup-questions.keywords[6]","start","starten","","",""
"help-centre","entries.setup-questions.keywords[7]","finish later","later afronden","","",""
"help-centre","entries.setup-questions.links[0].label","Can I finish setting up later?","","","",""
"help-centre","entries.setup-questions.links[1].label","How do I get on the map?","","","",""
"help-centre","entries.finishing-setup-later.question","Can I finish setting up later?","Kan ik het instellen later afmaken?","","",""
"help-centre","entries.finishing-setup-later.summary","Yes. Every screen has Finish later, a card on your Profile brings it back, and dismissing that card three times stops it for good.","Ja. Elk scherm heeft Later afronden, een kaart op je Profiel brengt het terug, en die kaart drie keer wegklikken stopt het voorgoed.","","",""
"help-centre","entries.finishing-setup-later.body[0]","Yes. Every screen has a way out, labelled Finish later, and taking it costs you nothing you cannot pick up again.","Ja. Elk scherm heeft een uitweg, met de knop Later afronden, en die gebruiken kost je niets wat je niet later weer kunt oppakken.","","",""
"help-centre","entries.finishing-setup-later.body[1]","If you leave partway, a card appears on your Profile showing what is still open, with a button back to where you stopped. You can use it whenever you feel like it.","Stop je halverwege, dan verschijnt er een kaart op je Profiel die laat zien wat nog openstaat, met een knop terug naar waar je gebleven was. Je kunt hem gebruiken wanneer je daar zin in hebt.","","",""
"help-centre","entries.finishing-setup-later.body[2]","If you would rather not be asked now, dismiss the card and it goes quiet for a week. Dismiss it a second time and it goes quiet for two weeks, a third time for a month — and after that third time the card does not come back at all.","Wil je liever nu niet gevraagd worden, dan sluit je de kaart en blijft hij een week stil. Sluit je hem een tweede keer, dan blijft hij twee weken stil, een derde keer een maand — en na die derde keer komt de kaart helemaal niet meer terug.","","",""
"help-centre","entries.finishing-setup-later.body[3]","What is left after that is one quiet line on your Profile with a Finish link. It never interrupts you again, and it is there if you change your mind.","Wat overblijft is één rustige regel op je Profiel met een Afronden-link. Die onderbreekt je nooit meer, en staat er voor het geval je van gedachten verandert.","","",""
"help-centre","entries.finishing-setup-later.body[4]","Dismissing is remembered by 8nOut rather than by the device, so quieting the card on your phone also quiets it in the web app.","8nOut onthoudt het wegklikken zelf, niet je apparaat, dus stil zetten op je telefoon zet de kaart ook stil in de webapp.","","",""
"help-centre","entries.finishing-setup-later.body[5]","None of this changes what you can do in 8nOut. The questions make you easier to find; they do not stand between you and anything.","Niets hiervan verandert wat je in 8nOut kunt doen. De vragen maken je makkelijker vindbaar; ze staan nergens tussen jou en wat dan ook.","","",""
"help-centre","entries.finishing-setup-later.keywords[0]","later","later","","",""
"help-centre","entries.finishing-setup-later.keywords[1]","skip","overslaan","","",""
"help-centre","entries.finishing-setup-later.keywords[2]","finish later","later afronden","","",""
"help-centre","entries.finishing-setup-later.keywords[3]","banner","banner","","",""
"help-centre","entries.finishing-setup-later.keywords[4]","dismiss","sluiten","","",""
"help-centre","entries.finishing-setup-later.keywords[5]","reminder","herinnering","","",""
"help-centre","entries.finishing-setup-later.keywords[6]","profile","profiel","","",""
"help-centre","entries.finishing-setup-later.links[0].label","What the setup questions are","","","",""
"help-centre","entries.finishing-setup-later.links[1].label","My club is not on the map","","","",""
"help-centre","entries.club-not-added.question","My club is not on the map. What now?","Mijn club staat niet op de kaart. Wat nu?","","",""
"help-centre","entries.club-not-added.summary","Three different things can be going on — the club is waiting to be looked at, it was not added, or you have not picked one yet. Each has its own next step.","Er kunnen drie dingen aan de hand zijn — de club wacht op controle, hij is niet toegevoegd, of je hebt er nog geen gekozen. Elke situatie heeft zijn eigen vervolgstap.","","",""
"help-centre","entries.club-not-added.body[0]","Clubs are added by the community, so yours may not be on 8nOut yet. There are three situations, and your Clubs list on your profile tells you which one you are in.","Clubs worden door de community toegevoegd, dus die van jou staat mogelijk nog niet op 8nOut. Er zijn drie mogelijke situaties, en je Clubs-lijst op je profiel laat zien in welke je zit.","","",""
"help-centre","entries.club-not-added.body[1]","It is waiting to be looked at. You submitted a new venue and it is marked pending review. It is on your clubs already. Once it is approved, the club goes on the map and your name is on its list. Until then, you are not on any club's list. You can check on it any time under Clubs on your profile.","Hij wacht op controle. Je hebt een nieuwe locatie ingediend en die staat gemarkeerd als in behandeling. Hij staat al bij jouw clubs. Zodra hij is goedgekeurd, komt de club op de kaart en staat jouw naam op de lijst. Tot die tijd sta je op geen enkele clublijst. Je kunt de status altijd checken onder Clubs op je profiel.","","",""
"help-centre","entries.club-not-added.body[2]","It was not added. Not every venue makes it onto the map. It is still on your profile, but you are not on any club's list. Pick a club that is already on the map and you are on its list straight away.","Hij is niet toegevoegd. Niet elke locatie haalt de kaart. Hij blijft op je profiel staan, maar je staat op geen enkele clublijst. Kies een club die al op de kaart staat, en je staat direct op die lijst.","","",""
"help-centre","entries.club-not-added.body[3]","You have not picked one yet. Open Clubs on your profile and search for the club you play at. If it is there, choose it and you are on its list. If it is not there, you can submit it.","Je hebt er nog geen gekozen. Open Clubs op je profiel en zoek naar de club waar je speelt. Staat hij erbij, kies hem dan en je staat op de lijst. Staat hij er niet bij, dan kun je hem indienen.","","",""
"help-centre","entries.club-not-added.body[4]","One thing worth knowing either way: the map is for public pool venues — a club, a hall, a bar with a table. A home or a private address is not added to it.","Iets om sowieso te weten: de kaart is voor openbare poollocaties — een club, een hal, een café met een tafel. Een woonadres of privéadres wordt er niet aan toegevoegd.","","",""
"help-centre","entries.club-not-added.body[5]","Whichever of the three you are in, nothing else about your account changes, and everything else in 8nOut carries on working.","In welke van de drie situaties je ook zit, verder verandert er niets aan je account, en al het andere in 8nOut blijft gewoon werken.","","",""
"help-centre","entries.club-not-added.keywords[0]","club","club","","",""
"help-centre","entries.club-not-added.keywords[1]","missing","ontbreekt","","",""
"help-centre","entries.club-not-added.keywords[2]","not on the map","niet op de kaart","","",""
"help-centre","entries.club-not-added.keywords[3]","pending","in behandeling","","",""
"help-centre","entries.club-not-added.keywords[4]","review","controle","","",""
"help-centre","entries.club-not-added.keywords[5]","not approved","niet goedgekeurd","","",""
"help-centre","entries.club-not-added.keywords[6]","venue","locatie","","",""
"help-centre","entries.club-not-added.links[0].label","How do I add a club to the map?","","","",""
"help-centre","entries.club-not-added.links[1].label","How do I get on the map?","","","",""
"help-centre","entries.ready-to-play.question","What does Ready to play mean?","Wat betekent Klaar om te spelen?","","",""
"help-centre","entries.ready-to-play.summary","A switch on your profile, called Open to play. Turn it on and your row on a club's list reads Ready to play.","Een schakelaar op je profiel, Open om te spelen. Zet hem aan en jouw regel in de lijst van een club wordt Klaar om te spelen.","","",""
"help-centre","entries.ready-to-play.body[0]","Open to play is a switch on your profile. It is the one thing on 8nOut that says you are up for a game at the moment, rather than in general.","Open om te spelen is een schakelaar op je profiel. Het is het enige op 8nOut dat aangeeft dat je op dit moment zin hebt in een potje, in plaats van in het algemeen.","","",""
"help-centre","entries.ready-to-play.body[1]","Turn it on and your row on your club's list reads Ready to play. So does your public profile, which anyone with the link can open, signed in or not. You are on the list either way.","Zet hem aan en jouw regel in de lijst van je club wordt Klaar om te spelen. Hetzelfde geldt voor je openbare profiel, dat iedereen met de link kan openen, ingelogd of niet. Je staat sowieso op de lijst.","","",""
"help-centre","entries.ready-to-play.body[2]","If your club is still waiting to be looked at, there is no club list carrying your row yet. In that case your name carries Ready to play in player search and on your public profile.","Wacht jouw club nog op controle, dan is er nog geen clublijst met jouw regel erop. In dat geval krijgt jouw naam Klaar om te spelen mee in het zoeken naar spelers en op je openbare profiel.","","",""
"help-centre","entries.ready-to-play.body[3]","Turn it off and nothing else changes. You are on the list either way — the switch only says whether you are up for a game right now.","Zet hem uit en er verandert verder niets. Je staat sowieso op de lijst — de schakelaar geeft alleen aan of je op dit moment zin hebt in een potje.","","",""
"help-centre","entries.ready-to-play.body[4]","It is a switch, not a promise. Turn it on before a weekend and off again on Monday. Nobody is told either way.","Het is een schakelaar, geen belofte. Zet hem aan voor een weekend en weer uit op maandag. Niemand krijgt daar bericht van, in beide richtingen.","","",""
"help-centre","entries.ready-to-play.keywords[0]","ready to play","klaar om te spelen","","",""
"help-centre","entries.ready-to-play.keywords[1]","open to play","open om te spelen","","",""
"help-centre","entries.ready-to-play.keywords[2]","available","beschikbaar","","",""
"help-centre","entries.ready-to-play.keywords[3]","switch","schakelaar","","",""
"help-centre","entries.ready-to-play.keywords[4]","toggle","aan/uit","","",""
"help-centre","entries.ready-to-play.keywords[5]","up for a game","zin in een potje","","",""
"help-centre","entries.ready-to-play.links[0].label","How do I get on the map?","","","",""
"help-centre","entries.ready-to-play.links[1].label","Why do I have to connect first?","","","",""
"help-centre","entries.getting-on-the-map.question","How do I get on the map?","Hoe kom ik op de kaart?","","",""
"help-centre","entries.getting-on-the-map.summary","You do not get a pin of your own. Add the club you play at, and your name is on that club's list — which is what other players open.","Je krijgt geen eigen pin. Voeg de club toe waar je speelt, en je naam komt op de lijst van die club — dat is wat andere spelers openen.","","",""
"help-centre","entries.getting-on-the-map.body[0]","The pins on the map are clubs. You do not get a pin of your own, and you do not need one.","De pins op de kaart zijn clubs. Je krijgt geen eigen pin, en je hebt er ook geen nodig.","","",""
"help-centre","entries.getting-on-the-map.body[1]","Add the club you play at, and your name goes on that club's list — the same list you see when you open a club on the map. That is how other players find you: they look at the clubs near them and see who plays there.","Voeg de club toe waar je speelt, en je naam komt op de lijst van die club — dezelfde lijst die je ziet als je een club op de kaart opent. Zo vinden andere spelers je: ze kijken naar de clubs bij hen in de buurt en zien wie daar speelt.","","",""
"help-centre","entries.getting-on-the-map.body[2]","You can add up to three clubs, so if you play in more than one place, add them all.","Je kunt tot drie clubs toevoegen, dus speel je op meer dan één plek, voeg ze dan allemaal toe.","","",""
"help-centre","entries.getting-on-the-map.body[3]","If your club is not on 8nOut yet, you can submit it. It goes on the map once it has been approved, and until then you are on no club's list.","Staat jouw club nog niet op 8nOut, dan kun je hem indienen. Hij komt op de kaart zodra hij is goedgekeurd, en tot die tijd sta je op geen enkele clublijst.","","",""
"help-centre","entries.getting-on-the-map.body[4]","The other thing worth filling in is your country and town. Players filter the map by country and town, so without yours you are hard to find.","Het andere dat de moeite waard is om in te vullen, is je land en woonplaats. Spelers filteren de kaart op land en plaats, dus zonder die van jou ben je moeilijk te vinden.","","",""
"help-centre","entries.getting-on-the-map.keywords[0]","map","kaart","","",""
"help-centre","entries.getting-on-the-map.keywords[1]","pin","pin","","",""
"help-centre","entries.getting-on-the-map.keywords[2]","visible","zichtbaar","","",""
"help-centre","entries.getting-on-the-map.keywords[3]","findable","vindbaar","","",""
"help-centre","entries.getting-on-the-map.keywords[4]","club list","clublijst","","",""
"help-centre","entries.getting-on-the-map.keywords[5]","roster","spelerslijst","","",""
"help-centre","entries.getting-on-the-map.keywords[6]","town","woonplaats","","",""
"help-centre","entries.getting-on-the-map.links[0].label","How do I add a club to the map?","","","",""
"help-centre","entries.getting-on-the-map.links[1].label","My club is not on the map","","","",""
"help-centre","entries.getting-on-the-map.links[2].label","How do I filter the map?","","","",""
"help-centre","entries.filtering-the-map.question","How do I filter the map?","Hoe filter ik de kaart?","","",""
"help-centre","entries.filtering-the-map.summary","Narrow it by open to play, country and city. The filters stack, and clearing them brings everything back.","Beperk hem op open om te spelen, land en stad. De filters stapelen, en ze wissen brengt alles terug.","","",""
"help-centre","entries.filtering-the-map.body[0]","The map gets busy, so you can narrow it down.","De kaart wordt druk, dus je kunt hem beperken.","","",""
"help-centre","entries.filtering-the-map.body[1]","In the iPhone app, tap the filter button at the top right of the Map tab. You get three things: an Open to play only switch, a country and a city.","Tik in de iPhone-app op de filterknop rechtsboven in het tabblad Kaart. Je krijgt drie dingen: een schakelaar Alleen open om te spelen, een land en een stad.","","",""
"help-centre","entries.filtering-the-map.body[2]","In the web app the same three sit on the map itself, as controls you tap or choose from.","In de webapp staan diezelfde drie op de kaart zelf, als bedieningselementen waarop je tikt of kiest.","","",""
"help-centre","entries.filtering-the-map.body[3]","The filters stack. Pick a country and then a city and the map narrows further and zooms to fit what is left. Clear them and everything comes back.","De filters stapelen. Kies een land en dan een stad, en de kaart wordt verder beperkt en zoomt in op wat overblijft. Wis ze en alles komt terug.","","",""
"help-centre","entries.filtering-the-map.keywords[0]","filter","filter","","",""
"help-centre","entries.filtering-the-map.keywords[1]","search","zoeken","","",""
"help-centre","entries.filtering-the-map.keywords[2]","country","land","","",""
"help-centre","entries.filtering-the-map.keywords[3]","city","stad","","",""
"help-centre","entries.filtering-the-map.keywords[4]","narrow","beperken","","",""
"help-centre","entries.filtering-the-map.keywords[5]","map","kaart","","",""
"help-centre","entries.filtering-the-map.links[0].label","How do I get on the map?","","","",""
"help-centre","entries.adding-a-club.question","How do I add a club to the map?","Hoe voeg ik een club toe aan de kaart?","","",""
"help-centre","entries.adding-a-club.summary","Search for it first. If it is not there, submit it — a person reads every new venue, and it goes on the map once it is approved.","Zoek eerst. Staat hij er niet bij, dien hem dan in — iemand bekijkt elke nieuwe locatie persoonlijk, en hij komt op de kaart zodra hij is goedgekeurd.","","",""
"help-centre","entries.adding-a-club.body[0]","Clubs get onto the map because players put them there, so if yours is missing you can add it yourself.","Clubs komen op de kaart doordat spelers ze daar plaatsen, dus mist jouw club, dan kun je hem zelf toevoegen.","","",""
"help-centre","entries.adding-a-club.body[1]","Go to your profile, open Clubs and choose to add a club. Search first — it may already be on 8nOut under a slightly different name. If it is there, pick it and you are done.","Ga naar je profiel, open Clubs en kies om een club toe te voegen. Zoek eerst — hij staat mogelijk al op 8nOut onder een iets andere naam. Staat hij erbij, kies hem dan en je bent klaar.","","",""
"help-centre","entries.adding-a-club.body[2]","If it is not there, submit it as a new venue. While you type the name, 8nOut shows matching clubs it already has — if yours appears, pick it and you are done.","Staat hij er niet bij, dien hem dan in als nieuwe locatie. Terwijl je de naam typt, laat 8nOut overeenkomende clubs zien die al bestaan — verschijnt jouw club, kies hem dan en je bent klaar.","","",""
"help-centre","entries.adding-a-club.body[3]","A person reads every new venue before it goes on the map, so give it a little time. In the meantime it sits in your own club list, marked pending review.","Iemand bekijkt elke nieuwe locatie voordat hij op de kaart komt, dus geef het even de tijd. Ondertussen staat hij in je eigen clublijst, gemarkeerd als in behandeling.","","",""
"help-centre","entries.adding-a-club.body[4]","Once it is approved, the club is on the map and your name is on its list. Until then, you are not on any club's list.","Zodra hij is goedgekeurd, staat de club op de kaart en jouw naam op de lijst. Tot die tijd sta je op geen enkele clublijst.","","",""
"help-centre","entries.adding-a-club.body[5]","One rule: the map is for public pool venues — clubs, halls, bars with a table. Never a home or a private address.","Eén regel: de kaart is voor openbare poollocaties — clubs, hallen, cafés met een tafel. Nooit een woonadres of privéadres.","","",""
"help-centre","entries.adding-a-club.keywords[0]","add club","club toevoegen","","",""
"help-centre","entries.adding-a-club.keywords[1]","new venue","nieuwe locatie","","",""
"help-centre","entries.adding-a-club.keywords[2]","submit","indienen","","",""
"help-centre","entries.adding-a-club.keywords[3]","missing club","club ontbreekt","","",""
"help-centre","entries.adding-a-club.keywords[4]","pool room","poolzaal","","",""
"help-centre","entries.adding-a-club.keywords[5]","approval","goedkeuring","","",""
"help-centre","entries.adding-a-club.links[0].label","My club is not on the map","","","",""
"help-centre","entries.adding-a-club.links[1].label","How do I get on the map?","","","",""
"help-centre","entries.map-numbers.question","What do the numbers above the map mean, and what happens if I tap them?","Wat betekenen de cijfers boven de kaart?","","",""
"help-centre","entries.map-numbers.summary","Online now is how many members are active across 8nOut right now — tap it to see who, grouped by your clubs and your city, each with a rough distance. Active games is how many live scoreboard games are in progress; it's a live count only, tapping it does nothing.","Nu online geeft aan hoeveel leden op dit moment actief zijn op heel 8nOut. Actieve potjes geeft aan hoeveel live scoreborden op dit moment bezig zijn.","","",""
"help-centre","entries.map-numbers.body[0]","Online now counts members active across the whole of 8nOut right now — not just the ones near you or at your club.","Nu online telt leden die op dit moment actief zijn op heel 8nOut — niet alleen degenen bij jou in de buurt of bij jouw club.","","",""
"help-centre","entries.map-numbers.body[1]","Active games counts live scoreboard games in progress right now. It is a live count, not a list, so tapping it does not open anything.","Actieve potjes telt live scoreborden die op dit moment bezig zijn. Het is een live telling, geen lijst, dus erop tikken opent niets.","","",""
"help-centre","entries.map-numbers.body[2]","Online now is tappable. It opens a list of who's active right now, grouped into two sections: My clubs, for members active at a club you belong to, and a second section headed with your own town's name, for others active there. Add a club on your profile if you'd like to see players from your regular spots here too.","","","",""
"help-centre","entries.map-numbers.body[3]","Each row shows roughly how far away that player is — under a kilometre, or an approximate distance in kilometres otherwise. It's a rough distance only, never a precise location.","","","",""
"help-centre","entries.map-numbers.keywords[0]","online now","nu online","","",""
"help-centre","entries.map-numbers.keywords[1]","active games","actieve potjes","","",""
"help-centre","entries.map-numbers.keywords[2]","heartbeat","kaartstatistieken","","",""
"help-centre","entries.map-numbers.keywords[3]","map stats","live scorebord","","",""
"help-centre","entries.map-numbers.keywords[4]","live scoreboard","cijfers boven de kaart","","",""
"help-centre","entries.map-numbers.keywords[5]","numbers above the map","","","",""
"help-centre","entries.map-numbers.keywords[6]","roster","","","",""
"help-centre","entries.map-numbers.keywords[7]","who's online","","","",""
"help-centre","entries.map-numbers.keywords[8]","near me","","","",""
"help-centre","entries.map-numbers.keywords[9]","my clubs","","","",""
"help-centre","entries.map-numbers.keywords[10]","distance","","","",""
"help-centre","entries.map-numbers.links[0].label","How do I get on the map?","","","",""
"help-centre","entries.map-numbers.links[1].label","How do I filter the map?","","","",""
"help-centre","entries.how-connecting-works.question","Why do I have to connect before I can contact someone?","Waarom moet ik eerst connecten voordat ik iemand kan benaderen?","","",""
"help-centre","entries.how-connecting-works.summary","Because being on the map is not the same as agreeing to be contacted. Connecting is how the other player says yes.","Omdat op de kaart staan niet hetzelfde is als instemmen met benaderd worden. Connecten is hoe de ander ja zegt.","","",""
"help-centre","entries.how-connecting-works.body[0]","Because being on the map is not the same as agreeing to be contacted.","Omdat op de kaart staan niet hetzelfde is als instemmen met benaderd worden.","","",""
"help-centre","entries.how-connecting-works.body[1]","So on 8nOut you find someone, and then you ask. You send a connection request; they accept, or they do not. Contact details are only visible to accepted connections, so until they have accepted there is nothing of theirs to see, and nothing of yours either.","Dus op 8nOut vind je iemand, en dan vraag je het. Je stuurt een connectieverzoek; de ander accepteert het, of niet. Contactgegevens zijn alleen zichtbaar voor geaccepteerde connecties, dus tot het is geaccepteerd, is er niets van hen te zien, en ook niets van jou.","","",""
"help-centre","entries.how-connecting-works.body[2]","It works in your favour in both directions. If a request does not appeal to you, you decline it and that is the end of it — no message is sent, and the other player cannot reach you.","Het werkt in beide richtingen in je voordeel. Spreekt een verzoek je niet aan, dan wijs je het af en daarmee is het klaar — er wordt geen bericht verstuurd, en de ander kan je niet bereiken.","","",""
"help-centre","entries.how-connecting-works.body[3]","This is the part of 8nOut people question most, so it is worth being plain about why. A map of players only works if players are willing to be on it, and knowing that a stranger cannot simply pick up your number is what makes that willingness possible. The small step of asking first is what buys it.","Dit is het onderdeel van 8nOut waar mensen de meeste vragen over hebben, dus het is de moeite waard om duidelijk te zijn over waarom. Een kaart van spelers werkt alleen als spelers bereid zijn erop te staan, en weten dat een vreemde je nummer niet zomaar kan pakken is wat die bereidheid mogelijk maakt. Die kleine stap van eerst vragen is wat dat koopt.","","",""
"help-centre","entries.how-connecting-works.body[4]","And it does not have to be slow. If you are standing next to the person, you do not need a request at all — show your connect code, they scan it, and you are connected on the spot.","En het hoeft niet traag te gaan. Sta je naast de persoon, dan heb je helemaal geen verzoek nodig — laat je connectiecode zien, die scant hij, en jullie zijn direct verbonden.","","",""
"help-centre","entries.how-connecting-works.keywords[0]","connect","connecten","","",""
"help-centre","entries.how-connecting-works.keywords[1]","request","verzoek","","",""
"help-centre","entries.how-connecting-works.keywords[2]","contact","contact","","",""
"help-centre","entries.how-connecting-works.keywords[3]","accept","accepteren","","",""
"help-centre","entries.how-connecting-works.keywords[4]","decline","afwijzen","","",""
"help-centre","entries.how-connecting-works.keywords[5]","privacy","privacy","","",""
"help-centre","entries.how-connecting-works.keywords[6]","why","waarom","","",""
"help-centre","entries.how-connecting-works.links[0].label","What is my connect code?","","","",""
"help-centre","entries.how-connecting-works.links[1].label","How do I remove a connection?","","","",""
"help-centre","entries.connect-code.question","What is my connect code?","Wat is mijn connectiecode?","","",""
"help-centre","entries.connect-code.summary","Your own QR code and link. Show it to a player in front of you, they scan it, and you are connected straight away — no request to accept.","Je eigen QR-code en link. Laat hem zien aan een speler tegenover je, die scant hem, en jullie zijn direct verbonden — geen verzoek om te accepteren.","","",""
"help-centre","entries.connect-code.body[0]","Your connect code is the quick way to connect with somebody who is standing in front of you.","Je connectiecode is de snelle manier om te connecten met iemand die tegenover je staat.","","",""
"help-centre","entries.connect-code.body[1]","Open your profile, find the Open to play card and choose My connect code. It is in the same place on the iPhone app and in the web app. From there you can show your own QR code for someone to scan, scan theirs, or share your link by message or in a group.","Open je profiel, zoek de kaart Open om te spelen en kies Mijn connectiecode. Die staat op dezelfde plek in de iPhone-app en de webapp. Van daaruit kun je je eigen QR-code laten scannen, die van de ander scannen, of je link delen via een bericht of in een groep.","","",""
"help-centre","entries.connect-code.body[2]","A scanned code, or an opened link, connects you both immediately. There is no request to send and nothing to accept — showing your code is the yes.","Een gescande code, of een geopende link, verbindt jullie beiden meteen. Er is geen verzoek te versturen en niets te accepteren — je code laten zien is het ja.","","",""
"help-centre","entries.connect-code.body[3]","If your code ever ends up somewhere you did not intend, a screenshot in a group chat for instance, you can reset it. Your current QR and link stop working right away, and anyone already connected with you stays connected.","Komt je code ooit ergens terecht waar je dat niet wilde, bijvoorbeeld een screenshot in een groepschat, dan kun je hem resetten. Je huidige QR-code en link stoppen direct met werken, en iedereen die al met je verbonden is, blijft verbonden.","","",""
"help-centre","entries.connect-code.keywords[0]","connect code","connectiecode","","",""
"help-centre","entries.connect-code.keywords[1]","qr","qr","","",""
"help-centre","entries.connect-code.keywords[2]","scan","scannen","","",""
"help-centre","entries.connect-code.keywords[3]","link","link","","",""
"help-centre","entries.connect-code.keywords[4]","in person","in persoon","","",""
"help-centre","entries.connect-code.keywords[5]","reset","resetten","","",""
"help-centre","entries.connect-code.links[0].label","Why do I have to connect first?","","","",""
"help-centre","entries.removing-a-connection.question","How do I remove a connection?","Hoe verwijder ik een connectie?","","",""
"help-centre","entries.removing-a-connection.summary","Open the Connections tab, find the player and choose Remove. Matches you already played against each other stay in both records.","Open het tabblad Connecties, zoek de speler op en kies Verwijderen. Wedstrijden die jullie al tegen elkaar speelden, blijven in beide overzichten staan.","","",""
"help-centre","entries.removing-a-connection.body[0]","A connection is not permanent. If you would rather not be connected to someone any more, you can undo it.","Een connectie is niet permanent. Wil je liever niet meer met iemand verbonden zijn, dan kun je dat ongedaan maken.","","",""
"help-centre","entries.removing-a-connection.body[1]","Open the Connections tab, find the player and choose Remove.","Open het tabblad Connecties, zoek de speler op en kies Verwijderen.","","",""
"help-centre","entries.removing-a-connection.body[2]","After that you will lose each other's contact details, and any address shared for a game.","Daarna verliezen jullie elkaars contactgegevens, en elk adres dat voor een potje is gedeeld.","","",""
"help-centre","entries.removing-a-connection.body[3]","Matches you already played against each other stay in both records. They happened, and neither of you loses your own history.","Wedstrijden die jullie al tegen elkaar speelden, blijven in beide overzichten staan. Ze hebben plaatsgevonden, en geen van jullie beiden verliest zijn eigen geschiedenis.","","",""
"help-centre","entries.removing-a-connection.body[4]","You can connect again later if you both want to. Removing is not a door that locks behind you.","Jullie kunnen later weer connecten als jullie dat allebei willen. Verwijderen is geen deur die achter je op slot gaat.","","",""
"help-centre","entries.removing-a-connection.keywords[0]","remove","verwijderen","","",""
"help-centre","entries.removing-a-connection.keywords[1]","disconnect","verbreken","","",""
"help-centre","entries.removing-a-connection.keywords[2]","undo","ongedaan maken","","",""
"help-centre","entries.removing-a-connection.keywords[3]","connection","connectie","","",""
"help-centre","entries.removing-a-connection.keywords[4]","revoke","intrekken","","",""
"help-centre","entries.removing-a-connection.links[0].label","Why do I have to connect first?","","","",""
"help-centre","entries.typing-indicators.question","What is the typing indicator, and how do I turn it on?","Wat is de typindicator, en hoe zet ik hem aan?","","",""
"help-centre","entries.typing-indicators.summary","The three dots that show someone is writing to you, live. It is off by default, and it only works between two people who both turn it on.","De drie stipjes die live laten zien dat iemand aan het typen is. Staat standaard uit, en werkt alleen als jullie het allebei aanzetten.","","",""
"help-centre","entries.typing-indicators.body[0]","The typing indicator is the three dots you sometimes see near the bottom of a chat — it means the person you are messaging is writing a reply right now. It disappears on its own a few seconds after they stop, and nothing about it is ever saved.","De typindicator zijn de drie stipjes die je soms onderaan een chat ziet — het betekent dat de persoon met wie je chat op dit moment een antwoord aan het typen is. Ze verdwijnen vanzelf een paar seconden nadat diegene stopt, en er wordt nooit iets van bewaard.","","",""
"help-centre","entries.typing-indicators.body[1]","It is off by default, for every member, whatever your age. On iPhone, turn it on in Settings, under Privacy. In the web app, it is on the Profile tab, in the same card as Go invisible and Read receipts.","Hij staat standaard uit, voor iedereen, ongeacht je leeftijd. Zet hem op de iPhone aan bij Instellingen, onder Privacy. In de webapp staat hij op het tabblad Profiel, in dezelfde kaart als Onzichtbaar worden en Leesbevestigingen.","","",""
"help-centre","entries.typing-indicators.body[2]","It only works between two people who have both switched it on. Turning yours on does not show your typing to every connection you have — only to someone you are chatting with who has also turned theirs on. Turn yours off, and it stops in both directions straight away, for every conversation.","Hij werkt alleen tussen twee mensen die hem allebei hebben aangezet. Je typindicator aanzetten laat je typen niet aan al je connecties zien — alleen aan iemand met wie je chat en die de zijne ook heeft aangezet. Zet je hem uit, dan stopt het meteen in beide richtingen, voor elk gesprek.","","",""
"help-centre","entries.typing-indicators.body[3]","Leaving it off changes nothing else about chat. It is one small, optional signal — not something anything else depends on.","Uitgelaten verandert er verder niets aan de chat. Het is één klein, optioneel signaal — niets anders hangt ervan af.","","",""
"help-centre","entries.typing-indicators.keywords[0]","typing indicator","typindicator","","",""
"help-centre","entries.typing-indicators.keywords[1]","typing","typen","","",""
"help-centre","entries.typing-indicators.keywords[2]","dots","stipjes","","",""
"help-centre","entries.typing-indicators.keywords[3]","privacy","privacy","","",""
"help-centre","entries.typing-indicators.keywords[4]","settings","instellingen","","",""
"help-centre","entries.typing-indicators.keywords[5]","reciprocal","wederzijds","","",""
"help-centre","entries.typing-indicators.keywords[6]","chat","chat","","",""
"help-centre","entries.typing-indicators.links[0].label","What do Sent and Read mean under my messages?","","","",""
"help-centre","entries.typing-indicators.links[1].label","Why do I have to connect before I can contact someone?","","","",""
"help-centre","entries.sent-and-read.question","What do Sent and Read mean under my messages?","Wat betekenen Verzonden en Gelezen onder mijn berichten?","","",""
"help-centre","entries.sent-and-read.summary","Sent shows under every message you send. It changes to Read once the other person has opened the chat — but only if Read receipts are on for both of you.","Verzonden staat onder elk bericht dat je stuurt. Het wordt Gelezen zodra de ander de chat heeft geopend — maar alleen als Leesbevestigingen voor jullie allebei aan staan.","","",""
"help-centre","entries.sent-and-read.body[0]","Under your own last message in a chat, you will see either Sent or Read. Sent shows on every message you send, and it only ever means your own send worked — it says nothing about whether the other person has looked at their phone.","Onder je eigen laatste bericht in een chat zie je Verzonden of Gelezen. Verzonden staat onder elk bericht dat je stuurt, en betekent alleen dat jouw verzending gelukt is — het zegt niets over of de ander al op zijn telefoon heeft gekeken.","","",""
"help-centre","entries.sent-and-read.body[1]","Read replaces it once the other person has opened the conversation and read that message — but only if you and they both have Read receipts turned on.","Gelezen komt ervoor in de plaats zodra de ander het gesprek heeft geopend en dat bericht heeft gelezen — maar alleen als jullie allebei Leesbevestigingen hebben aanstaan.","","",""
"help-centre","entries.sent-and-read.body[2]","Read receipts are on by default once you are 18 or older. If you are 16 or 17, or have not told us your age group yet, they start off for you, and you can turn them on yourself any time — on iPhone in Settings, under Privacy; in the web app on the Profile tab, in the same card as Go invisible.","Leesbevestigingen staan standaard aan zodra je 18 jaar of ouder bent. Ben je 16 of 17, of heb je je leeftijdsgroep nog niet doorgegeven, dan staan ze voor jou uit, en kun je ze zelf op elk moment aanzetten — op de iPhone bij Instellingen, onder Privacy; in de webapp op het tabblad Profiel, in dezelfde kaart als Onzichtbaar worden.","","",""
"help-centre","entries.sent-and-read.body[3]","Like typing indicators, Read receipts are reciprocal: you only see when someone has read your message if they can also see when you have read theirs. Turn yours off, and it stops for both of you immediately.","Net als de typindicator zijn Leesbevestigingen wederzijds: je ziet alleen wanneer iemand je bericht heeft gelezen als die persoon ook kan zien wanneer jij de zijne hebt gelezen. Zet je de jouwe uit, dan stopt het voor jullie allebei meteen.","","",""
"help-centre","entries.sent-and-read.body[4]","That default is the opposite of typing indicators, which start off for everyone regardless of age — worth knowing, since the two settings sit right next to each other.","Die standaardinstelling is het tegenovergestelde van de typindicator, die voor iedereen uit staat, ongeacht leeftijd — goed om te weten, want de twee instellingen staan vlak naast elkaar.","","",""
"help-centre","entries.sent-and-read.keywords[0]","read receipts","leesbevestigingen","","",""
"help-centre","entries.sent-and-read.keywords[1]","sent","verzonden","","",""
"help-centre","entries.sent-and-read.keywords[2]","read","gelezen","","",""
"help-centre","entries.sent-and-read.keywords[3]","age","leeftijd","","",""
"help-centre","entries.sent-and-read.keywords[4]","privacy","privacy","","",""
"help-centre","entries.sent-and-read.keywords[5]","settings","instellingen","","",""
"help-centre","entries.sent-and-read.keywords[6]","reciprocal","wederzijds","","",""
"help-centre","entries.sent-and-read.keywords[7]","chat","chat","","",""
"help-centre","entries.sent-and-read.links[0].label","What is the typing indicator, and how do I turn it on?","","","",""
"help-centre","entries.sent-and-read.links[1].label","Why do I have to connect before I can contact someone?","","","",""
"help-centre","entries.how-group-chat-works.question","How does group chat work?","Hoe werkt een groepschat?","","",""
"help-centre","entries.how-group-chat-works.summary","A group is a private, text-only chat with a small circle of connected friends, capped at a small size. You join through an accepted connection with whoever invited you — not with everyone else already in the group.","Een groep is een privé, alleen-tekst chat met een klein groepje connecties, met een limiet op het aantal leden. Je wordt lid via een geaccepteerde connectie met wie je heeft uitgenodigd — niet met alle andere leden.","","",""
"help-centre","entries.how-group-chat-works.body[0]","A group is a private, text-only chat with a set of connected friends — separate from your one-to-one chats with a single person. There are no photos or attachments, and nobody outside the group can see it.","Een groep is een privé, alleen-tekst chat met een aantal connecties — los van je een-op-een chats met één persoon. Er zijn geen foto's of bijlagen, en niemand buiten de groep kan meekijken.","","",""
"help-centre","entries.how-group-chat-works.body[1]","Every group has a size limit, so it stays a genuine friend circle rather than a broadcast list. You can have up to 12 people in a group today; the group's own member count, shown at the top (for example, 7/12), always tells you exactly how much room is left.","Elke groep heeft een ledenlimiet, zodat het een echt vriendenclubje blijft en geen brede lijst wordt. Vandaag kun je tot 12 mensen in een groep hebben; de eigen ledenteller van de groep, bovenaan (bijvoorbeeld 7/12), laat altijd precies zien hoeveel ruimte er nog is.","","",""
"help-centre","entries.how-group-chat-works.body[2]","You join a group the same way you reach anyone on 8nOut: through an accepted connection. Inside a group it works a little differently from one-to-one, though. You don't need to be connected with everyone already in the group — only with whoever added you. Any current member can invite someone they're connected with, so a group can end up with people you've never connected with yourself.","Je wordt lid van een groep op dezelfde manier als je iemand op 8nOut bereikt: via een geaccepteerde connectie. Binnen een groep werkt dat net iets anders dan een-op-een. Je hoeft niet met iedereen in de groep verbonden te zijn — alleen met wie je heeft toegevoegd. Elk huidig lid kan iemand uitnodigen met wie hij of zij verbonden is, dus een groep kan mensen bevatten met wie jij zelf nooit hebt geconnect.","","",""
"help-centre","entries.how-group-chat-works.body[3]","Because of that, it's worth knowing exactly who you are and are not connected with inside a group. Open the group's Members list, and every row tells you plainly — Connected, or Not connected — always about you specifically, never about the group as a whole. Being in a group together does not connect you to someone; only an accepted connection request does that.","Daarom is het goed om precies te weten met wie je binnen een groep wel en niet verbonden bent. Open de ledenlijst van de groep, en elke rij laat het gewoon zien — Verbonden, of Niet verbonden — altijd over jou specifiek, nooit over de groep als geheel. Samen in een groep zitten maakt je nog niet verbonden met iemand; dat doet alleen een geaccepteerd connectieverzoek.","","",""
"help-centre","entries.how-group-chat-works.keywords[0]","group chat","groepschat","","",""
"help-centre","entries.how-group-chat-works.keywords[1]","group","groep","","",""
"help-centre","entries.how-group-chat-works.keywords[2]","members","leden","","",""
"help-centre","entries.how-group-chat-works.keywords[3]","connected","verbonden","","",""
"help-centre","entries.how-group-chat-works.keywords[4]","not connected","niet verbonden","","",""
"help-centre","entries.how-group-chat-works.keywords[5]","invite","uitnodigen","","",""
"help-centre","entries.how-group-chat-works.keywords[6]","join a group","lid worden","","",""
"help-centre","entries.how-group-chat-works.keywords[7]","size limit","ledenlimiet","","",""
"help-centre","entries.how-group-chat-works.links[0].label","How do I leave a group, and what happens to my messages?","","","",""
"help-centre","entries.how-group-chat-works.links[1].label","Why do I have to connect before I can contact someone?","","","",""
"help-centre","entries.leaving-a-group.question","How do I leave a group, and what happens to my messages?","Hoe verlaat ik een groep, en wat gebeurt er met mijn berichten?","","",""
"help-centre","entries.leaving-a-group.summary","Leave from the group's own menu and confirm. New messages stop right away, both ways. You'll still be able to read everything sent while you were a member, for the group's normal 60 days — but you can't rejoin.","Verlaat een groep via het menu van die groep en bevestig. Nieuwe berichten stoppen meteen, in beide richtingen. Je kunt nog wel alles lezen dat is verstuurd terwijl je lid was, voor de gebruikelijke 60 dagen van de groep — maar je kunt niet opnieuw lid worden.","","",""
"help-centre","entries.leaving-a-group.body[0]","Open the group, then choose Leave group from its menu. Confirm, and you're out — the same deliberate, one-tap-then-confirm shape as removing a one-to-one connection.","Open de groep en kies Groep verlaten in het menu. Bevestig, en je bent eruit — dezelfde bewuste stap-en-bevestig-vorm als het verwijderen van een een-op-een connectie.","","",""
"help-centre","entries.leaving-a-group.body[1]","The moment you leave, new messages stop in both directions. You won't receive anything else sent in the group, and you can't send anything either.","Zodra je vertrekt, stoppen nieuwe berichten in beide richtingen. Je ontvangt niets meer dat in de groep wordt verstuurd, en je kunt zelf ook niets meer versturen.","","",""
"help-centre","entries.leaving-a-group.body[2]","Your own past messages are not deleted, and neither is anyone else's. You keep read access to everything that was sent in the group while you were a member — not just your own messages — for the rest of that group's ordinary 60 days, the same clock every 8nOut chat message runs on. Remaining members keep seeing what you sent while you were there too; leaving doesn't erase your part of the group's history for them.","Je eigen eerdere berichten worden niet verwijderd, en die van anderen ook niet. Je houdt leestoegang tot alles wat in de groep is verstuurd terwijl je lid was — niet alleen je eigen berichten — voor de rest van de gebruikelijke 60 dagen van die groep, dezelfde klok waar elk 8nOut-chatbericht op loopt. Overgebleven leden blijven ook zien wat jij hebt verstuurd toen je er nog bij was; door te vertrekken verdwijnt jouw deel van de groepsgeschiedenis niet voor hen.","","",""
"help-centre","entries.leaving-a-group.body[3]","Leaving is final. Even if someone invites you back in, you can't rejoin a group you've already left.","Vertrekken is definitief. Zelfs als iemand je opnieuw uitnodigt, kun je geen groep meer opnieuw joinen die je al hebt verlaten.","","",""
"help-centre","entries.leaving-a-group.keywords[0]","leave group","groep verlaten","","",""
"help-centre","entries.leaving-a-group.keywords[1]","leaving","vertrekken","","",""
"help-centre","entries.leaving-a-group.keywords[2]","group messages","groepsberichten","","",""
"help-centre","entries.leaving-a-group.keywords[3]","rejoin","opnieuw lid worden","","",""
"help-centre","entries.leaving-a-group.keywords[4]","read access","leestoegang","","",""
"help-centre","entries.leaving-a-group.keywords[5]","60 days","60 dagen","","",""
"help-centre","entries.leaving-a-group.keywords[6]","group","groep","","",""
"help-centre","entries.leaving-a-group.links[0].label","How does group chat work?","","","",""
"help-centre","entries.leaving-a-group.links[1].label","How do I remove a connection?","","","",""
"help-centre","entries.logging-a-match.question","How do I record a game I played in person?","Hoe leg ik een potje vast dat ik in persoon speelde?","","",""
"help-centre","entries.logging-a-match.summary","Once a game you arranged in 8nOut has been accepted, the Challenges tab lets you log the result by hand.","Zodra een potje dat je via 8nOut hebt afgesproken is geaccepteerd, kun je in het tabblad Uitdagingen het resultaat handmatig invoeren.","","",""
"help-centre","entries.logging-a-match.body[0]","Not every game happens on CueScore. If you arranged one through 8nOut, you can record the result yourself.","Niet elk potje gebeurt op CueScore. Heb je er een via 8nOut afgesproken, dan kun je het resultaat zelf vastleggen.","","",""
"help-centre","entries.logging-a-match.body[1]","Invite the player from their profile or from your Connections. Once they have accepted, the game shows in your Challenges tab with a Log result button.","Nodig de speler uit vanaf zijn profiel of vanuit je Connecties. Zodra hij heeft geaccepteerd, verschijnt het potje in je tabblad Uitdagingen met een knop Resultaat vastleggen.","","",""
"help-centre","entries.logging-a-match.body[2]","Choose who won and, if you want, the score. That is the whole thing.","Kies wie won en, als je wilt, de score. Dat is het hele verhaal.","","",""
"help-centre","entries.logging-a-match.body[3]","The result then counts in your record, and in the head-to-head between the two of you.","Het resultaat telt daarna mee in je overzicht, en in het onderlinge overzicht tussen jullie beiden.","","",""
"help-centre","entries.logging-a-match.body[4]","This route is for games arranged inside 8nOut. For a match you played on CueScore, you import it instead — that is a different answer.","Deze route is voor potjes die binnen 8nOut zijn afgesproken. Voor een wedstrijd die je op CueScore speelde, importeer je die in plaats daarvan — dat is een ander antwoord.","","",""
"help-centre","entries.logging-a-match.keywords[0]","log","vastleggen","","",""
"help-centre","entries.logging-a-match.keywords[1]","record","resultaat","","",""
"help-centre","entries.logging-a-match.keywords[2]","result","uitdaging","","",""
"help-centre","entries.logging-a-match.keywords[3]","challenge","in persoon","","",""
"help-centre","entries.logging-a-match.keywords[4]","in person","score","","",""
"help-centre","entries.logging-a-match.keywords[5]","score","handmatig","","",""
"help-centre","entries.logging-a-match.keywords[6]","manual","","","",""
"help-centre","entries.logging-a-match.links[0].label","Importing a CueScore match","","","",""
"help-centre","entries.importing-a-match.question","How do I add a match I played on CueScore?","Hoe voeg ik een wedstrijd toe die ik op CueScore speelde?","","",""
"help-centre","entries.importing-a-match.summary","Paste the link of a finished match you played. 8nOut reads the final score and puts it in your record.","Plak de link van een afgeronde wedstrijd die je speelde. 8nOut leest de eindstand en zet die in je overzicht.","","",""
"help-centre","entries.importing-a-match.body[0]","Matches are created, played and scored on CueScore. 8nOut does not create anything there — it reads a match you have already finished and keeps the result in your record.","Wedstrijden worden gemaakt, gespeeld en bijgehouden op CueScore. 8nOut maakt daar niets aan — het leest een wedstrijd die je al hebt afgerond en bewaart het resultaat in je overzicht.","","",""
"help-centre","entries.importing-a-match.body[1]","You need your CueScore profile linked first. Then open your profile, go to Record and choose to import a CueScore match.","Je hebt eerst je CueScore-profiel gekoppeld nodig. Open dan je profiel, ga naar Overzicht en kies om een CueScore-wedstrijd te importeren.","","",""
"help-centre","entries.importing-a-match.body[2]","On CueScore, open the match you played and copy its link. Paste it into 8nOut and look the match up. You will see the result, your opponent and the venue, and then you confirm the import.","Open op CueScore de wedstrijd die je speelde en kopieer de link. Plak hem in 8nOut en zoek de wedstrijd op. Je ziet dan het resultaat, je tegenstander en de locatie, en daarna bevestig je de import.","","",""
"help-centre","entries.importing-a-match.body[3]","Two limits are worth knowing. The match has to be finished on CueScore, so finish it there first. And it has to be a match you played — 8nOut checks it against your own linked CueScore profile, so you cannot import somebody else's.","Twee beperkingen zijn goed om te weten. De wedstrijd moet op CueScore zijn afgerond, dus rond hem daar eerst af. En het moet een wedstrijd zijn die jij speelde — 8nOut controleert dit tegen je eigen gekoppelde CueScore-profiel, dus je kunt niet iemand anders' wedstrijd importeren.","","",""
"help-centre","entries.importing-a-match.body[4]","Your opponent does not need to be on 8nOut. If they are, the match shows on their record too.","Je tegenstander hoeft geen 8nOut te hebben. Heeft hij dat wel, dan verschijnt de wedstrijd ook in zijn overzicht.","","",""
"help-centre","entries.importing-a-match.body[5]","For a game you arranged inside 8nOut there is a second route that has nothing to do with CueScore: you log the result by hand.","Voor een potje dat je binnen 8nOut hebt afgesproken, is er een tweede route die niets met CueScore te maken heeft: je legt het resultaat handmatig vast.","","",""
"help-centre","entries.importing-a-match.keywords[0]","import","importeren","","",""
"help-centre","entries.importing-a-match.keywords[1]","cuescore","cuescore","","",""
"help-centre","entries.importing-a-match.keywords[2]","match","wedstrijd","","",""
"help-centre","entries.importing-a-match.keywords[3]","record","overzicht","","",""
"help-centre","entries.importing-a-match.keywords[4]","result","resultaat","","",""
"help-centre","entries.importing-a-match.keywords[5]","link","link","","",""
"help-centre","entries.importing-a-match.links[0].label","Recording a game you played in person","","","",""
"help-centre","entries.why-rotate-my-phone.question","Why is 8nOut suggesting I rotate my phone during a live match?","Waarom stelt 8nOut voor om mijn telefoon te draaien tijdens een live wedstrijd?","","",""
"help-centre","entries.why-rotate-my-phone.summary","It's a suggestion for a bigger scoreboard, not a requirement. Dismiss it with the small X, or just carry on playing in portrait.","Het is een suggestie voor een groter scorebord, geen vereiste. Sluit hem met het kleine kruisje, of speel gewoon door in staand formaat.","","",""
"help-centre","entries.why-rotate-my-phone.body[0]","During a live or pending match, 8nOut shows a small banner on the scoreboard: Rotate for a bigger scoreboard. Turning your phone sideways gives the scoreboard more room — that is the whole reason for it.","Tijdens een live of lopende wedstrijd toont 8nOut een klein bannertje op het scorebord: Draai voor een groter scorebord. Je telefoon zijwaarts draaien geeft het scorebord meer ruimte — dat is de enige reden ervoor.","","",""
"help-centre","entries.why-rotate-my-phone.body[1]","It is a suggestion, not a requirement. 8nOut has never locked the scoreboard to one orientation. Every part of it works exactly the same in portrait, so leave your phone as it is if you would rather.","Het is een suggestie, geen vereiste. 8nOut heeft het scorebord nooit vastgezet op één stand. Elk onderdeel werkt precies hetzelfde in staand formaat, dus laat je telefoon gewoon zo als je dat liever hebt.","","",""
"help-centre","entries.why-rotate-my-phone.body[2]","Both the player keeping score and anyone watching see the same banner, for as long as the match is live or pending. Dismiss it with the small X in the corner and it is gone for that visit to the scoreboard. Close the screen and open it again later, and the banner is back — dismissing it is not remembered.","Zowel de speler die de score bijhoudt als iedereen die meekijkt, ziet dezelfde banner, zolang de wedstrijd live of lopend is. Sluit hem met het kleine kruisje in de hoek en hij is weg voor dat bezoek aan het scorebord. Sluit het scherm en open het later opnieuw, en de banner is er weer — het wegklikken wordt niet onthouden.","","",""
"help-centre","entries.why-rotate-my-phone.body[3]","On the iPhone app the banner only appears in portrait, and never on an iPad. On the web app you will see the same banner on a phone-sized, portrait screen.","In de iPhone-app verschijnt de banner alleen in staand formaat, en nooit op een iPad. In de webapp zie je dezelfde banner op een telefoongroot, staand scherm.","","",""
"help-centre","entries.why-rotate-my-phone.keywords[0]","rotate","draaien","","",""
"help-centre","entries.why-rotate-my-phone.keywords[1]","rotate my phone","telefoon draaien","","",""
"help-centre","entries.why-rotate-my-phone.keywords[2]","landscape","liggend","","",""
"help-centre","entries.why-rotate-my-phone.keywords[3]","orientation","oriëntatie","","",""
"help-centre","entries.why-rotate-my-phone.keywords[4]","scoreboard","scorebord","","",""
"help-centre","entries.why-rotate-my-phone.keywords[5]","live match","live wedstrijd","","",""
"help-centre","entries.why-rotate-my-phone.keywords[6]","banner","banner","","",""
"help-centre","entries.why-rotate-my-phone.keywords[7]","portrait","staand","","",""
"help-centre","entries.why-rotate-my-phone.links[0].label","Recording a game you played in person","","","",""
"help-centre","entries.why-rotate-my-phone.links[1].label","Importing a CueScore match","","","",""
"help-centre","entries.why-did-my-match-end-automatically.question","Why did my live match end without me tapping Finish match?","","","",""
"help-centre","entries.why-did-my-match-end-automatically.summary","Once a player reaches the race-to target, 8nOut ends the match automatically — nothing to tap or confirm. The same pop-up appears whether the match finished on its own or you ended it early.","","","",""
"help-centre","entries.why-did-my-match-end-automatically.body[0]","Every live match on 8nOut has a race to set for it — the number of racks a player needs to win. Reach that number and the match is over there and then. You do not need to tap Finish match to end it — 8nOut ends it for you, the moment the winning rack closes.","","","",""
"help-centre","entries.why-did-my-match-end-automatically.body[1]","Finish match is still there too, unchanged, for ending a match early — if you need to stop before the race is decided.","","","",""
"help-centre","entries.why-did-my-match-end-automatically.body[2]","Either way, the same pop-up appears with the final score. If you are the one keeping score, you get two choices: End, or Start new match. If you are only watching, you get End — only the player keeping score can start a rematch.","","","",""
"help-centre","entries.why-did-my-match-end-automatically.body[3]","Start new match copies over the race to, the alternate-break setting, and the venue and table from the match you just finished, so there is nothing to set up again. The one thing it always asks fresh is who breaks first — that is never decided for you.","","","",""
"help-centre","entries.why-did-my-match-end-automatically.body[4]","One thing worth knowing: once you tap Start new match, you can no longer go back and correct the match you just finished. The Edit result link only lives on that match's own summary screen, and starting a new match replaces it with the new one. If a result needs fixing, do that first — before you start again.","","","",""
"help-centre","entries.why-did-my-match-end-automatically.keywords[0]","race to","","","",""
"help-centre","entries.why-did-my-match-end-automatically.keywords[1]","auto finish","","","",""
"help-centre","entries.why-did-my-match-end-automatically.keywords[2]","automatically","","","",""
"help-centre","entries.why-did-my-match-end-automatically.keywords[3]","match finished","","","",""
"help-centre","entries.why-did-my-match-end-automatically.keywords[4]","finish match","","","",""
"help-centre","entries.why-did-my-match-end-automatically.keywords[5]","start new match","","","",""
"help-centre","entries.why-did-my-match-end-automatically.keywords[6]","rematch","","","",""
"help-centre","entries.why-did-my-match-end-automatically.keywords[7]","who breaks first","","","",""
"help-centre","entries.why-did-my-match-end-automatically.keywords[8]","edit result","","","",""
"help-centre","entries.why-did-my-match-end-automatically.keywords[9]","correct a result","","","",""
"help-centre","entries.why-did-my-match-end-automatically.keywords[10]","post-match pop-up","","","",""
"help-centre","entries.why-did-my-match-end-automatically.links[0].label","Rotating your phone during a live match","","","",""
"help-centre","entries.changing-your-language.question","How do I change the language?","Hoe verander ik de taal?","","",""
"help-centre","entries.changing-your-language.summary","In the iPhone app it is Settings, then Language. In the web app it is the Profile tab, then Language.","In de iPhone-app is dat Instellingen, dan Taal. In de webapp is dat het tabblad Profiel, dan Taal.","","",""
"help-centre","entries.changing-your-language.body[0]","8nOut comes in several languages — pick the one that suits you.","8nOut is er in meerdere talen — kies de taal die jou het beste uitkomt.","","",""
"help-centre","entries.changing-your-language.body[1]","In the iPhone app, open the Settings tab and find the Language section. You can choose System, which follows your iPhone's own language, or pick English (UK), Nederlands, Deutsch, Norsk (Bokmål), Español or Italiano directly.","Open in de iPhone-app het tabblad Instellingen en zoek de sectie Taal. Je kunt kiezen voor Systeem, wat de taal van je iPhone zelf volgt, of direct kiezen voor English (UK), Nederlands, Deutsch, Norsk (Bokmål), Español of Italiano.","","",""
"help-centre","entries.changing-your-language.body[2]","On iPhone the change takes effect the next time you open 8nOut. That is how iOS handles app languages, so the app asks you to close it and open it again. Nothing has gone wrong.","Op de iPhone wordt de wijziging van kracht de volgende keer dat je 8nOut opent. Zo werkt iOS nu eenmaal met apptalen, dus de app vraagt je om hem te sluiten en opnieuw te openen. Er is niets misgegaan.","","",""
"help-centre","entries.changing-your-language.body[3]","In the web app, open the Profile tab and find the Language card. The same choices are there, and the change is immediate — nothing to reload and nothing to confirm.","Open in de webapp het tabblad Profiel en zoek de kaart Taal. Dezelfde keuzes staan daar, en de wijziging is direct — niets om te herladen en niets om te bevestigen.","","",""
"help-centre","entries.changing-your-language.body[4]","Your choice is kept where you made it. The iPhone app remembers it on that device, and the web app remembers it in that browser. They are separate settings, so changing one does not change the other.","Je keuze wordt bewaard op de plek waar je hem maakte. De iPhone-app onthoudt hem op dat apparaat, en de webapp onthoudt hem in die browser. Het zijn aparte instellingen, dus de ene wijzigen verandert de andere niet.","","",""
"help-centre","entries.changing-your-language.body[5]","These Help answers are translated too, though — like some of 8nOut's other translations — the wording isn't always checked by a native speaker yet.","Deze Help-antwoorden zijn ook vertaald, al is de tekst — net als sommige andere vertalingen in 8nOut — niet altijd door een native speaker gecontroleerd.","","",""
"help-centre","entries.changing-your-language.keywords[0]","language","taal","","",""
"help-centre","entries.changing-your-language.keywords[1]","dutch","nederlands","","",""
"help-centre","entries.changing-your-language.keywords[2]","german","duits","","",""
"help-centre","entries.changing-your-language.keywords[3]","norwegian","noors","","",""
"help-centre","entries.changing-your-language.keywords[4]","english","engels","","",""
"help-centre","entries.changing-your-language.keywords[5]","settings","instellingen","","",""
"help-centre","entries.changing-your-language.keywords[6]","translate","vertalen","","",""
"help-centre","entries.changing-your-language.links[0].label","The text looks garbled or half-translated","","","",""
"help-centre","entries.changing-your-language.links[1].label","Why does some of the translated text sound a bit off?","","","",""
"help-centre","entries.browser-translation.question","Why does the text look garbled or half-translated?","Waarom ziet de tekst er verhaspeld of half vertaald uit?","","",""
"help-centre","entries.browser-translation.summary","The app is already translated. If the text looks garbled, your browser is re-translating it — turn off auto-translate for 8nout.com in the address bar, and pick your language inside 8nOut instead.","De app is al vertaald. Ziet de tekst er verhaspeld uit, dan vertaalt je browser hem opnieuw — zet automatisch vertalen voor 8nout.com uit in de adresbalk, en kies je taal in 8nOut zelf.","","",""
"help-centre","entries.browser-translation.body[0]","8nOut already speaks several languages. You don't need your browser to translate it.","8nOut spreekt al meerdere talen. Je hebt je browser niet nodig om het te vertalen.","","",""
"help-centre","entries.browser-translation.body[1]","If the words look wrong or garbled — say a Dutch page turned into broken English — it's almost always your browser's built-in translation switched on. It's re-translating a page that's already in the right language, and that's what mangles it.","Ziet de tekst er verkeerd of verhaspeld uit — bijvoorbeeld een Nederlandse pagina die in gebrekkig Engels verandert — dan staat bijna altijd de ingebouwde vertaling van je browser aan. Die vertaalt een pagina die al in de juiste taal staat opnieuw, en dat is wat het verhaspelt.","","",""
"help-centre","entries.browser-translation.body[2]","To fix it, turn off auto-translate for 8nout.com. Look for the translate icon in your browser's address bar and choose ""Show original"", or ""Never translate this site"". (You'll find this in Chrome, Edge and Safari.)","Los het op door automatisch vertalen uit te zetten voor 8nout.com. Zoek het vertaalicoon in de adresbalk van je browser en kies ""Origineel tonen"" of ""Deze site nooit vertalen"". (Je vindt dit in Chrome, Edge en Safari.)","","",""
"help-centre","entries.browser-translation.body[3]","Want a different language? Choose it in 8nOut's own settings — the app stays correctly translated, whichever one you pick.","Wil je een andere taal? Stel die in 8nOut zelf in — dan blijft de app correct vertaald, welke taal je ook kiest.","","",""
"help-centre","entries.browser-translation.keywords[0]","translate","vertalen","","",""
"help-centre","entries.browser-translation.keywords[1]","translation","vertaling","","",""
"help-centre","entries.browser-translation.keywords[2]","garbled","verhaspeld","","",""
"help-centre","entries.browser-translation.keywords[3]","language","taal","","",""
"help-centre","entries.browser-translation.keywords[4]","browser","browser","","",""
"help-centre","entries.browser-translation.keywords[5]","auto-translate","automatisch vertalen","","",""
"help-centre","entries.browser-translation.links[0].label","How do I change the language?","","","",""
"help-centre","entries.browser-translation.links[1].label","Why does some of the translated text sound a bit off?","","","",""
"help-centre","entries.translation-quality.question","Why does some of the translated text sound a bit off?","Waarom klinkt sommige vertaalde tekst een beetje raar?","","",""
"help-centre","entries.translation-quality.summary","Most non-English text — in the app and in this Help Centre — is AI-assisted or volunteer-drafted, not checked word for word by a native speaker. Occasional rough phrasing is expected. Native speakers who'd like to help improve it are welcome to get in touch.","De meeste niet-Engelse tekst — in de app en in dit Help Centrum — is met AI-hulp of door vrijwilligers geschreven, niet woord voor woord gecontroleerd door een native speaker. Af en toe een houterige zin is te verwachten. Native speakers die willen helpen het te verbeteren, zijn welkom om contact op te nemen.","","",""
"help-centre","entries.translation-quality.body[0]","Most of 8nOut's non-English text — in the app itself and in this Help Centre — is drafted with AI help or by volunteers, not checked word for word by a native speaker. So once in a while a sentence might read a bit stiff, or a word might land slightly wrong. That's expected, not a bug — we'd rather ship it imperfect than not translate it at all.","Het grootste deel van de niet-Engelse tekst van 8nOut — in de app zelf en in dit Help Centrum — is geschreven met AI-hulp of door vrijwilligers, niet woord voor woord gecontroleerd door een native speaker. Dus af en toe leest een zin wat houterig, of valt een woord net verkeerd. Dat is te verwachten, geen bug — we brengen het liever imperfect uit dan het helemaal niet te vertalen.","","",""
"help-centre","entries.translation-quality.body[1]","This is about app and Help Centre text only. The Terms of Service and the Privacy Policy are handled separately, with their own review — what they say has to be exact, so they don't get the same rough-and-ready treatment.","Dit gaat alleen over tekst in de app en het Help Centrum. De Algemene Voorwaarden en het Privacybeleid worden apart behandeld, met hun eigen controle — wat daarin staat moet precies kloppen, dus die krijgen niet dezelfde losse aanpak.","","",""
"help-centre","entries.translation-quality.body[2]","If a sentence reads badly enough to bother you, that's useful to know. And if you're a native speaker of one of 8nOut's languages and would like to help make it better, get in touch — we'd welcome the help.","Stoort een zin je genoeg om het te melden, dan is dat nuttig om te weten. En ben je native speaker van een van de talen van 8nOut en wil je helpen het beter te maken, neem dan contact op — we zouden de hulp waarderen.","","",""
"help-centre","entries.translation-quality.keywords[0]","translation","vertaling","","",""
"help-centre","entries.translation-quality.keywords[1]","translate","vertalen","","",""
"help-centre","entries.translation-quality.keywords[2]","language","taal","","",""
"help-centre","entries.translation-quality.keywords[3]","native speaker","native speaker","","",""
"help-centre","entries.translation-quality.keywords[4]","volunteer","vrijwilliger","","",""
"help-centre","entries.translation-quality.keywords[5]","quality","kwaliteit","","",""
"help-centre","entries.translation-quality.keywords[6]","help translate","helpen vertalen","","",""
"help-centre","entries.translation-quality.keywords[7]","ai","ai","","",""
"help-centre","entries.translation-quality.links[0].label","How do I change the language?","","","",""
"help-centre","entries.translation-quality.links[1].label","Why does the text look garbled or half-translated?","","","",""
"help-centre","entries.translation-quality.links[2].label","Suggest a translation correction on GitHub","","","",""
"help-centre","entries.signed-in-account.question","Which account am I signed in with?","Met welk account ben ik ingelogd?","","",""
"help-centre","entries.signed-in-account.summary","In the iPhone app, Settings shows Signed in with. In the web app it is on the Profile tab. Worth checking if your details look empty.","In de iPhone-app laat Instellingen Ingelogd met zien. In de webapp staat dat op het tabblad Profiel. De moeite waard om te checken als je gegevens leeg lijken.","","",""
"help-centre","entries.signed-in-account.body[0]","You sign in to 8nOut with Apple or with Google. These are two different accounts, even when both are attached to the same email address.","Je logt bij 8nOut in met Apple of met Google. Dit zijn twee verschillende accounts, ook als beide aan hetzelfde e-mailadres hangen.","","",""
"help-centre","entries.signed-in-account.body[1]","In the iPhone app, open the Settings tab and look under Account. Signed in with tells you which one you are using. In the web app it is on the Profile tab.","Open in de iPhone-app het tabblad Instellingen en kijk onder Account. Ingelogd met laat zien welke je gebruikt. In de webapp staat dat op het tabblad Profiel.","","",""
"help-centre","entries.signed-in-account.body[2]","This is worth knowing because of one confusing thing. If you signed in with Google one day and with Apple the next, you are looking at a second, empty account — and right after answering the setup questions that looks as though your name, your town and your club have vanished.","Dit is de moeite waard om te weten vanwege één verwarrend punt. Log je de ene dag in met Google en de volgende dag met Apple, dan kijk je naar een tweede, leeg account — en vlak na het beantwoorden van de startvragen lijkt het dan alsof je naam, je woonplaats en je club zijn verdwenen.","","",""
"help-centre","entries.signed-in-account.body[3]","Nothing is lost. Sign out, sign back in with the one you used the first time, and everything is where you left it.","Er is niets kwijt. Log uit, log opnieuw in met het account dat je de eerste keer gebruikte, en alles staat er weer zoals je het achterliet.","","",""
"help-centre","entries.signed-in-account.body[4]","If you are not sure which one you started with, check Signed in with on the device where your details still look right.","Weet je niet zeker met welk account je begon, controleer dan Ingelogd met op het apparaat waar je gegevens er nog goed uitzien.","","",""
"help-centre","entries.signed-in-account.keywords[0]","sign in","inloggen","","",""
"help-centre","entries.signed-in-account.keywords[1]","account","account","","",""
"help-centre","entries.signed-in-account.keywords[2]","apple","apple","","",""
"help-centre","entries.signed-in-account.keywords[3]","google","google","","",""
"help-centre","entries.signed-in-account.keywords[4]","empty","leeg","","",""
"help-centre","entries.signed-in-account.keywords[5]","missing","verdwenen","","",""
"help-centre","entries.signed-in-account.keywords[6]","provider","provider","","",""
"help-centre","entries.signed-in-account.keywords[7]","two accounts","twee accounts","","",""
"help-centre","entries.push-notifications-not-arriving.question","Why don't I get notified about connection requests, challenges or messages?","","","",""
"help-centre","entries.push-notifications-not-arriving.summary","On iPhone, these arrive as push notifications — but only once permission is switched on. Here's why they might be missing, and how to fix it.","","","",""
"help-centre","entries.push-notifications-not-arriving.body[0]","On iPhone, a connection request, a challenge and a new message all arrive the same way — as a push notification. The most common reason none of them show up is that 8nOut was never given permission to send them: either the permission prompt was declined the first time it appeared, or it never appeared at all.","","","",""
"help-centre","entries.push-notifications-not-arriving.body[1]","There was also a separate, older cause, now fixed: on some earlier versions of the app, a phone could quietly fail to register for notifications with no warning shown anywhere. If notifications are missing today, permission is the first thing to check.","","","",""
"help-centre","entries.push-notifications-not-arriving.body[2]","To check or turn it on: open the iPhone's own Settings app — not 8nOut's Settings tab — then 8nOut, then Notifications, and switch on Allow Notifications.","","","",""
"help-centre","entries.push-notifications-not-arriving.body[3]","iOS only ever shows that permission prompt once. If Don't Allow was tapped that one time, 8nOut has no way to bring it back automatically — Settings is the only route after that.","","","",""
"help-centre","entries.push-notifications-not-arriving.body[4]","Once permission is switched on, notifications should arrive as things happen — a connection request, a challenge, a new message.","","","",""
"help-centre","entries.push-notifications-not-arriving.keywords[0]","notifications","","","",""
"help-centre","entries.push-notifications-not-arriving.keywords[1]","push notifications","","","",""
"help-centre","entries.push-notifications-not-arriving.keywords[2]","not receiving","","","",""
"help-centre","entries.push-notifications-not-arriving.keywords[3]","allow notifications","","","",""
"help-centre","entries.push-notifications-not-arriving.keywords[4]","connection request","","","",""
"help-centre","entries.push-notifications-not-arriving.keywords[5]","challenge","","","",""
"help-centre","entries.push-notifications-not-arriving.keywords[6]","message","","","",""
"help-centre","entries.push-notifications-not-arriving.keywords[7]","settings","","","",""
"help-centre","entries.push-notifications-not-arriving.links[0].label","Change notification settings on iPhone (Apple Support)","","","",""
"help-centre","entries.where-the-policies-live.question","Where are the Terms and the Privacy Policy?","Waar staan de Algemene Voorwaarden en het Privacybeleid?","","",""
"help-centre","entries.where-the-policies-live.summary","Both are on 8nout.com, and both are linked at the bottom of this answer. In the iPhone app they are in Settings.","Beide staan op 8nout.com, en beide zijn onderaan dit antwoord gelinkt. In de iPhone-app staan ze in Instellingen.","","",""
"help-centre","entries.where-the-policies-live.body[0]","The Terms of Service and the Privacy Policy are the documents that actually bind us, so we link them rather than summarise them here. A summary can drift from the document it summarises, and then there are two versions of the same promise.","De Algemene Voorwaarden en het Privacybeleid zijn de documenten die ons daadwerkelijk binden, dus linken we ernaar in plaats van ze hier samen te vatten. Een samenvatting kan afdwalen van het document dat ze samenvat, en dan bestaan er twee versies van dezelfde belofte.","","",""
"help-centre","entries.where-the-policies-live.body[1]","In the iPhone app, open the Settings tab and look under Legal. Each row shows the version you agreed to, tagged agreed. The Terms or Privacy page itself can show a higher version number after a small wording update — that's normal, and you'll only be asked to agree again if a change actually affects you.","Open in de iPhone-app het tabblad Instellingen en kijk onder Juridisch. Elke regel toont de versie waarmee je akkoord bent gegaan, gemarkeerd met akkoord. De pagina van de Algemene Voorwaarden of het Privacybeleid zelf kan na een kleine tekstwijziging een hoger versienummer laten zien — dat is normaal, en je wordt alleen opnieuw gevraagd om akkoord te gaan als een wijziging jou ook echt raakt.","","",""
"help-centre","entries.where-the-policies-live.body[2]","On the web, both are on 8nout.com, and the links under this answer go straight to them.","Op het web staan beide op 8nout.com, en de links onder dit antwoord gaan er rechtstreeks naartoe.","","",""
"help-centre","entries.where-the-policies-live.body[3]","If you have a question about your own data, the Privacy Policy names the address to write to. It is a different address from general help, so a request about your data does not get lost behind a question about the map.","Heb je een vraag over je eigen gegevens, dan noemt het Privacybeleid het adres om naartoe te schrijven. Dat is een ander adres dan algemene hulp, zodat een verzoek over je gegevens niet verdwaalt achter een vraag over de kaart.","","",""
"help-centre","entries.where-the-policies-live.keywords[0]","terms","voorwaarden","","",""
"help-centre","entries.where-the-policies-live.keywords[1]","privacy","privacy","","",""
"help-centre","entries.where-the-policies-live.keywords[2]","policy","beleid","","",""
"help-centre","entries.where-the-policies-live.keywords[3]","legal","juridisch","","",""
"help-centre","entries.where-the-policies-live.keywords[4]","data","gegevens","","",""
"help-centre","entries.where-the-policies-live.keywords[5]","gdpr","avg","","",""
"help-centre","entries.where-the-policies-live.keywords[6]","rights","rechten","","",""
"help-centre","entries.where-the-policies-live.links[0].label","Privacy Policy","","","",""
"help-centre","entries.where-the-policies-live.links[1].label","Terms of Service","","","",""
"help-centre","entries.appearing-as-former-member.question","I left a City Ladder — can I still change how my name appears on past boards?","Ik heb een City Ladder verlaten — kan ik nog steeds veranderen hoe mijn naam op eerdere borden verschijnt?","","",""
"help-centre","entries.appearing-as-former-member.summary","Yes, any time. From your Profile, choose to appear as Former member instead of your name on past-season City Ladder boards. Your position and rating for that season aren't touched — only the name next to them changes.","Ja, altijd. Kies vanuit je Profiel om als Voormalig lid te verschijnen in plaats van je naam op City Ladder-borden van eerdere seizoenen. Je positie en rating voor dat seizoen blijven ongewijzigd — alleen de naam ernaast verandert.","","",""
"help-centre","entries.appearing-as-former-member.body[0]","A City Ladder season is saved once it closes, and if you were ranked in it your name stays on that saved board. Leaving the ladder doesn't take your name off a season that has already been recorded.","Een City Ladder-seizoen wordt opgeslagen zodra het sluit, en stond je erin gerangschikt, dan blijft je naam op dat opgeslagen bord staan. De ladder verlaten haalt je naam niet van een seizoen dat al is vastgelegd.","","",""
"help-centre","entries.appearing-as-former-member.body[1]","You can change that from your Profile. If you have a season saved under your name, you'll see a line telling you so, with a button: How my name appears in past seasons. It's there whether or not you're still on the ladder.","Dat kun je aanpassen vanuit je Profiel. Heb je een seizoen onder je naam opgeslagen staan, dan zie je een regel die dat aangeeft, met een knop: Hoe mijn naam in eerdere seizoenen verschijnt. Die staat er of je nu nog op de ladder staat of niet.","","",""
"help-centre","entries.appearing-as-former-member.body[2]","Choose it, and those saved boards show you as Former member instead of your name from then on. Your position and rating for that season aren't touched — only the name next to them changes.","Kies hem, en die opgeslagen borden tonen je vanaf dan als Voormalig lid in plaats van je naam. Je positie en rating voor dat seizoen blijven ongewijzigd — alleen de naam ernaast verandert.","","",""
"help-centre","entries.appearing-as-former-member.body[3]","You can do this whenever suits you, right when you leave or long afterwards. It's a separate choice from leaving itself: a member still on the ladder who wants an older season de-identified can use the same control from the board screen, without quitting.","Je kunt dit doen wanneer het jou uitkomt, meteen bij het verlaten of lang daarna. Het is een aparte keuze los van het verlaten zelf: een lid dat nog op de ladder staat en een ouder seizoen wil de-identificeren, kan dezelfde optie gebruiken vanaf het bordscherm, zonder te stoppen.","","",""
"help-centre","entries.appearing-as-former-member.keywords[0]","city ladder","city ladder","","",""
"help-centre","entries.appearing-as-former-member.keywords[1]","former member","voormalig lid","","",""
"help-centre","entries.appearing-as-former-member.keywords[2]","past season","eerder seizoen","","",""
"help-centre","entries.appearing-as-former-member.keywords[3]","archive","archief","","",""
"help-centre","entries.appearing-as-former-member.keywords[4]","name","naam","","",""
"help-centre","entries.appearing-as-former-member.keywords[5]","leaving the ladder","de ladder verlaten","","",""
"help-centre","entries.appearing-as-former-member.keywords[6]","de-identify","de-identificeren","","",""
"help-centre","entries.appearing-as-former-member.links[0].label","What happens to old seasons, and can I leave the ladder?","","","",""
"help-centre","entries.joining-the-ladder.question","What is the City Ladder, and how do I join one?","","","",""
"help-centre","entries.joining-the-ladder.summary","A rating that moves with your results, shared with everyone playing in your own city. Join if you're in that city and have an approved club there.","","","",""
"help-centre","entries.joining-the-ladder.body[0]","The City Ladder is a running rating for everyone playing in your city. Play a match against another member and it moves — win and you climb, lose and you drop — and there's a shared board showing where everyone in your city currently stands.","","","",""
"help-centre","entries.joining-the-ladder.body[1]","Joining is opt-in, and you can only be on one city's ladder at a time — the city on your own profile. You'll also need an approved club there; a club still waiting on review doesn't count yet, so if joining isn't showing as an option, that's the first thing worth checking.","","","",""
"help-centre","entries.joining-the-ladder.body[2]","Not every city has a ladder running yet. Open the ladder card on your profile and 8nOut tells you which cities do — if yours isn't one of them yet, that's all it will say for now.","","","",""
"help-centre","entries.joining-the-ladder.body[3]","You join, and leave, from your own profile, whenever you like. None of it touches your match record, your clubs or your account — it's the ladder itself that changes, nothing else.","","","",""
"help-centre","entries.joining-the-ladder.keywords[0]","city ladder","","","",""
"help-centre","entries.joining-the-ladder.keywords[1]","ladder","","","",""
"help-centre","entries.joining-the-ladder.keywords[2]","join","","","",""
"help-centre","entries.joining-the-ladder.keywords[3]","rating","","","",""
"help-centre","entries.joining-the-ladder.keywords[4]","standings","","","",""
"help-centre","entries.joining-the-ladder.keywords[5]","board","","","",""
"help-centre","entries.joining-the-ladder.keywords[6]","approved club","","","",""
"help-centre","entries.joining-the-ladder.keywords[7]","opt-in","","","",""
"help-centre","entries.joining-the-ladder.keywords[8]","rank","","","",""
"help-centre","entries.joining-the-ladder.links[0].label","How does my ladder rating work?","","","",""
"help-centre","entries.joining-the-ladder.links[1].label","Who can see the ladder standings?","","","",""
"help-centre","entries.joining-the-ladder.links[2].label","My club is not on the map","","","",""
"help-centre","entries.ladder-rating.question","How does my ladder rating work?","","","",""
"help-centre","entries.ladder-rating.summary","It's a rating that moves with your results, not a running score. Win and it climbs, lose and it drops — more for a bigger upset.","","","",""
"help-centre","entries.ladder-rating.body[0]","Everyone starts at the same rating: 1500. From there, it moves with your results against other members of your own city's ladder — up when you win, down when you lose. It's a rating rather than a points total, so there's nothing to build up and nothing that resets partway through.","","","",""
"help-centre","entries.ladder-rating.body[1]","The size of the move depends on who you're playing. Beating someone rated well above you moves your rating more than beating someone close to your own level, and losing to someone rated well below you costs more than losing to someone near you.","","","",""
"help-centre","entries.ladder-rating.body[2]","It also settles down the more you play. Your rating moves quickly across your first several matches while it finds your level, then more gently once it has.","","","",""
"help-centre","entries.ladder-rating.body[3]","Any match you log with another member of your own city's ladder counts — logged by hand, from a live scoreboard, or imported from CueScore, it makes no difference which. A match against someone not on your city's ladder doesn't move your rating either way.","","","",""
"help-centre","entries.ladder-rating.keywords[0]","rating","","","",""
"help-centre","entries.ladder-rating.keywords[1]","ladder rating","","","",""
"help-centre","entries.ladder-rating.keywords[2]","elo","","","",""
"help-centre","entries.ladder-rating.keywords[3]","how it works","","","",""
"help-centre","entries.ladder-rating.keywords[4]","climb","","","",""
"help-centre","entries.ladder-rating.keywords[5]","1500","","","",""
"help-centre","entries.ladder-rating.keywords[6]","starting rating","","","",""
"help-centre","entries.ladder-rating.links[0].label","What is the City Ladder, and how do I join one?","","","",""
"help-centre","entries.ladder-rating.links[1].label","Recording a game you played in person","","","",""
"help-centre","entries.ladder-rating.links[2].label","Adding a match I played on CueScore","","","",""
"help-centre","entries.ladder-standings.question","Who can see the ladder standings, and what happens if I stop playing?","","","",""
"help-centre","entries.ladder-standings.summary","Only members of your own city's ladder — rank, name, rating and when you last played — nothing more than that, and no way to challenge or message anyone from the board itself.","","","",""
"help-centre","entries.ladder-standings.body[0]","The standings board is visible to members of your own city's ladder — nobody outside it, and no other city's board. What it shows is rank, name, rating and when you last played — nothing more than that.","","","",""
"help-centre","entries.ladder-standings.body[1]","You can't challenge or message anyone from the board itself — tapping a row does nothing, on purpose. That's also why blocking someone doesn't take them off your city's board: the board doesn't check blocks, because there's no way to reach anyone from it in the first place. Everywhere else in 8nOut — messaging, connecting, challenges — blocking works exactly as you'd expect.","","","",""
"help-centre","entries.ladder-standings.body[2]","You'll be in one of three positions. Ranked and on the board, if you've played recently. Joined but not yet ranked, if you haven't logged your first match yet — play one with another member here and you'll appear. Or off the board for now, if it's been a while: 60 days without a logged match is what moves you off it.","","","",""
"help-centre","entries.ladder-standings.body[3]","Going quiet doesn't cost you anything. Your rating stays exactly where it was for as long as you're off the board, and one logged match puts you straight back at that same rating. Either way, you can always see your own current rating on your own profile, even while you're hidden from everyone else's view of the board.","","","",""
"help-centre","entries.ladder-standings.keywords[0]","standings","","","",""
"help-centre","entries.ladder-standings.keywords[1]","board","","","",""
"help-centre","entries.ladder-standings.keywords[2]","who can see","","","",""
"help-centre","entries.ladder-standings.keywords[3]","ranked","","","",""
"help-centre","entries.ladder-standings.keywords[4]","not ranked yet","","","",""
"help-centre","entries.ladder-standings.keywords[5]","off the board","","","",""
"help-centre","entries.ladder-standings.keywords[6]","60 days","","","",""
"help-centre","entries.ladder-standings.keywords[7]","avatar","","","",""
"help-centre","entries.ladder-standings.keywords[8]","block","","","",""
"help-centre","entries.ladder-standings.keywords[9]","challenge from board","","","",""
"help-centre","entries.ladder-standings.links[0].label","What is the City Ladder, and how do I join one?","","","",""
"help-centre","entries.ladder-standings.links[1].label","Why do I have to connect first?","","","",""
"help-centre","entries.ladder-seasons.question","What happens to old seasons, and can I leave the ladder?","","","",""
"help-centre","entries.ladder-seasons.summary","Season boards are saved permanently, with your name on them — even after you leave. There's a Former member option if you'd rather your name wasn't there.","","","",""
"help-centre","entries.ladder-seasons.body[0]","A season is a stretch of time on the ladder. When one ends, that moment's standings are saved as a permanent record — a picture of exactly how the board stood. Your rating itself doesn't reset: it keeps moving straight into the next season, uninterrupted.","","","",""
"help-centre","entries.ladder-seasons.body[1]","Season archives are kept for good. There's no cut-off where old boards disappear, and that stays true even after you leave the ladder yourself. If someone is removed from a season's record, their spot is left empty rather than closed up, so nobody else's placing quietly shifts.","","","",""
"help-centre","entries.ladder-seasons.body[2]","If you'd rather your name wasn't attached to those old boards going forward, you can switch on Show me as ""Former member"" — either on the leave screen when you leave, or any time before that from the board screen. It replaces your name on every past season's standings without touching the ranks or ratings themselves, and it's off by default. The switch only works while you're still on the ladder, though — once you've left, it's no longer there to tap. Already left? Email privacy@8nout.com and we'll switch it on for you, free, without you needing to rejoin the ladder or delete your account.","","","",""
"help-centre","entries.ladder-seasons.body[3]","Leaving the ladder itself is simple, and separate from all of that. Come off it from your profile and your rating stops moving — it isn't kept, so if you join again later you start over at 1500, the same as any new member. None of this touches your match record, your clubs or your account.","","","",""
"help-centre","entries.ladder-seasons.keywords[0]","season","","","",""
"help-centre","entries.ladder-seasons.keywords[1]","archive","","","",""
"help-centre","entries.ladder-seasons.keywords[2]","leave","","","",""
"help-centre","entries.ladder-seasons.keywords[3]","leaving ladder","","","",""
"help-centre","entries.ladder-seasons.keywords[4]","former member","","","",""
"help-centre","entries.ladder-seasons.keywords[5]","rating reset","","","",""
"help-centre","entries.ladder-seasons.keywords[6]","1500","","","",""
"help-centre","entries.ladder-seasons.keywords[7]","history","","","",""
"help-centre","entries.ladder-seasons.keywords[8]","permanent","","","",""
"help-centre","entries.ladder-seasons.links[0].label","What is the City Ladder, and how do I join one?","","","",""
"help-centre","entries.ladder-seasons.links[1].label","How does my ladder rating work?","","","",""
"help-centre","entries.ladder-seasons.links[2].label","I left a City Ladder — can I still change how my name appears on past boards?","","","",""
"help-centre","entries.exporting-the-board.question","Can I print or share the ladder board?","","","",""
"help-centre","entries.exporting-the-board.summary","You can export a dated snapshot to print or put up at your club. It's not a live link — it's a picture of the board at that moment, and it won't update.","","","",""
"help-centre","entries.exporting-the-board.body[0]","Any member of the ladder can export the standings board — including to print and put up on a noticeboard at a club. It's worth knowing that before you join: your name and position could end up on a printed sheet somewhere, the same as they're already on the board itself.","","","",""
"help-centre","entries.exporting-the-board.body[1]","What you get is called Export the board, not Share, because there isn't a link. It's a dated snapshot: rank, name and rating, exactly as the board stood when you exported it. Last-played dates are left off, and so is anything you hadn't loaded on screen yet — if you want the whole board on the sheet, tap Show more until you reach the bottom, then export. Once it's exported it doesn't update — a stamp on it says as of when, and points back to the app for the current standings.","","","",""
"help-centre","entries.exporting-the-board.body[2]","There's no shareable link on it. On the iPhone app it opens the normal share sheet as an image; on the web app it uses your browser's own print dialog. Either way, whoever you hand it to sees that one moment, nothing more.","","","",""
"help-centre","entries.exporting-the-board.keywords[0]","export","","","",""
"help-centre","entries.exporting-the-board.keywords[1]","print","","","",""
"help-centre","entries.exporting-the-board.keywords[2]","share board","","","",""
"help-centre","entries.exporting-the-board.keywords[3]","printable","","","",""
"help-centre","entries.exporting-the-board.keywords[4]","noticeboard","","","",""
"help-centre","entries.exporting-the-board.keywords[5]","snapshot","","","",""
"help-centre","entries.exporting-the-board.keywords[6]","qr code","","","",""
"help-centre","entries.exporting-the-board.keywords[7]","link","","","",""
"help-centre","entries.exporting-the-board.links[0].label","What is the City Ladder, and how do I join one?","","","",""
"help-centre","entries.exporting-the-board.links[1].label","Who can see the ladder standings?","","","",""
"help-centre","entries.live-scoreboard.question","What is the live scoreboard?","","","",""
"help-centre","entries.live-scoreboard.summary","A real-time, rack-by-rack score tracker for a match between two connected players. Start one from an accepted challenge, a connection's profile, or their pin on the map — tap who breaks first and you're straight into it. Reach the race-to target and the match finishes itself.","","","",""
"help-centre","entries.live-scoreboard.body[0]","The live scoreboard tracks a One Pocket match rack by rack, in real time, between two connected players. One of you keeps score as you play; you both watch the same board update on your own phone.","","","",""
"help-centre","entries.live-scoreboard.body[1]","You can start one from an accepted challenge in the Challenges tab, from a connection's own profile, or from their pin on the map — the same button in all three places. Either way you need to already be connected, the same rule as everywhere else in 8nOut.","","","",""
"help-centre","entries.live-scoreboard.body[2]","Setting one up takes a few quick taps: how many racks you're racing to, how the break works, and where you're playing if you want to note it. The last step is who breaks first — tap your name, tap theirs, or ask 8nOut to flip for you. There's no separate Start button: picking who breaks first is what starts the match, straight away.","","","",""
"help-centre","entries.live-scoreboard.body[3]","While you're playing, Point adds a rack to whoever's turn it currently shows, and Opp. pt adds one to the other player. Foul takes a point away from whoever's turn it is, and it can carry on below zero if they're already on none. If the turn is ever showing the wrong player, Switch corrects it — Point and Opp. pt immediately follow whichever name is highlighted after that. Undo takes back your last tap.","","","",""
"help-centre","entries.live-scoreboard.body[4]","Between the two players, one number keeps the state of the table visible at a glance — your racks won, how many balls are still on the table, and their racks won, read as ""N (balls) M"". Each of you also gets your own bigger, bolder Racks chip in your own column, so the score reads clearly from across the room.","","","",""
"help-centre","entries.live-scoreboard.body[5]","Timeout pauses the match without ending it — for a real break in play, not something you need to remember to use. Tap it and the board shows paused for both of you; tap Resume when you're ready to carry on.","","","",""
"help-centre","entries.live-scoreboard.body[6]","Nothing lives only on your phone. Every point is saved the moment it's tapped in, so backgrounding the app, or being interrupted mid-game, loses nothing — open 8nOut again and the board is exactly where you left it. If you close the scoreboard screen itself rather than just switching apps, the match keeps running: go back to the same challenge, connection or map pin and you'll see Rejoin the live scoreboard instead of Start.","","","",""
"help-centre","entries.live-scoreboard.body[7]","Reach the race-to target — the number of racks needed to win — and the match ends itself, no tap required. A pop-up shows the final score with a choice to End or Start new match, copying over the same race-to, break rule, and venue so there's nothing to set up twice — only who breaks first is always asked fresh. You can still end a match early with Finish match if you need to stop before it's decided. See Why did my live match end without me tapping Finish match? for the full detail, including how to correct a result before you start again.","","","",""
"help-centre","entries.live-scoreboard.body[8]","Either way, the finished match sits in both your records, with the rack-by-rack detail behind it — visible only to the two of you, never anyone else. A scoreboard that's started but never played, or drifts stale, doesn't hang around forever — see the Privacy Policy for exactly how long.","","","",""
"help-centre","entries.live-scoreboard.keywords[0]","live scoreboard","","","",""
"help-centre","entries.live-scoreboard.keywords[1]","scoreboard","","","",""
"help-centre","entries.live-scoreboard.keywords[2]","score","","","",""
"help-centre","entries.live-scoreboard.keywords[3]","live","","","",""
"help-centre","entries.live-scoreboard.keywords[4]","timeout","","","",""
"help-centre","entries.live-scoreboard.keywords[5]","rack","","","",""
"help-centre","entries.live-scoreboard.keywords[6]","race to","","","",""
"help-centre","entries.live-scoreboard.keywords[7]","who breaks first","","","",""
"help-centre","entries.live-scoreboard.keywords[8]","point","","","",""
"help-centre","entries.live-scoreboard.keywords[9]","opp pt","","","",""
"help-centre","entries.live-scoreboard.keywords[10]","foul","","","",""
"help-centre","entries.live-scoreboard.keywords[11]","switch turn","","","",""
"help-centre","entries.live-scoreboard.keywords[12]","undo","","","",""
"help-centre","entries.live-scoreboard.keywords[13]","challenge","","","",""
"help-centre","entries.live-scoreboard.keywords[14]","connection profile","","","",""
"help-centre","entries.live-scoreboard.keywords[15]","map pin","","","",""
"help-centre","entries.live-scoreboard.keywords[16]","auto-finish","","","",""
"help-centre","entries.live-scoreboard.keywords[17]","combined readout","","","",""
"help-centre","entries.live-scoreboard.keywords[18]","N balls M","","","",""
"help-centre","entries.live-scoreboard.links[0].label","Why do I have to connect first?","","","",""
"help-centre","entries.live-scoreboard.links[1].label","Why did my live match end without me tapping Finish match?","","","",""
"help-centre","entries.live-scoreboard.links[2].label","Recording a game you played in person","","","",""
"help-centre","entries.live-scoreboard.links[3].label","Privacy Policy","","","",""
"help-centre","entries.how-chat-works.question","How does chat work?","","","",""
"help-centre","entries.how-chat-works.summary","One-to-one, text only, and only with a connection — never a stranger. Long-press a message to react, use Report message if something's wrong, and messages age out on their own after 60 days.","","","",""
"help-centre","entries.how-chat-works.body[0]","Chat is one-to-one, and only with someone you're already connected to — the same connect-first rule as everywhere else in 8nOut. There's no way to message a stranger, and no group chats. Open the Chat tab to see your conversations, or start a new one straight from a connection's own row.","","","",""
"help-centre","entries.how-chat-works.body[1]","It's text only. There's no photo or file attachment — not a gap waiting to be filled, a deliberate choice. If you want to share where you're playing, say it in words, the same as you would at the table.","","","",""
"help-centre","entries.how-chat-works.body[2]","To react to a message, long-press it on iPhone, or tap the small reaction icon next to it in the web app, and pick from six: thumbs up, thumbs down, heart, laugh, surprised, or praying hands. Tap your own reaction again to remove it.","","","",""
"help-centre","entries.how-chat-works.body[3]","If a message is out of line, open it and choose Report message, pick a reason, and send it. Reporting doesn't block the person automatically — block them separately from their profile if you want to stop hearing from them altogether.","","","",""
"help-centre","entries.how-chat-works.body[4]","A message is deleted automatically 60 days after it's sent, from your view and theirs alike. We don't read your messages; if one is reported, a moderator can review it and the messages around it, and every such access is logged. Anything you type in a chat, including an address, stays there for up to 60 days even if you disconnect or block afterwards — worth knowing before you type one in. See the Privacy Policy for the full detail.","","","",""
"help-centre","entries.how-chat-works.keywords[0]","chat","","","",""
"help-centre","entries.how-chat-works.keywords[1]","message","","","",""
"help-centre","entries.how-chat-works.keywords[2]","messaging","","","",""
"help-centre","entries.how-chat-works.keywords[3]","reaction","","","",""
"help-centre","entries.how-chat-works.keywords[4]","react","","","",""
"help-centre","entries.how-chat-works.keywords[5]","long-press","","","",""
"help-centre","entries.how-chat-works.keywords[6]","report message","","","",""
"help-centre","entries.how-chat-works.keywords[7]","block","","","",""
"help-centre","entries.how-chat-works.keywords[8]","60 days","","","",""
"help-centre","entries.how-chat-works.keywords[9]","retention","","","",""
"help-centre","entries.how-chat-works.keywords[10]","connect first","","","",""
"help-centre","entries.how-chat-works.keywords[11]","text only","","","",""
"help-centre","entries.how-chat-works.keywords[12]","no photos","","","",""
"help-centre","entries.how-chat-works.keywords[13]","no attachments","","","",""
"help-centre","entries.how-chat-works.links[0].label","Why do I have to connect first?","","","",""
"help-centre","entries.how-chat-works.links[1].label","What is the typing indicator, and how do I turn it on?","","","",""
"help-centre","entries.how-chat-works.links[2].label","What do Sent and Read mean under my messages?","","","",""
